# If this file contains data that relates to a time no more than 48 hours ago,
# BY USING IT YOU AGREE TO THE LEGALLY BINDING TERMS OF USE FOUND AT
#   https://storage.googleapis.com/weathernext-public/terms-of-use.pdf
# Any data that relates to a time more than 48 hours ago is licensed under the
# Creative Commons Attribution International License, Version 4.0 (CC BY 4.0).
# BEGIN DATA
init_time,track_id,sample,valid_time,lead_time,lat,lon,minimum_sea_level_pressure_hpa,maximum_sustained_wind_speed_knots,radius_of_maximum_winds_km,radius_34_knot_winds_ne_km,radius_34_knot_winds_se_km,radius_34_knot_winds_sw_km,radius_34_knot_winds_nw_km,radius_50_knot_winds_ne_km,radius_50_knot_winds_se_km,radius_50_knot_winds_sw_km,radius_50_knot_winds_nw_km,radius_64_knot_winds_ne_km,radius_64_knot_winds_se_km,radius_64_knot_winds_sw_km,radius_64_knot_winds_nw_km
2026-04-22 18:00:00,2,1.0,2026-05-02 18:00:00,10 days 00:00:00,7.4,71.63,1006.9,16.4,121.2063738701807,0.0,0.0,0.0,0.0,0.0,0.0,0.0,0.0,0.0,0.0,0.0,0.0
2026-04-22 18:00:00,2,1.0,2026-05-03 00:00:00,10 days 06:00:00,7.84,70.98,1005.6,20.4,91.61870986089528,0.0,0.0,0.0,0.0,0.0,0.0,0.0,0.0,0.0,0.0,0.0,0.0
2026-04-22 18:00:00,2,1.0,2026-05-03 06:00:00,10 days 12:00:00,7.93,70.33,1001.2,25.4,124.75559956862014,0.0,0.0,0.0,0.0,0.0,0.0,0.0,0.0,0.0,0.0,0.0,0.0
2026-04-22 18:00:00,2,1.0,2026-05-03 12:00:00,10 days 18:00:00,8.36,70.63,1002.7,30.0,63.146656823839294,0.0,0.0,0.0,0.0,0.0,0.0,0.0,0.0,0.0,0.0,0.0,0.0
2026-04-22 18:00:00,2,1.0,2026-05-03 18:00:00,11 days 00:00:00,9.37,69.76,1001.3,36.5,56.52860447665339,6.5151329115913725,0.0,3.970463632320323,56.52860447665339,0.0,0.0,0.0,0.0,0.0,0.0,0.0,0.0
2026-04-22 18:00:00,2,1.0,2026-05-04 00:00:00,11 days 06:00:00,9.03,69.66,1004.8,21.8,81.31319058998193,0.0,0.0,0.0,0.0,0.0,0.0,0.0,0.0,0.0,0.0,0.0,0.0
2026-04-22 18:00:00,2,1.0,2026-05-04 06:00:00,11 days 12:00:00,9.07,68.85,1003.2,35.2,127.2449408145505,140.45618403589887,117.78571346849203,95.29602440651124,116.21299652740736,0.0,0.0,0.0,0.0,0.0,0.0,0.0,0.0
2026-04-22 18:00:00,2,1.0,2026-05-04 12:00:00,11 days 18:00:00,9.22,68.95,999.3,33.1,100.5037416075184,0.0,0.0,0.0,0.0,0.0,0.0,0.0,0.0,0.0,0.0,0.0,0.0
2026-04-22 18:00:00,2,1.0,2026-05-04 18:00:00,12 days 00:00:00,9.45,68.65,1001.9,26.1,136.6741044276501,0.0,0.0,0.0,0.0,0.0,0.0,0.0,0.0,0.0,0.0,0.0,0.0
2026-04-22 18:00:00,2,1.0,2026-05-05 00:00:00,12 days 06:00:00,10.23,68.55,999.6,31.0,118.25961094763716,0.0,0.0,0.0,0.0,0.0,0.0,0.0,0.0,0.0,0.0,0.0,0.0
2026-04-22 18:00:00,2,1.0,2026-05-05 06:00:00,12 days 12:00:00,10.52,67.45,998.1,35.0,109.84929074935988,109.84929074935988,97.29818248832282,87.43121731168952,97.32295667760772,0.0,0.0,0.0,0.0,0.0,0.0,0.0,0.0
2026-04-22 18:00:00,2,1.0,2026-05-05 12:00:00,12 days 18:00:00,11.08,66.56,995.7,42.0,51.621486559149474,68.0270010632521,62.139284730401016,55.71807663419583,59.522799683881104,0.0,0.0,0.0,0.0,0.0,0.0,0.0,0.0
2026-04-22 18:00:00,2,1.0,2026-05-05 18:00:00,13 days 00:00:00,10.96,65.89,999.1,34.0,118.49155146990093,154.71294345034562,137.1059879622846,122.9497356205049,133.73563026429622,0.0,0.0,0.0,0.0,0.0,0.0,0.0,0.0
2026-04-22 18:00:00,1,2.0,2026-05-04 06:00:00,11 days 12:00:00,-9.33,59.75,1000.0,28.3,53.66198351909263,0.0,0.0,0.0,0.0,0.0,0.0,0.0,0.0,0.0,0.0,0.0,0.0
2026-04-22 18:00:00,1,2.0,2026-05-04 12:00:00,11 days 18:00:00,-10.26,59.14,1001.2,34.4,77.13270054885412,4.224556536587267,77.13270054885412,5.185911559575878,2.90413450513476,0.0,0.0,0.0,0.0,0.0,0.0,0.0,0.0
2026-04-22 18:00:00,1,2.0,2026-05-04 18:00:00,12 days 00:00:00,-10.41,58.69,999.4,33.2,88.7456286308847,0.0,0.0,0.0,0.0,0.0,0.0,0.0,0.0,0.0,0.0,0.0,0.0
2026-04-22 18:00:00,1,2.0,2026-05-05 00:00:00,12 days 06:00:00,-10.49,58.5,1000.6,30.0,67.05947436502613,0.0,0.0,0.0,0.0,0.0,0.0,0.0,0.0,0.0,0.0,0.0,0.0
2026-04-22 18:00:00,1,2.0,2026-05-05 06:00:00,12 days 12:00:00,-10.74,57.97,996.7,38.2,75.07954316758345,75.07954316758345,29.65195469955198,18.92230312236228,24.573411981655223,0.0,0.0,0.0,0.0,0.0,0.0,0.0,0.0
2026-04-22 18:00:00,1,2.0,2026-05-05 12:00:00,12 days 18:00:00,-10.92,57.76,996.5,44.3,54.93524380638421,125.616657080221,127.65046747787906,108.36332044388004,102.24124741510045,0.0,0.0,0.0,0.0,0.0,0.0,0.0,0.0
2026-04-22 18:00:00,1,2.0,2026-05-05 18:00:00,13 days 00:00:00,-11.04,57.46,988.6,54.5,21.143385293038943,140.72929026805713,157.7116173611529,147.98851825597075,129.53406067913005,48.99345983622637,51.70039799933877,46.23834726526492,40.79944414305887,0.0,0.0,0.0,0.0
2026-04-22 18:00:00,1,7.0,2026-05-05 00:00:00,12 days 06:00:00,7.33,65.67,1004.3,22.2,85.449098608925,0.0,0.0,0.0,0.0,0.0,0.0,0.0,0.0,0.0,0.0,0.0,0.0
2026-04-22 18:00:00,1,7.0,2026-05-05 06:00:00,12 days 12:00:00,7.2,65.24,1006.2,19.5,71.38885763422806,0.0,0.0,0.0,0.0,0.0,0.0,0.0,0.0,0.0,0.0,0.0,0.0
2026-04-22 18:00:00,1,7.0,2026-05-05 12:00:00,12 days 18:00:00,7.61,65.22,1002.0,26.2,67.04187449241843,0.0,0.0,0.0,0.0,0.0,0.0,0.0,0.0,0.0,0.0,0.0,0.0
2026-04-22 18:00:00,1,7.0,2026-05-05 18:00:00,13 days 00:00:00,7.99,65.1,1000.8,26.3,78.46347830175591,0.0,0.0,0.0,0.0,0.0,0.0,0.0,0.0,0.0,0.0,0.0,0.0
2026-04-22 18:00:00,2,10.0,2026-05-02 12:00:00,9 days 18:00:00,-6.55,66.1,1002.1,25.7,106.36688132421378,0.0,0.0,0.0,0.0,0.0,0.0,0.0,0.0,0.0,0.0,0.0,0.0
2026-04-22 18:00:00,2,10.0,2026-05-02 18:00:00,10 days 00:00:00,-7.3,65.93,1003.5,28.0,74.65250054772989,0.0,0.0,0.0,0.0,0.0,0.0,0.0,0.0,0.0,0.0,0.0,0.0
2026-04-22 18:00:00,2,10.0,2026-05-03 00:00:00,10 days 06:00:00,-8.07,65.25,1003.3,22.2,106.78939943864953,0.0,0.0,0.0,0.0,0.0,0.0,0.0,0.0,0.0,0.0,0.0,0.0
2026-04-22 18:00:00,2,10.0,2026-05-03 06:00:00,10 days 12:00:00,-8.7,64.24,1004.1,26.9,76.8135980959509,0.0,0.0,0.0,0.0,0.0,0.0,0.0,0.0,0.0,0.0,0.0,0.0
2026-04-22 18:00:00,2,10.0,2026-05-03 12:00:00,10 days 18:00:00,-8.91,63.69,999.7,31.1,63.717402405479056,0.0,0.0,0.0,0.0,0.0,0.0,0.0,0.0,0.0,0.0,0.0,0.0
2026-04-22 18:00:00,2,10.0,2026-05-03 18:00:00,11 days 00:00:00,-9.22,63.34,997.8,36.5,66.75601143071253,66.75601143071253,21.458193741876165,7.386704286598672,15.615341602024678,0.0,0.0,0.0,0.0,0.0,0.0,0.0,0.0
2026-04-22 18:00:00,2,10.0,2026-05-04 00:00:00,11 days 06:00:00,-9.93,62.59,994.6,40.5,133.84028534057242,240.1563448870073,244.5501611076632,195.00239221004236,193.55159774402705,0.0,0.0,0.0,0.0,0.0,0.0,0.0,0.0
2026-04-22 18:00:00,2,10.0,2026-05-04 06:00:00,11 days 12:00:00,-10.02,62.77,993.2,40.2,113.51967970391884,182.213227531833,174.86997811473742,141.61499847074035,150.66208276889523,0.0,0.0,0.0,0.0,0.0,0.0,0.0,0.0
2026-04-22 18:00:00,2,10.0,2026-05-04 12:00:00,11 days 18:00:00,-9.88,62.64,996.2,35.6,48.85673196935301,11.850540036315596,48.85673196935301,5.615228863135748,9.700315876929729,0.0,0.0,0.0,0.0,0.0,0.0,0.0,0.0
2026-04-22 18:00:00,2,10.0,2026-05-04 18:00:00,12 days 00:00:00,-10.18,63.01,996.6,40.7,119.48923419352136,267.80027500126766,247.03370653397693,197.84298386624687,222.82773248183992,0.0,0.0,0.0,0.0,0.0,0.0,0.0,0.0
2026-04-22 18:00:00,2,10.0,2026-05-05 00:00:00,12 days 06:00:00,-10.83,63.27,985.1,49.2,63.53986327794513,282.4949343900413,264.99744809699683,224.44071971310817,235.5262562423956,0.0,0.0,0.0,0.0,0.0,0.0,0.0,0.0
2026-04-22 18:00:00,2,10.0,2026-05-05 06:00:00,12 days 12:00:00,-11.3,63.32,991.8,43.0,83.36094795554936,254.8105688790965,242.3881294563463,197.92870373911265,211.61903896825044,0.0,0.0,0.0,0.0,0.0,0.0,0.0,0.0
2026-04-22 18:00:00,2,10.0,2026-05-05 12:00:00,12 days 18:00:00,-11.93,63.5,993.7,41.8,81.67757494379023,81.67757494379023,0.0,0.0,0.0,0.0,0.0,0.0,0.0,0.0,0.0,0.0,0.0
2026-04-22 18:00:00,2,10.0,2026-05-05 18:00:00,13 days 00:00:00,-11.96,62.92,994.1,36.7,81.02371368768611,139.1015992766838,149.68802216278456,122.90976168620946,114.8564287446992,0.0,0.0,0.0,0.0,0.0,0.0,0.0,0.0
2026-04-22 18:00:00,5,10.0,2026-05-05 00:00:00,12 days 06:00:00,3.88,71.45,1005.1,21.5,71.54141126763736,0.0,0.0,0.0,0.0,0.0,0.0,0.0,0.0,0.0,0.0,0.0,0.0
2026-04-22 18:00:00,5,10.0,2026-05-05 06:00:00,12 days 12:00:00,4.91,71.34,1005.9,17.4,77.8009775787323,0.0,0.0,0.0,0.0,0.0,0.0,0.0,0.0,0.0,0.0,0.0,0.0
2026-04-22 18:00:00,5,10.0,2026-05-05 12:00:00,12 days 18:00:00,6.01,70.68,1007.9,19.5,128.1445006618481,0.0,0.0,0.0,0.0,0.0,0.0,0.0,0.0,0.0,0.0,0.0,0.0
2026-04-22 18:00:00,5,10.0,2026-05-05 18:00:00,13 days 00:00:00,6.5,69.92,1006.0,23.5,106.34320491325488,0.0,0.0,0.0,0.0,0.0,0.0,0.0,0.0,0.0,0.0,0.0,0.0
2026-04-22 18:00:00,2,16.0,2026-05-02 18:00:00,10 days 00:00:00,-7.05,57.07,1007.3,17.5,79.39247303910183,0.0,0.0,0.0,0.0,0.0,0.0,0.0,0.0,0.0,0.0,0.0,0.0
2026-04-22 18:00:00,2,16.0,2026-05-03 00:00:00,10 days 06:00:00,-7.75,56.24,1004.1,17.6,158.97750120544853,0.0,0.0,0.0,0.0,0.0,0.0,0.0,0.0,0.0,0.0,0.0,0.0
2026-04-22 18:00:00,2,16.0,2026-05-03 06:00:00,10 days 12:00:00,-8.18,55.13,1009.3,17.8,73.42495652308264,0.0,0.0,0.0,0.0,0.0,0.0,0.0,0.0,0.0,0.0,0.0,0.0
2026-04-22 18:00:00,2,16.0,2026-05-03 12:00:00,10 days 18:00:00,-8.06,54.07,1001.8,22.2,88.27986762672847,0.0,0.0,0.0,0.0,0.0,0.0,0.0,0.0,0.0,0.0,0.0,0.0
2026-04-22 18:00:00,2,16.0,2026-05-03 18:00:00,11 days 00:00:00,-9.0,53.25,995.6,26.3,119.99668272651056,0.0,0.0,0.0,0.0,0.0,0.0,0.0,0.0,0.0,0.0,0.0,0.0
2026-04-22 18:00:00,2,16.0,2026-05-04 00:00:00,11 days 06:00:00,-8.93,52.23,1003.1,24.5,102.7851214824958,0.0,0.0,0.0,0.0,0.0,0.0,0.0,0.0,0.0,0.0,0.0,0.0
2026-04-22 18:00:00,2,16.0,2026-05-04 06:00:00,11 days 12:00:00,-10.04,51.99,1003.6,33.8,110.27538500531092,0.0,0.0,0.0,0.0,0.0,0.0,0.0,0.0,0.0,0.0,0.0,0.0
2026-04-22 18:00:00,2,16.0,2026-05-04 12:00:00,11 days 18:00:00,-9.53,51.05,999.7,37.8,59.82297473902076,137.5032743669718,138.66216622181688,123.01145696955076,120.91581495738428,0.0,0.0,0.0,0.0,0.0,0.0,0.0,0.0
2026-04-22 18:00:00,2,16.0,2026-05-04 18:00:00,12 days 00:00:00,-9.44,50.28,1001.4,32.7,65.04561589547916,0.0,0.0,0.0,0.0,0.0,0.0,0.0,0.0,0.0,0.0,0.0,0.0
2026-04-22 18:00:00,2,16.0,2026-05-05 00:00:00,12 days 06:00:00,-9.67,50.14,1002.2,32.6,84.86742223235964,0.0,0.0,0.0,0.0,0.0,0.0,0.0,0.0,0.0,0.0,0.0,0.0
2026-04-22 18:00:00,2,16.0,2026-05-05 06:00:00,12 days 12:00:00,-9.64,49.81,997.3,41.7,53.04638324070784,74.6168232557801,80.27192832927695,77.64653043700962,72.04768544323085,0.0,0.0,0.0,0.0,0.0,0.0,0.0,0.0
2026-04-22 18:00:00,2,16.0,2026-05-05 12:00:00,12 days 18:00:00,-9.51,49.53,999.1,41.6,60.467837438319656,75.03941346563454,66.55642569024748,53.87182171913833,68.29140729103098,0.0,0.0,0.0,0.0,0.0,0.0,0.0,0.0
2026-04-22 18:00:00,2,16.0,2026-05-05 18:00:00,13 days 00:00:00,-9.59,48.87,986.3,58.0,22.10131253158285,117.11063648073636,138.6666150008365,141.36045736230815,111.90189409440748,51.43310166313219,56.892450030170025,49.75879497810446,43.836028494158136,0.0,0.0,0.0,0.0
2026-04-22 18:00:00,1,21.0,2026-05-04 00:00:00,11 days 06:00:00,-8.09,62.35,1006.1,19.4,125.66857935675576,0.0,0.0,0.0,0.0,0.0,0.0,0.0,0.0,0.0,0.0,0.0,0.0
2026-04-22 18:00:00,1,21.0,2026-05-04 06:00:00,11 days 12:00:00,-8.13,62.65,1007.2,20.0,111.20279172758252,0.0,0.0,0.0,0.0,0.0,0.0,0.0,0.0,0.0,0.0,0.0,0.0
2026-04-22 18:00:00,1,21.0,2026-05-04 12:00:00,11 days 18:00:00,-8.72,62.07,1004.9,23.0,133.26148262587995,0.0,0.0,0.0,0.0,0.0,0.0,0.0,0.0,0.0,0.0,0.0,0.0
2026-04-22 18:00:00,1,21.0,2026-05-04 18:00:00,12 days 00:00:00,-8.73,62.1,1003.8,21.3,86.5349206395739,0.0,0.0,0.0,0.0,0.0,0.0,0.0,0.0,0.0,0.0,0.0,0.0
2026-04-22 18:00:00,1,21.0,2026-05-05 00:00:00,12 days 06:00:00,-9.58,62.24,1003.3,21.1,75.4097427503349,0.0,0.0,0.0,0.0,0.0,0.0,0.0,0.0,0.0,0.0,0.0,0.0
2026-04-22 18:00:00,1,21.0,2026-05-05 06:00:00,12 days 12:00:00,-9.99,61.96,998.9,31.3,88.74310496940852,0.0,0.0,0.0,0.0,0.0,0.0,0.0,0.0,0.0,0.0,0.0,0.0
2026-04-22 18:00:00,1,21.0,2026-05-05 12:00:00,12 days 18:00:00,-10.43,62.32,1003.4,24.7,105.50630950249835,0.0,0.0,0.0,0.0,0.0,0.0,0.0,0.0,0.0,0.0,0.0,0.0
2026-04-22 18:00:00,1,21.0,2026-05-05 18:00:00,13 days 00:00:00,-10.66,62.58,998.8,32.2,62.49216157596646,0.0,0.0,0.0,0.0,0.0,0.0,0.0,0.0,0.0,0.0,0.0,0.0
2026-04-22 18:00:00,2,22.0,2026-05-05 00:00:00,12 days 06:00:00,-10.01,65.62,1002.7,22.5,59.372282572881545,0.0,0.0,0.0,0.0,0.0,0.0,0.0,0.0,0.0,0.0,0.0,0.0
2026-04-22 18:00:00,2,22.0,2026-05-05 06:00:00,12 days 12:00:00,-10.45,66.19,1005.7,21.5,129.42783028027048,0.0,0.0,0.0,0.0,0.0,0.0,0.0,0.0,0.0,0.0,0.0,0.0
2026-04-22 18:00:00,2,22.0,2026-05-05 12:00:00,12 days 18:00:00,-10.93,65.63,1001.4,31.8,45.03547540456609,0.0,0.0,0.0,0.0,0.0,0.0,0.0,0.0,0.0,0.0,0.0,0.0
2026-04-22 18:00:00,2,22.0,2026-05-05 18:00:00,13 days 00:00:00,-11.25,65.06,1004.5,24.8,73.67186254725239,0.0,0.0,0.0,0.0,0.0,0.0,0.0,0.0,0.0,0.0,0.0,0.0
2026-04-22 18:00:00,1,28.0,2026-05-04 00:00:00,11 days 06:00:00,-7.85,65.85,1005.1,18.4,81.32152107819842,0.0,0.0,0.0,0.0,0.0,0.0,0.0,0.0,0.0,0.0,0.0,0.0
2026-04-22 18:00:00,1,28.0,2026-05-04 06:00:00,11 days 12:00:00,-9.22,66.68,1004.0,28.6,95.41627095822196,0.0,0.0,0.0,0.0,0.0,0.0,0.0,0.0,0.0,0.0,0.0,0.0
2026-04-22 18:00:00,1,28.0,2026-05-04 12:00:00,11 days 18:00:00,-9.69,66.84,999.5,31.5,61.583508030088765,0.0,0.0,0.0,0.0,0.0,0.0,0.0,0.0,0.0,0.0,0.0,0.0
2026-04-22 18:00:00,1,28.0,2026-05-04 18:00:00,12 days 00:00:00,-8.87,67.59,997.8,33.3,113.73141201299056,0.0,0.0,0.0,0.0,0.0,0.0,0.0,0.0,0.0,0.0,0.0,0.0
2026-04-22 18:00:00,1,28.0,2026-05-05 00:00:00,12 days 06:00:00,-8.97,68.52,995.1,37.0,45.64415366329026,16.8965370896375,45.64415366329026,19.150848057664643,18.03000929822344,0.0,0.0,0.0,0.0,0.0,0.0,0.0,0.0
2026-04-22 18:00:00,1,28.0,2026-05-05 06:00:00,12 days 12:00:00,-9.03,69.04,991.8,45.3,57.69268103939024,57.69268103939024,14.83410598755593,7.646402964193284,8.30527480403655,0.0,0.0,0.0,0.0,0.0,0.0,0.0,0.0
2026-04-22 18:00:00,1,28.0,2026-05-05 12:00:00,12 days 18:00:00,-9.46,69.73,991.4,51.6,23.247493273177355,36.99093636005509,23.247493273177355,16.38425491544418,22.25461959840852,0.5318888805217448,23.247493273177355,0.0,0.2150679367900043,0.0,0.0,0.0,0.0
2026-04-22 18:00:00,1,28.0,2026-05-05 18:00:00,13 days 00:00:00,-9.77,70.07,991.4,48.2,73.36083046655871,217.92262468187783,216.68706482086623,177.50698313557194,184.0570254903101,0.0,0.0,0.0,0.0,0.0,0.0,0.0,0.0
2026-04-22 18:00:00,3,33.0,2026-05-03 18:00:00,11 days 00:00:00,-7.22,64.75,1003.2,16.4,88.18660379432072,0.0,0.0,0.0,0.0,0.0,0.0,0.0,0.0,0.0,0.0,0.0,0.0
2026-04-22 18:00:00,3,33.0,2026-05-04 00:00:00,11 days 06:00:00,-8.07,65.03,1003.3,24.6,57.648864538988406,0.0,0.0,0.0,0.0,0.0,0.0,0.0,0.0,0.0,0.0,0.0,0.0
2026-04-22 18:00:00,3,33.0,2026-05-04 06:00:00,11 days 12:00:00,-9.11,65.31,999.7,30.6,79.30428674959776,0.0,0.0,0.0,0.0,0.0,0.0,0.0,0.0,0.0,0.0,0.0,0.0
2026-04-22 18:00:00,3,33.0,2026-05-04 12:00:00,11 days 18:00:00,-9.71,65.61,994.0,32.4,115.02092385403728,0.0,0.0,0.0,0.0,0.0,0.0,0.0,0.0,0.0,0.0,0.0,0.0
2026-04-22 18:00:00,3,33.0,2026-05-04 18:00:00,12 days 00:00:00,-9.58,65.95,994.2,37.3,100.3659659383073,100.3659659383073,4.835127029604178,5.017163158386106,9.583740185040794,0.0,0.0,0.0,0.0,0.0,0.0,0.0,0.0
2026-04-22 18:00:00,3,33.0,2026-05-05 00:00:00,12 days 06:00:00,-9.87,65.95,996.2,40.1,64.12723340568884,25.19358946094702,64.12723340568884,20.496212802374732,18.670875013011223,0.0,0.0,0.0,0.0,0.0,0.0,0.0,0.0
2026-04-22 18:00:00,3,33.0,2026-05-05 06:00:00,12 days 12:00:00,-10.02,66.89,991.7,41.8,117.47278282928391,197.6370423450951,183.26992301459651,166.22874257585602,165.60251818767875,0.0,0.0,0.0,0.0,0.0,0.0,0.0,0.0
2026-04-22 18:00:00,3,33.0,2026-05-05 12:00:00,12 days 18:00:00,-10.77,67.24,990.8,46.4,109.66260835109462,10.47012480485464,109.66260835109462,7.70815576613982,6.906477849466657,0.0,0.0,0.0,0.0,0.0,0.0,0.0,0.0
2026-04-22 18:00:00,3,33.0,2026-05-05 18:00:00,13 days 00:00:00,-11.2,67.38,997.2,46.5,130.31442327757426,271.31618160960545,272.4739416113164,232.2994116816208,231.2315162179256,0.0,0.0,0.0,0.0,0.0,0.0,0.0,0.0
2026-04-22 18:00:00,1,34.0,2026-05-03 06:00:00,10 days 12:00:00,-8.42,61.34,1008.2,24.1,115.3987805343936,0.0,0.0,0.0,0.0,0.0,0.0,0.0,0.0,0.0,0.0,0.0,0.0
2026-04-22 18:00:00,1,34.0,2026-05-03 12:00:00,10 days 18:00:00,-9.18,60.18,1002.3,29.6,67.42133537278103,0.0,0.0,0.0,0.0,0.0,0.0,0.0,0.0,0.0,0.0,0.0,0.0
2026-04-22 18:00:00,1,34.0,2026-05-03 18:00:00,11 days 00:00:00,-9.28,59.62,1001.8,32.9,57.38099944348446,0.0,0.0,0.0,0.0,0.0,0.0,0.0,0.0,0.0,0.0,0.0,0.0
2026-04-22 18:00:00,1,34.0,2026-05-04 00:00:00,11 days 06:00:00,-9.4,59.54,999.8,28.8,51.61405707414731,0.0,0.0,0.0,0.0,0.0,0.0,0.0,0.0,0.0,0.0,0.0,0.0
2026-04-22 18:00:00,1,34.0,2026-05-04 06:00:00,11 days 12:00:00,-9.57,59.19,1001.4,32.6,48.12671326659927,0.0,0.0,0.0,0.0,0.0,0.0,0.0,0.0,0.0,0.0,0.0,0.0
2026-04-22 18:00:00,1,34.0,2026-05-04 12:00:00,11 days 18:00:00,-9.68,59.0,998.3,36.4,59.36380181625804,48.31075619988296,59.36380181625804,39.73151925685666,37.90819575138734,0.0,0.0,0.0,0.0,0.0,0.0,0.0,0.0
2026-04-22 18:00:00,1,34.0,2026-05-04 18:00:00,12 days 00:00:00,-9.9,59.37,993.0,41.2,65.70378959145037,189.45211650838945,176.62637023289682,147.09840392585977,161.8176181237356,0.0,0.0,0.0,0.0,0.0,0.0,0.0,0.0
2026-04-22 18:00:00,1,34.0,2026-05-05 00:00:00,12 days 06:00:00,-10.12,59.87,984.5,53.2,29.076143138123975,203.54041610707924,183.4157237729548,146.19459019564573,159.24164215481437,29.076143138123975,0.0313066704074112,0.0,0.2691304216251649,0.0,0.0,0.0,0.0
2026-04-22 18:00:00,1,34.0,2026-05-05 06:00:00,12 days 12:00:00,-10.0,60.7,984.7,52.8,43.18080930833071,290.56408155267627,279.10888347421724,274.6374219939137,276.37774059273124,159.3137227269293,151.1843387400803,130.71195018665708,135.36664807885893,0.0,0.0,0.0,0.0
2026-04-22 18:00:00,1,34.0,2026-05-05 12:00:00,12 days 18:00:00,-10.21,60.92,992.2,41.2,50.68717800166022,201.8685662382054,191.79849514668703,179.29846951711534,189.40944055668567,0.0,0.0,0.0,0.0,0.0,0.0,0.0,0.0
2026-04-22 18:00:00,1,34.0,2026-05-05 18:00:00,13 days 00:00:00,-10.97,60.91,995.4,36.6,52.33859672262357,149.74216925093273,138.32917018416666,104.07015543383004,123.5431432179462,0.0,0.0,0.0,0.0,0.0,0.0,0.0,0.0
2026-04-22 18:00:00,4,41.0,2026-05-03 18:00:00,11 days 00:00:00,8.07,66.4,1002.9,22.0,110.53904796581855,0.0,0.0,0.0,0.0,0.0,0.0,0.0,0.0,0.0,0.0,0.0,0.0
2026-04-22 18:00:00,4,41.0,2026-05-04 00:00:00,11 days 06:00:00,7.35,66.29,1005.0,17.2,133.27294213052917,0.0,0.0,0.0,0.0,0.0,0.0,0.0,0.0,0.0,0.0,0.0,0.0
2026-04-22 18:00:00,4,41.0,2026-05-04 06:00:00,11 days 12:00:00,8.76,65.72,999.0,30.1,38.46067242829346,0.0,0.0,0.0,0.0,0.0,0.0,0.0,0.0,0.0,0.0,0.0,0.0
2026-04-22 18:00:00,4,41.0,2026-05-04 12:00:00,11 days 18:00:00,8.45,65.5,1005.9,24.1,61.83846310539485,0.0,0.0,0.0,0.0,0.0,0.0,0.0,0.0,0.0,0.0,0.0,0.0
2026-04-22 18:00:00,4,41.0,2026-05-04 18:00:00,12 days 00:00:00,8.39,64.76,999.8,29.5,143.99282029652682,0.0,0.0,0.0,0.0,0.0,0.0,0.0,0.0,0.0,0.0,0.0,0.0
2026-04-22 18:00:00,4,41.0,2026-05-05 00:00:00,12 days 06:00:00,9.25,63.43,999.2,34.3,16.587566312914163,5.88034929404397,0.0,8.622218597742616,16.587566312914163,0.0,0.0,0.0,0.0,0.0,0.0,0.0,0.0
2026-04-22 18:00:00,4,41.0,2026-05-05 06:00:00,12 days 12:00:00,8.51,63.39,1000.8,26.2,86.71378827906783,0.0,0.0,0.0,0.0,0.0,0.0,0.0,0.0,0.0,0.0,0.0,0.0
2026-04-22 18:00:00,4,41.0,2026-05-05 12:00:00,12 days 18:00:00,8.68,62.07,1003.1,37.4,57.21547644161904,102.06637649760992,88.38087224363676,78.88748872266001,88.5693065890481,0.0,0.0,0.0,0.0,0.0,0.0,0.0,0.0
2026-04-22 18:00:00,4,41.0,2026-05-05 18:00:00,13 days 00:00:00,9.2,61.55,1002.1,36.9,66.27217061382672,81.14272236087847,73.87237089979355,57.798180165128485,72.20957009423925,0.0,0.0,0.0,0.0,0.0,0.0,0.0,0.0
2026-04-22 18:00:00,4,42.0,2026-05-05 00:00:00,12 days 06:00:00,5.95,68.37,1003.9,22.6,94.15732933388163,0.0,0.0,0.0,0.0,0.0,0.0,0.0,0.0,0.0,0.0,0.0,0.0
2026-04-22 18:00:00,4,42.0,2026-05-05 06:00:00,12 days 12:00:00,6.12,67.98,1004.0,32.7,70.5447076862642,0.0,0.0,0.0,0.0,0.0,0.0,0.0,0.0,0.0,0.0,0.0,0.0
2026-04-22 18:00:00,4,42.0,2026-05-05 12:00:00,12 days 18:00:00,6.81,68.13,1001.5,28.8,111.35487853907952,0.0,0.0,0.0,0.0,0.0,0.0,0.0,0.0,0.0,0.0,0.0,0.0
2026-04-22 18:00:00,4,42.0,2026-05-05 18:00:00,13 days 00:00:00,7.83,66.83,995.8,37.6,80.12276826376451,223.37416813405693,201.9672509403539,156.4134123755917,196.03504977852623,0.0,0.0,0.0,0.0,0.0,0.0,0.0,0.0
2026-04-22 18:00:00,7,43.0,2026-05-04 18:00:00,12 days 00:00:00,-8.38,55.62,1000.7,28.8,105.88632636226085,0.0,0.0,0.0,0.0,0.0,0.0,0.0,0.0,0.0,0.0,0.0,0.0
2026-04-22 18:00:00,7,43.0,2026-05-05 00:00:00,12 days 06:00:00,-8.16,54.84,1000.4,28.4,66.69475876358987,0.0,0.0,0.0,0.0,0.0,0.0,0.0,0.0,0.0,0.0,0.0,0.0
2026-04-22 18:00:00,7,43.0,2026-05-05 06:00:00,12 days 12:00:00,-9.37,54.5,1003.8,23.4,78.67160829165758,0.0,0.0,0.0,0.0,0.0,0.0,0.0,0.0,0.0,0.0,0.0,0.0
2026-04-22 18:00:00,7,43.0,2026-05-05 12:00:00,12 days 18:00:00,-10.27,54.43,1004.1,23.3,128.1107095164365,0.0,0.0,0.0,0.0,0.0,0.0,0.0,0.0,0.0,0.0,0.0,0.0
2026-04-22 18:00:00,7,43.0,2026-05-05 18:00:00,13 days 00:00:00,-10.21,53.27,1000.7,27.0,55.13203436081466,0.0,0.0,0.0,0.0,0.0,0.0,0.0,0.0,0.0,0.0,0.0,0.0
2026-04-22 18:00:00,2,44.0,2026-05-03 12:00:00,10 days 18:00:00,8.69,147.75,1001.5,31.0,55.91159421681641,0.0,0.0,0.0,0.0,0.0,0.0,0.0,0.0,0.0,0.0,0.0,0.0
2026-04-22 18:00:00,2,44.0,2026-05-03 18:00:00,11 days 00:00:00,9.5,147.16,1006.7,22.1,106.89810210120628,0.0,0.0,0.0,0.0,0.0,0.0,0.0,0.0,0.0,0.0,0.0,0.0
2026-04-22 18:00:00,2,44.0,2026-05-04 00:00:00,11 days 06:00:00,8.69,146.16,1005.3,23.8,51.54290106782297,0.0,0.0,0.0,0.0,0.0,0.0,0.0,0.0,0.0,0.0,0.0,0.0
2026-04-22 18:00:00,2,44.0,2026-05-04 06:00:00,11 days 12:00:00,9.29,145.77,1001.7,31.2,79.96037333217737,0.0,0.0,0.0,0.0,0.0,0.0,0.0,0.0,0.0,0.0,0.0,0.0
2026-04-22 18:00:00,2,44.0,2026-05-04 12:00:00,11 days 18:00:00,8.78,144.65,1004.8,32.2,45.36051920136876,0.0,0.0,0.0,0.0,0.0,0.0,0.0,0.0,0.0,0.0,0.0,0.0
2026-04-22 18:00:00,2,44.0,2026-05-04 18:00:00,12 days 00:00:00,9.66,144.43,1005.2,27.2,65.57327624687878,0.0,0.0,0.0,0.0,0.0,0.0,0.0,0.0,0.0,0.0,0.0,0.0
2026-04-22 18:00:00,2,44.0,2026-05-05 00:00:00,12 days 06:00:00,9.77,143.89,995.9,46.1,57.72869006063967,151.0814707824465,117.58590863730524,105.153336544254,137.14536741043926,0.0,0.0,0.0,0.0,0.0,0.0,0.0,0.0
2026-04-22 18:00:00,2,44.0,2026-05-05 06:00:00,12 days 12:00:00,10.14,143.16,998.6,44.3,40.08249179735756,46.23167745269773,34.464937782756365,14.178580743923805,36.99164560064524,0.0,0.0,0.0,0.0,0.0,0.0,0.0,0.0
2026-04-22 18:00:00,2,44.0,2026-05-05 12:00:00,12 days 18:00:00,10.32,142.47,998.0,47.1,17.1357537434792,65.90750374648314,42.122959625764224,24.1850907533094,52.35457346957492,0.0,0.0,0.0,0.0,0.0,0.0,0.0,0.0
2026-04-22 18:00:00,2,44.0,2026-05-05 18:00:00,13 days 00:00:00,10.08,141.77,989.1,63.2,16.712305543624467,132.64836701621857,93.53629390353144,75.5500697340974,116.07119131907956,65.87500836977227,48.18516764127486,30.550078829931778,52.706769128044186,0.0,0.0,0.0,0.0
2026-04-22 18:00:00,3,47.0,2026-05-03 00:00:00,10 days 06:00:00,9.06,63.13,997.8,37.6,51.591542503725485,51.591542503725485,7.890566239805651,9.233939063240388,11.96829451285126,0.0,0.0,0.0,0.0,0.0,0.0,0.0,0.0
2026-04-22 18:00:00,3,47.0,2026-05-03 06:00:00,10 days 12:00:00,8.06,63.3,1004.4,24.5,71.07286292246044,0.0,0.0,0.0,0.0,0.0,0.0,0.0,0.0,0.0,0.0,0.0,0.0
2026-04-22 18:00:00,3,47.0,2026-05-03 12:00:00,10 days 18:00:00,7.66,63.08,1000.4,32.4,50.90000453593351,0.0,0.0,0.0,0.0,0.0,0.0,0.0,0.0,0.0,0.0,0.0,0.0
2026-04-22 18:00:00,3,47.0,2026-05-03 18:00:00,11 days 00:00:00,7.57,63.09,1001.9,29.2,79.5072521339497,0.0,0.0,0.0,0.0,0.0,0.0,0.0,0.0,0.0,0.0,0.0,0.0
2026-04-22 18:00:00,3,47.0,2026-05-04 00:00:00,11 days 06:00:00,7.89,62.55,997.4,39.3,52.24260298717255,119.01269603086632,107.57506725132126,92.1267259128096,106.67814861938646,0.0,0.0,0.0,0.0,0.0,0.0,0.0,0.0
2026-04-22 18:00:00,3,47.0,2026-05-04 06:00:00,11 days 12:00:00,7.68,62.49,999.0,33.5,88.96246499091126,0.0,0.0,0.0,0.0,0.0,0.0,0.0,0.0,0.0,0.0,0.0,0.0
2026-04-22 18:00:00,3,47.0,2026-05-04 12:00:00,11 days 18:00:00,7.93,61.43,1001.1,31.7,93.34789310839815,0.0,0.0,0.0,0.0,0.0,0.0,0.0,0.0,0.0,0.0,0.0,0.0
2026-04-22 18:00:00,3,47.0,2026-05-04 18:00:00,12 days 00:00:00,8.14,60.54,999.8,40.8,42.988475448478766,84.10308373839874,78.04576336678815,73.44545856076827,80.23968595857224,0.0,0.0,0.0,0.0,0.0,0.0,0.0,0.0
2026-04-22 18:00:00,3,47.0,2026-05-05 00:00:00,12 days 06:00:00,8.1,58.96,995.7,38.6,59.92430778347583,56.57402672774312,55.28009960981834,55.89090508861735,61.63699458746655,0.0,0.0,0.0,0.0,0.0,0.0,0.0,0.0
2026-04-22 18:00:00,3,47.0,2026-05-05 06:00:00,12 days 12:00:00,8.09,57.96,991.0,55.6,47.30759655048925,83.50781234468023,77.45237887192104,81.24336190812116,77.30864113305506,47.30759655048925,23.244039436103197,17.63533565425374,24.670863982651053,0.0,0.0,0.0,0.0
2026-04-22 18:00:00,3,47.0,2026-05-05 12:00:00,12 days 18:00:00,8.32,57.34,986.5,64.8,48.97065427817624,153.22767778617242,144.97537960542843,147.38244047834365,158.18457959078015,73.27763282450576,59.70820063877025,53.42794780418667,64.92912504949356,48.97065427817624,6.657369684094928,4.775343245438546,10.05168502864194
2026-04-22 18:00:00,3,47.0,2026-05-05 18:00:00,13 days 00:00:00,8.17,56.46,990.7,55.2,68.1867527193359,120.5259479760083,116.64748090527776,121.5530793874606,132.6672452600626,68.1867527193359,28.835548898525467,24.082123850760247,28.55861129667546,0.0,0.0,0.0,0.0
2026-04-22 18:00:00,1,48.0,2026-04-30 06:00:00,7 days 12:00:00,8.55,130.55,1004.7,25.4,99.0622508881284,0.0,0.0,0.0,0.0,0.0,0.0,0.0,0.0,0.0,0.0,0.0,0.0
2026-04-22 18:00:00,1,48.0,2026-04-30 12:00:00,7 days 18:00:00,9.41,129.02,996.1,35.9,87.18729529006501,4.281518961809583,87.18729529006501,3.897624234656207,4.591944371200524,0.0,0.0,0.0,0.0,0.0,0.0,0.0,0.0
2026-04-22 18:00:00,1,48.0,2026-04-30 18:00:00,8 days 00:00:00,9.65,127.53,1005.3,23.9,87.02045423051426,0.0,0.0,0.0,0.0,0.0,0.0,0.0,0.0,0.0,0.0,0.0,0.0
2026-04-22 18:00:00,1,48.0,2026-05-01 00:00:00,8 days 06:00:00,10.49,126.67,1000.8,31.0,92.66907342954056,0.0,0.0,0.0,0.0,0.0,0.0,0.0,0.0,0.0,0.0,0.0,0.0
2026-04-22 18:00:00,1,48.0,2026-05-01 06:00:00,8 days 12:00:00,11.1,124.89,1003.4,25.8,56.00192772751247,0.0,0.0,0.0,0.0,0.0,0.0,0.0,0.0,0.0,0.0,0.0,0.0
2026-04-22 18:00:00,1,48.0,2026-05-01 12:00:00,8 days 18:00:00,11.41,123.9,997.3,42.9,30.315740676906408,30.315740676906408,13.408675740181671,13.892223304497325,17.34041830396278,0.0,0.0,0.0,0.0,0.0,0.0,0.0,0.0
2026-04-22 18:00:00,1,48.0,2026-05-01 18:00:00,9 days 00:00:00,11.7,122.84,1004.5,30.2,44.09696742501109,0.0,0.0,0.0,0.0,0.0,0.0,0.0,0.0,0.0,0.0,0.0,0.0
2026-04-22 18:00:00,1,48.0,2026-05-02 00:00:00,9 days 06:00:00,12.15,121.66,1000.9,38.5,31.66208909217078,80.29601357867202,67.35829333874307,42.29056111621446,63.76952365874244,0.0,0.0,0.0,0.0,0.0,0.0,0.0,0.0
2026-04-22 18:00:00,1,48.0,2026-05-02 06:00:00,9 days 12:00:00,12.19,120.28,999.0,41.1,38.623498758193136,45.67910732912991,31.601223357229365,12.332355662980156,27.88778873031225,0.0,0.0,0.0,0.0,0.0,0.0,0.0,0.0
2026-04-22 18:00:00,1,48.0,2026-05-02 12:00:00,9 days 18:00:00,12.75,119.2,1000.0,33.8,35.876114624309174,0.0,0.0,0.0,0.0,0.0,0.0,0.0,0.0,0.0,0.0,0.0,0.0
2026-04-22 18:00:00,1,48.0,2026-05-02 18:00:00,10 days 00:00:00,13.09,118.82,994.1,42.8,29.12030765342769,39.98425747075353,27.54647731831302,21.615963841189235,41.01848016039979,0.0,0.0,0.0,0.0,0.0,0.0,0.0,0.0
2026-04-22 18:00:00,1,48.0,2026-05-03 00:00:00,10 days 06:00:00,13.44,118.19,1000.4,37.1,56.0073834560133,56.16426575392639,47.50376456816075,39.13124762909038,48.0947390832744,0.0,0.0,0.0,0.0,0.0,0.0,0.0,0.0
2026-04-22 18:00:00,1,48.0,2026-05-03 06:00:00,10 days 12:00:00,14.13,117.86,996.1,45.0,44.44614423169681,86.86648100169894,69.84639235057763,49.9631065748228,68.81302826025879,0.0,0.0,0.0,0.0,0.0,0.0,0.0,0.0
2026-04-22 18:00:00,1,48.0,2026-05-03 12:00:00,10 days 18:00:00,14.39,117.8,1000.8,37.7,45.5927692673747,87.3424413780048,69.31579645884787,43.79975625177004,67.66978055267897,0.0,0.0,0.0,0.0,0.0,0.0,0.0,0.0
2026-04-22 18:00:00,1,48.0,2026-05-03 18:00:00,11 days 00:00:00,14.39,117.34,988.4,51.7,25.64610101471176,90.28470620695448,59.16410799599609,55.133409175230106,78.40563170946766,27.50178486687676,19.722910662347665,14.502661591417366,20.304751615159518,0.0,0.0,0.0,0.0
2026-04-22 18:00:00,1,48.0,2026-05-04 00:00:00,11 days 06:00:00,14.29,117.46,992.2,48.5,5.455906901315877,58.59975235929513,41.41285195453016,38.32355637913341,45.13197192953655,0.0,0.0,0.0,0.0,0.0,0.0,0.0,0.0
2026-04-22 18:00:00,1,48.0,2026-05-04 06:00:00,11 days 12:00:00,14.62,117.17,984.9,64.9,14.272394780825069,114.86152562964564,77.1483397776924,79.9253951452284,101.10221063629557,56.0106251080639,42.88393885674624,32.29928040409516,45.19906175846177,15.504830380844645,11.76588929036398,7.240733176342363,12.550200180518308
2026-04-22 18:00:00,1,48.0,2026-05-04 12:00:00,11 days 18:00:00,14.77,117.19,991.7,54.9,22.20174776634964,115.45448978433124,113.07238041809882,87.99349711308659,103.22834399828602,60.74312669836655,51.228485979532,36.59988756632055,51.54791030278111,0.0,0.0,0.0,0.0
2026-04-22 18:00:00,1,48.0,2026-05-04 18:00:00,12 days 00:00:00,15.15,116.48,1002.5,31.0,36.253018234145856,0.0,0.0,0.0,0.0,0.0,0.0,0.0,0.0,0.0,0.0,0.0,0.0
2026-04-22 18:00:00,1,48.0,2026-05-05 00:00:00,12 days 06:00:00,15.48,115.89,999.4,36.5,34.189748546988135,34.189748546988135,15.132478070243618,7.324878312881764,24.95177110873433,0.0,0.0,0.0,0.0,0.0,0.0,0.0,0.0
2026-04-22 18:00:00,1,48.0,2026-05-05 06:00:00,12 days 12:00:00,15.83,115.39,999.6,37.6,55.49673828995706,55.49673828995706,6.604743730391731,4.187670685003811,13.0942170863436,0.0,0.0,0.0,0.0,0.0,0.0,0.0,0.0
2026-04-22 18:00:00,1,48.0,2026-05-05 12:00:00,12 days 18:00:00,16.22,114.56,1002.1,28.3,55.501228594485454,0.0,0.0,0.0,0.0,0.0,0.0,0.0,0.0,0.0,0.0,0.0,0.0
2026-04-22 18:00:00,1,48.0,2026-05-05 18:00:00,13 days 00:00:00,16.54,113.83,1002.2,28.9,37.58666192471361,0.0,0.0,0.0,0.0,0.0,0.0,0.0,0.0,0.0,0.0,0.0,0.0
2026-04-22 18:00:00,4,53.0,2026-05-03 12:00:00,10 days 18:00:00,5.68,70.64,1005.1,19.9,86.40804214834243,0.0,0.0,0.0,0.0,0.0,0.0,0.0,0.0,0.0,0.0,0.0,0.0
2026-04-22 18:00:00,4,53.0,2026-05-03 18:00:00,11 days 00:00:00,5.35,71.16,1004.9,17.8,92.50858838118349,0.0,0.0,0.0,0.0,0.0,0.0,0.0,0.0,0.0,0.0,0.0,0.0
2026-04-22 18:00:00,4,53.0,2026-05-04 00:00:00,11 days 06:00:00,6.58,71.41,1001.8,24.1,115.3164424768328,0.0,0.0,0.0,0.0,0.0,0.0,0.0,0.0,0.0,0.0,0.0,0.0
2026-04-22 18:00:00,4,53.0,2026-05-04 06:00:00,11 days 12:00:00,5.89,70.89,1000.4,20.5,87.22754043631653,0.0,0.0,0.0,0.0,0.0,0.0,0.0,0.0,0.0,0.0,0.0,0.0
2026-04-22 18:00:00,4,53.0,2026-05-04 12:00:00,11 days 18:00:00,6.15,70.48,1000.9,26.0,104.58152426064844,0.0,0.0,0.0,0.0,0.0,0.0,0.0,0.0,0.0,0.0,0.0,0.0
2026-04-22 18:00:00,4,53.0,2026-05-04 18:00:00,12 days 00:00:00,7.07,70.17,1004.0,23.6,136.51949213865805,0.0,0.0,0.0,0.0,0.0,0.0,0.0,0.0,0.0,0.0,0.0,0.0
2026-04-22 18:00:00,4,53.0,2026-05-05 00:00:00,12 days 06:00:00,8.03,69.46,990.5,45.8,56.85680279421379,39.66449371061695,35.04719223745686,56.85680279421379,41.09449655259375,0.0,0.0,0.0,0.0,0.0,0.0,0.0,0.0
2026-04-22 18:00:00,4,53.0,2026-05-05 06:00:00,12 days 12:00:00,9.07,68.95,998.7,35.2,52.315443305070616,52.315443305070616,0.0,0.0,0.0,0.0,0.0,0.0,0.0,0.0,0.0,0.0,0.0
2026-04-22 18:00:00,4,53.0,2026-05-05 12:00:00,12 days 18:00:00,10.14,67.83,993.9,50.0,35.28971454816108,59.706275051848216,57.96900105739429,68.40263787897007,72.01182266975104,0.0,0.0,0.0,0.0,0.0,0.0,0.0,0.0
2026-04-22 18:00:00,4,53.0,2026-05-05 18:00:00,13 days 00:00:00,10.22,67.46,980.7,68.1,15.897302731716271,192.8501411707929,150.58084328026737,174.5854906120205,197.90405241345957,54.31418575134129,45.15463161056095,43.20169929664274,50.71337920509232,0.0,0.0,0.0,15.897302731716271
2026-04-22 18:00:00,5,53.0,2026-05-04 12:00:00,11 days 18:00:00,-9.66,69.63,1004.0,22.5,103.73620933144343,0.0,0.0,0.0,0.0,0.0,0.0,0.0,0.0,0.0,0.0,0.0,0.0
2026-04-22 18:00:00,5,53.0,2026-05-04 18:00:00,12 days 00:00:00,-8.52,70.19,1001.9,24.0,108.68640082747751,0.0,0.0,0.0,0.0,0.0,0.0,0.0,0.0,0.0,0.0,0.0,0.0
2026-04-22 18:00:00,5,53.0,2026-05-05 00:00:00,12 days 06:00:00,-8.31,70.24,1004.6,20.3,78.93912908306697,0.0,0.0,0.0,0.0,0.0,0.0,0.0,0.0,0.0,0.0,0.0,0.0
2026-04-22 18:00:00,5,53.0,2026-05-05 06:00:00,12 days 12:00:00,-8.6,71.47,998.4,32.6,61.953649720594925,0.0,0.0,0.0,0.0,0.0,0.0,0.0,0.0,0.0,0.0,0.0,0.0
2026-04-22 18:00:00,5,53.0,2026-05-05 12:00:00,12 days 18:00:00,-8.95,72.11,998.0,28.2,110.9400549249258,0.0,0.0,0.0,0.0,0.0,0.0,0.0,0.0,0.0,0.0,0.0,0.0
2026-04-22 18:00:00,5,53.0,2026-05-05 18:00:00,13 days 00:00:00,-9.32,72.1,1001.6,26.8,131.31570789690585,0.0,0.0,0.0,0.0,0.0,0.0,0.0,0.0,0.0,0.0,0.0,0.0
2026-04-22 18:00:00,10,54.0,2026-05-04 12:00:00,11 days 18:00:00,5.61,66.32,1004.4,24.6,89.26415578513478,0.0,0.0,0.0,0.0,0.0,0.0,0.0,0.0,0.0,0.0,0.0,0.0
2026-04-22 18:00:00,10,54.0,2026-05-04 18:00:00,12 days 00:00:00,6.04,65.3,1003.4,22.8,92.9028031718772,0.0,0.0,0.0,0.0,0.0,0.0,0.0,0.0,0.0,0.0,0.0,0.0
2026-04-22 18:00:00,10,54.0,2026-05-05 00:00:00,12 days 06:00:00,6.9,65.21,995.1,31.5,121.507476762142,0.0,0.0,0.0,0.0,0.0,0.0,0.0,0.0,0.0,0.0,0.0,0.0
2026-04-22 18:00:00,10,54.0,2026-05-05 06:00:00,12 days 12:00:00,6.96,64.84,1004.2,31.4,65.36954716269888,0.0,0.0,0.0,0.0,0.0,0.0,0.0,0.0,0.0,0.0,0.0,0.0
2026-04-22 18:00:00,10,54.0,2026-05-05 12:00:00,12 days 18:00:00,8.36,64.93,994.2,49.1,86.04766943848941,145.29728970700464,133.6079137355259,106.27266519500272,114.8117859597487,0.0,0.0,0.0,0.0,0.0,0.0,0.0,0.0
2026-04-22 18:00:00,10,54.0,2026-05-05 18:00:00,13 days 00:00:00,8.11,64.23,991.6,54.4,0.0,185.04913157826263,189.509115690894,177.19179536229603,193.70102327104036,75.01126403795936,69.87112999647667,55.90084384592787,59.68121228824249,0.0,0.0,0.0,0.0
2026-04-22 18:00:00,8,54.0,2026-05-02 18:00:00,10 days 00:00:00,-8.27,59.88,1001.4,27.9,59.71446864955488,0.0,0.0,0.0,0.0,0.0,0.0,0.0,0.0,0.0,0.0,0.0,0.0
2026-04-22 18:00:00,8,54.0,2026-05-03 00:00:00,10 days 06:00:00,-7.68,58.68,1004.2,21.4,149.26058691317627,0.0,0.0,0.0,0.0,0.0,0.0,0.0,0.0,0.0,0.0,0.0,0.0
2026-04-22 18:00:00,8,54.0,2026-05-03 06:00:00,10 days 12:00:00,-9.66,58.7,1007.0,20.8,128.42070997747948,0.0,0.0,0.0,0.0,0.0,0.0,0.0,0.0,0.0,0.0,0.0,0.0
2026-04-22 18:00:00,8,54.0,2026-05-03 12:00:00,10 days 18:00:00,-9.39,57.49,1002.3,25.0,81.02730945444179,0.0,0.0,0.0,0.0,0.0,0.0,0.0,0.0,0.0,0.0,0.0,0.0
2026-04-22 18:00:00,8,54.0,2026-05-03 18:00:00,11 days 00:00:00,-10.05,56.68,1002.3,24.8,88.22964047015401,0.0,0.0,0.0,0.0,0.0,0.0,0.0,0.0,0.0,0.0,0.0,0.0
2026-04-22 18:00:00,8,54.0,2026-05-04 00:00:00,11 days 06:00:00,-10.51,56.87,994.8,32.4,51.03983973360712,0.0,0.0,0.0,0.0,0.0,0.0,0.0,0.0,0.0,0.0,0.0,0.0
2026-04-22 18:00:00,8,54.0,2026-05-04 06:00:00,11 days 12:00:00,-11.15,55.63,993.5,39.7,111.11639644454812,317.3873381499822,316.98616959987714,277.3068799691421,277.2645447459952,0.0,0.0,0.0,0.0,0.0,0.0,0.0,0.0
2026-04-22 18:00:00,8,54.0,2026-05-04 12:00:00,11 days 18:00:00,-11.85,55.76,988.6,49.7,57.007904413511135,203.43706192588888,201.91896946644184,167.5942767675242,162.19209678808778,0.0,0.0,0.0,0.0,0.0,0.0,0.0,0.0
2026-04-22 18:00:00,8,54.0,2026-05-04 18:00:00,12 days 00:00:00,-11.72,55.18,994.3,43.0,44.49100917196225,247.12095825705535,258.03511160262155,238.25424109219912,237.24476106535275,0.0,0.0,0.0,0.0,0.0,0.0,0.0,0.0
2026-04-22 18:00:00,8,54.0,2026-05-05 00:00:00,12 days 06:00:00,-12.02,55.98,988.0,51.1,71.31207821167325,232.18492115639967,207.50093180989347,179.47438006069785,202.38671878974077,71.31207821167325,10.08712708700346,8.537910176700251,8.951582644714215,0.0,0.0,0.0,0.0
2026-04-22 18:00:00,8,54.0,2026-05-05 06:00:00,12 days 12:00:00,-11.95,56.27,989.4,50.8,47.024461236494126,213.1251093792495,204.78142679858792,195.05768440094135,191.39250318716523,53.672261773663365,51.38785106615675,43.80598411859146,43.686025287697404,0.0,0.0,0.0,0.0
2026-04-22 18:00:00,8,54.0,2026-05-05 12:00:00,12 days 18:00:00,-12.13,56.15,973.4,75.0,28.41546714900711,259.12331328942867,207.3520580411694,159.5262707884241,243.4117509374608,107.74240954731911,78.76874919095788,53.24943850459319,84.13222812118238,28.41546714900711,0.0,0.0,3.0611006683280246
2026-04-22 18:00:00,8,54.0,2026-05-05 18:00:00,13 days 00:00:00,-11.93,57.16,992.0,62.2,25.206739481778484,195.3202595214516,180.74281126628367,190.9018413337279,186.3139585978522,76.58902903170431,77.01085343130919,70.20168282771647,65.07987245501955,0.0,0.0,0.0,0.0
2026-04-22 18:00:00,6,59.0,2026-05-04 18:00:00,12 days 00:00:00,-9.0,59.32,1004.9,20.5,67.33861684183435,0.0,0.0,0.0,0.0,0.0,0.0,0.0,0.0,0.0,0.0,0.0,0.0
2026-04-22 18:00:00,6,59.0,2026-05-05 00:00:00,12 days 06:00:00,-9.86,58.92,1002.2,33.1,109.57198630366996,0.0,0.0,0.0,0.0,0.0,0.0,0.0,0.0,0.0,0.0,0.0,0.0
2026-04-22 18:00:00,6,59.0,2026-05-05 06:00:00,12 days 12:00:00,-10.52,58.12,1001.6,28.9,82.1614860234203,0.0,0.0,0.0,0.0,0.0,0.0,0.0,0.0,0.0,0.0,0.0,0.0
2026-04-22 18:00:00,6,59.0,2026-05-05 12:00:00,12 days 18:00:00,-10.59,57.62,1000.5,31.7,91.62605805317048,0.0,0.0,0.0,0.0,0.0,0.0,0.0,0.0,0.0,0.0,0.0,0.0
2026-04-22 18:00:00,6,59.0,2026-05-05 18:00:00,13 days 00:00:00,-10.95,56.97,992.8,53.3,41.15301914453261,166.55417206548395,174.20581548813016,147.5151662004078,150.67859163053927,0.0,0.0,0.0,41.15301914453261,0.0,0.0,0.0,0.0
2026-04-22 18:00:00,1,60.0,2026-05-04 00:00:00,11 days 06:00:00,8.3,149.22,1002.6,21.6,69.08354412592846,0.0,0.0,0.0,0.0,0.0,0.0,0.0,0.0,0.0,0.0,0.0,0.0
2026-04-22 18:00:00,1,60.0,2026-05-04 06:00:00,11 days 12:00:00,8.02,148.58,1005.2,21.5,107.88200210160588,0.0,0.0,0.0,0.0,0.0,0.0,0.0,0.0,0.0,0.0,0.0,0.0
2026-04-22 18:00:00,1,60.0,2026-05-04 12:00:00,11 days 18:00:00,8.77,147.85,1007.4,19.8,103.24064705336852,0.0,0.0,0.0,0.0,0.0,0.0,0.0,0.0,0.0,0.0,0.0,0.0
2026-04-22 18:00:00,1,60.0,2026-05-04 18:00:00,12 days 00:00:00,9.58,146.32,1002.0,27.0,79.2608598197205,0.0,0.0,0.0,0.0,0.0,0.0,0.0,0.0,0.0,0.0,0.0,0.0
2026-04-22 18:00:00,1,60.0,2026-05-05 00:00:00,12 days 06:00:00,9.82,145.24,1003.9,27.3,62.791435906719016,0.0,0.0,0.0,0.0,0.0,0.0,0.0,0.0,0.0,0.0,0.0,0.0
2026-04-22 18:00:00,1,60.0,2026-05-05 06:00:00,12 days 12:00:00,10.61,144.37,1003.2,28.0,99.6304018496295,0.0,0.0,0.0,0.0,0.0,0.0,0.0,0.0,0.0,0.0,0.0,0.0
2026-04-22 18:00:00,1,60.0,2026-05-05 12:00:00,12 days 18:00:00,11.33,142.91,1001.9,32.6,71.75358168457062,0.0,0.0,0.0,0.0,0.0,0.0,0.0,0.0,0.0,0.0,0.0,0.0
2026-04-22 18:00:00,1,60.0,2026-05-05 18:00:00,13 days 00:00:00,11.82,141.51,1001.7,29.6,97.71098661080003,0.0,0.0,0.0,0.0,0.0,0.0,0.0,0.0,0.0,0.0,0.0,0.0
2026-04-22 18:00:00,3,61.0,2026-05-04 18:00:00,12 days 00:00:00,3.65,62.82,1005.0,20.1,130.66401726542188,0.0,0.0,0.0,0.0,0.0,0.0,0.0,0.0,0.0,0.0,0.0,0.0
2026-04-22 18:00:00,3,61.0,2026-05-05 00:00:00,12 days 06:00:00,3.4,62.49,1009.8,21.7,77.57219124213938,0.0,0.0,0.0,0.0,0.0,0.0,0.0,0.0,0.0,0.0,0.0,0.0
2026-04-22 18:00:00,3,61.0,2026-05-05 06:00:00,12 days 12:00:00,3.81,62.69,998.6,42.5,108.5254327265315,133.29812557662032,129.81413454420994,109.1181212270889,111.0388719702218,0.0,0.0,0.0,0.0,0.0,0.0,0.0,0.0
2026-04-22 18:00:00,3,61.0,2026-05-05 12:00:00,12 days 18:00:00,4.83,62.05,992.2,51.0,66.944210250803,305.7579275267046,294.5677748430156,238.4957852774174,245.05802601500844,0.0,66.944210250803,0.0,0.0,0.0,0.0,0.0,0.0
2026-04-22 18:00:00,3,61.0,2026-05-05 18:00:00,13 days 00:00:00,5.79,62.18,995.7,32.7,151.20983383100602,0.0,0.0,0.0,0.0,0.0,0.0,0.0,0.0,0.0,0.0,0.0,0.0
2026-04-22 18:00:00,3,68.0,2026-05-03 00:00:00,10 days 06:00:00,-6.26,65.13,1003.6,18.8,126.33107342073666,0.0,0.0,0.0,0.0,0.0,0.0,0.0,0.0,0.0,0.0,0.0,0.0
2026-04-22 18:00:00,3,68.0,2026-05-03 06:00:00,10 days 12:00:00,-6.28,65.01,1006.0,17.2,68.24841533781772,0.0,0.0,0.0,0.0,0.0,0.0,0.0,0.0,0.0,0.0,0.0,0.0
2026-04-22 18:00:00,3,68.0,2026-05-03 12:00:00,10 days 18:00:00,-6.18,63.75,1005.7,21.7,93.85798359586263,0.0,0.0,0.0,0.0,0.0,0.0,0.0,0.0,0.0,0.0,0.0,0.0
2026-04-22 18:00:00,3,68.0,2026-05-03 18:00:00,11 days 00:00:00,-7.07,64.28,1004.3,28.3,95.94129130084116,0.0,0.0,0.0,0.0,0.0,0.0,0.0,0.0,0.0,0.0,0.0,0.0
2026-04-22 18:00:00,3,68.0,2026-05-04 00:00:00,11 days 06:00:00,-7.23,63.58,1005.7,20.3,78.40533818147301,0.0,0.0,0.0,0.0,0.0,0.0,0.0,0.0,0.0,0.0,0.0,0.0
2026-04-22 18:00:00,3,68.0,2026-05-04 06:00:00,11 days 12:00:00,-8.0,63.0,1003.8,25.6,52.82265010498857,0.0,0.0,0.0,0.0,0.0,0.0,0.0,0.0,0.0,0.0,0.0,0.0
2026-04-22 18:00:00,3,68.0,2026-05-04 12:00:00,11 days 18:00:00,-9.04,62.26,1005.2,25.4,84.77174126214187,0.0,0.0,0.0,0.0,0.0,0.0,0.0,0.0,0.0,0.0,0.0,0.0
2026-04-22 18:00:00,3,68.0,2026-05-04 18:00:00,12 days 00:00:00,-9.56,61.24,1001.9,32.7,50.05975772871898,0.0,0.0,0.0,0.0,0.0,0.0,0.0,0.0,0.0,0.0,0.0,0.0
2026-04-22 18:00:00,3,68.0,2026-05-05 00:00:00,12 days 06:00:00,-10.35,60.25,1001.2,41.3,72.5966731973399,72.5966731973399,21.05776103398258,11.569175638932917,24.57826511706716,0.0,0.0,0.0,0.0,0.0,0.0,0.0,0.0
2026-04-22 18:00:00,3,68.0,2026-05-05 06:00:00,12 days 12:00:00,-11.26,59.27,996.7,41.7,53.16469183291697,109.04101128754262,117.55699973014734,87.08644526291351,88.52498208266829,0.0,0.0,0.0,0.0,0.0,0.0,0.0,0.0
2026-04-22 18:00:00,3,68.0,2026-05-05 12:00:00,12 days 18:00:00,-11.86,59.08,993.9,50.1,58.471484522607554,85.82568296499343,89.80586962605868,54.48336192639975,67.82520336028895,9.550197629886682,58.471484522607554,8.338079234442146,7.744615928748732,0.0,0.0,0.0,0.0
2026-04-22 18:00:00,3,68.0,2026-05-05 18:00:00,13 days 00:00:00,-12.58,59.09,998.1,46.2,96.95440427296656,199.83770608257677,201.1188492956409,158.79742389169945,164.05014867104126,0.0,0.0,0.0,0.0,0.0,0.0,0.0,0.0
2026-04-22 18:00:00,4,68.0,2026-05-03 00:00:00,10 days 06:00:00,6.0,67.29,1004.4,23.0,90.00024188576239,0.0,0.0,0.0,0.0,0.0,0.0,0.0,0.0,0.0,0.0,0.0,0.0
2026-04-22 18:00:00,4,68.0,2026-05-03 06:00:00,10 days 12:00:00,6.73,65.94,1002.5,28.8,52.3895951488599,0.0,0.0,0.0,0.0,0.0,0.0,0.0,0.0,0.0,0.0,0.0,0.0
2026-04-22 18:00:00,4,68.0,2026-05-03 12:00:00,10 days 18:00:00,6.84,66.3,1007.8,24.4,98.42302764167432,0.0,0.0,0.0,0.0,0.0,0.0,0.0,0.0,0.0,0.0,0.0,0.0
2026-04-22 18:00:00,4,68.0,2026-05-03 18:00:00,11 days 00:00:00,7.31,67.11,1003.1,27.6,54.747368112063896,0.0,0.0,0.0,0.0,0.0,0.0,0.0,0.0,0.0,0.0,0.0,0.0
2026-04-22 18:00:00,4,68.0,2026-05-04 00:00:00,11 days 06:00:00,7.91,67.43,1004.3,28.6,47.08614605867835,0.0,0.0,0.0,0.0,0.0,0.0,0.0,0.0,0.0,0.0,0.0,0.0
2026-04-22 18:00:00,4,68.0,2026-05-04 06:00:00,11 days 12:00:00,9.12,67.07,1000.5,32.1,55.67285946341107,0.0,0.0,0.0,0.0,0.0,0.0,0.0,0.0,0.0,0.0,0.0,0.0
2026-04-22 18:00:00,4,68.0,2026-05-04 12:00:00,11 days 18:00:00,8.81,66.84,1000.1,32.6,57.82040460307415,0.0,0.0,0.0,0.0,0.0,0.0,0.0,0.0,0.0,0.0,0.0,0.0
2026-04-22 18:00:00,4,68.0,2026-05-04 18:00:00,12 days 00:00:00,8.72,66.13,1002.8,31.4,54.16742545624064,0.0,0.0,0.0,0.0,0.0,0.0,0.0,0.0,0.0,0.0,0.0,0.0
2026-04-22 18:00:00,4,68.0,2026-05-05 00:00:00,12 days 06:00:00,9.11,65.62,1000.9,31.0,77.96367596872531,0.0,0.0,0.0,0.0,0.0,0.0,0.0,0.0,0.0,0.0,0.0,0.0
2026-04-22 18:00:00,4,68.0,2026-05-05 06:00:00,12 days 12:00:00,9.04,64.86,999.2,42.1,49.48265108385439,69.76193103333826,50.804328657014246,57.10856512387626,71.6438701615323,0.0,0.0,0.0,0.0,0.0,0.0,0.0,0.0
2026-04-22 18:00:00,4,68.0,2026-05-05 12:00:00,12 days 18:00:00,9.35,63.46,996.6,38.2,79.30116217111024,131.4591468476434,118.071216513512,105.22335341831877,125.88248202980876,0.0,0.0,0.0,0.0,0.0,0.0,0.0,0.0
2026-04-22 18:00:00,4,68.0,2026-05-05 18:00:00,13 days 00:00:00,9.3,62.58,995.1,50.2,54.97797809780373,202.8293789864612,157.43702610502314,125.56015490531576,177.8413004296093,66.01681234188868,54.20143059119133,41.25481032181176,48.55983813859281,0.0,0.0,0.0,0.0
2026-04-22 18:00:00,2,71.0,2026-05-03 00:00:00,10 days 06:00:00,4.51,69.98,1007.5,15.9,77.53006199372365,0.0,0.0,0.0,0.0,0.0,0.0,0.0,0.0,0.0,0.0,0.0,0.0
2026-04-22 18:00:00,2,71.0,2026-05-03 06:00:00,10 days 12:00:00,4.71,69.83,1007.1,15.3,122.2117210531048,0.0,0.0,0.0,0.0,0.0,0.0,0.0,0.0,0.0,0.0,0.0,0.0
2026-04-22 18:00:00,2,71.0,2026-05-03 12:00:00,10 days 18:00:00,5.01,69.46,1001.6,22.5,80.50307322695299,0.0,0.0,0.0,0.0,0.0,0.0,0.0,0.0,0.0,0.0,0.0,0.0
2026-04-22 18:00:00,2,71.0,2026-05-03 18:00:00,11 days 00:00:00,4.9,69.58,1004.8,21.8,98.7268321850524,0.0,0.0,0.0,0.0,0.0,0.0,0.0,0.0,0.0,0.0,0.0,0.0
2026-04-22 18:00:00,2,71.0,2026-05-04 00:00:00,11 days 06:00:00,6.35,68.7,1003.6,24.4,89.13118469091262,0.0,0.0,0.0,0.0,0.0,0.0,0.0,0.0,0.0,0.0,0.0,0.0
2026-04-22 18:00:00,2,71.0,2026-05-04 06:00:00,11 days 12:00:00,6.88,68.22,1003.5,26.0,126.02760873316235,0.0,0.0,0.0,0.0,0.0,0.0,0.0,0.0,0.0,0.0,0.0,0.0
2026-04-22 18:00:00,2,71.0,2026-05-04 12:00:00,11 days 18:00:00,8.13,66.42,1002.1,30.6,81.0104772359814,0.0,0.0,0.0,0.0,0.0,0.0,0.0,0.0,0.0,0.0,0.0,0.0
2026-04-22 18:00:00,2,71.0,2026-05-04 18:00:00,12 days 00:00:00,8.45,65.11,1004.9,25.1,95.59641456076506,0.0,0.0,0.0,0.0,0.0,0.0,0.0,0.0,0.0,0.0,0.0,0.0
2026-04-22 18:00:00,2,71.0,2026-05-05 00:00:00,12 days 06:00:00,9.16,63.91,996.8,43.5,83.29315999289398,83.29315999289398,27.89501736185316,25.27315713506549,41.04368465923351,0.0,0.0,0.0,0.0,0.0,0.0,0.0,0.0
2026-04-22 18:00:00,2,71.0,2026-05-05 06:00:00,12 days 12:00:00,8.94,62.04,1001.8,34.4,77.64897049400125,77.64897049400125,22.39318924101042,20.04056798873192,22.052496606160275,0.0,0.0,0.0,0.0,0.0,0.0,0.0,0.0
2026-04-22 18:00:00,2,71.0,2026-05-05 12:00:00,12 days 18:00:00,9.2,60.74,994.6,46.4,30.97397789149893,88.3800741863217,67.3922649242765,60.91754252479625,74.45010870259605,0.0,0.0,0.0,0.0,0.0,0.0,0.0,0.0
2026-04-22 18:00:00,2,71.0,2026-05-05 18:00:00,13 days 00:00:00,9.49,59.47,996.3,50.4,67.75470231369074,81.71244205871827,63.78990013871871,56.64317250452483,72.18773735856016,0.0,0.0,0.0,67.75470231369074,0.0,0.0,0.0,0.0
2026-04-22 18:00:00,1,74.0,2026-05-03 06:00:00,10 days 12:00:00,-9.2,63.87,1002.6,19.5,63.01514424527969,0.0,0.0,0.0,0.0,0.0,0.0,0.0,0.0,0.0,0.0,0.0,0.0
2026-04-22 18:00:00,1,74.0,2026-05-03 12:00:00,10 days 18:00:00,-9.01,63.92,1004.0,18.9,68.08724060151155,0.0,0.0,0.0,0.0,0.0,0.0,0.0,0.0,0.0,0.0,0.0,0.0
2026-04-22 18:00:00,1,74.0,2026-05-03 18:00:00,11 days 00:00:00,-9.83,64.46,1000.7,26.2,71.23094463544828,0.0,0.0,0.0,0.0,0.0,0.0,0.0,0.0,0.0,0.0,0.0,0.0
2026-04-22 18:00:00,1,74.0,2026-05-04 00:00:00,11 days 06:00:00,-10.08,65.38,1002.6,23.9,58.76989671356316,0.0,0.0,0.0,0.0,0.0,0.0,0.0,0.0,0.0,0.0,0.0,0.0
2026-04-22 18:00:00,1,74.0,2026-05-04 06:00:00,11 days 12:00:00,-10.83,65.32,1001.5,23.2,70.32522087740091,0.0,0.0,0.0,0.0,0.0,0.0,0.0,0.0,0.0,0.0,0.0,0.0
2026-04-22 18:00:00,1,74.0,2026-05-04 12:00:00,11 days 18:00:00,-11.53,65.46,1004.5,27.1,131.98011653222642,0.0,0.0,0.0,0.0,0.0,0.0,0.0,0.0,0.0,0.0,0.0,0.0
2026-04-22 18:00:00,1,74.0,2026-05-04 18:00:00,12 days 00:00:00,-12.24,65.28,994.2,37.9,75.85557543863999,75.85557543863999,2.3916079279621645,0.0,3.270739388316074,0.0,0.0,0.0,0.0,0.0,0.0,0.0,0.0
2026-04-22 18:00:00,1,74.0,2026-05-05 00:00:00,12 days 06:00:00,-12.73,64.87,997.7,34.3,77.82009020098205,77.82009020098205,40.97145145266859,29.65610316062694,36.38341227987276,0.0,0.0,0.0,0.0,0.0,0.0,0.0,0.0
2026-04-22 18:00:00,1,74.0,2026-05-05 06:00:00,12 days 12:00:00,-13.05,65.04,996.1,38.1,50.415549308754215,148.54847381631402,157.0464242438449,148.05118826001646,145.92499153886587,0.0,0.0,0.0,0.0,0.0,0.0,0.0,0.0
2026-04-22 18:00:00,1,74.0,2026-05-05 12:00:00,12 days 18:00:00,-13.56,65.37,999.6,36.0,88.61070649785606,142.47875510119002,134.63405329639056,98.07616323807868,106.38225196151303,0.0,0.0,0.0,0.0,0.0,0.0,0.0,0.0
2026-04-22 18:00:00,1,74.0,2026-05-05 18:00:00,13 days 00:00:00,-14.04,65.4,993.4,49.4,86.07916598866275,168.29911397166316,161.9892543674602,135.48319087932686,140.51431090740783,0.0,0.0,0.0,0.0,0.0,0.0,0.0,0.0
2026-04-22 18:00:00,2,74.0,2026-05-05 00:00:00,12 days 06:00:00,6.97,70.44,1006.1,21.5,124.6547864786708,0.0,0.0,0.0,0.0,0.0,0.0,0.0,0.0,0.0,0.0,0.0,0.0
2026-04-22 18:00:00,2,74.0,2026-05-05 06:00:00,12 days 12:00:00,7.97,69.82,1001.4,29.1,59.12397247655446,0.0,0.0,0.0,0.0,0.0,0.0,0.0,0.0,0.0,0.0,0.0,0.0
2026-04-22 18:00:00,2,74.0,2026-05-05 12:00:00,12 days 18:00:00,9.27,68.4,1003.5,21.8,96.4676097733307,0.0,0.0,0.0,0.0,0.0,0.0,0.0,0.0,0.0,0.0,0.0,0.0
2026-04-22 18:00:00,2,74.0,2026-05-05 18:00:00,13 days 00:00:00,8.74,68.05,1000.7,25.9,83.83035932386196,0.0,0.0,0.0,0.0,0.0,0.0,0.0,0.0,0.0,0.0,0.0,0.0
2026-04-22 18:00:00,0,76.0,2026-05-03 12:00:00,10 days 18:00:00,8.7,70.0,1004.8,20.8,77.1404459281697,0.0,0.0,0.0,0.0,0.0,0.0,0.0,0.0,0.0,0.0,0.0,0.0
2026-04-22 18:00:00,0,76.0,2026-05-03 18:00:00,11 days 00:00:00,8.79,69.84,999.9,29.9,98.07920664032412,0.0,0.0,0.0,0.0,0.0,0.0,0.0,0.0,0.0,0.0,0.0,0.0
2026-04-22 18:00:00,0,76.0,2026-05-04 00:00:00,11 days 06:00:00,8.33,70.4,996.5,29.7,47.02047398326161,0.0,0.0,0.0,0.0,0.0,0.0,0.0,0.0,0.0,0.0,0.0,0.0
2026-04-22 18:00:00,0,76.0,2026-05-04 06:00:00,11 days 12:00:00,8.71,70.86,997.8,32.4,57.61548823861948,0.0,0.0,0.0,0.0,0.0,0.0,0.0,0.0,0.0,0.0,0.0,0.0
2026-04-22 18:00:00,0,76.0,2026-05-04 12:00:00,11 days 18:00:00,9.54,70.86,991.1,46.6,34.81293785565684,107.79879411528007,96.90364163051822,69.10772085561753,92.49431064377194,0.0,0.0,0.0,0.0,0.0,0.0,0.0,0.0
2026-04-22 18:00:00,0,76.0,2026-05-04 18:00:00,12 days 00:00:00,10.35,70.73,991.7,52.8,45.743651786205696,224.5651752970099,203.67677378010532,171.67172225833926,183.895583430754,79.2009621470753,73.12833051459475,55.9292477476706,59.83465075378873,0.0,0.0,0.0,0.0
2026-04-22 18:00:00,0,76.0,2026-05-05 00:00:00,12 days 06:00:00,10.83,70.59,979.0,69.1,34.70966935688801,137.35734810243972,124.444178709609,106.77062686305771,114.54241725565066,48.60041422451757,44.17390186594156,30.44307271884154,37.24370670874261,34.70966935688801,0.0,0.0,0.0
2026-04-22 18:00:00,0,76.0,2026-05-05 06:00:00,12 days 12:00:00,11.75,69.83,983.8,60.2,25.68026537345681,130.32915148411382,114.18530799403108,130.69449904616772,126.0347973267843,57.4960300624122,47.343257867673415,38.52616366457711,44.72555650048516,0.0,0.0,0.0,0.0
2026-04-22 18:00:00,0,76.0,2026-05-05 12:00:00,12 days 18:00:00,12.34,69.5,976.8,71.4,38.14556821592571,199.70627381233948,174.1027281187246,159.69973584969966,168.74985429457968,90.08739887146098,75.07543613996313,53.49389364617146,68.28217738511188,38.14556821592571,10.106781849509591,6.211663273169139,10.145751933343949
2026-04-22 18:00:00,0,76.0,2026-05-05 18:00:00,13 days 00:00:00,13.26,69.08,975.1,73.6,23.29448534270144,205.87657119679545,198.2812847160885,196.56067036373307,187.1214098345206,68.36731079435953,59.22153727759134,48.71238352336224,51.76792048023403,5.82342044040906,23.29448534270144,4.306784255262218,5.309041067459525
2026-04-22 18:00:00,3,77.0,2026-05-03 12:00:00,10 days 18:00:00,-9.16,65.58,1006.1,20.5,70.21797849489758,0.0,0.0,0.0,0.0,0.0,0.0,0.0,0.0,0.0,0.0,0.0,0.0
2026-04-22 18:00:00,3,77.0,2026-05-03 18:00:00,11 days 00:00:00,-9.36,65.51,1004.9,19.3,79.4673910088912,0.0,0.0,0.0,0.0,0.0,0.0,0.0,0.0,0.0,0.0,0.0,0.0
2026-04-22 18:00:00,3,77.0,2026-05-04 00:00:00,11 days 06:00:00,-9.72,65.3,1006.8,18.9,75.09733068117666,0.0,0.0,0.0,0.0,0.0,0.0,0.0,0.0,0.0,0.0,0.0,0.0
2026-04-22 18:00:00,3,77.0,2026-05-04 06:00:00,11 days 12:00:00,-10.62,65.94,1001.7,24.6,60.67674287514966,0.0,0.0,0.0,0.0,0.0,0.0,0.0,0.0,0.0,0.0,0.0,0.0
2026-04-22 18:00:00,3,77.0,2026-05-04 12:00:00,11 days 18:00:00,-11.06,65.72,1001.6,24.3,77.83135921293274,0.0,0.0,0.0,0.0,0.0,0.0,0.0,0.0,0.0,0.0,0.0,0.0
2026-04-22 18:00:00,3,77.0,2026-05-04 18:00:00,12 days 00:00:00,-11.1,65.38,1002.5,23.5,94.36783911118326,0.0,0.0,0.0,0.0,0.0,0.0,0.0,0.0,0.0,0.0,0.0,0.0
2026-04-22 18:00:00,3,77.0,2026-05-05 00:00:00,12 days 06:00:00,-11.34,64.91,993.8,44.5,45.81912880930293,95.64990128012752,95.8600189179459,92.56367525137088,78.9126108736299,0.0,0.0,0.0,0.0,0.0,0.0,0.0,0.0
2026-04-22 18:00:00,3,77.0,2026-05-05 06:00:00,12 days 12:00:00,-11.56,64.74,999.2,39.2,81.39789142713762,142.07944508844156,138.44101042661364,119.53687231310272,128.39597904462804,0.0,0.0,0.0,0.0,0.0,0.0,0.0,0.0
2026-04-22 18:00:00,3,77.0,2026-05-05 12:00:00,12 days 18:00:00,-11.35,64.62,994.3,46.7,51.49084978882984,158.15362678241368,168.35928698460293,147.80591761941002,137.36283509824284,0.0,0.0,0.0,0.0,0.0,0.0,0.0,0.0
2026-04-22 18:00:00,3,77.0,2026-05-05 18:00:00,13 days 00:00:00,-11.56,63.92,988.9,56.0,49.74677344842881,194.1811225161967,214.7374307694106,218.7921418551781,175.35018500150733,113.3997332164732,119.5344257318618,98.7038271412226,91.53379288440873,0.0,0.0,0.0,0.0
2026-04-22 18:00:00,1,82.0,2026-05-03 12:00:00,10 days 18:00:00,8.79,63.56,1000.9,26.1,63.3387635673208,0.0,0.0,0.0,0.0,0.0,0.0,0.0,0.0,0.0,0.0,0.0,0.0
2026-04-22 18:00:00,1,82.0,2026-05-03 18:00:00,11 days 00:00:00,8.38,63.71,1004.0,20.7,69.52570450146743,0.0,0.0,0.0,0.0,0.0,0.0,0.0,0.0,0.0,0.0,0.0,0.0
2026-04-22 18:00:00,1,82.0,2026-05-04 00:00:00,11 days 06:00:00,8.99,63.77,1002.4,24.3,47.19994949567771,0.0,0.0,0.0,0.0,0.0,0.0,0.0,0.0,0.0,0.0,0.0,0.0
2026-04-22 18:00:00,1,82.0,2026-05-04 06:00:00,11 days 12:00:00,9.07,63.83,1002.9,24.8,82.68813919042728,0.0,0.0,0.0,0.0,0.0,0.0,0.0,0.0,0.0,0.0,0.0,0.0
2026-04-22 18:00:00,1,82.0,2026-05-04 12:00:00,11 days 18:00:00,9.76,63.75,997.8,41.1,70.07567216987252,173.3336250543639,149.95419362799916,120.68883231520591,142.33445328431185,0.0,0.0,0.0,0.0,0.0,0.0,0.0,0.0
2026-04-22 18:00:00,1,82.0,2026-05-04 18:00:00,12 days 00:00:00,9.94,63.02,996.1,46.9,50.60318319548922,208.4581703535784,177.0847283799208,153.29684057053692,188.22450747877693,0.0,0.0,0.0,0.0,0.0,0.0,0.0,0.0
2026-04-22 18:00:00,1,82.0,2026-05-05 00:00:00,12 days 06:00:00,10.37,62.26,978.7,67.9,6.218257117043951,62.64458161623506,45.44646744265824,46.08518104519414,65.00364483787305,7.239771361667689,1.6570649653741651,0.3846758016266046,6.218257117043951,1.0776466385675247,0.0,0.3846758016266046,6.218257117043951
2026-04-22 18:00:00,1,82.0,2026-05-05 06:00:00,12 days 12:00:00,11.46,61.87,985.4,58.9,13.034605943121324,128.1826872537936,110.7475298684386,126.37507444319118,131.6113987653079,51.77977821168118,44.92749381678139,42.39774134690788,45.89167371238264,0.0,0.0,0.0,0.0
2026-04-22 18:00:00,1,82.0,2026-05-05 12:00:00,12 days 18:00:00,11.25,61.02,991.2,56.4,31.458206875402148,180.44854696151373,145.01924622665922,140.8034495598568,182.38715158330157,101.61903486290228,89.66947182237209,69.24882346631064,82.34057720608784,0.0,0.0,0.0,0.0
2026-04-22 18:00:00,1,82.0,2026-05-05 18:00:00,13 days 00:00:00,11.04,59.5,986.4,53.8,17.773829876591666,193.4603511347497,161.84717691724376,153.76044807573425,183.42074951174985,71.44735080670189,63.57093373354242,52.34556731024135,59.420690820726215,0.0,0.0,0.0,0.0
2026-04-22 18:00:00,0,84.0,2026-05-02 18:00:00,10 days 00:00:00,7.15,144.63,1004.8,14.6,168.81476563116902,0.0,0.0,0.0,0.0,0.0,0.0,0.0,0.0,0.0,0.0,0.0,0.0
2026-04-22 18:00:00,0,84.0,2026-05-03 00:00:00,10 days 06:00:00,7.06,143.84,1007.7,18.7,89.56926073903048,0.0,0.0,0.0,0.0,0.0,0.0,0.0,0.0,0.0,0.0,0.0,0.0
2026-04-22 18:00:00,0,84.0,2026-05-03 06:00:00,10 days 12:00:00,6.75,142.31,1005.0,26.3,114.54538102732717,0.0,0.0,0.0,0.0,0.0,0.0,0.0,0.0,0.0,0.0,0.0,0.0
2026-04-22 18:00:00,0,84.0,2026-05-03 12:00:00,10 days 18:00:00,7.32,141.21,1006.3,22.7,78.37496880776149,0.0,0.0,0.0,0.0,0.0,0.0,0.0,0.0,0.0,0.0,0.0,0.0
2026-04-22 18:00:00,0,84.0,2026-05-03 18:00:00,11 days 00:00:00,7.5,140.05,1004.4,23.5,79.16288915420802,0.0,0.0,0.0,0.0,0.0,0.0,0.0,0.0,0.0,0.0,0.0,0.0
2026-04-22 18:00:00,0,84.0,2026-05-04 00:00:00,11 days 06:00:00,7.97,138.22,1000.5,38.5,54.814877880001305,111.54354238691111,93.70632412086748,78.67216458621616,94.98243175037214,0.0,0.0,0.0,0.0,0.0,0.0,0.0,0.0
2026-04-22 18:00:00,0,84.0,2026-05-04 06:00:00,11 days 12:00:00,8.61,137.05,998.2,35.9,51.23055140992928,0.3206108255982141,0.0,0.0,51.23055140992928,0.0,0.0,0.0,0.0,0.0,0.0,0.0,0.0
2026-04-22 18:00:00,0,84.0,2026-05-04 12:00:00,11 days 18:00:00,8.61,135.99,998.9,37.1,69.99605576488293,11.656243416574831,7.533383748566196,10.083025855967543,69.99605576488293,0.0,0.0,0.0,0.0,0.0,0.0,0.0,0.0
2026-04-22 18:00:00,0,84.0,2026-05-04 18:00:00,12 days 00:00:00,9.04,134.96,997.0,43.1,49.25676109097134,57.840554912865656,39.53107521165406,31.533910223192294,54.41429527797284,0.0,0.0,0.0,0.0,0.0,0.0,0.0,0.0
2026-04-22 18:00:00,0,84.0,2026-05-05 00:00:00,12 days 06:00:00,9.87,133.67,998.4,43.8,40.18122792930751,77.34529328819372,51.51042128874625,30.175795764930392,58.92657173028671,0.0,0.0,0.0,0.0,0.0,0.0,0.0,0.0
2026-04-22 18:00:00,0,84.0,2026-05-05 06:00:00,12 days 12:00:00,10.03,132.98,1003.7,30.7,57.21090669682259,0.0,0.0,0.0,0.0,0.0,0.0,0.0,0.0,0.0,0.0,0.0,0.0
2026-04-22 18:00:00,0,84.0,2026-05-05 12:00:00,12 days 18:00:00,10.58,131.76,1005.2,22.5,69.93118875573185,0.0,0.0,0.0,0.0,0.0,0.0,0.0,0.0,0.0,0.0,0.0,0.0
2026-04-22 18:00:00,0,84.0,2026-05-05 18:00:00,13 days 00:00:00,11.21,130.57,1005.4,26.9,70.57474228379844,0.0,0.0,0.0,0.0,0.0,0.0,0.0,0.0,0.0,0.0,0.0,0.0
2026-04-22 18:00:00,0,87.0,2026-05-04 00:00:00,11 days 06:00:00,7.17,67.81,1006.0,17.2,103.19039924512084,0.0,0.0,0.0,0.0,0.0,0.0,0.0,0.0,0.0,0.0,0.0,0.0
2026-04-22 18:00:00,0,87.0,2026-05-04 06:00:00,11 days 12:00:00,6.7,66.92,1002.8,20.0,75.14525880554551,0.0,0.0,0.0,0.0,0.0,0.0,0.0,0.0,0.0,0.0,0.0,0.0
2026-04-22 18:00:00,0,87.0,2026-05-04 12:00:00,11 days 18:00:00,7.05,67.24,1001.6,29.9,87.63475220718225,0.0,0.0,0.0,0.0,0.0,0.0,0.0,0.0,0.0,0.0,0.0,0.0
2026-04-22 18:00:00,0,87.0,2026-05-04 18:00:00,12 days 00:00:00,7.45,66.73,999.9,25.6,64.35344222077774,0.0,0.0,0.0,0.0,0.0,0.0,0.0,0.0,0.0,0.0,0.0,0.0
2026-04-22 18:00:00,0,87.0,2026-05-05 00:00:00,12 days 06:00:00,7.91,66.1,996.2,31.4,40.32368764562518,0.0,0.0,0.0,0.0,0.0,0.0,0.0,0.0,0.0,0.0,0.0,0.0
2026-04-22 18:00:00,0,87.0,2026-05-05 06:00:00,12 days 12:00:00,8.17,65.25,998.7,37.5,101.14266276249644,101.14266276249644,9.254124324779031,13.80164647196414,15.530564017633084,0.0,0.0,0.0,0.0,0.0,0.0,0.0,0.0
2026-04-22 18:00:00,0,87.0,2026-05-05 12:00:00,12 days 18:00:00,8.5,64.89,992.2,50.4,69.74209707360166,151.15720456349482,138.59132464011805,114.29059161640096,126.5928570292183,0.0,0.0,69.74209707360166,0.0,0.0,0.0,0.0,0.0
2026-04-22 18:00:00,0,87.0,2026-05-05 18:00:00,13 days 00:00:00,9.08,64.07,993.5,50.7,54.13116778776906,176.93872039597073,154.57343642095145,136.82214867942554,153.3634499216978,0.0,0.0,54.13116778776906,0.0,0.0,0.0,0.0,0.0
2026-04-22 18:00:00,2,89.0,2026-05-02 06:00:00,9 days 12:00:00,-5.63,60.77,1005.2,17.3,124.18131285636622,0.0,0.0,0.0,0.0,0.0,0.0,0.0,0.0,0.0,0.0,0.0,0.0
2026-04-22 18:00:00,2,89.0,2026-05-02 12:00:00,9 days 18:00:00,-6.06,60.57,1002.7,20.9,99.60196649566862,0.0,0.0,0.0,0.0,0.0,0.0,0.0,0.0,0.0,0.0,0.0,0.0
2026-04-22 18:00:00,2,89.0,2026-05-02 18:00:00,10 days 00:00:00,-6.77,60.24,1003.5,18.0,125.81573131222947,0.0,0.0,0.0,0.0,0.0,0.0,0.0,0.0,0.0,0.0,0.0,0.0
2026-04-22 18:00:00,2,89.0,2026-05-03 00:00:00,10 days 06:00:00,-7.15,60.17,1002.0,23.1,108.90472393075012,0.0,0.0,0.0,0.0,0.0,0.0,0.0,0.0,0.0,0.0,0.0,0.0
2026-04-22 18:00:00,2,89.0,2026-05-03 06:00:00,10 days 12:00:00,-7.51,59.97,1000.8,28.0,53.37257266353534,0.0,0.0,0.0,0.0,0.0,0.0,0.0,0.0,0.0,0.0,0.0,0.0
2026-04-22 18:00:00,2,89.0,2026-05-03 12:00:00,10 days 18:00:00,-8.01,58.94,999.7,33.8,56.34582899744815,0.0,0.0,0.0,0.0,0.0,0.0,0.0,0.0,0.0,0.0,0.0,0.0
2026-04-22 18:00:00,2,89.0,2026-05-03 18:00:00,11 days 00:00:00,-8.79,58.56,999.3,29.6,76.01742828543485,0.0,0.0,0.0,0.0,0.0,0.0,0.0,0.0,0.0,0.0,0.0,0.0
2026-04-22 18:00:00,2,89.0,2026-05-04 00:00:00,11 days 06:00:00,-9.17,58.45,996.9,31.1,45.18875622311159,0.0,0.0,0.0,0.0,0.0,0.0,0.0,0.0,0.0,0.0,0.0,0.0
2026-04-22 18:00:00,2,89.0,2026-05-04 06:00:00,11 days 12:00:00,-9.75,58.55,997.7,34.3,70.64399655156188,70.64399655156188,0.3824472677007664,0.0,2.293558456557978,0.0,0.0,0.0,0.0,0.0,0.0,0.0,0.0
2026-04-22 18:00:00,2,89.0,2026-05-04 12:00:00,11 days 18:00:00,-10.31,58.16,995.1,39.0,68.83080483170683,123.2101433714462,127.76623205038388,113.69075962089316,103.31755142190724,0.0,0.0,0.0,0.0,0.0,0.0,0.0,0.0
2026-04-22 18:00:00,2,89.0,2026-05-04 18:00:00,12 days 00:00:00,-11.02,57.92,997.9,40.7,64.61852698921174,171.7565646025244,179.8519460136446,155.47048600192068,147.0973444154094,0.0,0.0,0.0,0.0,0.0,0.0,0.0,0.0
2026-04-22 18:00:00,2,89.0,2026-05-05 00:00:00,12 days 06:00:00,-11.98,57.49,971.3,80.4,40.993060258626855,331.27163847007284,316.8750254562666,229.0634594954761,300.38171474075995,163.50135620126568,144.00441164557506,113.59985067534528,130.83845177884464,49.40033291526402,45.28685940067726,35.6409361693048,41.19147528262832
2026-04-22 18:00:00,2,89.0,2026-05-05 06:00:00,12 days 12:00:00,-12.21,57.83,962.5,89.6,0.0,232.9579400238356,235.67356428601389,213.10454614420476,177.79021368699506,113.66706846451888,114.6361864468679,94.08861553846332,94.35447021114771,63.34312909337709,60.54700626620225,53.11141527472482,54.65075539080376
2026-04-22 18:00:00,2,89.0,2026-05-05 12:00:00,12 days 18:00:00,-13.02,58.09,980.2,67.4,52.7486680542462,219.7943676323479,240.22930309576537,217.1379071987913,183.23079588475807,137.24529035662067,134.5277510235867,114.604142256963,118.65031092434896,60.120718051400246,57.1259433294555,48.804599817761606,52.21948513083019
2026-04-22 18:00:00,2,89.0,2026-05-05 18:00:00,13 days 00:00:00,-12.67,58.53,975.5,71.9,23.599770537026536,205.37059034013944,184.1793979894688,198.3672254891245,192.03976920401277,127.34051770116156,117.15458189323186,102.51138006676378,111.8724817687432,42.702980098281785,38.3069175922718,35.032780578884775,37.5379423942008
2026-04-22 18:00:00,4,89.0,2026-05-02 12:00:00,9 days 18:00:00,11.23,148.57,1005.7,15.8,129.7944980891319,0.0,0.0,0.0,0.0,0.0,0.0,0.0,0.0,0.0,0.0,0.0,0.0
2026-04-22 18:00:00,4,89.0,2026-05-02 18:00:00,10 days 00:00:00,10.94,148.69,1005.8,18.2,129.65102294341904,0.0,0.0,0.0,0.0,0.0,0.0,0.0,0.0,0.0,0.0,0.0,0.0
2026-04-22 18:00:00,4,89.0,2026-05-03 00:00:00,10 days 06:00:00,10.73,148.24,1003.8,25.9,81.30662257166472,0.0,0.0,0.0,0.0,0.0,0.0,0.0,0.0,0.0,0.0,0.0,0.0
2026-04-22 18:00:00,4,89.0,2026-05-03 06:00:00,10 days 12:00:00,10.6,148.32,1003.2,20.4,43.97537763575011,0.0,0.0,0.0,0.0,0.0,0.0,0.0,0.0,0.0,0.0,0.0,0.0
2026-04-22 18:00:00,4,89.0,2026-05-03 12:00:00,10 days 18:00:00,10.76,148.03,1004.6,23.4,46.90556469553261,0.0,0.0,0.0,0.0,0.0,0.0,0.0,0.0,0.0,0.0,0.0,0.0
2026-04-22 18:00:00,4,89.0,2026-05-03 18:00:00,11 days 00:00:00,10.63,147.84,1001.2,26.4,63.78784408813613,0.0,0.0,0.0,0.0,0.0,0.0,0.0,0.0,0.0,0.0,0.0,0.0
2026-04-22 18:00:00,4,89.0,2026-05-04 00:00:00,11 days 06:00:00,10.58,147.13,1002.2,32.1,58.979238263028606,0.0,0.0,0.0,0.0,0.0,0.0,0.0,0.0,0.0,0.0,0.0,0.0
2026-04-22 18:00:00,4,89.0,2026-05-04 06:00:00,11 days 12:00:00,10.97,146.58,996.9,36.9,46.44107402742307,46.44107402742307,0.0,0.0,0.8409179875971224,0.0,0.0,0.0,0.0,0.0,0.0,0.0,0.0
2026-04-22 18:00:00,4,89.0,2026-05-04 12:00:00,11 days 18:00:00,10.66,146.18,998.7,40.0,58.18413962538829,127.38568669405856,108.69765364776347,76.96254526731582,100.13891316222194,0.0,0.0,0.0,0.0,0.0,0.0,0.0,0.0
2026-04-22 18:00:00,4,89.0,2026-05-04 18:00:00,12 days 00:00:00,10.93,145.27,996.3,47.4,57.73537946616916,128.0292461729893,111.01505804944006,71.07221087050833,98.45015138370071,0.0,0.0,0.0,0.0,0.0,0.0,0.0,0.0
2026-04-22 18:00:00,4,89.0,2026-05-05 00:00:00,12 days 06:00:00,11.24,144.66,989.2,59.7,46.6030941859505,142.30377702023995,88.87530627610988,60.33859097422999,116.49720045418408,52.24990973685166,35.39734331118885,22.613455441698186,40.88247418254505,0.0,0.0,0.0,0.0
2026-04-22 18:00:00,4,89.0,2026-05-05 06:00:00,12 days 12:00:00,11.44,143.59,985.5,63.3,25.80860233904096,148.822586433398,106.12893807254989,79.38015235379547,112.44316979875164,37.93954717047927,26.67355629666424,13.329953498273255,28.191460983690305,0.0,0.0,0.0,0.0
2026-04-22 18:00:00,4,89.0,2026-05-05 12:00:00,12 days 18:00:00,11.57,142.22,977.0,76.0,15.842440824104417,198.7825702672781,167.5841776941743,132.388069170589,175.08688661287306,88.56210682707751,72.36725276340076,55.82804934390515,75.08784714276771,34.63552036107467,28.9990098890994,24.619099466390253,30.68879071402353
2026-04-22 18:00:00,4,89.0,2026-05-05 18:00:00,13 days 00:00:00,11.8,141.11,988.2,59.3,30.5940991952818,201.3941705218804,154.01791862474985,106.19488385801829,168.26235068464754,113.98285117838242,92.74597172157448,67.41546566873969,93.5801073485764,0.0,0.0,0.0,0.0
2026-04-22 18:00:00,5,89.0,2026-05-04 12:00:00,11 days 18:00:00,3.55,66.03,1007.3,17.8,75.99942458991276,0.0,0.0,0.0,0.0,0.0,0.0,0.0,0.0,0.0,0.0,0.0,0.0
2026-04-22 18:00:00,5,89.0,2026-05-04 18:00:00,12 days 00:00:00,3.95,65.63,1005.1,18.8,89.99971125732732,0.0,0.0,0.0,0.0,0.0,0.0,0.0,0.0,0.0,0.0,0.0,0.0
2026-04-22 18:00:00,5,89.0,2026-05-05 00:00:00,12 days 06:00:00,4.09,65.92,1000.6,28.3,135.8886361801575,0.0,0.0,0.0,0.0,0.0,0.0,0.0,0.0,0.0,0.0,0.0,0.0
2026-04-22 18:00:00,5,89.0,2026-05-05 06:00:00,12 days 12:00:00,4.72,64.7,1000.8,37.5,94.47704432446156,154.5991270387941,141.09765335369946,117.52496638663015,129.50349023903354,0.0,0.0,0.0,0.0,0.0,0.0,0.0,0.0
2026-04-22 18:00:00,5,89.0,2026-05-05 12:00:00,12 days 18:00:00,5.32,63.9,990.7,52.2,27.1064041689674,253.71532398216047,233.5071182324432,208.6146673806828,216.4890368265121,103.8083649229744,93.0403787927602,71.54150449946589,81.5624359415897,0.0,0.0,0.0,0.0
2026-04-22 18:00:00,5,89.0,2026-05-05 18:00:00,13 days 00:00:00,6.08,63.51,992.2,53.2,23.225006479986245,102.19475791108172,71.91595459944305,62.84048970947271,98.36038294227028,23.225006479986245,14.776379764113887,11.379258470990836,17.473762716480852,0.0,0.0,0.0,0.0
2026-04-22 18:00:00,2,98.0,2026-05-04 18:00:00,12 days 00:00:00,5.1,67.69,1006.4,21.0,71.41416120057889,0.0,0.0,0.0,0.0,0.0,0.0,0.0,0.0,0.0,0.0,0.0,0.0
2026-04-22 18:00:00,2,98.0,2026-05-05 00:00:00,12 days 06:00:00,5.11,68.0,999.2,36.3,65.74992564210787,129.29318009254135,118.88257737154127,91.71827766380426,108.5223891887849,0.0,0.0,0.0,0.0,0.0,0.0,0.0,0.0
2026-04-22 18:00:00,2,98.0,2026-05-05 06:00:00,12 days 12:00:00,5.72,67.94,1000.2,28.6,47.16418004804381,0.0,0.0,0.0,0.0,0.0,0.0,0.0,0.0,0.0,0.0,0.0,0.0
2026-04-22 18:00:00,2,98.0,2026-05-05 12:00:00,12 days 18:00:00,6.87,67.59,1000.6,31.3,58.58099593475408,0.0,0.0,0.0,0.0,0.0,0.0,0.0,0.0,0.0,0.0,0.0,0.0
2026-04-22 18:00:00,2,98.0,2026-05-05 18:00:00,13 days 00:00:00,6.86,67.28,1001.0,36.3,105.96249162387372,201.69133352185167,183.1815554509395,142.15397541355895,167.1615242736251,0.0,0.0,0.0,0.0,0.0,0.0,0.0,0.0
2026-04-22 18:00:00,4,100.0,2026-05-04 18:00:00,12 days 00:00:00,5.74,64.04,1002.8,26.7,67.59683569202785,0.0,0.0,0.0,0.0,0.0,0.0,0.0,0.0,0.0,0.0,0.0,0.0
2026-04-22 18:00:00,4,100.0,2026-05-05 00:00:00,12 days 06:00:00,5.73,63.94,1000.7,29.8,55.90714786991672,0.0,0.0,0.0,0.0,0.0,0.0,0.0,0.0,0.0,0.0,0.0,0.0
2026-04-22 18:00:00,4,100.0,2026-05-05 06:00:00,12 days 12:00:00,5.71,63.77,1002.0,29.1,84.96175111072534,0.0,0.0,0.0,0.0,0.0,0.0,0.0,0.0,0.0,0.0,0.0,0.0
2026-04-22 18:00:00,4,100.0,2026-05-05 12:00:00,12 days 18:00:00,5.55,63.25,1003.8,29.4,45.60673330593393,0.0,0.0,0.0,0.0,0.0,0.0,0.0,0.0,0.0,0.0,0.0,0.0
2026-04-22 18:00:00,4,100.0,2026-05-05 18:00:00,13 days 00:00:00,5.66,62.54,995.4,42.1,87.23212065531042,281.71805228166414,294.293074859054,281.9557452914632,269.1896236839279,0.0,0.0,0.0,0.0,0.0,0.0,0.0,0.0
2026-04-22 18:00:00,3,101.0,2026-05-04 06:00:00,11 days 12:00:00,8.97,62.29,1003.2,26.3,137.55496744427614,0.0,0.0,0.0,0.0,0.0,0.0,0.0,0.0,0.0,0.0,0.0,0.0
2026-04-22 18:00:00,3,101.0,2026-05-04 12:00:00,11 days 18:00:00,9.18,62.26,1006.2,26.9,98.12759464213656,0.0,0.0,0.0,0.0,0.0,0.0,0.0,0.0,0.0,0.0,0.0,0.0
2026-04-22 18:00:00,3,101.0,2026-05-04 18:00:00,12 days 00:00:00,9.61,61.75,1000.1,34.8,28.406786826642957,11.988639291258323,3.7936221015589706,6.310578019808157,28.406786826642957,0.0,0.0,0.0,0.0,0.0,0.0,0.0,0.0
2026-04-22 18:00:00,3,101.0,2026-05-05 00:00:00,12 days 06:00:00,9.61,60.99,1001.0,33.4,81.20042977422766,0.0,0.0,0.0,0.0,0.0,0.0,0.0,0.0,0.0,0.0,0.0,0.0
2026-04-22 18:00:00,3,101.0,2026-05-05 06:00:00,12 days 12:00:00,10.13,60.52,1003.8,32.7,82.17621804521205,0.0,0.0,0.0,0.0,0.0,0.0,0.0,0.0,0.0,0.0,0.0,0.0
2026-04-22 18:00:00,3,101.0,2026-05-05 12:00:00,12 days 18:00:00,10.22,59.95,1002.6,40.2,72.68108382577655,96.25129220207798,84.28635629716157,69.60184167192986,76.5654905235522,0.0,0.0,0.0,0.0,0.0,0.0,0.0,0.0
2026-04-22 18:00:00,3,101.0,2026-05-05 18:00:00,13 days 00:00:00,10.89,59.44,1002.2,23.0,53.34304737518317,0.0,0.0,0.0,0.0,0.0,0.0,0.0,0.0,0.0,0.0,0.0,0.0
2026-04-22 18:00:00,2,102.0,2026-05-04 18:00:00,12 days 00:00:00,-8.6,67.0,1002.1,27.0,112.08183119506042,0.0,0.0,0.0,0.0,0.0,0.0,0.0,0.0,0.0,0.0,0.0,0.0
2026-04-22 18:00:00,2,102.0,2026-05-05 00:00:00,12 days 06:00:00,-9.01,67.48,999.0,31.2,92.555000130334,0.0,0.0,0.0,0.0,0.0,0.0,0.0,0.0,0.0,0.0,0.0,0.0
2026-04-22 18:00:00,2,102.0,2026-05-05 06:00:00,12 days 12:00:00,-9.32,67.19,1001.0,25.8,67.7324061258247,0.0,0.0,0.0,0.0,0.0,0.0,0.0,0.0,0.0,0.0,0.0,0.0
2026-04-22 18:00:00,2,102.0,2026-05-05 12:00:00,12 days 18:00:00,-9.75,67.79,997.5,36.5,73.42776154952747,73.42776154952747,0.0,0.0968848230706167,1.644984060707067,0.0,0.0,0.0,0.0,0.0,0.0,0.0,0.0
2026-04-22 18:00:00,2,102.0,2026-05-05 18:00:00,13 days 00:00:00,-10.06,67.6,995.7,36.8,73.5427138549109,73.5427138549109,2.0368675336357898,2.9877537050762304,2.583322029347315,0.0,0.0,0.0,0.0,0.0,0.0,0.0,0.0
2026-04-22 18:00:00,0,105.0,2026-05-03 18:00:00,11 days 00:00:00,5.7,64.66,1006.1,15.6,140.42599475310678,0.0,0.0,0.0,0.0,0.0,0.0,0.0,0.0,0.0,0.0,0.0,0.0
2026-04-22 18:00:00,0,105.0,2026-05-04 00:00:00,11 days 06:00:00,5.63,64.77,1003.3,20.4,69.78656164062502,0.0,0.0,0.0,0.0,0.0,0.0,0.0,0.0,0.0,0.0,0.0,0.0
2026-04-22 18:00:00,0,105.0,2026-05-04 06:00:00,11 days 12:00:00,6.34,63.76,1004.4,22.6,136.51030627475944,0.0,0.0,0.0,0.0,0.0,0.0,0.0,0.0,0.0,0.0,0.0,0.0
2026-04-22 18:00:00,0,105.0,2026-05-04 12:00:00,11 days 18:00:00,6.92,63.78,1004.9,22.1,74.57738040465838,0.0,0.0,0.0,0.0,0.0,0.0,0.0,0.0,0.0,0.0,0.0,0.0
2026-04-22 18:00:00,0,105.0,2026-05-04 18:00:00,12 days 00:00:00,7.14,64.33,1001.4,26.9,83.61521528422018,0.0,0.0,0.0,0.0,0.0,0.0,0.0,0.0,0.0,0.0,0.0,0.0
2026-04-22 18:00:00,0,105.0,2026-05-05 00:00:00,12 days 06:00:00,7.84,64.64,999.7,36.7,93.3472265979526,93.3472265979526,33.00222395163435,22.26412187537879,35.009583871488616,0.0,0.0,0.0,0.0,0.0,0.0,0.0,0.0
2026-04-22 18:00:00,0,105.0,2026-05-05 06:00:00,12 days 12:00:00,8.93,64.38,1002.5,39.2,61.901294065718645,61.901294065718645,0.0,0.0,0.0,0.0,0.0,0.0,0.0,0.0,0.0,0.0,0.0
2026-04-22 18:00:00,0,105.0,2026-05-05 12:00:00,12 days 18:00:00,9.76,64.27,991.2,52.2,117.7124354851865,293.618859503091,285.7196655151966,239.2450383728511,248.63655590939453,0.2077258650841189,0.0,0.0,117.7124354851865,0.0,0.0,0.0,0.0
2026-04-22 18:00:00,0,105.0,2026-05-05 18:00:00,13 days 00:00:00,9.93,63.93,994.2,48.6,43.15476729470462,126.99061504324756,120.73819182014714,101.51643893915026,114.98823492733736,0.0,0.0,0.0,0.0,0.0,0.0,0.0,0.0
2026-04-22 18:00:00,2,106.0,2026-05-02 18:00:00,10 days 00:00:00,6.52,148.31,1007.2,18.2,82.12335672246851,0.0,0.0,0.0,0.0,0.0,0.0,0.0,0.0,0.0,0.0,0.0,0.0
2026-04-22 18:00:00,2,106.0,2026-05-03 00:00:00,10 days 06:00:00,6.94,146.64,1001.1,27.5,72.08145384856556,0.0,0.0,0.0,0.0,0.0,0.0,0.0,0.0,0.0,0.0,0.0,0.0
2026-04-22 18:00:00,2,106.0,2026-05-03 06:00:00,10 days 12:00:00,6.79,146.13,999.2,32.5,84.12691478707052,0.0,0.0,0.0,0.0,0.0,0.0,0.0,0.0,0.0,0.0,0.0,0.0
2026-04-22 18:00:00,2,106.0,2026-05-03 12:00:00,10 days 18:00:00,7.07,144.99,999.9,30.2,55.19414219534919,0.0,0.0,0.0,0.0,0.0,0.0,0.0,0.0,0.0,0.0,0.0,0.0
2026-04-22 18:00:00,2,106.0,2026-05-03 18:00:00,11 days 00:00:00,7.42,144.14,998.5,42.1,44.767288255254726,104.39858728889271,83.83875107991003,59.928311239894896,85.0017257000944,0.0,0.0,0.0,0.0,0.0,0.0,0.0,0.0
2026-04-22 18:00:00,2,106.0,2026-05-04 00:00:00,11 days 06:00:00,7.21,143.36,986.7,55.8,39.920980705530965,257.1431764318592,224.0926168786536,193.6954959968173,234.44435401140063,102.6163990672502,92.69850549357162,72.30318736192882,84.76085452628402,0.0,0.0,0.0,0.0
2026-04-22 18:00:00,2,106.0,2026-05-04 06:00:00,11 days 12:00:00,7.52,142.41,986.9,62.8,36.25602025582961,143.6369306089324,108.92394410583772,76.86812072640504,112.4245093831272,36.25602025582961,2.9019576102487306,0.0,4.300719580756026,0.0,0.0,0.0,0.0
2026-04-22 18:00:00,2,106.0,2026-05-04 12:00:00,11 days 18:00:00,7.48,142.04,974.7,75.8,4.766164388630864,146.0624582440971,104.26685077241196,88.69895823293051,135.20593773071096,71.56324990499594,58.97625917871776,46.47587816788399,62.3218558017892,28.40942478738991,23.116639035550747,19.551250888316765,24.300640132413328
2026-04-22 18:00:00,2,106.0,2026-05-04 18:00:00,12 days 00:00:00,7.94,141.16,971.2,82.4,39.82276824941884,182.0386375919525,137.1071338513347,81.29462080535836,144.04869423373046,91.92564240578396,71.85997390183842,46.401124489595496,74.78361528365008,42.04215779064367,34.58974550916773,25.872236552870245,35.38170262861476
2026-04-22 18:00:00,2,106.0,2026-05-05 00:00:00,12 days 06:00:00,8.06,140.27,973.0,78.5,41.709871742019416,222.76000500670256,171.2864208914637,97.39732681275154,173.31628006828038,118.20534744512666,92.10460645673552,60.53553394932935,95.145092229824,61.31274106982568,52.536416827232514,39.52592529852956,51.39050428176584
2026-04-22 18:00:00,2,106.0,2026-05-05 06:00:00,12 days 12:00:00,8.59,139.72,941.8,111.4,0.0,195.67239984031733,170.52275075764277,133.83761872693276,167.07287605146598,108.02041643585636,92.88587380348513,74.05962308029729,91.13518908538428,64.78500830568679,58.33860923597888,48.29029652615408,55.91352577755976
2026-04-22 18:00:00,2,106.0,2026-05-05 12:00:00,12 days 18:00:00,8.92,138.96,943.2,121.1,29.93278553860288,191.5682293365093,172.65801409475185,169.51346290187712,191.92530442310044,112.81385688229024,99.63205069891823,84.7873993744865,102.19833998909114,66.50092361508172,61.19832838440696,50.59089735918705,59.98770728270732
2026-04-22 18:00:00,2,106.0,2026-05-05 18:00:00,13 days 00:00:00,8.78,138.55,924.0,128.3,17.062667708455905,250.70908686568032,203.9238980462526,162.1510792799265,241.4431129357547,132.3513997350119,110.43054745922116,93.20985458592328,125.43053095661617,75.85933814108213,66.54990497311874,57.03060930579375,66.5571848307361
2026-04-22 18:00:00,4,109.0,2026-05-03 12:00:00,10 days 18:00:00,6.49,70.02,999.1,26.2,163.72194002648712,0.0,0.0,0.0,0.0,0.0,0.0,0.0,0.0,0.0,0.0,0.0,0.0
2026-04-22 18:00:00,4,109.0,2026-05-03 18:00:00,11 days 00:00:00,7.76,71.71,1002.1,27.4,74.01983090623452,0.0,0.0,0.0,0.0,0.0,0.0,0.0,0.0,0.0,0.0,0.0,0.0
2026-04-22 18:00:00,4,109.0,2026-05-04 00:00:00,11 days 06:00:00,8.08,71.42,1000.4,34.5,76.79708699952504,0.0,0.0,0.0,76.79708699952504,0.0,0.0,0.0,0.0,0.0,0.0,0.0,0.0
2026-04-22 18:00:00,4,109.0,2026-05-04 06:00:00,11 days 12:00:00,8.22,70.54,994.0,46.5,35.034572915316325,174.7188304120209,141.3137644913616,126.71870054383012,152.94765559909948,0.0,0.0,0.0,0.0,0.0,0.0,0.0,0.0
2026-04-22 18:00:00,4,109.0,2026-05-04 12:00:00,11 days 18:00:00,9.09,69.93,991.1,48.2,64.62680104323702,201.02874321278296,170.92422635938877,140.3614488562608,170.03560735180315,0.0,0.0,0.0,0.0,0.0,0.0,0.0,0.0
2026-04-22 18:00:00,4,109.0,2026-05-04 18:00:00,12 days 00:00:00,9.17,69.26,993.2,47.9,77.37790678757125,183.81957403463463,181.69588682240075,195.18921065179364,189.60428097611128,0.0,0.0,0.0,0.0,0.0,0.0,0.0,0.0
2026-04-22 18:00:00,4,109.0,2026-05-05 00:00:00,12 days 06:00:00,9.91,68.71,991.8,47.7,34.39834786156119,2.1253009176312525,34.39834786156119,18.20079216255926,18.66718148069934,0.0,0.0,0.0,0.0,0.0,0.0,0.0,0.0
2026-04-22 18:00:00,4,109.0,2026-05-05 06:00:00,12 days 12:00:00,10.65,68.7,985.6,56.9,47.666034113264026,194.0345590965808,179.1116512567312,145.8272364244216,161.76579285143345,47.666034113264026,23.150660019633797,13.362343388337194,16.835615845446654,0.0,0.0,0.0,0.0
2026-04-22 18:00:00,4,109.0,2026-05-05 12:00:00,12 days 18:00:00,11.46,68.61,973.3,82.0,1.980432366115093,200.665266040832,181.6240164318185,154.70874426905567,169.08825266967426,115.8942409991862,102.29835187680796,78.77091610939962,94.70163423384513,47.15525097683076,42.018767496887904,34.03618954890773,41.65897089690441
2026-04-22 18:00:00,4,109.0,2026-05-05 18:00:00,13 days 00:00:00,11.95,68.14,981.8,70.5,19.301250261716024,153.14831548731405,124.68710347161812,116.27943385822236,134.55380633220386,89.80956926052355,76.76952660358216,66.26803020445146,79.6751824971955,40.81538560627818,35.213926052851264,30.91796647100948,35.75922109883636
2026-04-22 18:00:00,5,109.0,2026-05-05 00:00:00,12 days 06:00:00,-10.41,66.83,1002.5,24.7,135.63774551635163,0.0,0.0,0.0,0.0,0.0,0.0,0.0,0.0,0.0,0.0,0.0,0.0
2026-04-22 18:00:00,5,109.0,2026-05-05 06:00:00,12 days 12:00:00,-11.06,66.74,1001.1,28.1,82.57088408726725,0.0,0.0,0.0,0.0,0.0,0.0,0.0,0.0,0.0,0.0,0.0,0.0
2026-04-22 18:00:00,5,109.0,2026-05-05 12:00:00,12 days 18:00:00,-10.83,66.48,1002.6,22.1,103.5312046559425,0.0,0.0,0.0,0.0,0.0,0.0,0.0,0.0,0.0,0.0,0.0,0.0
2026-04-22 18:00:00,5,109.0,2026-05-05 18:00:00,13 days 00:00:00,-11.57,65.75,1001.7,31.3,71.46774509466557,0.0,0.0,0.0,0.0,0.0,0.0,0.0,0.0,0.0,0.0,0.0,0.0
2026-04-22 18:00:00,0,115.0,2026-05-02 06:00:00,9 days 12:00:00,-8.48,63.12,1005.3,16.4,54.433320671810336,0.0,0.0,0.0,0.0,0.0,0.0,0.0,0.0,0.0,0.0,0.0,0.0
2026-04-22 18:00:00,0,115.0,2026-05-02 12:00:00,9 days 18:00:00,-8.44,61.39,1006.3,17.8,71.11645654040183,0.0,0.0,0.0,0.0,0.0,0.0,0.0,0.0,0.0,0.0,0.0,0.0
2026-04-22 18:00:00,0,115.0,2026-05-02 18:00:00,10 days 00:00:00,-8.87,60.24,1006.8,20.5,106.8288677733066,0.0,0.0,0.0,0.0,0.0,0.0,0.0,0.0,0.0,0.0,0.0,0.0
2026-04-22 18:00:00,0,115.0,2026-05-03 00:00:00,10 days 06:00:00,-8.41,59.12,1002.2,26.3,92.60729743513964,0.0,0.0,0.0,0.0,0.0,0.0,0.0,0.0,0.0,0.0,0.0,0.0
2026-04-22 18:00:00,0,115.0,2026-05-03 06:00:00,10 days 12:00:00,-8.85,57.66,1004.9,23.0,121.77406636697852,0.0,0.0,0.0,0.0,0.0,0.0,0.0,0.0,0.0,0.0,0.0,0.0
2026-04-22 18:00:00,0,115.0,2026-05-03 12:00:00,10 days 18:00:00,-8.49,56.47,1004.1,24.2,46.60784343260392,0.0,0.0,0.0,0.0,0.0,0.0,0.0,0.0,0.0,0.0,0.0,0.0
2026-04-22 18:00:00,0,115.0,2026-05-03 18:00:00,11 days 00:00:00,-9.17,55.49,1003.6,27.7,142.1067912529366,0.0,0.0,0.0,0.0,0.0,0.0,0.0,0.0,0.0,0.0,0.0,0.0
2026-04-22 18:00:00,0,115.0,2026-05-04 00:00:00,11 days 06:00:00,-9.55,54.43,999.6,27.5,56.6128031811517,0.0,0.0,0.0,0.0,0.0,0.0,0.0,0.0,0.0,0.0,0.0,0.0
2026-04-22 18:00:00,0,115.0,2026-05-04 06:00:00,11 days 12:00:00,-9.98,52.86,993.5,42.1,81.39775435176313,193.791379920446,200.31299423576576,158.40499872619452,167.49009611782336,0.0,0.0,0.0,0.0,0.0,0.0,0.0,0.0
2026-04-22 18:00:00,0,115.0,2026-05-04 12:00:00,11 days 18:00:00,-10.68,51.93,993.1,45.7,76.94721291764219,12.970122354043443,76.94721291764219,15.42752322267664,11.220288949322384,0.0,0.0,0.0,0.0,0.0,0.0,0.0,0.0
2026-04-22 18:00:00,0,115.0,2026-05-04 18:00:00,12 days 00:00:00,-10.55,51.23,995.5,45.2,48.72648924615545,154.47093406624214,169.58942798414122,144.13519879452843,136.38113135484363,0.0,0.0,0.0,0.0,0.0,0.0,0.0,0.0
2026-04-22 18:00:00,0,115.0,2026-05-05 00:00:00,12 days 06:00:00,-10.92,50.05,994.6,47.7,71.3146249999261,116.19367381491024,126.08325693589268,101.33982646864187,101.54585811815494,0.0,0.0,0.0,0.0,0.0,0.0,0.0,0.0
2026-04-22 18:00:00,0,115.0,2026-05-05 06:00:00,12 days 12:00:00,-11.36,49.83,986.9,59.3,39.74589258188567,104.26451333431322,122.35518510607352,121.82771821542406,95.63389425443944,63.91477341814063,67.21201681687246,58.56682049836289,54.82408917152554,0.0,0.0,0.0,0.0
2026-04-22 18:00:00,0,115.0,2026-05-05 12:00:00,12 days 18:00:00,-11.43,49.37,992.3,52.7,10.360441572346012,117.98427761959417,132.6877992839238,114.06822983829028,108.8224441105707,24.961680751763417,26.288739511546087,18.395063281849783,19.15493947032952,0.0,0.0,0.0,0.0
2026-04-22 18:00:00,0,115.0,2026-05-05 18:00:00,13 days 00:00:00,-11.12,49.49,980.8,67.0,30.527358115680457,67.34996986476852,82.15076927925651,109.8888430984598,92.61505688376226,50.06072361803551,56.056699344185816,52.09418619619067,49.48020817864692,33.707677754259535,32.169698707575094,28.428336955231305,29.75146258996156
2026-04-22 18:00:00,1,119.0,2026-05-02 12:00:00,9 days 18:00:00,-6.49,63.62,1001.8,31.0,75.27195631873641,0.0,0.0,0.0,0.0,0.0,0.0,0.0,0.0,0.0,0.0,0.0,0.0
2026-04-22 18:00:00,1,119.0,2026-05-02 18:00:00,10 days 00:00:00,-7.02,62.61,1006.1,25.6,76.86605694175037,0.0,0.0,0.0,0.0,0.0,0.0,0.0,0.0,0.0,0.0,0.0,0.0
2026-04-22 18:00:00,1,119.0,2026-05-03 00:00:00,10 days 06:00:00,-7.43,61.35,1004.4,24.8,71.1634272189658,0.0,0.0,0.0,0.0,0.0,0.0,0.0,0.0,0.0,0.0,0.0,0.0
2026-04-22 18:00:00,1,119.0,2026-05-03 06:00:00,10 days 12:00:00,-7.68,60.58,1002.2,31.6,43.96623922581557,0.0,0.0,0.0,0.0,0.0,0.0,0.0,0.0,0.0,0.0,0.0,0.0
2026-04-22 18:00:00,1,119.0,2026-05-03 12:00:00,10 days 18:00:00,-7.97,59.48,1001.9,35.2,46.27827202062142,16.26169568562283,18.183112116205663,46.27827202062142,19.234471467431064,0.0,0.0,0.0,0.0,0.0,0.0,0.0,0.0
2026-04-22 18:00:00,1,119.0,2026-05-03 18:00:00,11 days 00:00:00,-8.15,58.81,1003.4,29.9,80.69984563085369,0.0,0.0,0.0,0.0,0.0,0.0,0.0,0.0,0.0,0.0,0.0,0.0
2026-04-22 18:00:00,1,119.0,2026-05-04 00:00:00,11 days 06:00:00,-8.63,57.99,997.8,33.9,55.074203224385485,0.0,0.0,0.0,0.0,0.0,0.0,0.0,0.0,0.0,0.0,0.0,0.0
2026-04-22 18:00:00,1,119.0,2026-05-04 06:00:00,11 days 12:00:00,-9.06,57.17,1001.2,39.4,85.9291090805037,106.19705512807452,113.3696343543066,91.64807529905931,82.20182936179238,0.0,0.0,0.0,0.0,0.0,0.0,0.0,0.0
2026-04-22 18:00:00,1,119.0,2026-05-04 12:00:00,11 days 18:00:00,-9.16,56.95,997.2,38.7,50.45299240855152,0.3815025947919004,2.3108856618337867,50.45299240855152,1.3791832229163568,0.0,0.0,0.0,0.0,0.0,0.0,0.0,0.0
2026-04-22 18:00:00,1,119.0,2026-05-04 18:00:00,12 days 00:00:00,-9.63,56.63,995.5,46.2,62.31514925624897,168.97400150197208,170.70854717204963,141.91433139793793,148.4251717256524,0.0,0.0,0.0,0.0,0.0,0.0,0.0,0.0
2026-04-22 18:00:00,1,119.0,2026-05-05 00:00:00,12 days 06:00:00,-9.2,56.27,992.6,47.1,61.3236622070468,173.12098927865495,184.9214795977972,169.87556031545176,155.35952164034765,0.0,0.0,0.0,0.0,0.0,0.0,0.0,0.0
2026-04-22 18:00:00,1,119.0,2026-05-05 06:00:00,12 days 12:00:00,-9.39,56.6,990.1,53.6,61.17564364591526,215.2760524344966,185.892446100884,182.6780167765482,197.06343637982016,9.481800826214345,9.353719983210556,8.901776866496569,61.17564364591526,0.0,0.0,0.0,0.0
2026-04-22 18:00:00,1,119.0,2026-05-05 12:00:00,12 days 18:00:00,-9.2,56.27,1000.4,41.4,56.42712774381634,151.81555670725973,159.35631078111868,134.02240914858243,131.80922127670178,0.0,0.0,0.0,0.0,0.0,0.0,0.0,0.0
2026-04-22 18:00:00,1,119.0,2026-05-05 18:00:00,13 days 00:00:00,-9.6,56.83,993.3,50.0,42.44214135904588,100.67636062874334,88.5634895199469,75.88464174272741,74.22042777274605,42.44214135904588,0.0,0.0,0.0,0.0,0.0,0.0,0.0
2026-04-22 18:00:00,2,120.0,2026-05-04 00:00:00,11 days 06:00:00,7.86,152.33,1005.4,21.5,119.63464807508524,0.0,0.0,0.0,0.0,0.0,0.0,0.0,0.0,0.0,0.0,0.0,0.0
2026-04-22 18:00:00,2,120.0,2026-05-04 06:00:00,11 days 12:00:00,7.85,152.22,1003.4,25.7,87.76542596988062,0.0,0.0,0.0,0.0,0.0,0.0,0.0,0.0,0.0,0.0,0.0,0.0
2026-04-22 18:00:00,2,120.0,2026-05-04 12:00:00,11 days 18:00:00,7.6,151.6,1005.6,25.2,70.28547321285119,0.0,0.0,0.0,0.0,0.0,0.0,0.0,0.0,0.0,0.0,0.0,0.0
2026-04-22 18:00:00,2,120.0,2026-05-04 18:00:00,12 days 00:00:00,7.71,150.56,1001.1,30.0,76.03754966485714,0.0,0.0,0.0,0.0,0.0,0.0,0.0,0.0,0.0,0.0,0.0,0.0
2026-04-22 18:00:00,2,120.0,2026-05-05 00:00:00,12 days 06:00:00,7.57,149.55,1003.1,26.8,89.0700582699213,0.0,0.0,0.0,0.0,0.0,0.0,0.0,0.0,0.0,0.0,0.0,0.0
2026-04-22 18:00:00,2,120.0,2026-05-05 06:00:00,12 days 12:00:00,7.93,148.73,1001.3,35.8,68.28727721606757,4.335696351129641,3.719294628409756,68.28727721606757,8.10165569678518,0.0,0.0,0.0,0.0,0.0,0.0,0.0,0.0
2026-04-22 18:00:00,2,120.0,2026-05-05 12:00:00,12 days 18:00:00,8.21,147.97,1000.8,36.2,31.74469169765289,31.74469169765289,3.517657003791655,0.2905876483692395,0.0,0.0,0.0,0.0,0.0,0.0,0.0,0.0,0.0
2026-04-22 18:00:00,2,120.0,2026-05-05 18:00:00,13 days 00:00:00,8.47,147.17,1002.1,38.0,63.83423842341031,63.83423842341031,41.17303921461779,31.51399869693792,50.80308342679704,0.0,0.0,0.0,0.0,0.0,0.0,0.0,0.0
2026-04-22 18:00:00,7,122.0,2026-05-04 18:00:00,12 days 00:00:00,-11.06,73.88,1000.1,31.3,104.6508950125644,0.0,0.0,0.0,0.0,0.0,0.0,0.0,0.0,0.0,0.0,0.0,0.0
2026-04-22 18:00:00,7,122.0,2026-05-05 00:00:00,12 days 06:00:00,-12.17,73.51,991.0,41.8,76.5555571015911,109.93832459640493,135.26769019719353,109.71789399575678,88.86878170502965,0.0,0.0,0.0,0.0,0.0,0.0,0.0,0.0
2026-04-22 18:00:00,7,122.0,2026-05-05 06:00:00,12 days 12:00:00,-12.35,73.15,992.1,43.3,58.52600545764175,79.57051480478654,82.17998288007864,75.38674717749728,73.20921791577595,0.0,0.0,0.0,0.0,0.0,0.0,0.0,0.0
2026-04-22 18:00:00,7,122.0,2026-05-05 12:00:00,12 days 18:00:00,-12.47,72.82,996.1,34.1,37.71069796915874,0.0,0.0,37.71069796915874,0.0,0.0,0.0,0.0,0.0,0.0,0.0,0.0,0.0
2026-04-22 18:00:00,7,122.0,2026-05-05 18:00:00,13 days 00:00:00,-12.82,72.09,987.2,50.4,23.306487130726943,230.3809116248181,261.0881548922601,235.9660591041636,206.000873200074,49.834393621864365,51.93297082570936,43.49311434540415,40.168186298254014,0.0,0.0,0.0,0.0
2026-04-22 18:00:00,2,123.0,2026-05-02 12:00:00,9 days 18:00:00,-7.8,59.89,1001.1,26.9,74.42068678945905,0.0,0.0,0.0,0.0,0.0,0.0,0.0,0.0,0.0,0.0,0.0,0.0
2026-04-22 18:00:00,2,123.0,2026-05-02 18:00:00,10 days 00:00:00,-8.24,58.28,1001.9,27.3,41.897846251491295,0.0,0.0,0.0,0.0,0.0,0.0,0.0,0.0,0.0,0.0,0.0,0.0
2026-04-22 18:00:00,2,123.0,2026-05-03 00:00:00,10 days 06:00:00,-8.33,57.02,995.2,49.7,76.0364245189565,86.70282991020525,89.1884708808859,72.21890024469775,75.59911443286869,0.0,0.0,0.0,0.0,0.0,0.0,0.0,0.0
2026-04-22 18:00:00,2,123.0,2026-05-03 06:00:00,10 days 12:00:00,-8.94,55.81,995.9,48.0,66.9741098251205,97.93711946885242,114.10908081409129,92.15442337568824,84.74256217827951,0.0,0.0,0.0,0.0,0.0,0.0,0.0,0.0
2026-04-22 18:00:00,2,123.0,2026-05-03 12:00:00,10 days 18:00:00,-9.29,53.97,983.5,66.1,49.45456011698215,98.11422768869951,135.5922251599367,107.09114940401815,91.43736274904232,49.45456011698215,1.1103675495211764,0.0,0.0,49.45456011698215,0.0,0.0,0.0
2026-04-22 18:00:00,2,123.0,2026-05-03 18:00:00,11 days 00:00:00,-9.37,53.15,990.0,54.3,50.16012410795311,195.1236698042713,196.64212174281093,189.01026995900145,178.79215162924783,66.88441193002964,63.67402050736552,54.178036873104304,55.05413280970491,0.0,0.0,0.0,0.0
2026-04-22 18:00:00,2,123.0,2026-05-04 00:00:00,11 days 06:00:00,-10.19,52.37,981.3,74.8,51.62441220743254,276.7828574525762,307.8161692918436,269.0171000905796,267.37478254912554,85.0849071476426,82.69235362156168,68.46603836913206,68.76429252741745,51.62441220743254,2.429705443809131,2.1122032628996763,2.596548630865789
2026-04-22 18:00:00,2,123.0,2026-05-04 06:00:00,11 days 12:00:00,-10.16,51.88,981.6,69.4,31.886656872238184,147.66099188561378,196.34523303437155,189.70544892727,127.88531570705334,90.6889962018514,104.17217284329271,93.84376285317236,77.8720478030502,38.59036980241439,43.004007839326114,38.4908920516423,33.598984104547874
2026-04-22 18:00:00,2,123.0,2026-05-04 12:00:00,11 days 18:00:00,-10.49,51.52,968.8,80.7,53.55343949773224,176.68808238205708,204.82638206906623,174.2526580646537,166.12766766106674,46.97272620845765,53.55343949773224,37.54346328217076,53.55343949773224,0.0,0.1684675259096211,0.1429617652868596,53.55343949773224
2026-04-22 18:00:00,2,123.0,2026-05-04 18:00:00,12 days 00:00:00,-10.93,50.55,973.5,81.3,55.577395172997726,198.091947353202,210.81248490365016,192.45576098021388,179.64379627927443,84.61278793576757,78.44113363186426,67.42904473571473,72.22663829404684,55.577395172997726,17.579015242243113,14.670763257557494,16.517619568389634
2026-04-22 18:00:00,2,123.0,2026-05-05 00:00:00,12 days 06:00:00,-11.31,50.49,989.9,51.2,74.00324979297108,278.377604173468,259.65023460682653,225.88774164355095,248.5491948655549,117.5495686690238,105.7319236299692,81.20256186897166,96.48111878097272,0.0,0.0,0.0,0.0
2026-04-22 18:00:00,2,123.0,2026-05-05 06:00:00,12 days 12:00:00,-11.64,50.15,986.3,64.9,34.358282085679434,200.9032100211536,252.5097459664414,217.2268597381133,177.47846020684722,119.3900664457569,122.75172505622534,102.58532358948612,96.52426552212924,25.644118473720795,34.358282085679434,25.667847835699,21.508125447828004
2026-04-22 18:00:00,2,123.0,2026-05-05 12:00:00,12 days 18:00:00,-12.32,50.32,987.6,59.1,33.72573070921746,209.4336743384141,232.82804208304532,193.25822724327864,180.09178983485342,110.82032385894576,105.97935297656105,82.71636824984637,85.5184412567505,0.0,0.0,0.0,0.0
2026-04-22 18:00:00,2,123.0,2026-05-05 18:00:00,13 days 00:00:00,-13.1,49.94,979.6,72.1,36.72206027187372,169.83603198906786,198.03267745627736,171.4063574721922,142.29152808767566,101.90463837608026,110.03926958130198,88.36262947721966,83.50463165129172,56.044802390302976,57.51837742026839,49.33711395126594,46.7998949848843
2026-04-22 18:00:00,6,123.0,2026-05-04 06:00:00,11 days 12:00:00,6.9,61.58,1002.8,24.6,57.79888064587785,0.0,0.0,0.0,0.0,0.0,0.0,0.0,0.0,0.0,0.0,0.0,0.0
2026-04-22 18:00:00,6,123.0,2026-05-04 12:00:00,11 days 18:00:00,7.28,61.12,1003.8,23.8,60.9603455128433,0.0,0.0,0.0,0.0,0.0,0.0,0.0,0.0,0.0,0.0,0.0,0.0
2026-04-22 18:00:00,6,123.0,2026-05-04 18:00:00,12 days 00:00:00,8.18,60.36,1002.6,39.2,124.83279686235748,124.83279686235748,106.44271965931092,91.75624173528482,111.49749751676852,0.0,0.0,0.0,0.0,0.0,0.0,0.0,0.0
2026-04-22 18:00:00,6,123.0,2026-05-05 00:00:00,12 days 06:00:00,9.0,59.46,999.5,35.8,36.43081507028285,4.452911193223328,9.506792604562204,36.43081507028285,6.4817736503856045,0.0,0.0,0.0,0.0,0.0,0.0,0.0,0.0
2026-04-22 18:00:00,6,123.0,2026-05-05 06:00:00,12 days 12:00:00,10.18,58.06,997.2,42.3,49.54813095670212,63.19347491247585,50.09555815778623,38.73087173305866,63.46432136842776,0.0,0.0,0.0,0.0,0.0,0.0,0.0,0.0
2026-04-22 18:00:00,6,123.0,2026-05-05 12:00:00,12 days 18:00:00,11.13,57.17,995.5,39.6,45.43751589345865,109.8392156579264,87.06590301110666,78.86414464229262,99.43273422191764,0.0,0.0,0.0,0.0,0.0,0.0,0.0,0.0
2026-04-22 18:00:00,6,123.0,2026-05-05 18:00:00,13 days 00:00:00,11.26,55.8,1000.1,36.0,37.88179859659697,19.794528112065105,8.054477145755595,19.118803619407757,37.88179859659697,0.0,0.0,0.0,0.0,0.0,0.0,0.0,0.0
2026-04-22 18:00:00,3,125.0,2026-05-03 06:00:00,10 days 12:00:00,-8.04,62.6,1006.6,22.8,87.15413993363953,0.0,0.0,0.0,0.0,0.0,0.0,0.0,0.0,0.0,0.0,0.0,0.0
2026-04-22 18:00:00,3,125.0,2026-05-03 12:00:00,10 days 18:00:00,-8.39,62.06,998.6,27.5,54.00363383049484,0.0,0.0,0.0,0.0,0.0,0.0,0.0,0.0,0.0,0.0,0.0,0.0
2026-04-22 18:00:00,3,125.0,2026-05-03 18:00:00,11 days 00:00:00,-8.84,61.21,1001.8,28.9,91.82473489248528,0.0,0.0,0.0,0.0,0.0,0.0,0.0,0.0,0.0,0.0,0.0,0.0
2026-04-22 18:00:00,3,125.0,2026-05-04 00:00:00,11 days 06:00:00,-9.62,60.59,1000.1,31.2,65.92049308166439,0.0,0.0,0.0,0.0,0.0,0.0,0.0,0.0,0.0,0.0,0.0,0.0
2026-04-22 18:00:00,3,125.0,2026-05-04 06:00:00,11 days 12:00:00,-9.79,59.23,994.0,43.9,53.862184478049606,233.40802290214,263.68019002595526,238.66134484404813,195.28850088695307,0.0,0.0,0.0,0.0,0.0,0.0,0.0,0.0
2026-04-22 18:00:00,3,125.0,2026-05-04 12:00:00,11 days 18:00:00,-10.7,58.39,974.4,78.4,39.38851947161229,415.7753596417734,471.5441633911569,408.1688661883643,386.0431723586501,206.1212704544854,215.49929160736733,184.5576759672708,170.97607084536057,45.03085851361571,48.55291284775334,41.04866012063554,36.46524411857035
2026-04-22 18:00:00,3,125.0,2026-05-04 18:00:00,12 days 00:00:00,-11.21,57.21,975.7,75.4,17.073926939866134,187.25815546016676,224.27085849367705,251.9471017604127,167.07855852300963,99.38488313870354,115.46786078140089,109.66286066148083,87.14077792779719,42.49004221139149,45.99944273546255,41.01236020938155,38.9776523045254
2026-04-22 18:00:00,3,125.0,2026-05-05 00:00:00,12 days 06:00:00,-11.51,56.37,965.9,89.1,10.02533920345735,169.105491863076,225.83261660875328,217.53926537375128,141.63147466900378,90.90753571192434,107.34152485829318,95.55369351867724,75.55114749914314,55.07085691701113,55.37673176588943,50.0000316254029,47.48228289758535
2026-04-22 18:00:00,3,125.0,2026-05-05 06:00:00,12 days 12:00:00,-11.64,55.24,942.9,110.6,16.785169560995804,157.95462158436376,226.8907568668115,210.63194277344783,138.83610155597967,60.00971358199243,80.19746348355824,74.60806356947346,45.12784111494389,20.470243790931985,23.94012269041932,20.4952420090425,16.52375860913837
2026-04-22 18:00:00,3,125.0,2026-05-05 12:00:00,12 days 18:00:00,-12.16,54.56,941.8,112.7,19.560591228818325,172.08462303979948,235.08910466775464,230.2039083516921,150.27965857098738,88.35493840205436,112.43009438340609,99.59441821960006,70.3696872963896,51.023521609893095,55.638511480884056,46.38430406703104,44.06272410228722
2026-04-22 18:00:00,3,125.0,2026-05-05 18:00:00,13 days 00:00:00,-12.58,53.8,940.7,117.9,8.315781949148722,192.69896978526444,266.249897234419,260.07465008446843,171.1539711426276,87.52282989300465,107.6661470893072,96.14822332115403,69.98145966097353,57.16058645914964,60.37576415007544,51.72424935117506,50.06680095968233
2026-04-22 18:00:00,2,127.0,2026-05-03 06:00:00,10 days 12:00:00,-8.08,60.94,1008.2,13.9,96.35278965387572,0.0,0.0,0.0,0.0,0.0,0.0,0.0,0.0,0.0,0.0,0.0,0.0
2026-04-22 18:00:00,2,127.0,2026-05-03 12:00:00,10 days 18:00:00,-8.7,61.77,1006.1,21.2,82.42733665942804,0.0,0.0,0.0,0.0,0.0,0.0,0.0,0.0,0.0,0.0,0.0,0.0
2026-04-22 18:00:00,2,127.0,2026-05-03 18:00:00,11 days 00:00:00,-9.22,60.53,1006.5,20.6,135.78291278069793,0.0,0.0,0.0,0.0,0.0,0.0,0.0,0.0,0.0,0.0,0.0,0.0
2026-04-22 18:00:00,2,127.0,2026-05-04 00:00:00,11 days 06:00:00,-9.55,59.77,998.8,31.8,105.05719324656718,0.0,0.0,0.0,0.0,0.0,0.0,0.0,0.0,0.0,0.0,0.0,0.0
2026-04-22 18:00:00,2,127.0,2026-05-04 06:00:00,11 days 12:00:00,-10.14,58.93,998.2,31.0,56.666395981050286,0.0,0.0,0.0,0.0,0.0,0.0,0.0,0.0,0.0,0.0,0.0,0.0
2026-04-22 18:00:00,2,127.0,2026-05-04 12:00:00,11 days 18:00:00,-10.5,58.33,999.2,33.3,64.61105300511687,0.0,0.0,0.0,0.0,0.0,0.0,0.0,0.0,0.0,0.0,0.0,0.0
2026-04-22 18:00:00,2,127.0,2026-05-04 18:00:00,12 days 00:00:00,-10.16,57.97,997.4,40.5,69.08932846705197,124.5365460301588,125.54817831865496,106.7816870221192,115.73027889823877,0.0,0.0,0.0,0.0,0.0,0.0,0.0,0.0
2026-04-22 18:00:00,2,127.0,2026-05-05 00:00:00,12 days 06:00:00,-10.11,57.65,993.0,51.5,24.009159118840508,93.16086877766946,107.33809032221843,103.0288382339236,81.88585665926396,28.616289011403115,28.929443541125394,24.19287981285588,23.73717409608081,0.0,0.0,0.0,0.0
2026-04-22 18:00:00,2,127.0,2026-05-05 06:00:00,12 days 12:00:00,-10.42,57.79,987.5,53.9,39.41087096868544,128.11622962726327,141.36522491179102,120.64005282862573,103.37111905430028,18.27046681705214,39.41087096868544,14.983543668659728,14.887552254862738,0.0,0.0,0.0,0.0
2026-04-22 18:00:00,2,127.0,2026-05-05 12:00:00,12 days 18:00:00,-10.64,57.71,988.1,60.0,31.46902801388497,153.34121470715797,163.00975880395382,124.6467799929306,121.0483425165256,1.3596831015970383,31.46902801388497,0.0,0.0,0.0,0.0,0.0,0.0
2026-04-22 18:00:00,2,127.0,2026-05-05 18:00:00,13 days 00:00:00,-11.1,57.66,985.1,68.9,40.7108665538007,161.08968643068874,168.49604155322066,131.7475785416048,132.10017844161484,72.87313707931207,68.05797179118048,50.581660742970286,54.82289765131539,40.7108665538007,5.996802501504742,4.210047559224341,4.377583079580109
2026-04-22 18:00:00,1,132.0,2026-05-01 12:00:00,8 days 18:00:00,8.13,130.61,1005.3,14.8,164.03317562176787,0.0,0.0,0.0,0.0,0.0,0.0,0.0,0.0,0.0,0.0,0.0,0.0
2026-04-22 18:00:00,1,132.0,2026-05-01 18:00:00,9 days 00:00:00,9.89,129.82,1006.5,19.1,110.34592378599903,0.0,0.0,0.0,0.0,0.0,0.0,0.0,0.0,0.0,0.0,0.0,0.0
2026-04-22 18:00:00,1,132.0,2026-05-02 00:00:00,9 days 06:00:00,10.46,129.06,1006.0,21.8,154.27617362249293,0.0,0.0,0.0,0.0,0.0,0.0,0.0,0.0,0.0,0.0,0.0,0.0
2026-04-22 18:00:00,1,132.0,2026-05-02 06:00:00,9 days 12:00:00,11.36,128.77,1002.0,22.6,102.5065412556335,0.0,0.0,0.0,0.0,0.0,0.0,0.0,0.0,0.0,0.0,0.0,0.0
2026-04-22 18:00:00,1,132.0,2026-05-02 12:00:00,9 days 18:00:00,11.63,127.84,1005.2,26.3,55.60307388878568,0.0,0.0,0.0,0.0,0.0,0.0,0.0,0.0,0.0,0.0,0.0,0.0
2026-04-22 18:00:00,1,132.0,2026-05-02 18:00:00,10 days 00:00:00,12.07,127.32,1002.5,36.9,72.8976154631414,72.8976154631414,3.169937034883265,1.9092638734007956,4.012588090325462,0.0,0.0,0.0,0.0,0.0,0.0,0.0,0.0
2026-04-22 18:00:00,1,132.0,2026-05-03 00:00:00,10 days 06:00:00,12.66,126.75,1004.7,34.5,81.84858454388859,81.84858454388859,15.516368989643354,1.9316722370199384,30.26954485993048,0.0,0.0,0.0,0.0,0.0,0.0,0.0,0.0
2026-04-22 18:00:00,1,132.0,2026-05-03 06:00:00,10 days 12:00:00,12.86,125.97,1004.8,34.7,91.59582018570504,91.59582018570504,12.690032977294734,8.302544478751726,21.573816542580857,0.0,0.0,0.0,0.0,0.0,0.0,0.0,0.0
2026-04-22 18:00:00,1,132.0,2026-05-03 12:00:00,10 days 18:00:00,13.3,125.79,999.6,39.7,17.012428154369402,39.63459920897044,30.046127554892188,15.018277410397811,29.15351289727192,0.0,0.0,0.0,0.0,0.0,0.0,0.0,0.0
2026-04-22 18:00:00,1,132.0,2026-05-03 18:00:00,11 days 00:00:00,13.72,125.32,996.3,46.9,50.436361222706296,132.0025650044893,102.19806759831914,64.97917051923613,110.19863675556692,0.0,0.0,0.0,0.0,0.0,0.0,0.0,0.0
2026-04-22 18:00:00,1,132.0,2026-05-04 00:00:00,11 days 06:00:00,13.97,124.67,994.6,43.6,9.51947032728863,24.37498536005624,17.06913137391537,6.537509155660565,15.768009842033408,0.0,0.0,0.0,0.0,0.0,0.0,0.0,0.0
2026-04-22 18:00:00,1,132.0,2026-05-04 06:00:00,11 days 12:00:00,13.88,123.96,993.7,45.7,29.351661725482767,100.03200374265832,59.93055934328776,45.993536661146365,86.85132304915672,0.0,0.0,0.0,0.0,0.0,0.0,0.0,0.0
2026-04-22 18:00:00,1,132.0,2026-05-04 12:00:00,11 days 18:00:00,13.77,122.98,994.6,49.7,7.95608343095982,42.11851922740807,12.46915156134876,3.3915749407298588,36.76529088048054,0.0,0.0,0.0,0.0,0.0,0.0,0.0,0.0
2026-04-22 18:00:00,1,132.0,2026-05-04 18:00:00,12 days 00:00:00,13.74,122.04,997.4,44.2,1.5593737625378026,51.0690239697764,30.899181873312457,14.741434197207948,42.89665946427244,0.0,0.0,0.0,0.0,0.0,0.0,0.0,0.0
2026-04-22 18:00:00,1,132.0,2026-05-05 00:00:00,12 days 06:00:00,13.64,120.79,1002.9,33.2,21.62547021263813,0.0,0.0,0.0,0.0,0.0,0.0,0.0,0.0,0.0,0.0,0.0,0.0
2026-04-22 18:00:00,1,132.0,2026-05-05 06:00:00,12 days 12:00:00,13.52,119.54,1002.5,32.2,82.14209805414391,0.0,0.0,0.0,0.0,0.0,0.0,0.0,0.0,0.0,0.0,0.0,0.0
2026-04-22 18:00:00,1,132.0,2026-05-05 12:00:00,12 days 18:00:00,13.86,118.53,1003.2,31.7,49.04571917275452,0.0,0.0,0.0,0.0,0.0,0.0,0.0,0.0,0.0,0.0,0.0,0.0
2026-04-22 18:00:00,1,132.0,2026-05-05 18:00:00,13 days 00:00:00,13.48,117.46,1001.9,31.5,35.173306512276135,0.0,0.0,0.0,0.0,0.0,0.0,0.0,0.0,0.0,0.0,0.0,0.0
2026-04-22 18:00:00,2,136.0,2026-05-03 18:00:00,11 days 00:00:00,-10.07,65.25,1005.5,21.2,83.95011823639982,0.0,0.0,0.0,0.0,0.0,0.0,0.0,0.0,0.0,0.0,0.0,0.0
2026-04-22 18:00:00,2,136.0,2026-05-04 00:00:00,11 days 06:00:00,-10.69,65.81,1001.6,25.5,45.23705784823648,0.0,0.0,0.0,0.0,0.0,0.0,0.0,0.0,0.0,0.0,0.0,0.0
2026-04-22 18:00:00,2,136.0,2026-05-04 06:00:00,11 days 12:00:00,-11.27,65.61,1003.6,26.1,94.98701342287188,0.0,0.0,0.0,0.0,0.0,0.0,0.0,0.0,0.0,0.0,0.0,0.0
2026-04-22 18:00:00,2,136.0,2026-05-04 12:00:00,11 days 18:00:00,-11.53,65.45,1005.3,25.9,71.82955881004966,0.0,0.0,0.0,0.0,0.0,0.0,0.0,0.0,0.0,0.0,0.0,0.0
2026-04-22 18:00:00,2,136.0,2026-05-04 18:00:00,12 days 00:00:00,-11.56,65.29,1001.9,32.4,56.04222901251936,0.0,0.0,0.0,0.0,0.0,0.0,0.0,0.0,0.0,0.0,0.0,0.0
2026-04-22 18:00:00,2,136.0,2026-05-05 00:00:00,12 days 06:00:00,-11.86,65.75,1001.0,32.1,71.71211285432514,0.0,0.0,0.0,0.0,0.0,0.0,0.0,0.0,0.0,0.0,0.0,0.0
2026-04-22 18:00:00,2,136.0,2026-05-05 06:00:00,12 days 12:00:00,-11.76,65.48,1000.5,29.1,72.99628108041652,0.0,0.0,0.0,0.0,0.0,0.0,0.0,0.0,0.0,0.0,0.0,0.0
2026-04-22 18:00:00,2,136.0,2026-05-05 12:00:00,12 days 18:00:00,-11.88,65.91,994.0,50.0,68.29100188497564,207.32766043572263,196.35468387395437,171.34417122353938,176.3621552875317,0.0,0.2393488578124252,68.29100188497564,0.0,0.0,0.0,0.0,0.0
2026-04-22 18:00:00,2,136.0,2026-05-05 18:00:00,13 days 00:00:00,-12.13,66.23,993.9,47.2,67.85921247347889,161.59438686826502,157.1490692791096,131.46550948878803,132.25837992685655,0.0,0.0,0.0,0.0,0.0,0.0,0.0,0.0
2026-04-22 18:00:00,0,137.0,2026-05-03 00:00:00,10 days 06:00:00,-6.34,60.06,1012.6,23.3,105.45573795814296,0.0,0.0,0.0,0.0,0.0,0.0,0.0,0.0,0.0,0.0,0.0,0.0
2026-04-22 18:00:00,0,137.0,2026-05-03 06:00:00,10 days 12:00:00,-7.19,59.25,1006.0,16.4,109.39930922007056,0.0,0.0,0.0,0.0,0.0,0.0,0.0,0.0,0.0,0.0,0.0,0.0
2026-04-22 18:00:00,0,137.0,2026-05-03 12:00:00,10 days 18:00:00,-6.44,58.42,1005.0,19.3,114.70840630149353,0.0,0.0,0.0,0.0,0.0,0.0,0.0,0.0,0.0,0.0,0.0,0.0
2026-04-22 18:00:00,0,137.0,2026-05-03 18:00:00,11 days 00:00:00,-7.41,58.23,1006.8,25.4,78.81007127515795,0.0,0.0,0.0,0.0,0.0,0.0,0.0,0.0,0.0,0.0,0.0,0.0
2026-04-22 18:00:00,0,137.0,2026-05-04 00:00:00,11 days 06:00:00,-7.78,57.34,999.4,38.2,43.58557126011162,55.45064955359391,47.17774574332826,42.72461604734488,45.36066654787089,0.0,0.0,0.0,0.0,0.0,0.0,0.0,0.0
2026-04-22 18:00:00,0,137.0,2026-05-04 06:00:00,11 days 12:00:00,-7.46,56.39,998.3,37.3,81.33393961973957,0.6014786601082482,0.071896637798968,2.4619728018418225,81.33393961973957,0.0,0.0,0.0,0.0,0.0,0.0,0.0,0.0
2026-04-22 18:00:00,0,137.0,2026-05-04 12:00:00,11 days 18:00:00,-7.75,56.35,1001.6,28.3,98.2781150889464,0.0,0.0,0.0,0.0,0.0,0.0,0.0,0.0,0.0,0.0,0.0,0.0
2026-04-22 18:00:00,0,137.0,2026-05-04 18:00:00,12 days 00:00:00,-8.07,55.87,1004.4,31.6,69.04590673846764,0.0,0.0,0.0,0.0,0.0,0.0,0.0,0.0,0.0,0.0,0.0,0.0
2026-04-22 18:00:00,0,137.0,2026-05-05 00:00:00,12 days 06:00:00,-8.11,55.39,995.5,34.3,82.65736199478053,0.0,0.0,82.65736199478053,1.377176868067954,0.0,0.0,0.0,0.0,0.0,0.0,0.0,0.0
2026-04-22 18:00:00,0,137.0,2026-05-05 06:00:00,12 days 12:00:00,-8.27,55.73,996.3,38.0,97.72034395050244,97.72034395050244,85.7987928888523,72.7463015933607,78.93063596664416,0.0,0.0,0.0,0.0,0.0,0.0,0.0,0.0
2026-04-22 18:00:00,0,137.0,2026-05-05 12:00:00,12 days 18:00:00,-8.37,55.53,999.2,40.1,86.60129651782796,132.65721458179237,129.41696171455715,102.62079217773794,99.93808286467343,0.0,0.0,0.0,0.0,0.0,0.0,0.0,0.0
2026-04-22 18:00:00,0,137.0,2026-05-05 18:00:00,13 days 00:00:00,-9.07,55.98,996.8,42.4,76.22945369784475,120.05708879273595,107.39467175150185,85.42529731665763,92.40210909691996,0.0,0.0,0.0,0.0,0.0,0.0,0.0,0.0
2026-04-22 18:00:00,2,137.0,2026-05-05 00:00:00,12 days 06:00:00,8.93,143.98,1008.1,15.2,119.17216158616284,0.0,0.0,0.0,0.0,0.0,0.0,0.0,0.0,0.0,0.0,0.0,0.0
2026-04-22 18:00:00,2,137.0,2026-05-05 06:00:00,12 days 12:00:00,9.46,143.0,1003.8,29.5,94.91509857245484,0.0,0.0,0.0,0.0,0.0,0.0,0.0,0.0,0.0,0.0,0.0,0.0
2026-04-22 18:00:00,2,137.0,2026-05-05 12:00:00,12 days 18:00:00,8.95,141.82,1004.7,21.3,77.42670109560395,0.0,0.0,0.0,0.0,0.0,0.0,0.0,0.0,0.0,0.0,0.0,0.0
2026-04-22 18:00:00,2,137.0,2026-05-05 18:00:00,13 days 00:00:00,8.86,140.73,1005.6,26.0,116.2617225019796,0.0,0.0,0.0,0.0,0.0,0.0,0.0,0.0,0.0,0.0,0.0,0.0
2026-04-22 18:00:00,1,139.0,2026-05-04 00:00:00,11 days 06:00:00,5.18,64.46,1009.0,22.2,127.44004684541032,0.0,0.0,0.0,0.0,0.0,0.0,0.0,0.0,0.0,0.0,0.0,0.0
2026-04-22 18:00:00,1,139.0,2026-05-04 06:00:00,11 days 12:00:00,5.2,62.19,1006.0,21.1,60.14471023756197,0.0,0.0,0.0,0.0,0.0,0.0,0.0,0.0,0.0,0.0,0.0,0.0
2026-04-22 18:00:00,1,139.0,2026-05-04 12:00:00,11 days 18:00:00,5.38,61.15,1002.7,26.4,31.739875740144747,0.0,0.0,0.0,0.0,0.0,0.0,0.0,0.0,0.0,0.0,0.0,0.0
2026-04-22 18:00:00,1,139.0,2026-05-04 18:00:00,12 days 00:00:00,5.07,60.5,1002.4,29.3,33.354903793388644,0.0,0.0,0.0,0.0,0.0,0.0,0.0,0.0,0.0,0.0,0.0,0.0
2026-04-22 18:00:00,1,139.0,2026-05-05 00:00:00,12 days 06:00:00,5.29,60.38,1003.3,31.8,86.52590502851857,0.0,0.0,0.0,0.0,0.0,0.0,0.0,0.0,0.0,0.0,0.0,0.0
2026-04-22 18:00:00,1,139.0,2026-05-05 06:00:00,12 days 12:00:00,5.67,59.54,1006.7,29.5,114.47708596567132,0.0,0.0,0.0,0.0,0.0,0.0,0.0,0.0,0.0,0.0,0.0,0.0
2026-04-22 18:00:00,1,139.0,2026-05-05 12:00:00,12 days 18:00:00,6.01,59.04,1005.8,27.9,58.08664642590805,0.0,0.0,0.0,0.0,0.0,0.0,0.0,0.0,0.0,0.0,0.0,0.0
2026-04-22 18:00:00,1,139.0,2026-05-05 18:00:00,13 days 00:00:00,6.57,58.54,1006.5,31.3,55.569065603631095,0.0,0.0,0.0,0.0,0.0,0.0,0.0,0.0,0.0,0.0,0.0,0.0
2026-04-22 18:00:00,1,145.0,2026-05-03 18:00:00,11 days 00:00:00,-8.27,56.38,1002.6,22.2,111.71159081741489,0.0,0.0,0.0,0.0,0.0,0.0,0.0,0.0,0.0,0.0,0.0,0.0
2026-04-22 18:00:00,1,145.0,2026-05-04 00:00:00,11 days 06:00:00,-7.85,56.53,1009.5,19.3,87.86160592880177,0.0,0.0,0.0,0.0,0.0,0.0,0.0,0.0,0.0,0.0,0.0,0.0
2026-04-22 18:00:00,1,145.0,2026-05-04 06:00:00,11 days 12:00:00,-8.54,56.76,1003.1,22.3,84.59348471005333,0.0,0.0,0.0,0.0,0.0,0.0,0.0,0.0,0.0,0.0,0.0,0.0
2026-04-22 18:00:00,1,145.0,2026-05-04 12:00:00,11 days 18:00:00,-8.65,56.19,1006.5,20.0,98.02147802861803,0.0,0.0,0.0,0.0,0.0,0.0,0.0,0.0,0.0,0.0,0.0,0.0
2026-04-22 18:00:00,1,145.0,2026-05-04 18:00:00,12 days 00:00:00,-9.23,56.0,1002.2,25.1,74.69084578945588,0.0,0.0,0.0,0.0,0.0,0.0,0.0,0.0,0.0,0.0,0.0,0.0
2026-04-22 18:00:00,1,145.0,2026-05-05 00:00:00,12 days 06:00:00,-10.02,54.58,1000.3,25.8,132.17122053912573,0.0,0.0,0.0,0.0,0.0,0.0,0.0,0.0,0.0,0.0,0.0,0.0
2026-04-22 18:00:00,1,145.0,2026-05-05 06:00:00,12 days 12:00:00,-9.44,55.32,997.7,32.7,116.5262574290338,0.0,0.0,0.0,0.0,0.0,0.0,0.0,0.0,0.0,0.0,0.0,0.0
2026-04-22 18:00:00,1,145.0,2026-05-05 12:00:00,12 days 18:00:00,-9.68,55.88,1001.0,27.7,85.0553786929202,0.0,0.0,0.0,0.0,0.0,0.0,0.0,0.0,0.0,0.0,0.0,0.0
2026-04-22 18:00:00,1,145.0,2026-05-05 18:00:00,13 days 00:00:00,-10.78,55.79,994.6,40.1,71.2576601293442,228.42512342012247,222.19690806330095,184.7886537893661,190.27900726822912,0.0,0.0,0.0,0.0,0.0,0.0,0.0,0.0
2026-04-22 18:00:00,4,149.0,2026-05-04 18:00:00,12 days 00:00:00,5.4,58.61,999.3,25.3,97.100859606999,0.0,0.0,0.0,0.0,0.0,0.0,0.0,0.0,0.0,0.0,0.0,0.0
2026-04-22 18:00:00,4,149.0,2026-05-05 00:00:00,12 days 06:00:00,6.22,58.22,1004.4,22.7,93.84661757396172,0.0,0.0,0.0,0.0,0.0,0.0,0.0,0.0,0.0,0.0,0.0,0.0
2026-04-22 18:00:00,4,149.0,2026-05-05 06:00:00,12 days 12:00:00,6.94,56.76,1004.5,28.7,46.95220874205999,0.0,0.0,0.0,0.0,0.0,0.0,0.0,0.0,0.0,0.0,0.0,0.0
2026-04-22 18:00:00,4,149.0,2026-05-05 12:00:00,12 days 18:00:00,7.47,56.24,1004.3,28.5,78.81023938280846,0.0,0.0,0.0,0.0,0.0,0.0,0.0,0.0,0.0,0.0,0.0,0.0
2026-04-22 18:00:00,4,149.0,2026-05-05 18:00:00,13 days 00:00:00,6.87,55.86,1004.2,27.2,80.94223456506612,0.0,0.0,0.0,0.0,0.0,0.0,0.0,0.0,0.0,0.0,0.0,0.0
2026-04-22 18:00:00,0,154.0,2026-05-02 12:00:00,9 days 18:00:00,7.9,150.68,1007.8,19.5,88.61017257369295,0.0,0.0,0.0,0.0,0.0,0.0,0.0,0.0,0.0,0.0,0.0,0.0
2026-04-22 18:00:00,0,154.0,2026-05-02 18:00:00,10 days 00:00:00,7.49,149.89,1004.9,23.8,64.5041962211757,0.0,0.0,0.0,0.0,0.0,0.0,0.0,0.0,0.0,0.0,0.0,0.0
2026-04-22 18:00:00,0,154.0,2026-05-03 00:00:00,10 days 06:00:00,7.6,149.54,1001.6,26.5,81.48441183893073,0.0,0.0,0.0,0.0,0.0,0.0,0.0,0.0,0.0,0.0,0.0,0.0
2026-04-22 18:00:00,0,154.0,2026-05-03 06:00:00,10 days 12:00:00,7.57,148.78,1003.4,23.4,99.94636740592097,0.0,0.0,0.0,0.0,0.0,0.0,0.0,0.0,0.0,0.0,0.0,0.0
2026-04-22 18:00:00,0,154.0,2026-05-03 12:00:00,10 days 18:00:00,7.55,147.95,996.9,43.0,65.85409343037628,80.55619797202453,62.86259968024265,40.700517578879285,65.91040155340187,0.0,0.0,0.0,0.0,0.0,0.0,0.0,0.0
2026-04-22 18:00:00,0,154.0,2026-05-03 18:00:00,11 days 00:00:00,7.61,146.8,988.9,49.6,6.638847384391207,139.26878487199454,120.34266138414216,96.43592058722284,118.10974985089864,0.0,0.0,0.0,0.0,0.0,0.0,0.0,0.0
2026-04-22 18:00:00,0,154.0,2026-05-04 00:00:00,11 days 06:00:00,7.94,145.82,983.6,66.8,3.766798505122031,74.36272305663854,66.99539436350143,72.03676632813057,77.22847890504994,27.55282390536663,25.507874942834825,22.04245524651562,23.162425570606374,8.860468994669112,7.026953974099351,6.530694589975775,7.538256234261571
2026-04-22 18:00:00,0,154.0,2026-05-04 06:00:00,11 days 12:00:00,8.25,145.05,971.9,75.9,15.01403070245805,135.11287414135143,114.9311400717992,118.60206032027229,130.29192110278092,55.81840128488128,50.86558088481469,49.52022713709094,51.54697596426193,35.2455215713657,31.603889509232545,26.781746788889205,29.843116909128018
2026-04-22 18:00:00,0,154.0,2026-05-04 12:00:00,11 days 18:00:00,8.33,144.12,959.6,94.5,0.0,129.21009849369133,99.54427983480242,108.57489617138614,136.09005289371086,67.48797616074134,59.78326777651655,56.532879890849735,63.53556280573932,42.31945825614408,38.0691865894734,33.11089763530822,37.83147125706745
2026-04-22 18:00:00,0,154.0,2026-05-04 18:00:00,12 days 00:00:00,8.57,142.99,937.6,118.8,0.948648578825562,154.84601179231296,122.91507867507111,125.53351841597538,140.49578920319294,80.69940357172499,73.7886374915842,66.9956340650154,74.23990542189777,53.61129040358063,48.6381464211736,42.531474658687245,48.10388797737888
2026-04-22 18:00:00,0,154.0,2026-05-05 00:00:00,12 days 06:00:00,8.8,141.79,938.8,122.2,11.546146295787423,116.80905363856505,99.44768550148036,95.86139293347604,116.22509730913896,66.57015729630649,55.974876004229145,47.46833505704933,59.56342941358264,44.37498788465217,38.9785584600059,32.0898141876753,40.534450979480994
2026-04-22 18:00:00,0,154.0,2026-05-05 06:00:00,12 days 12:00:00,9.18,140.62,927.9,133.5,5.345243768279143,153.702329379382,123.70684956248816,103.42535655241169,146.38855979468087,83.24706296126112,64.95167578174039,58.92513954999926,79.27289606092566,50.0346347486201,40.99246800448541,36.80682865229744,45.723681803664384
2026-04-22 18:00:00,0,154.0,2026-05-05 12:00:00,12 days 18:00:00,8.76,139.92,947.9,110.3,4.491301985887404,140.66850610630783,118.0227262478482,115.28138835596056,131.44884876742316,71.1901109723705,58.68845973128818,52.59551668316099,69.11406170896153,47.02622712151359,41.50955575311996,34.99761529081869,41.769372507921375
2026-04-22 18:00:00,0,154.0,2026-05-05 18:00:00,13 days 00:00:00,8.8,138.65,939.1,110.9,18.7427494082042,182.27272073366908,158.58016635669878,121.28465325253282,165.94528091605275,104.18013476721758,87.12618325213994,70.14925607798676,88.45586571831537,58.08884013360188,51.64474334112042,42.008074879830815,50.55430285177049
2026-04-22 18:00:00,5,162.0,2026-05-04 18:00:00,12 days 00:00:00,-7.59,62.53,1004.9,19.8,49.14790435405519,0.0,0.0,0.0,0.0,0.0,0.0,0.0,0.0,0.0,0.0,0.0,0.0
2026-04-22 18:00:00,5,162.0,2026-05-05 00:00:00,12 days 06:00:00,-8.11,62.95,1003.1,20.6,127.2927157355183,0.0,0.0,0.0,0.0,0.0,0.0,0.0,0.0,0.0,0.0,0.0,0.0
2026-04-22 18:00:00,5,162.0,2026-05-05 06:00:00,12 days 12:00:00,-8.56,64.2,1003.9,24.8,82.36665510908568,0.0,0.0,0.0,0.0,0.0,0.0,0.0,0.0,0.0,0.0,0.0,0.0
2026-04-22 18:00:00,5,162.0,2026-05-05 12:00:00,12 days 18:00:00,-9.2,63.6,1000.7,28.1,72.3444752142225,0.0,0.0,0.0,0.0,0.0,0.0,0.0,0.0,0.0,0.0,0.0,0.0
2026-04-22 18:00:00,5,162.0,2026-05-05 18:00:00,13 days 00:00:00,-9.83,65.2,992.5,43.7,57.12295905008091,69.89016341337037,52.06954359079214,44.14225721808225,63.98549340629484,0.0,0.0,0.0,0.0,0.0,0.0,0.0,0.0
2026-04-22 18:00:00,6,162.0,2026-05-05 00:00:00,12 days 06:00:00,6.73,145.86,1004.5,28.0,155.08098129654203,0.0,0.0,0.0,0.0,0.0,0.0,0.0,0.0,0.0,0.0,0.0,0.0
2026-04-22 18:00:00,6,162.0,2026-05-05 06:00:00,12 days 12:00:00,7.27,145.49,1003.3,24.6,162.2930926139657,0.0,0.0,0.0,0.0,0.0,0.0,0.0,0.0,0.0,0.0,0.0,0.0
2026-04-22 18:00:00,6,162.0,2026-05-05 12:00:00,12 days 18:00:00,8.17,144.7,996.0,42.2,48.46585055452286,48.46585055452286,6.321644230274568,6.606019995344076,9.720781364704017,0.0,0.0,0.0,0.0,0.0,0.0,0.0,0.0
2026-04-22 18:00:00,6,162.0,2026-05-05 18:00:00,13 days 00:00:00,8.29,143.92,1000.2,36.5,49.58282286540499,49.58282286540499,36.4218859220957,24.74808535942175,37.8323575010068,0.0,0.0,0.0,0.0,0.0,0.0,0.0,0.0
2026-04-22 18:00:00,2,164.0,2026-05-02 00:00:00,9 days 06:00:00,8.09,137.43,1008.2,14.5,94.29137550435624,0.0,0.0,0.0,0.0,0.0,0.0,0.0,0.0,0.0,0.0,0.0,0.0
2026-04-22 18:00:00,2,164.0,2026-05-02 06:00:00,9 days 12:00:00,8.53,137.37,1006.1,25.1,50.664861066145455,0.0,0.0,0.0,0.0,0.0,0.0,0.0,0.0,0.0,0.0,0.0,0.0
2026-04-22 18:00:00,2,164.0,2026-05-02 12:00:00,9 days 18:00:00,8.66,136.67,1003.1,32.8,94.80843266966,0.0,0.0,0.0,0.0,0.0,0.0,0.0,0.0,0.0,0.0,0.0,0.0
2026-04-22 18:00:00,2,164.0,2026-05-02 18:00:00,10 days 00:00:00,8.94,136.66,1006.3,22.6,88.13461407868115,0.0,0.0,0.0,0.0,0.0,0.0,0.0,0.0,0.0,0.0,0.0,0.0
2026-04-22 18:00:00,2,164.0,2026-05-03 00:00:00,10 days 06:00:00,8.96,135.6,1002.1,27.9,102.815515541929,0.0,0.0,0.0,0.0,0.0,0.0,0.0,0.0,0.0,0.0,0.0,0.0
2026-04-22 18:00:00,2,164.0,2026-05-03 06:00:00,10 days 12:00:00,8.99,135.37,1001.4,35.2,43.97428221810481,43.97428221810481,9.369213422249535,5.283287568089516,8.123574001973203,0.0,0.0,0.0,0.0,0.0,0.0,0.0,0.0
2026-04-22 18:00:00,2,164.0,2026-05-03 12:00:00,10 days 18:00:00,8.4,134.82,1002.3,34.2,75.40400143681029,75.40400143681029,2.858539406757245,0.5921420698974487,3.7104603090112103,0.0,0.0,0.0,0.0,0.0,0.0,0.0,0.0
2026-04-22 18:00:00,2,164.0,2026-05-03 18:00:00,11 days 00:00:00,8.09,133.99,998.9,35.5,41.707074605021546,41.707074605021546,0.0,0.0,0.8216948710124123,0.0,0.0,0.0,0.0,0.0,0.0,0.0,0.0
2026-04-22 18:00:00,2,164.0,2026-05-04 00:00:00,11 days 06:00:00,8.08,133.46,999.5,41.1,43.9992286059159,43.9992286059159,15.154509322096402,3.3225605232774456,17.915278710894057,0.0,0.0,0.0,0.0,0.0,0.0,0.0,0.0
2026-04-22 18:00:00,2,164.0,2026-05-04 06:00:00,11 days 12:00:00,7.88,132.84,994.7,45.4,90.64962897060956,90.64962897060956,0.0,0.0,0.0,0.0,0.0,0.0,0.0,0.0,0.0,0.0,0.0
2026-04-22 18:00:00,2,164.0,2026-05-04 12:00:00,11 days 18:00:00,7.75,131.91,997.3,42.5,34.49235231304335,34.49235231304335,20.77353740659793,13.35821816452395,19.86467113177505,0.0,0.0,0.0,0.0,0.0,0.0,0.0,0.0
2026-04-22 18:00:00,2,164.0,2026-05-04 18:00:00,12 days 00:00:00,7.84,131.3,990.1,59.0,12.39961777597868,113.47556847467187,87.65663533343601,62.72936531550872,94.94448223499194,37.16956681954932,25.39612006071158,16.63570430422953,26.136460582745517,0.0,0.0,0.0,0.0
2026-04-22 18:00:00,2,164.0,2026-05-05 00:00:00,12 days 06:00:00,7.83,130.39,988.3,64.0,17.28853460977131,104.70207689202331,75.11694911220572,42.83618625513858,81.8916913379399,28.35340927648792,17.28220880007156,8.366715513114784,18.04763066078133,0.0,0.0,0.0,0.0
2026-04-22 18:00:00,2,164.0,2026-05-05 06:00:00,12 days 12:00:00,7.76,129.65,988.2,62.1,1.2693658031354929,98.86594085783408,71.18911928875686,41.03087675081847,77.37284675394578,24.039326245268786,13.837573893698336,5.74281393931368,14.842384045622865,0.0,0.0,0.0,0.0
2026-04-22 18:00:00,2,164.0,2026-05-05 12:00:00,12 days 18:00:00,7.81,129.06,942.9,117.3,22.09413966438965,158.62032930966322,132.3960120643321,117.85109950303269,133.07027196680235,67.8505103313366,58.37100558265976,49.40945534936365,54.77329031631965,31.55418106244065,29.653629758742063,27.325339523892197,29.329400535489206
2026-04-22 18:00:00,2,164.0,2026-05-05 18:00:00,13 days 00:00:00,7.76,128.32,980.7,72.2,41.17783626296408,129.82556428378393,107.28878161358172,126.96563182096112,136.90589048069555,77.78160506835107,64.17923383283879,54.75358054060749,72.3538410366904,41.17783626296408,21.365751902459834,17.873217157515207,23.33383277730011
2026-04-22 18:00:00,3,169.0,2026-05-04 18:00:00,12 days 00:00:00,6.54,71.23,1000.4,24.1,52.32200131069817,0.0,0.0,0.0,0.0,0.0,0.0,0.0,0.0,0.0,0.0,0.0,0.0
2026-04-22 18:00:00,3,169.0,2026-05-05 00:00:00,12 days 06:00:00,6.94,70.41,996.6,36.6,46.977595031973344,0.0,0.0,0.0,46.977595031973344,0.0,0.0,0.0,0.0,0.0,0.0,0.0,0.0
2026-04-22 18:00:00,3,169.0,2026-05-05 06:00:00,12 days 12:00:00,6.78,69.57,1005.2,26.9,100.06458259652776,0.0,0.0,0.0,0.0,0.0,0.0,0.0,0.0,0.0,0.0,0.0,0.0
2026-04-22 18:00:00,3,169.0,2026-05-05 12:00:00,12 days 18:00:00,8.14,67.58,1000.9,37.7,77.7232068552859,42.65197393758939,77.7232068552859,38.68330666055932,34.5425188044518,0.0,0.0,0.0,0.0,0.0,0.0,0.0,0.0
2026-04-22 18:00:00,3,169.0,2026-05-05 18:00:00,13 days 00:00:00,7.88,67.92,998.6,38.8,89.68670808112009,89.68670808112009,57.729236927917285,53.69245439712255,54.972997094421416,0.0,0.0,0.0,0.0,0.0,0.0,0.0,0.0
2026-04-22 18:00:00,1,170.0,2026-05-04 06:00:00,11 days 12:00:00,8.2,158.36,1005.7,19.8,81.76802854425237,0.0,0.0,0.0,0.0,0.0,0.0,0.0,0.0,0.0,0.0,0.0,0.0
2026-04-22 18:00:00,1,170.0,2026-05-04 12:00:00,11 days 18:00:00,8.73,156.96,1006.4,18.9,82.55060436017462,0.0,0.0,0.0,0.0,0.0,0.0,0.0,0.0,0.0,0.0,0.0,0.0
2026-04-22 18:00:00,1,170.0,2026-05-04 18:00:00,12 days 00:00:00,8.98,155.31,1007.0,23.8,74.08456743009573,0.0,0.0,0.0,0.0,0.0,0.0,0.0,0.0,0.0,0.0,0.0,0.0
2026-04-22 18:00:00,1,170.0,2026-05-05 00:00:00,12 days 06:00:00,9.29,154.36,998.4,39.7,61.57697415022227,195.37553738434363,166.9711530390259,128.0047646469819,154.2785391865599,0.0,0.0,0.0,0.0,0.0,0.0,0.0,0.0
2026-04-22 18:00:00,1,170.0,2026-05-05 06:00:00,12 days 12:00:00,8.92,152.75,998.4,37.0,61.2898930749278,61.2898930749278,17.9111928195766,5.843917710552586,21.204282280692063,0.0,0.0,0.0,0.0,0.0,0.0,0.0,0.0
2026-04-22 18:00:00,1,170.0,2026-05-05 12:00:00,12 days 18:00:00,9.15,151.38,1001.6,34.4,68.72958720837333,68.72958720837333,0.6849188014792738,2.3717730817804954,2.4797707481663807,0.0,0.0,0.0,0.0,0.0,0.0,0.0,0.0
2026-04-22 18:00:00,1,170.0,2026-05-05 18:00:00,13 days 00:00:00,9.08,150.6,1002.8,28.5,50.15682240574653,0.0,0.0,0.0,0.0,0.0,0.0,0.0,0.0,0.0,0.0,0.0,0.0
2026-04-22 18:00:00,3,171.0,2026-05-04 12:00:00,11 days 18:00:00,6.58,153.75,1010.1,18.5,102.9559927135412,0.0,0.0,0.0,0.0,0.0,0.0,0.0,0.0,0.0,0.0,0.0,0.0
2026-04-22 18:00:00,3,171.0,2026-05-04 18:00:00,12 days 00:00:00,6.63,152.21,1006.3,26.7,71.21835240933584,0.0,0.0,0.0,0.0,0.0,0.0,0.0,0.0,0.0,0.0,0.0,0.0
2026-04-22 18:00:00,3,171.0,2026-05-05 00:00:00,12 days 06:00:00,6.43,151.48,1006.7,19.6,45.9350501927105,0.0,0.0,0.0,0.0,0.0,0.0,0.0,0.0,0.0,0.0,0.0,0.0
2026-04-22 18:00:00,3,171.0,2026-05-05 06:00:00,12 days 12:00:00,6.79,150.58,1007.3,16.3,65.0055359896841,0.0,0.0,0.0,0.0,0.0,0.0,0.0,0.0,0.0,0.0,0.0,0.0
2026-04-22 18:00:00,3,171.0,2026-05-05 12:00:00,12 days 18:00:00,7.53,149.14,1006.7,21.0,91.37451042621768,0.0,0.0,0.0,0.0,0.0,0.0,0.0,0.0,0.0,0.0,0.0,0.0
2026-04-22 18:00:00,3,171.0,2026-05-05 18:00:00,13 days 00:00:00,7.51,148.35,1001.5,28.4,103.17186610537468,0.0,0.0,0.0,0.0,0.0,0.0,0.0,0.0,0.0,0.0,0.0,0.0
2026-04-22 18:00:00,1,176.0,2026-05-04 18:00:00,12 days 00:00:00,-8.34,62.45,1008.0,20.3,73.28167513050823,0.0,0.0,0.0,0.0,0.0,0.0,0.0,0.0,0.0,0.0,0.0,0.0
2026-04-22 18:00:00,1,176.0,2026-05-05 00:00:00,12 days 06:00:00,-8.49,62.67,1005.8,20.3,92.04668816263994,0.0,0.0,0.0,0.0,0.0,0.0,0.0,0.0,0.0,0.0,0.0,0.0
2026-04-22 18:00:00,1,176.0,2026-05-05 06:00:00,12 days 12:00:00,-7.88,62.39,1006.2,18.4,76.94126907429762,0.0,0.0,0.0,0.0,0.0,0.0,0.0,0.0,0.0,0.0,0.0,0.0
2026-04-22 18:00:00,1,176.0,2026-05-05 12:00:00,12 days 18:00:00,-9.14,61.66,1006.4,23.4,67.19780666930396,0.0,0.0,0.0,0.0,0.0,0.0,0.0,0.0,0.0,0.0,0.0,0.0
2026-04-22 18:00:00,1,176.0,2026-05-05 18:00:00,13 days 00:00:00,-8.95,61.93,1008.1,18.0,112.56395177904386,0.0,0.0,0.0,0.0,0.0,0.0,0.0,0.0,0.0,0.0,0.0,0.0
2026-04-22 18:00:00,1,177.0,2026-05-04 00:00:00,11 days 06:00:00,5.87,150.22,1003.0,24.4,80.14135923359457,0.0,0.0,0.0,0.0,0.0,0.0,0.0,0.0,0.0,0.0,0.0,0.0
2026-04-22 18:00:00,1,177.0,2026-05-04 06:00:00,11 days 12:00:00,6.39,148.52,1003.6,26.7,33.96303545553744,0.0,0.0,0.0,0.0,0.0,0.0,0.0,0.0,0.0,0.0,0.0,0.0
2026-04-22 18:00:00,1,177.0,2026-05-04 12:00:00,11 days 18:00:00,6.67,148.19,999.2,30.3,35.058894707285845,0.0,0.0,0.0,0.0,0.0,0.0,0.0,0.0,0.0,0.0,0.0,0.0
2026-04-22 18:00:00,1,177.0,2026-05-04 18:00:00,12 days 00:00:00,6.75,147.39,998.6,39.4,52.4913659730562,54.59611817774223,41.542334449224,33.41623375801858,45.98291660675304,0.0,0.0,0.0,0.0,0.0,0.0,0.0,0.0
2026-04-22 18:00:00,1,177.0,2026-05-05 00:00:00,12 days 06:00:00,6.69,147.05,1000.8,37.8,37.82293228298816,37.82293228298816,2.005776640476672,0.0,6.5330341186914405,0.0,0.0,0.0,0.0,0.0,0.0,0.0,0.0
2026-04-22 18:00:00,1,177.0,2026-05-05 06:00:00,12 days 12:00:00,7.14,146.13,992.2,50.6,22.15359239468992,101.61874045752948,76.43615845129796,60.51553463585987,80.11225297494923,22.15359239468992,9.354433083450918,4.860690327331229,10.651337961845243,0.0,0.0,0.0,0.0
2026-04-22 18:00:00,1,177.0,2026-05-05 12:00:00,12 days 18:00:00,7.17,145.31,968.9,82.2,11.663424291086669,171.30254200373423,148.01700356971085,128.72525266681188,162.76039367555967,89.13893553880231,74.33674640962916,60.25275143175775,73.1698119135686,24.65628707113563,20.536767942651736,17.847439956577556,21.748487155540552
2026-04-22 18:00:00,1,177.0,2026-05-05 18:00:00,13 days 00:00:00,7.34,144.32,986.2,66.5,31.66525077481416,102.14299305919285,76.4448759867436,63.29710666330229,95.18399510021742,52.38359175399412,41.07088365091522,29.46937068480261,41.46924523964231,31.66525077481416,6.7106981432810855,5.163727824114182,6.953343607316899
2026-04-22 18:00:00,1,182.0,2026-05-03 12:00:00,10 days 18:00:00,-7.63,62.2,1001.6,18.7,80.85602782250379,0.0,0.0,0.0,0.0,0.0,0.0,0.0,0.0,0.0,0.0,0.0,0.0
2026-04-22 18:00:00,1,182.0,2026-05-03 18:00:00,11 days 00:00:00,-8.34,60.79,1002.6,20.0,65.52966053833384,0.0,0.0,0.0,0.0,0.0,0.0,0.0,0.0,0.0,0.0,0.0,0.0
2026-04-22 18:00:00,1,182.0,2026-05-04 00:00:00,11 days 06:00:00,-8.61,61.14,1007.0,19.9,77.43929295038224,0.0,0.0,0.0,0.0,0.0,0.0,0.0,0.0,0.0,0.0,0.0,0.0
2026-04-22 18:00:00,1,182.0,2026-05-04 06:00:00,11 days 12:00:00,-8.71,61.63,1001.2,27.7,82.37593585825964,0.0,0.0,0.0,0.0,0.0,0.0,0.0,0.0,0.0,0.0,0.0,0.0
2026-04-22 18:00:00,1,182.0,2026-05-04 12:00:00,11 days 18:00:00,-9.17,61.94,999.6,33.2,73.3284065955403,0.0,0.0,0.0,0.0,0.0,0.0,0.0,0.0,0.0,0.0,0.0,0.0
2026-04-22 18:00:00,1,182.0,2026-05-04 18:00:00,12 days 00:00:00,-9.23,62.65,1000.8,33.1,86.3655605479951,0.0,0.0,0.0,0.0,0.0,0.0,0.0,0.0,0.0,0.0,0.0,0.0
2026-04-22 18:00:00,1,182.0,2026-05-05 00:00:00,12 days 06:00:00,-9.52,63.2,996.6,37.0,77.64523014723844,103.98606407533308,95.17640065355702,82.31516012128102,82.9380014983916,0.0,0.0,0.0,0.0,0.0,0.0,0.0,0.0
2026-04-22 18:00:00,1,182.0,2026-05-05 06:00:00,12 days 12:00:00,-9.61,63.8,997.2,36.6,82.68594101278696,92.89308940216816,93.61920973157048,80.80756242897914,82.30798994098738,0.0,0.0,0.0,0.0,0.0,0.0,0.0,0.0
2026-04-22 18:00:00,1,182.0,2026-05-05 12:00:00,12 days 18:00:00,-9.64,64.05,989.0,54.2,50.10944330943836,213.43276484063995,203.84791902330613,187.9187994066092,192.51978735117797,50.10944330943836,26.00976608723812,24.04134545567299,21.844615062348662,0.0,0.0,0.0,0.0
2026-04-22 18:00:00,1,182.0,2026-05-05 18:00:00,13 days 00:00:00,-9.95,64.08,994.9,41.1,48.95151951041981,48.95151951041981,26.96607432380224,24.407779805080303,24.81878847068389,0.0,0.0,0.0,0.0,0.0,0.0,0.0,0.0
2026-04-22 18:00:00,5,183.0,2026-05-02 18:00:00,10 days 00:00:00,-9.2,67.57,1006.0,23.5,109.2247877406759,0.0,0.0,0.0,0.0,0.0,0.0,0.0,0.0,0.0,0.0,0.0,0.0
2026-04-22 18:00:00,5,183.0,2026-05-03 00:00:00,10 days 06:00:00,-10.21,66.77,1000.5,24.9,59.27202544070319,0.0,0.0,0.0,0.0,0.0,0.0,0.0,0.0,0.0,0.0,0.0,0.0
2026-04-22 18:00:00,5,183.0,2026-05-03 06:00:00,10 days 12:00:00,-9.38,66.13,1006.4,20.0,97.39972525872405,0.0,0.0,0.0,0.0,0.0,0.0,0.0,0.0,0.0,0.0,0.0,0.0
2026-04-22 18:00:00,5,183.0,2026-05-03 12:00:00,10 days 18:00:00,-9.76,64.95,1004.4,22.3,113.17622797773824,0.0,0.0,0.0,0.0,0.0,0.0,0.0,0.0,0.0,0.0,0.0,0.0
2026-04-22 18:00:00,5,183.0,2026-05-03 18:00:00,11 days 00:00:00,-10.17,65.0,999.9,28.5,67.9779503266728,0.0,0.0,0.0,0.0,0.0,0.0,0.0,0.0,0.0,0.0,0.0,0.0
2026-04-22 18:00:00,5,183.0,2026-05-04 00:00:00,11 days 06:00:00,-9.86,64.19,1002.7,34.0,122.66351792419523,0.0,0.0,0.0,0.0,0.0,0.0,0.0,0.0,0.0,0.0,0.0,0.0
2026-04-22 18:00:00,5,183.0,2026-05-04 06:00:00,11 days 12:00:00,-10.39,63.64,997.8,39.8,56.60861209468867,7.898613834989817,56.60861209468867,11.48949511345858,7.955583656417241,0.0,0.0,0.0,0.0,0.0,0.0,0.0,0.0
2026-04-22 18:00:00,5,183.0,2026-05-04 12:00:00,11 days 18:00:00,-9.93,63.0,1000.4,25.6,57.026927047656784,0.0,0.0,0.0,0.0,0.0,0.0,0.0,0.0,0.0,0.0,0.0,0.0
2026-04-22 18:00:00,5,183.0,2026-05-04 18:00:00,12 days 00:00:00,-10.63,62.98,1001.9,29.6,71.20630465883224,0.0,0.0,0.0,0.0,0.0,0.0,0.0,0.0,0.0,0.0,0.0,0.0
2026-04-22 18:00:00,5,183.0,2026-05-05 00:00:00,12 days 06:00:00,-10.92,63.22,997.4,36.8,90.00416827826199,90.00416827826199,45.44482387676756,38.99495022290892,37.733244038224754,0.0,0.0,0.0,0.0,0.0,0.0,0.0,0.0
2026-04-22 18:00:00,5,183.0,2026-05-05 06:00:00,12 days 12:00:00,-11.32,62.98,995.2,43.6,40.01479126684134,101.94473806629011,105.56288601970938,91.0182192661362,92.16695286747009,0.0,0.0,0.0,0.0,0.0,0.0,0.0,0.0
2026-04-22 18:00:00,5,183.0,2026-05-05 12:00:00,12 days 18:00:00,-11.77,62.77,996.5,44.0,47.49216359934012,77.61323119484608,88.53212147816548,73.48974805263093,72.13938077221597,0.0,0.0,0.0,0.0,0.0,0.0,0.0,0.0
2026-04-22 18:00:00,5,183.0,2026-05-05 18:00:00,13 days 00:00:00,-11.86,62.98,989.6,60.1,61.04452698036073,174.14962086434537,179.4118711747123,145.4937268415299,146.8157442218283,61.04452698036073,13.958193754798147,8.216585099407858,10.258991506472404,0.0,0.0,0.0,0.0
2026-04-22 18:00:00,3,185.0,2026-05-03 06:00:00,10 days 12:00:00,4.71,65.51,1004.7,23.8,89.68130788107207,0.0,0.0,0.0,0.0,0.0,0.0,0.0,0.0,0.0,0.0,0.0,0.0
2026-04-22 18:00:00,3,185.0,2026-05-03 12:00:00,10 days 18:00:00,4.35,65.48,1004.5,29.1,87.85171335599304,0.0,0.0,0.0,0.0,0.0,0.0,0.0,0.0,0.0,0.0,0.0,0.0
2026-04-22 18:00:00,3,185.0,2026-05-03 18:00:00,11 days 00:00:00,4.19,66.14,994.8,45.0,35.824886841202314,17.030908376592713,16.849065975312303,22.52205781199157,35.824886841202314,0.0,0.0,0.0,0.0,0.0,0.0,0.0,0.0
2026-04-22 18:00:00,3,185.0,2026-05-04 00:00:00,11 days 06:00:00,4.52,66.34,999.6,36.2,74.3224719158336,0.0,0.0,74.3224719158336,0.0,0.0,0.0,0.0,0.0,0.0,0.0,0.0,0.0
2026-04-22 18:00:00,3,185.0,2026-05-04 06:00:00,11 days 12:00:00,4.79,65.81,1000.1,35.8,48.21355581639661,2.251464285539204,0.6587409311146839,3.755054739364597,48.21355581639661,0.0,0.0,0.0,0.0,0.0,0.0,0.0,0.0
2026-04-22 18:00:00,3,185.0,2026-05-04 12:00:00,11 days 18:00:00,4.79,66.73,1003.7,29.8,76.6830641871695,0.0,0.0,0.0,0.0,0.0,0.0,0.0,0.0,0.0,0.0,0.0,0.0
2026-04-22 18:00:00,3,185.0,2026-05-04 18:00:00,12 days 00:00:00,4.37,66.55,1002.6,22.6,43.02064644325176,0.0,0.0,0.0,0.0,0.0,0.0,0.0,0.0,0.0,0.0,0.0,0.0
2026-04-22 18:00:00,3,185.0,2026-05-05 00:00:00,12 days 06:00:00,4.72,67.06,1000.7,30.2,56.60665448521505,0.0,0.0,0.0,0.0,0.0,0.0,0.0,0.0,0.0,0.0,0.0,0.0
2026-04-22 18:00:00,3,185.0,2026-05-05 06:00:00,12 days 12:00:00,5.02,67.57,999.9,34.7,124.66339492756742,271.2044976427781,259.7996048130127,221.7021601926376,224.46016863609643,0.0,0.0,0.0,0.0,0.0,0.0,0.0,0.0
2026-04-22 18:00:00,3,185.0,2026-05-05 12:00:00,12 days 18:00:00,4.77,67.44,1004.8,26.7,111.84272735034192,0.0,0.0,0.0,0.0,0.0,0.0,0.0,0.0,0.0,0.0,0.0,0.0
2026-04-22 18:00:00,3,185.0,2026-05-05 18:00:00,13 days 00:00:00,5.97,67.99,999.1,30.0,67.19976272813066,0.0,0.0,0.0,0.0,0.0,0.0,0.0,0.0,0.0,0.0,0.0,0.0
2026-04-22 18:00:00,1,189.0,2026-05-02 18:00:00,10 days 00:00:00,-6.87,62.24,1005.2,17.6,126.59683928539212,0.0,0.0,0.0,0.0,0.0,0.0,0.0,0.0,0.0,0.0,0.0,0.0
2026-04-22 18:00:00,1,189.0,2026-05-03 00:00:00,10 days 06:00:00,-7.21,62.22,1006.9,23.7,120.91388361015336,0.0,0.0,0.0,0.0,0.0,0.0,0.0,0.0,0.0,0.0,0.0,0.0
2026-04-22 18:00:00,1,189.0,2026-05-03 06:00:00,10 days 12:00:00,-8.12,61.8,1005.7,22.1,115.75171171968468,0.0,0.0,0.0,0.0,0.0,0.0,0.0,0.0,0.0,0.0,0.0,0.0
2026-04-22 18:00:00,1,189.0,2026-05-03 12:00:00,10 days 18:00:00,-9.23,61.59,1001.0,26.1,85.2776584093753,0.0,0.0,0.0,0.0,0.0,0.0,0.0,0.0,0.0,0.0,0.0,0.0
2026-04-22 18:00:00,1,189.0,2026-05-03 18:00:00,11 days 00:00:00,-9.18,62.16,996.7,38.0,81.80339006896281,169.0544924109217,167.85760103535026,149.01996658704374,139.58267476679163,0.0,0.0,0.0,0.0,0.0,0.0,0.0,0.0
2026-04-22 18:00:00,1,189.0,2026-05-04 00:00:00,11 days 06:00:00,-9.44,61.17,1000.4,33.9,46.978439052746126,0.0,0.0,0.0,0.0,0.0,0.0,0.0,0.0,0.0,0.0,0.0,0.0
2026-04-22 18:00:00,1,189.0,2026-05-04 06:00:00,11 days 12:00:00,-9.88,61.09,995.5,44.7,71.45003907766659,248.69754035446147,249.79548688918257,205.41139611169703,205.85371395223385,0.0,0.0,0.0,0.0,0.0,0.0,0.0,0.0
2026-04-22 18:00:00,1,189.0,2026-05-04 12:00:00,11 days 18:00:00,-10.15,61.15,991.8,51.6,28.975564883326903,119.3480928604145,113.8094137886597,99.8244413362888,105.02648199312998,44.90058943080457,40.187606702005255,31.45485915506576,32.89363222261093,0.0,0.0,0.0,0.0
2026-04-22 18:00:00,1,189.0,2026-05-04 18:00:00,12 days 00:00:00,-10.19,60.83,990.3,48.2,48.39797270767296,197.649615829172,201.6234574251997,189.70076610929075,176.00325517277548,0.0,0.0,0.0,0.0,0.0,0.0,0.0,0.0
2026-04-22 18:00:00,1,189.0,2026-05-05 00:00:00,12 days 06:00:00,-10.14,60.58,989.2,45.2,54.25559456236864,134.72892446819492,148.63066503108877,151.28652177082495,118.102687761411,0.0,0.0,0.0,0.0,0.0,0.0,0.0,0.0
2026-04-22 18:00:00,1,189.0,2026-05-05 06:00:00,12 days 12:00:00,-10.42,60.99,978.6,64.6,26.78416827476586,182.02848980126893,157.34274772517486,173.31292241004206,165.66112908414527,122.27400818759916,112.41016028313165,94.00514799009125,101.950386313405,26.78416827476586,21.79316162958864,19.057087587251733,21.112959298803343
2026-04-22 18:00:00,1,189.0,2026-05-05 12:00:00,12 days 18:00:00,-11.02,60.63,979.4,68.2,20.527570088320783,120.23523086640375,139.34594458098132,136.85189364328062,84.84340190065402,75.23863882164318,86.21576865648365,71.63081685128216,63.57235742189657,32.39230161757599,33.540263806029785,29.62362635446165,29.154977701521204
2026-04-22 18:00:00,1,189.0,2026-05-05 18:00:00,13 days 00:00:00,-11.56,60.15,970.4,79.1,69.95625410433564,185.13265745394492,246.97750283473897,230.4268172661145,169.93306100863992,85.43571507420438,103.27043161603008,90.1202910201734,73.75435649980415,42.98884839092767,69.95625410433564,38.592120408233455,38.592696667945376
2026-04-22 18:00:00,1,194.0,2026-05-02 18:00:00,10 days 00:00:00,11.9,135.04,1004.8,25.6,68.42123703550882,0.0,0.0,0.0,0.0,0.0,0.0,0.0,0.0,0.0,0.0,0.0,0.0
2026-04-22 18:00:00,1,194.0,2026-05-03 00:00:00,10 days 06:00:00,11.53,134.8,1002.9,31.0,76.73156932724865,0.0,0.0,0.0,0.0,0.0,0.0,0.0,0.0,0.0,0.0,0.0,0.0
2026-04-22 18:00:00,1,194.0,2026-05-03 06:00:00,10 days 12:00:00,11.47,134.08,1000.0,40.3,92.1058057207374,92.1058057207374,44.0264125988312,32.55552094847542,39.4743294050524,0.0,0.0,0.0,0.0,0.0,0.0,0.0,0.0
2026-04-22 18:00:00,1,194.0,2026-05-03 12:00:00,10 days 18:00:00,11.15,134.02,991.6,48.6,51.17870330959471,91.78260492724873,81.25115286263741,56.3430701119448,73.36955983118713,0.0,0.0,0.0,0.0,0.0,0.0,0.0,0.0
2026-04-22 18:00:00,1,194.0,2026-05-03 18:00:00,11 days 00:00:00,11.26,132.93,999.1,38.4,73.50597998258087,73.50597998258087,47.67208993239419,23.73461003024941,44.7023616229522,0.0,0.0,0.0,0.0,0.0,0.0,0.0,0.0
2026-04-22 18:00:00,1,194.0,2026-05-04 00:00:00,11 days 06:00:00,11.15,132.15,982.7,60.6,21.413472918484032,95.4122687454652,68.38180978706518,72.91067435048231,80.92834578370834,36.71787941429474,33.268219599802904,30.859888253763398,33.96280293979949,0.0,0.0,0.0,0.0
2026-04-22 18:00:00,1,194.0,2026-05-04 06:00:00,11 days 12:00:00,11.01,130.99,997.8,38.2,51.30549043491264,51.30549043491264,0.0,0.0,0.2235300663864166,0.0,0.0,0.0,0.0,0.0,0.0,0.0,0.0
2026-04-22 18:00:00,1,194.0,2026-05-04 12:00:00,11 days 18:00:00,11.11,129.97,1001.0,32.8,56.9570087284686,0.0,0.0,0.0,0.0,0.0,0.0,0.0,0.0,0.0,0.0,0.0,0.0
2026-04-22 18:00:00,1,194.0,2026-05-04 18:00:00,12 days 00:00:00,10.99,129.21,996.3,42.8,80.28489870449201,129.16265450157513,106.05422507189512,89.11614818709315,119.34004503215895,0.0,0.0,0.0,0.0,0.0,0.0,0.0,0.0
2026-04-22 18:00:00,1,194.0,2026-05-05 00:00:00,12 days 06:00:00,11.3,127.83,1002.2,34.3,84.693659358744,88.65144445840824,72.2917043217455,40.19529442272341,63.41074243686096,0.0,0.0,0.0,0.0,0.0,0.0,0.0,0.0
2026-04-22 18:00:00,1,194.0,2026-05-05 06:00:00,12 days 12:00:00,11.84,126.93,999.4,43.7,78.53624825614054,137.16928224159028,116.95022400425503,69.95809447782868,98.05695199731932,0.0,0.0,0.0,0.0,0.0,0.0,0.0,0.0
2026-04-22 18:00:00,1,194.0,2026-05-05 12:00:00,12 days 18:00:00,11.46,126.09,986.9,58.1,21.33196716865796,126.47113357767932,106.96253434244711,89.65930035144812,122.32082618845268,50.4240351655268,43.70598784215872,33.655672022620664,41.1479287312783,0.0,0.0,0.0,0.0
2026-04-22 18:00:00,1,194.0,2026-05-05 18:00:00,13 days 00:00:00,11.62,125.11,994.7,48.6,42.83860050095895,135.01369047312534,107.39710518601092,77.23905059739427,107.47540158276308,0.0,0.0,0.0,0.0,0.0,0.0,0.0,0.0
2026-04-22 18:00:00,2,195.0,2026-05-05 00:00:00,12 days 06:00:00,-8.04,48.83,1004.4,29.1,87.77724110408387,0.0,0.0,0.0,0.0,0.0,0.0,0.0,0.0,0.0,0.0,0.0,0.0
2026-04-22 18:00:00,2,195.0,2026-05-05 06:00:00,12 days 12:00:00,-8.48,47.99,997.7,50.7,33.109562491480254,91.78947477748108,93.12572547816076,82.06966477950029,82.58321860560109,0.0510615335677493,0.0,0.4573364367847101,33.109562491480254,0.0,0.0,0.0,0.0
2026-04-22 18:00:00,2,195.0,2026-05-05 12:00:00,12 days 18:00:00,-8.56,47.34,996.0,49.5,13.46115966604675,43.26377891965889,49.81171945800479,36.851632643151575,43.24468648652711,0.0,0.0,0.0,0.0,0.0,0.0,0.0,0.0
2026-04-22 18:00:00,2,195.0,2026-05-05 18:00:00,13 days 00:00:00,-8.51,46.26,994.5,44.1,58.25178883342835,142.25774998268378,148.0575147400989,128.58131446672485,130.98064310765946,0.0,0.0,0.0,0.0,0.0,0.0,0.0,0.0
2026-04-22 18:00:00,4,202.0,2026-05-04 00:00:00,11 days 06:00:00,7.69,70.37,1002.1,21.5,90.15229392332417,0.0,0.0,0.0,0.0,0.0,0.0,0.0,0.0,0.0,0.0,0.0,0.0
2026-04-22 18:00:00,4,202.0,2026-05-04 06:00:00,11 days 12:00:00,6.81,69.91,1000.7,24.6,67.17432516112463,0.0,0.0,0.0,0.0,0.0,0.0,0.0,0.0,0.0,0.0,0.0,0.0
2026-04-22 18:00:00,4,202.0,2026-05-04 12:00:00,11 days 18:00:00,7.19,69.31,1000.9,26.0,60.54309617628587,0.0,0.0,0.0,0.0,0.0,0.0,0.0,0.0,0.0,0.0,0.0,0.0
2026-04-22 18:00:00,4,202.0,2026-05-04 18:00:00,12 days 00:00:00,7.44,68.47,996.2,37.6,36.316674377251054,0.0,0.0,1.072162663858604,36.316674377251054,0.0,0.0,0.0,0.0,0.0,0.0,0.0,0.0
2026-04-22 18:00:00,4,202.0,2026-05-05 00:00:00,12 days 06:00:00,8.34,68.19,1001.1,35.9,121.7583790824878,121.7583790824878,77.43154970210588,57.554803966965245,66.5800201662293,0.0,0.0,0.0,0.0,0.0,0.0,0.0,0.0
2026-04-22 18:00:00,4,202.0,2026-05-05 06:00:00,12 days 12:00:00,9.17,67.67,997.5,36.7,48.72927818007909,8.92199242265585,9.735363964058404,48.72927818007909,6.980816702971748,0.0,0.0,0.0,0.0,0.0,0.0,0.0,0.0
2026-04-22 18:00:00,4,202.0,2026-05-05 12:00:00,12 days 18:00:00,9.4,66.74,998.7,28.0,92.58127830789728,0.0,0.0,0.0,0.0,0.0,0.0,0.0,0.0,0.0,0.0,0.0,0.0
2026-04-22 18:00:00,4,202.0,2026-05-05 18:00:00,13 days 00:00:00,9.79,65.58,1000.4,32.1,91.24555848930224,0.0,0.0,0.0,0.0,0.0,0.0,0.0,0.0,0.0,0.0,0.0,0.0
2026-04-22 18:00:00,1,203.0,2026-04-30 18:00:00,8 days 00:00:00,8.37,133.06,1008.1,22.3,85.44903815083502,0.0,0.0,0.0,0.0,0.0,0.0,0.0,0.0,0.0,0.0,0.0,0.0
2026-04-22 18:00:00,1,203.0,2026-05-01 00:00:00,8 days 06:00:00,8.17,131.95,1010.0,15.5,82.41351244448711,0.0,0.0,0.0,0.0,0.0,0.0,0.0,0.0,0.0,0.0,0.0,0.0
2026-04-22 18:00:00,1,203.0,2026-05-01 06:00:00,8 days 12:00:00,8.19,131.02,1007.5,19.3,107.94303752748532,0.0,0.0,0.0,0.0,0.0,0.0,0.0,0.0,0.0,0.0,0.0,0.0
2026-04-22 18:00:00,1,203.0,2026-05-01 12:00:00,8 days 18:00:00,9.1,131.51,1005.8,16.3,66.99817269629932,0.0,0.0,0.0,0.0,0.0,0.0,0.0,0.0,0.0,0.0,0.0,0.0
2026-04-22 18:00:00,1,203.0,2026-05-01 18:00:00,9 days 00:00:00,9.42,130.96,1004.0,23.4,49.10808844416584,0.0,0.0,0.0,0.0,0.0,0.0,0.0,0.0,0.0,0.0,0.0,0.0
2026-04-22 18:00:00,1,203.0,2026-05-02 00:00:00,9 days 06:00:00,9.36,130.83,1006.2,20.5,102.75638477661629,0.0,0.0,0.0,0.0,0.0,0.0,0.0,0.0,0.0,0.0,0.0,0.0
2026-04-22 18:00:00,1,203.0,2026-05-02 06:00:00,9 days 12:00:00,9.62,130.1,1003.4,26.4,53.692677006409376,0.0,0.0,0.0,0.0,0.0,0.0,0.0,0.0,0.0,0.0,0.0,0.0
2026-04-22 18:00:00,1,203.0,2026-05-02 12:00:00,9 days 18:00:00,9.53,129.58,1002.0,37.3,44.218046157276405,44.218046157276405,26.956599524223744,25.284189888689763,31.823148365053385,0.0,0.0,0.0,0.0,0.0,0.0,0.0,0.0
2026-04-22 18:00:00,1,203.0,2026-05-02 18:00:00,10 days 00:00:00,9.36,128.95,999.1,40.2,42.89842914038319,27.67629020838259,42.89842914038319,20.753779627447813,27.17390172015671,0.0,0.0,0.0,0.0,0.0,0.0,0.0,0.0
2026-04-22 18:00:00,1,203.0,2026-05-03 00:00:00,10 days 06:00:00,9.68,128.37,999.9,40.9,37.5041047173603,88.86377213746213,78.54587070601735,55.64844545660528,77.53671081877276,0.0,0.0,0.0,0.0,0.0,0.0,0.0,0.0
2026-04-22 18:00:00,1,203.0,2026-05-03 06:00:00,10 days 12:00:00,9.66,127.94,997.6,41.5,48.24461027667803,48.9563796243923,39.346131154743375,32.49646721714271,43.052640555560345,0.0,0.0,0.0,0.0,0.0,0.0,0.0,0.0
2026-04-22 18:00:00,1,203.0,2026-05-03 12:00:00,10 days 18:00:00,9.74,127.59,982.7,63.2,15.718526152846309,56.10793106113758,53.82759194153199,72.67785874982167,74.0172047690577,52.64917461419064,43.80134214410037,37.583314768384106,49.59074071346969,0.0,0.0,0.0,0.0
2026-04-22 18:00:00,1,203.0,2026-05-03 18:00:00,11 days 00:00:00,9.49,127.13,990.7,50.9,16.79002261919419,78.13151030430708,73.11578552322213,82.59944278224717,81.02667813009792,19.598879440097495,18.43793471935541,15.651992980475717,17.597750085700483,0.0,0.0,0.0,0.0
2026-04-22 18:00:00,1,203.0,2026-05-04 00:00:00,11 days 06:00:00,9.86,126.95,990.8,56.1,18.50485474324577,87.97629195380263,70.64863214417443,66.70117686587645,84.18424808534645,38.76273563070188,31.00580509823592,24.000028240676365,33.43499454502627,0.0,0.0,0.0,0.0
2026-04-22 18:00:00,1,203.0,2026-05-04 06:00:00,11 days 12:00:00,9.43,126.22,993.3,48.3,20.328230873422903,34.32163865329326,36.80094891586528,39.11613737735783,38.1104795176992,0.0,0.0,0.0,0.0,0.0,0.0,0.0,0.0
2026-04-22 18:00:00,1,203.0,2026-05-04 12:00:00,11 days 18:00:00,10.13,126.41,997.0,50.6,24.453507791881187,84.10514096672773,76.44191426384793,70.5972978994389,77.22842334607023,42.86207161237284,37.82807311761269,28.144596505691418,35.771715020214046,0.0,0.0,0.0,0.0
2026-04-22 18:00:00,1,203.0,2026-05-04 18:00:00,12 days 00:00:00,10.35,125.59,998.3,42.5,42.43615732487571,46.13605429543208,42.377620285831306,40.62253064685783,41.92089511032977,0.0,0.0,0.0,0.0,0.0,0.0,0.0,0.0
2026-04-22 18:00:00,1,203.0,2026-05-05 00:00:00,12 days 06:00:00,10.23,125.03,1001.1,40.3,43.26541314866145,32.04707235598405,43.26541314866145,32.874383557473905,29.41070033763505,0.0,0.0,0.0,0.0,0.0,0.0,0.0,0.0
2026-04-22 18:00:00,1,203.0,2026-05-05 06:00:00,12 days 12:00:00,10.13,124.34,999.4,33.8,33.55599130312565,0.0,0.0,0.0,0.0,0.0,0.0,0.0,0.0,0.0,0.0,0.0,0.0
2026-04-22 18:00:00,1,203.0,2026-05-05 12:00:00,12 days 18:00:00,10.47,123.69,1002.9,24.1,31.36934416943207,0.0,0.0,0.0,0.0,0.0,0.0,0.0,0.0,0.0,0.0,0.0,0.0
2026-04-22 18:00:00,1,203.0,2026-05-05 18:00:00,13 days 00:00:00,10.16,122.84,1002.7,27.5,39.11600117561666,0.0,0.0,0.0,0.0,0.0,0.0,0.0,0.0,0.0,0.0,0.0,0.0
2026-04-22 18:00:00,3,203.0,2026-05-03 06:00:00,10 days 12:00:00,-8.61,56.28,1005.2,28.3,134.08891354851494,0.0,0.0,0.0,0.0,0.0,0.0,0.0,0.0,0.0,0.0,0.0,0.0
2026-04-22 18:00:00,3,203.0,2026-05-03 12:00:00,10 days 18:00:00,-9.23,55.29,1001.4,31.4,38.26995349988526,0.0,0.0,0.0,0.0,0.0,0.0,0.0,0.0,0.0,0.0,0.0,0.0
2026-04-22 18:00:00,3,203.0,2026-05-03 18:00:00,11 days 00:00:00,-9.65,54.12,1001.8,38.3,59.618702688692025,77.96700150529142,83.14294700132261,70.17756437226149,72.09514432611452,0.0,0.0,0.0,0.0,0.0,0.0,0.0,0.0
2026-04-22 18:00:00,3,203.0,2026-05-04 00:00:00,11 days 06:00:00,-9.95,53.27,997.6,36.8,57.597294729594616,0.0,57.597294729594616,0.0,0.0,0.0,0.0,0.0,0.0,0.0,0.0,0.0,0.0
2026-04-22 18:00:00,3,203.0,2026-05-04 06:00:00,11 days 12:00:00,-9.95,52.56,993.2,43.1,71.47811692443749,167.56981474180986,168.49217973282236,141.948302196617,144.70415344333185,0.0,0.0,0.0,0.0,0.0,0.0,0.0,0.0
2026-04-22 18:00:00,3,203.0,2026-05-04 12:00:00,11 days 18:00:00,-10.16,52.39,994.0,47.9,29.3140064060957,123.6742626852266,142.62926857022475,121.75677612489392,112.57046821764747,0.0,0.0,0.0,0.0,0.0,0.0,0.0,0.0
2026-04-22 18:00:00,3,203.0,2026-05-04 18:00:00,12 days 00:00:00,-10.21,52.12,984.9,58.0,47.90066220406784,149.1980299906299,168.53324244610425,146.45556523986244,128.66860208815297,0.0,0.2160171919178872,47.90066220406784,0.0,0.0,0.0,0.0,0.0
2026-04-22 18:00:00,3,203.0,2026-05-05 00:00:00,12 days 06:00:00,-10.37,51.59,990.3,47.1,41.85779528793192,207.23271638492756,228.2786216046412,199.4029170766348,185.3682019550628,0.0,0.0,0.0,0.0,0.0,0.0,0.0,0.0
2026-04-22 18:00:00,3,203.0,2026-05-05 06:00:00,12 days 12:00:00,-10.53,51.09,986.7,59.3,29.538181974309246,190.7391851387967,210.5232282213417,197.33197533781276,175.25755681073332,13.493834933315506,29.538181974309246,14.108850256761023,10.490119886527786,0.0,0.0,0.0,0.0
2026-04-22 18:00:00,3,203.0,2026-05-05 12:00:00,12 days 18:00:00,-10.59,50.65,987.5,49.0,66.94402540808089,160.82190490612092,189.0569991130779,170.3843466864319,146.96954762068378,0.0,0.0,0.0,0.0,0.0,0.0,0.0,0.0
2026-04-22 18:00:00,3,203.0,2026-05-05 18:00:00,13 days 00:00:00,-10.56,50.59,990.8,55.0,43.05010620242392,221.7499878404697,224.86471015095617,192.5784953110233,188.1933144258921,20.27547240836394,43.05010620242392,14.541704935200514,14.780759276017744,0.0,0.0,0.0,0.0
2026-04-22 18:00:00,0,207.0,2026-05-01 12:00:00,8 days 18:00:00,-7.77,60.78,1008.8,15.7,127.56634405090853,0.0,0.0,0.0,0.0,0.0,0.0,0.0,0.0,0.0,0.0,0.0,0.0
2026-04-22 18:00:00,0,207.0,2026-05-01 18:00:00,9 days 00:00:00,-7.27,59.52,1007.5,18.1,81.3080900140913,0.0,0.0,0.0,0.0,0.0,0.0,0.0,0.0,0.0,0.0,0.0,0.0
2026-04-22 18:00:00,0,207.0,2026-05-02 00:00:00,9 days 06:00:00,-7.09,57.49,1006.7,25.5,77.60213427140275,0.0,0.0,0.0,0.0,0.0,0.0,0.0,0.0,0.0,0.0,0.0,0.0
2026-04-22 18:00:00,0,207.0,2026-05-02 06:00:00,9 days 12:00:00,-7.55,57.29,1008.6,15.6,138.1710667348948,0.0,0.0,0.0,0.0,0.0,0.0,0.0,0.0,0.0,0.0,0.0,0.0
2026-04-22 18:00:00,0,207.0,2026-05-02 12:00:00,9 days 18:00:00,-6.27,55.86,1004.7,23.4,79.23427282024502,0.0,0.0,0.0,0.0,0.0,0.0,0.0,0.0,0.0,0.0,0.0,0.0
2026-04-22 18:00:00,0,207.0,2026-05-02 18:00:00,10 days 00:00:00,-6.15,54.39,1005.0,24.5,80.0534191052132,0.0,0.0,0.0,0.0,0.0,0.0,0.0,0.0,0.0,0.0,0.0,0.0
2026-04-22 18:00:00,0,207.0,2026-05-03 00:00:00,10 days 06:00:00,-6.63,53.58,999.6,35.1,100.88447308956668,100.88447308956668,11.338929716496867,6.319249124567635,10.082054512953954,0.0,0.0,0.0,0.0,0.0,0.0,0.0,0.0
2026-04-22 18:00:00,0,207.0,2026-05-03 06:00:00,10 days 12:00:00,-7.45,52.14,999.4,34.8,109.28947990630958,109.28947990630958,0.0,0.0,0.0,0.0,0.0,0.0,0.0,0.0,0.0,0.0,0.0
2026-04-22 18:00:00,0,207.0,2026-05-03 12:00:00,10 days 18:00:00,-7.32,51.31,996.8,32.9,80.15269351556353,0.0,0.0,0.0,0.0,0.0,0.0,0.0,0.0,0.0,0.0,0.0,0.0
2026-04-22 18:00:00,0,207.0,2026-05-03 18:00:00,11 days 00:00:00,-7.66,50.08,1000.4,33.2,67.40452882587962,0.0,0.0,0.0,0.0,0.0,0.0,0.0,0.0,0.0,0.0,0.0,0.0
2026-04-22 18:00:00,0,207.0,2026-05-04 00:00:00,11 days 06:00:00,-7.94,48.89,999.4,37.0,91.91328200990304,0.0,0.786386908674837,0.2173106675879896,91.91328200990304,0.0,0.0,0.0,0.0,0.0,0.0,0.0,0.0
2026-04-22 18:00:00,0,207.0,2026-05-04 06:00:00,11 days 12:00:00,-8.25,47.69,997.1,39.4,39.80242135885384,2.9930127621865354,7.4523404856149025,39.80242135885384,1.9287216754608132,0.0,0.0,0.0,0.0,0.0,0.0,0.0,0.0
2026-04-22 18:00:00,0,207.0,2026-05-04 12:00:00,11 days 18:00:00,-8.89,46.94,997.4,44.5,58.64502795615539,168.2492826394614,176.6297979275348,144.7182293555636,150.53710759812589,0.0,0.0,0.0,0.0,0.0,0.0,0.0,0.0
2026-04-22 18:00:00,0,207.0,2026-05-04 18:00:00,12 days 00:00:00,-8.82,45.62,998.0,39.6,79.45474047302118,79.45474047302118,39.93933589912173,24.261962342508447,34.90044510692654,0.0,0.0,0.0,0.0,0.0,0.0,0.0,0.0
2026-04-22 18:00:00,0,207.0,2026-05-05 00:00:00,12 days 06:00:00,-9.33,44.19,994.8,48.8,33.53039329876393,267.63090170829946,276.99602321164525,244.3111488101281,236.14303473964603,0.0,0.0,0.0,0.0,0.0,0.0,0.0,0.0
2026-04-22 18:00:00,0,207.0,2026-05-05 06:00:00,12 days 12:00:00,-9.28,43.13,1002.8,48.7,98.7232670405767,453.4438873878031,461.85597834795294,403.5155231253082,400.9450160104361,0.0,0.0,0.0,0.0,0.0,0.0,0.0,0.0
2026-04-22 18:00:00,0,207.0,2026-05-05 12:00:00,12 days 18:00:00,-9.57,42.26,996.6,56.3,37.03082396450964,177.8383312060439,209.0346946979957,171.1978023461989,150.74795051039604,37.03082396450964,0.0,0.3953000291569125,0.0,0.0,0.0,0.0,0.0
2026-04-22 18:00:00,0,207.0,2026-05-05 18:00:00,13 days 00:00:00,-9.67,41.41,991.0,51.9,62.3442973111511,186.18305089469075,184.56436273570725,174.27511699719554,176.86106712647023,11.1008809756689,62.3442973111511,12.73459747922564,10.01267096358629,0.0,0.0,0.0,0.0
2026-04-22 18:00:00,1,207.0,2026-05-03 00:00:00,10 days 06:00:00,10.6,127.95,1005.1,21.8,105.6844524146848,0.0,0.0,0.0,0.0,0.0,0.0,0.0,0.0,0.0,0.0,0.0,0.0
2026-04-22 18:00:00,1,207.0,2026-05-03 06:00:00,10 days 12:00:00,10.82,126.51,1005.1,17.2,106.2767705550702,0.0,0.0,0.0,0.0,0.0,0.0,0.0,0.0,0.0,0.0,0.0,0.0
2026-04-22 18:00:00,1,207.0,2026-05-03 12:00:00,10 days 18:00:00,10.09,126.42,1007.8,21.3,48.61765830899612,0.0,0.0,0.0,0.0,0.0,0.0,0.0,0.0,0.0,0.0,0.0,0.0
2026-04-22 18:00:00,1,207.0,2026-05-03 18:00:00,11 days 00:00:00,9.91,125.48,1007.4,23.2,42.5231496034704,0.0,0.0,0.0,0.0,0.0,0.0,0.0,0.0,0.0,0.0,0.0,0.0
2026-04-22 18:00:00,1,207.0,2026-05-04 00:00:00,11 days 06:00:00,10.05,123.77,1007.6,22.1,91.51835662749178,0.0,0.0,0.0,0.0,0.0,0.0,0.0,0.0,0.0,0.0,0.0,0.0
2026-04-22 18:00:00,1,207.0,2026-05-04 06:00:00,11 days 12:00:00,10.41,122.99,1004.9,22.0,50.734835703150594,0.0,0.0,0.0,0.0,0.0,0.0,0.0,0.0,0.0,0.0,0.0,0.0
2026-04-22 18:00:00,1,207.0,2026-05-04 12:00:00,11 days 18:00:00,9.94,121.36,1005.0,23.4,73.45956622375765,0.0,0.0,0.0,0.0,0.0,0.0,0.0,0.0,0.0,0.0,0.0,0.0
2026-04-22 18:00:00,1,207.0,2026-05-04 18:00:00,12 days 00:00:00,10.5,120.29,999.5,33.2,76.90429001699991,0.0,0.0,0.0,0.0,0.0,0.0,0.0,0.0,0.0,0.0,0.0,0.0
2026-04-22 18:00:00,1,207.0,2026-05-05 00:00:00,12 days 06:00:00,10.09,119.07,1007.0,21.4,42.77311115814666,0.0,0.0,0.0,0.0,0.0,0.0,0.0,0.0,0.0,0.0,0.0,0.0
2026-04-22 18:00:00,1,207.0,2026-05-05 06:00:00,12 days 12:00:00,10.06,117.05,1007.5,17.8,84.0701666310297,0.0,0.0,0.0,0.0,0.0,0.0,0.0,0.0,0.0,0.0,0.0,0.0
2026-04-22 18:00:00,1,207.0,2026-05-05 12:00:00,12 days 18:00:00,10.14,115.52,996.3,36.3,70.50654318435,82.64389910748459,72.11860117059328,65.1927776250536,72.72962971613742,0.0,0.0,0.0,0.0,0.0,0.0,0.0,0.0
2026-04-22 18:00:00,1,207.0,2026-05-05 18:00:00,13 days 00:00:00,10.01,114.66,994.1,46.4,45.18917726230667,109.8645726283372,99.60076850162012,78.55076711590425,88.64957841114976,0.0,0.0,0.0,0.0,0.0,0.0,0.0,0.0
2026-04-22 18:00:00,1,209.0,2026-05-04 00:00:00,11 days 06:00:00,7.0,68.01,1001.9,26.2,105.26880286413464,0.0,0.0,0.0,0.0,0.0,0.0,0.0,0.0,0.0,0.0,0.0,0.0
2026-04-22 18:00:00,1,209.0,2026-05-04 06:00:00,11 days 12:00:00,7.42,68.09,1005.3,21.4,82.16828321936244,0.0,0.0,0.0,0.0,0.0,0.0,0.0,0.0,0.0,0.0,0.0,0.0
2026-04-22 18:00:00,1,209.0,2026-05-04 12:00:00,11 days 18:00:00,8.02,68.5,1002.5,20.1,78.84362823384937,0.0,0.0,0.0,0.0,0.0,0.0,0.0,0.0,0.0,0.0,0.0,0.0
2026-04-22 18:00:00,1,209.0,2026-05-04 18:00:00,12 days 00:00:00,7.82,69.03,1002.8,26.6,71.89553982505875,0.0,0.0,0.0,0.0,0.0,0.0,0.0,0.0,0.0,0.0,0.0,0.0
2026-04-22 18:00:00,1,209.0,2026-05-05 00:00:00,12 days 06:00:00,8.57,69.44,1005.2,26.7,80.53643572659784,0.0,0.0,0.0,0.0,0.0,0.0,0.0,0.0,0.0,0.0,0.0,0.0
2026-04-22 18:00:00,1,209.0,2026-05-05 06:00:00,12 days 12:00:00,8.55,69.44,1002.7,28.7,76.81253622661474,0.0,0.0,0.0,0.0,0.0,0.0,0.0,0.0,0.0,0.0,0.0,0.0
2026-04-22 18:00:00,1,209.0,2026-05-05 12:00:00,12 days 18:00:00,9.28,68.89,1006.7,23.2,103.46587672514836,0.0,0.0,0.0,0.0,0.0,0.0,0.0,0.0,0.0,0.0,0.0,0.0
2026-04-22 18:00:00,1,209.0,2026-05-05 18:00:00,13 days 00:00:00,10.69,68.54,995.1,36.7,83.67819594815688,109.71951761858696,95.07702453141027,86.06739642381031,98.75173561556674,0.0,0.0,0.0,0.0,0.0,0.0,0.0,0.0
2026-04-22 18:00:00,0,210.0,2026-05-01 00:00:00,8 days 06:00:00,8.4,138.11,1008.2,15.7,172.0120393911219,0.0,0.0,0.0,0.0,0.0,0.0,0.0,0.0,0.0,0.0,0.0,0.0
2026-04-22 18:00:00,0,210.0,2026-05-01 06:00:00,8 days 12:00:00,8.53,138.02,1011.9,13.6,159.23805308371567,0.0,0.0,0.0,0.0,0.0,0.0,0.0,0.0,0.0,0.0,0.0,0.0
2026-04-22 18:00:00,0,210.0,2026-05-01 12:00:00,8 days 18:00:00,8.85,137.52,1009.4,14.1,96.05312175860904,0.0,0.0,0.0,0.0,0.0,0.0,0.0,0.0,0.0,0.0,0.0,0.0
2026-04-22 18:00:00,0,210.0,2026-05-01 18:00:00,9 days 00:00:00,9.01,136.93,1006.8,14.6,61.094503554804646,0.0,0.0,0.0,0.0,0.0,0.0,0.0,0.0,0.0,0.0,0.0,0.0
2026-04-22 18:00:00,0,210.0,2026-05-02 00:00:00,9 days 06:00:00,9.09,136.49,1009.2,14.7,124.2363271252798,0.0,0.0,0.0,0.0,0.0,0.0,0.0,0.0,0.0,0.0,0.0,0.0
2026-04-22 18:00:00,0,210.0,2026-05-02 06:00:00,9 days 12:00:00,9.21,135.46,1006.9,19.5,77.03972196995196,0.0,0.0,0.0,0.0,0.0,0.0,0.0,0.0,0.0,0.0,0.0,0.0
2026-04-22 18:00:00,0,210.0,2026-05-02 12:00:00,9 days 18:00:00,8.91,134.82,1000.6,35.7,40.0493816564891,40.0493816564891,6.027695460517023,0.3210016289150506,8.629473860604024,0.0,0.0,0.0,0.0,0.0,0.0,0.0,0.0
2026-04-22 18:00:00,0,210.0,2026-05-02 18:00:00,10 days 00:00:00,9.09,133.9,999.2,33.8,39.52563982814904,0.0,0.0,0.0,0.0,0.0,0.0,0.0,0.0,0.0,0.0,0.0,0.0
2026-04-22 18:00:00,0,210.0,2026-05-03 00:00:00,10 days 06:00:00,8.8,132.9,989.9,57.5,0.0,102.77059469481291,87.02538390575859,79.37561576211385,99.37251913905148,38.30300130943164,33.00137151563955,25.642600535330057,30.238529360547226,0.0,0.0,0.0,0.0
2026-04-22 18:00:00,0,210.0,2026-05-03 06:00:00,10 days 12:00:00,8.69,131.65,979.4,65.6,25.731167641059034,130.45443341829022,97.99367522729425,97.73297324383276,119.60890520049811,71.74617014177093,63.308899884190254,55.7897492442924,65.83028963215494,44.26056784912544,39.5606789803433,33.39342675545073,38.93977388527821
2026-04-22 18:00:00,0,210.0,2026-05-03 12:00:00,10 days 18:00:00,8.32,130.66,984.6,57.6,8.61166088059089,111.24129430332206,89.99749773963747,84.15678080444467,96.849731934687,8.61166088059089,5.04717574281395,4.7240140620438655,7.403513176922814,0.0,0.0,0.0,0.0
2026-04-22 18:00:00,0,210.0,2026-05-03 18:00:00,11 days 00:00:00,8.29,129.59,994.5,47.6,37.55587174975874,145.68909537538758,126.70204213181276,127.07554708629124,145.82773521326015,0.0,0.0,0.0,0.0,0.0,0.0,0.0,0.0
2026-04-22 18:00:00,0,210.0,2026-05-04 00:00:00,11 days 06:00:00,8.52,128.58,1004.3,24.5,39.9497324055269,0.0,0.0,0.0,0.0,0.0,0.0,0.0,0.0,0.0,0.0,0.0,0.0
2026-04-22 18:00:00,0,210.0,2026-05-04 06:00:00,11 days 12:00:00,8.82,128.32,1002.0,28.8,56.36634072652403,0.0,0.0,0.0,0.0,0.0,0.0,0.0,0.0,0.0,0.0,0.0,0.0
2026-04-22 18:00:00,0,210.0,2026-05-04 12:00:00,11 days 18:00:00,8.57,127.43,1002.2,24.0,89.17332511218268,0.0,0.0,0.0,0.0,0.0,0.0,0.0,0.0,0.0,0.0,0.0,0.0
2026-04-22 18:00:00,0,210.0,2026-05-04 18:00:00,12 days 00:00:00,8.75,126.84,1003.1,25.4,49.40151932350184,0.0,0.0,0.0,0.0,0.0,0.0,0.0,0.0,0.0,0.0,0.0,0.0
2026-04-22 18:00:00,1,211.0,2026-05-02 06:00:00,9 days 12:00:00,-6.49,60.78,1009.0,15.2,88.5111398126073,0.0,0.0,0.0,0.0,0.0,0.0,0.0,0.0,0.0,0.0,0.0,0.0
2026-04-22 18:00:00,1,211.0,2026-05-02 12:00:00,9 days 18:00:00,-6.7,60.27,1001.8,24.3,77.93794670881913,0.0,0.0,0.0,0.0,0.0,0.0,0.0,0.0,0.0,0.0,0.0,0.0
2026-04-22 18:00:00,1,211.0,2026-05-02 18:00:00,10 days 00:00:00,-8.01,59.05,1002.4,32.7,96.43962215984676,0.0,0.0,0.0,0.0,0.0,0.0,0.0,0.0,0.0,0.0,0.0,0.0
2026-04-22 18:00:00,1,211.0,2026-05-03 00:00:00,10 days 06:00:00,-8.03,58.63,1005.2,25.6,53.86216422208939,0.0,0.0,0.0,0.0,0.0,0.0,0.0,0.0,0.0,0.0,0.0,0.0
2026-04-22 18:00:00,1,211.0,2026-05-03 06:00:00,10 days 12:00:00,-8.11,58.3,999.0,40.7,130.2130695573178,0.1109020391499413,130.2130695573178,0.3204325540473789,0.0,0.0,0.0,0.0,0.0,0.0,0.0,0.0,0.0
2026-04-22 18:00:00,1,211.0,2026-05-03 12:00:00,10 days 18:00:00,-8.41,57.74,998.4,39.0,46.57481577816606,27.03068393489809,46.57481577816606,30.94039645330272,26.48107857719974,0.0,0.0,0.0,0.0,0.0,0.0,0.0,0.0
2026-04-22 18:00:00,1,211.0,2026-05-03 18:00:00,11 days 00:00:00,-8.49,57.96,996.8,45.0,106.1187389490216,194.65457806218205,181.1171665604305,142.9035300552055,164.7500127349195,0.0,0.0,0.0,0.0,0.0,0.0,0.0,0.0
2026-04-22 18:00:00,1,211.0,2026-05-04 00:00:00,11 days 06:00:00,-8.91,58.5,1000.4,37.3,112.04631985042376,112.04631985042376,21.309485672619605,21.584090133634177,21.17583150866872,0.0,0.0,0.0,0.0,0.0,0.0,0.0,0.0
2026-04-22 18:00:00,1,211.0,2026-05-04 06:00:00,11 days 12:00:00,-9.3,59.35,998.8,43.5,88.20407655655288,88.20407655655288,74.94423192804922,60.417346854260266,66.10902783449245,0.0,0.0,0.0,0.0,0.0,0.0,0.0,0.0
2026-04-22 18:00:00,1,211.0,2026-05-04 12:00:00,11 days 18:00:00,-10.27,60.43,997.0,47.8,37.74378446602563,196.6930687231792,200.1230355600829,168.68970654014407,169.8367402459188,0.0,0.0,0.0,0.0,0.0,0.0,0.0,0.0
2026-04-22 18:00:00,1,211.0,2026-05-04 18:00:00,12 days 00:00:00,-11.15,61.31,994.2,51.3,37.84541643165616,191.19644404848685,184.6421163188235,165.70974197770354,172.35979190819023,37.84541643165616,11.00541150573708,9.651847518411367,11.29267808458642,0.0,0.0,0.0,0.0
2026-04-22 18:00:00,1,211.0,2026-05-05 00:00:00,12 days 06:00:00,-12.35,62.4,987.4,65.6,37.70585871198267,179.98961131225474,175.11859591924002,153.1609944718195,155.39732395070374,99.62298691531645,95.10404444890412,81.57159420529415,82.1528090996378,31.31931130089788,37.70585871198267,26.086536232363684,27.088042930377487
2026-04-22 18:00:00,1,211.0,2026-05-05 06:00:00,12 days 12:00:00,-13.43,63.2,967.1,85.9,48.07280176526376,143.27016476952662,139.84317465724482,125.70748176934616,121.61953514281186,48.07280176526376,48.07280176526376,0.0,0.5110441082068851,48.07280176526376,0.0,0.0,0.0
2026-04-22 18:00:00,1,211.0,2026-05-05 12:00:00,12 days 18:00:00,-14.66,64.19,961.3,103.2,11.942620693892472,130.32147052662066,138.9450116642705,134.24847050972411,117.5415739876268,94.07544812096332,96.78913973473816,85.72160008825114,81.45609865925951,59.314208697330095,58.1170047538634,51.35374777008092,52.194479620219184
2026-04-22 18:00:00,1,211.0,2026-05-05 18:00:00,13 days 00:00:00,-15.49,65.28,936.1,123.3,11.714397594241046,160.08067169099942,170.88514161756603,152.95291268695237,134.41042626751,62.62265005252946,50.04451268555971,46.33952631282189,50.35573022957174,16.1146367928989,12.585786150833032,10.001641131771644,14.401445373051253
2026-04-22 18:00:00,2,212.0,2026-05-05 00:00:00,12 days 06:00:00,10.88,127.8,1007.3,19.9,124.00142276765092,0.0,0.0,0.0,0.0,0.0,0.0,0.0,0.0,0.0,0.0,0.0,0.0
2026-04-22 18:00:00,2,212.0,2026-05-05 06:00:00,12 days 12:00:00,10.47,127.24,1001.3,34.1,69.92824262814976,69.92824262814976,0.6515799409761525,0.972877055531952,7.4578606948473265,0.0,0.0,0.0,0.0,0.0,0.0,0.0,0.0
2026-04-22 18:00:00,2,212.0,2026-05-05 12:00:00,12 days 18:00:00,10.99,127.18,1006.8,19.4,99.52812727891578,0.0,0.0,0.0,0.0,0.0,0.0,0.0,0.0,0.0,0.0,0.0,0.0
2026-04-22 18:00:00,2,212.0,2026-05-05 18:00:00,13 days 00:00:00,11.35,125.66,1006.8,19.5,57.66451848233041,0.0,0.0,0.0,0.0,0.0,0.0,0.0,0.0,0.0,0.0,0.0,0.0
2026-04-22 18:00:00,2,214.0,2026-05-04 00:00:00,11 days 06:00:00,-9.16,60.36,995.1,31.6,93.36024477267466,0.0,0.0,0.0,0.0,0.0,0.0,0.0,0.0,0.0,0.0,0.0,0.0
2026-04-22 18:00:00,2,214.0,2026-05-04 06:00:00,11 days 12:00:00,-9.26,59.27,1005.6,21.9,80.01719890164205,0.0,0.0,0.0,0.0,0.0,0.0,0.0,0.0,0.0,0.0,0.0,0.0
2026-04-22 18:00:00,2,214.0,2026-05-04 12:00:00,11 days 18:00:00,-8.81,58.94,1000.0,24.4,68.17133247845689,0.0,0.0,0.0,0.0,0.0,0.0,0.0,0.0,0.0,0.0,0.0,0.0
2026-04-22 18:00:00,2,214.0,2026-05-04 18:00:00,12 days 00:00:00,-9.24,57.68,1002.3,26.0,121.3034194922072,0.0,0.0,0.0,0.0,0.0,0.0,0.0,0.0,0.0,0.0,0.0,0.0
2026-04-22 18:00:00,2,214.0,2026-05-05 00:00:00,12 days 06:00:00,-9.11,57.83,995.5,36.4,110.2086234849198,210.12133608033676,219.6568413072323,175.51416336090304,175.00871099443256,0.0,0.0,0.0,0.0,0.0,0.0,0.0,0.0
2026-04-22 18:00:00,2,214.0,2026-05-05 06:00:00,12 days 12:00:00,-9.69,57.56,991.9,42.2,103.33714113622396,183.489895729187,174.91187839060865,146.5349477527759,151.55628289306836,0.0,0.0,0.0,0.0,0.0,0.0,0.0,0.0
2026-04-22 18:00:00,2,214.0,2026-05-05 12:00:00,12 days 18:00:00,-9.9,57.54,989.2,47.7,94.6606632822024,252.46247111565089,242.24848086413115,203.579925651234,206.1433134769143,0.0,0.0,0.0,0.0,0.0,0.0,0.0,0.0
2026-04-22 18:00:00,2,214.0,2026-05-05 18:00:00,13 days 00:00:00,-10.64,57.94,992.9,42.0,70.62309701481263,126.52300033785885,122.17577736579123,98.06754456850295,103.70000473653629,0.0,0.0,0.0,0.0,0.0,0.0,0.0,0.0
2026-04-22 18:00:00,5,217.0,2026-05-01 18:00:00,9 days 00:00:00,-6.82,63.88,1008.9,14.8,115.90779114065914,0.0,0.0,0.0,0.0,0.0,0.0,0.0,0.0,0.0,0.0,0.0,0.0
2026-04-22 18:00:00,5,217.0,2026-05-02 00:00:00,9 days 06:00:00,-6.54,63.26,1006.6,17.8,81.521523534653,0.0,0.0,0.0,0.0,0.0,0.0,0.0,0.0,0.0,0.0,0.0,0.0
2026-04-22 18:00:00,5,217.0,2026-05-02 06:00:00,9 days 12:00:00,-5.65,63.01,1008.8,20.0,130.32254712817948,0.0,0.0,0.0,0.0,0.0,0.0,0.0,0.0,0.0,0.0,0.0,0.0
2026-04-22 18:00:00,5,217.0,2026-05-02 12:00:00,9 days 18:00:00,-7.19,62.87,1007.1,20.4,87.79686643542476,0.0,0.0,0.0,0.0,0.0,0.0,0.0,0.0,0.0,0.0,0.0,0.0
2026-04-22 18:00:00,5,217.0,2026-05-02 18:00:00,10 days 00:00:00,-7.32,61.96,1006.9,21.5,100.17319067723814,0.0,0.0,0.0,0.0,0.0,0.0,0.0,0.0,0.0,0.0,0.0,0.0
2026-04-22 18:00:00,5,217.0,2026-05-03 00:00:00,10 days 06:00:00,-8.12,61.59,1007.3,22.6,72.03882628573359,0.0,0.0,0.0,0.0,0.0,0.0,0.0,0.0,0.0,0.0,0.0,0.0
2026-04-22 18:00:00,5,217.0,2026-05-03 06:00:00,10 days 12:00:00,-8.46,61.52,1002.6,30.9,53.45228370209553,0.0,0.0,0.0,0.0,0.0,0.0,0.0,0.0,0.0,0.0,0.0,0.0
2026-04-22 18:00:00,5,217.0,2026-05-03 12:00:00,10 days 18:00:00,-8.77,60.86,1003.7,23.5,63.04076433750878,0.0,0.0,0.0,0.0,0.0,0.0,0.0,0.0,0.0,0.0,0.0,0.0
2026-04-22 18:00:00,5,217.0,2026-05-03 18:00:00,11 days 00:00:00,-9.27,60.56,1002.6,30.7,84.25852362815692,0.0,0.0,0.0,0.0,0.0,0.0,0.0,0.0,0.0,0.0,0.0,0.0
2026-04-22 18:00:00,5,217.0,2026-05-04 00:00:00,11 days 06:00:00,-9.98,60.2,999.1,34.1,102.0284239184314,102.89536628209912,97.83565904242788,78.86595505017009,85.4611270412503,0.0,0.0,0.0,0.0,0.0,0.0,0.0,0.0
2026-04-22 18:00:00,5,217.0,2026-05-04 06:00:00,11 days 12:00:00,-10.46,59.44,997.6,35.8,59.28227303379161,102.22915516466784,104.48927137179064,89.20788294756842,87.085998066556,0.0,0.0,0.0,0.0,0.0,0.0,0.0,0.0
2026-04-22 18:00:00,5,217.0,2026-05-04 12:00:00,11 days 18:00:00,-10.92,58.83,995.3,41.5,74.94696519971853,147.00464789040495,155.87715714131147,142.47025186597585,135.96678045336978,0.0,0.0,0.0,0.0,0.0,0.0,0.0,0.0
2026-04-22 18:00:00,5,217.0,2026-05-04 18:00:00,12 days 00:00:00,-11.45,57.94,992.9,41.1,68.39986076465823,171.0974638877616,172.84906819879149,149.791882462402,149.9061554110541,0.0,0.0,0.0,0.0,0.0,0.0,0.0,0.0
2026-04-22 18:00:00,5,217.0,2026-05-05 00:00:00,12 days 06:00:00,-11.54,57.36,990.6,46.4,29.941466679055697,93.7604820157644,100.4976814714406,89.60753611741328,84.82173354790524,0.0,0.0,0.0,0.0,0.0,0.0,0.0,0.0
2026-04-22 18:00:00,5,217.0,2026-05-05 06:00:00,12 days 12:00:00,-11.55,56.61,996.8,44.5,50.36299453813261,130.75190998742647,133.0620150457489,118.78584704059844,118.17904317622728,0.0,0.0,0.0,0.0,0.0,0.0,0.0,0.0
2026-04-22 18:00:00,5,217.0,2026-05-05 12:00:00,12 days 18:00:00,-11.64,56.34,991.0,41.4,47.47391740566697,167.28305440779212,172.6224010336276,153.1458009454003,140.83555763987687,0.0,0.0,0.0,0.0,0.0,0.0,0.0,0.0
2026-04-22 18:00:00,5,217.0,2026-05-05 18:00:00,13 days 00:00:00,-11.52,55.78,992.2,44.4,77.90935358633891,2.803992737277829,4.104671633317934,2.0157419976078383,77.90935358633891,0.0,0.0,0.0,0.0,0.0,0.0,0.0,0.0
2026-04-22 18:00:00,4,219.0,2026-05-05 00:00:00,12 days 06:00:00,7.95,64.47,1009.5,22.8,116.45170016993715,0.0,0.0,0.0,0.0,0.0,0.0,0.0,0.0,0.0,0.0,0.0,0.0
2026-04-22 18:00:00,4,219.0,2026-05-05 06:00:00,12 days 12:00:00,8.55,64.27,1005.8,17.5,93.1053260546862,0.0,0.0,0.0,0.0,0.0,0.0,0.0,0.0,0.0,0.0,0.0,0.0
2026-04-22 18:00:00,4,219.0,2026-05-05 12:00:00,12 days 18:00:00,9.26,63.96,1000.0,33.6,60.07343261413679,0.0,0.0,0.0,0.0,0.0,0.0,0.0,0.0,0.0,0.0,0.0,0.0
2026-04-22 18:00:00,4,219.0,2026-05-05 18:00:00,13 days 00:00:00,9.67,63.45,1004.3,30.0,65.06026146799775,0.0,0.0,0.0,0.0,0.0,0.0,0.0,0.0,0.0,0.0,0.0,0.0
2026-04-22 18:00:00,0,221.0,2026-05-02 06:00:00,9 days 12:00:00,7.01,67.51,1008.1,17.7,78.42982055054425,0.0,0.0,0.0,0.0,0.0,0.0,0.0,0.0,0.0,0.0,0.0,0.0
2026-04-22 18:00:00,0,221.0,2026-05-02 12:00:00,9 days 18:00:00,7.26,66.49,1005.4,19.0,131.73177141122528,0.0,0.0,0.0,0.0,0.0,0.0,0.0,0.0,0.0,0.0,0.0,0.0
2026-04-22 18:00:00,0,221.0,2026-05-02 18:00:00,10 days 00:00:00,7.4,66.83,1006.3,16.1,125.86153581402068,0.0,0.0,0.0,0.0,0.0,0.0,0.0,0.0,0.0,0.0,0.0,0.0
2026-04-22 18:00:00,0,221.0,2026-05-03 00:00:00,10 days 06:00:00,8.34,66.45,1004.9,22.7,117.64863794751383,0.0,0.0,0.0,0.0,0.0,0.0,0.0,0.0,0.0,0.0,0.0,0.0
2026-04-22 18:00:00,0,221.0,2026-05-03 06:00:00,10 days 12:00:00,9.28,66.46,1000.0,29.2,66.49511096390249,0.0,0.0,0.0,0.0,0.0,0.0,0.0,0.0,0.0,0.0,0.0,0.0
2026-04-22 18:00:00,0,221.0,2026-05-03 12:00:00,10 days 18:00:00,9.91,66.21,997.3,39.9,79.79467040705708,79.79467040705708,70.48940428077807,72.98480052141468,74.71854236330213,0.0,0.0,0.0,0.0,0.0,0.0,0.0,0.0
2026-04-22 18:00:00,0,221.0,2026-05-03 18:00:00,11 days 00:00:00,9.9,65.66,995.7,40.1,55.4840480871635,98.79012148321118,91.90360657553244,84.15915744529997,93.58359184136724,0.0,0.0,0.0,0.0,0.0,0.0,0.0,0.0
2026-04-22 18:00:00,0,221.0,2026-05-04 00:00:00,11 days 06:00:00,10.04,65.81,991.9,41.4,71.17850173230451,162.7895753682601,158.64793976586702,145.4709718963685,145.66411076310624,0.0,0.0,0.0,0.0,0.0,0.0,0.0,0.0
2026-04-22 18:00:00,0,221.0,2026-05-04 06:00:00,11 days 12:00:00,10.27,65.79,999.8,33.8,102.01191945522788,0.0,0.0,0.0,0.0,0.0,0.0,0.0,0.0,0.0,0.0,0.0,0.0
2026-04-22 18:00:00,0,221.0,2026-05-04 12:00:00,11 days 18:00:00,10.77,65.58,989.0,52.8,20.88898744550621,161.90579901022986,145.61543951301385,119.61161652378496,128.49553361060998,24.82443475338669,22.91566156190645,14.802624264938617,17.58407766040159,0.0,0.0,0.0,0.0
2026-04-22 18:00:00,0,221.0,2026-05-04 18:00:00,12 days 00:00:00,11.18,65.79,987.4,51.3,35.750344220209385,143.1528820541141,126.07194542918492,102.39393482546691,125.98710273737304,39.96712101818893,32.14448582230914,24.629045379549595,28.839110281311697,0.0,0.0,0.0,0.0
2026-04-22 18:00:00,0,221.0,2026-05-05 00:00:00,12 days 06:00:00,11.79,65.51,991.7,52.3,50.571814876316,226.296960936223,191.5291497364163,167.288892621351,198.62699336542968,74.66325524978986,65.37512167032807,50.38498126698194,57.8797787547718,0.0,0.0,0.0,0.0
2026-04-22 18:00:00,0,221.0,2026-05-05 06:00:00,12 days 12:00:00,12.0,64.72,985.5,60.3,31.418787963653685,195.97389946932137,172.52014479718582,147.42992158997976,180.88323586795028,88.34140716145124,70.70104431994106,60.74598520917769,68.3708455642239,0.0,0.0,0.0,0.0
2026-04-22 18:00:00,0,221.0,2026-05-05 12:00:00,12 days 18:00:00,12.53,64.35,984.8,64.0,31.81204889041945,223.590604276296,205.9592858286097,178.68433846634832,190.0615824536366,44.50685963770072,43.143937978606246,29.01378034142316,32.75098617360182,0.0,31.81204889041945,0.0,0.0
2026-04-22 18:00:00,0,221.0,2026-05-05 18:00:00,13 days 00:00:00,13.08,63.72,979.2,69.9,32.76055679264586,186.4591139905106,151.42954860734568,133.48042097759267,163.22633183375018,110.36491235079028,93.1361854655724,76.4448851211612,93.51987589920296,36.979165100686586,30.99288565816643,26.288433559343414,30.97439274149753
2026-04-22 18:00:00,0,225.0,2026-05-03 12:00:00,10 days 18:00:00,-6.87,60.68,1005.7,19.3,79.13960852677292,0.0,0.0,0.0,0.0,0.0,0.0,0.0,0.0,0.0,0.0,0.0,0.0
2026-04-22 18:00:00,0,225.0,2026-05-03 18:00:00,11 days 00:00:00,-7.67,60.98,1005.5,17.5,81.14697044023455,0.0,0.0,0.0,0.0,0.0,0.0,0.0,0.0,0.0,0.0,0.0,0.0
2026-04-22 18:00:00,0,225.0,2026-05-04 00:00:00,11 days 06:00:00,-7.08,61.08,1005.4,25.2,60.66923414283135,0.0,0.0,0.0,0.0,0.0,0.0,0.0,0.0,0.0,0.0,0.0,0.0
2026-04-22 18:00:00,0,225.0,2026-05-04 06:00:00,11 days 12:00:00,-7.97,61.24,1008.2,20.4,125.75971932765388,0.0,0.0,0.0,0.0,0.0,0.0,0.0,0.0,0.0,0.0,0.0,0.0
2026-04-22 18:00:00,0,225.0,2026-05-04 12:00:00,11 days 18:00:00,-8.16,61.16,1000.8,27.2,87.61987372588726,0.0,0.0,0.0,0.0,0.0,0.0,0.0,0.0,0.0,0.0,0.0,0.0
2026-04-22 18:00:00,0,225.0,2026-05-04 18:00:00,12 days 00:00:00,-8.7,60.96,1003.3,27.4,105.85016632209836,0.0,0.0,0.0,0.0,0.0,0.0,0.0,0.0,0.0,0.0,0.0,0.0
2026-04-22 18:00:00,0,225.0,2026-05-05 00:00:00,12 days 06:00:00,-8.3,60.92,999.5,30.5,95.6459146118506,0.0,0.0,0.0,0.0,0.0,0.0,0.0,0.0,0.0,0.0,0.0,0.0
2026-04-22 18:00:00,0,225.0,2026-05-05 06:00:00,12 days 12:00:00,-9.66,60.49,999.9,34.5,46.85402377389185,46.85402377389185,0.0,2.447967493347745,0.2406153303471114,0.0,0.0,0.0,0.0,0.0,0.0,0.0,0.0
2026-04-22 18:00:00,0,225.0,2026-05-05 12:00:00,12 days 18:00:00,-10.01,60.81,997.1,46.1,51.234169582109416,152.1311685002456,139.50370066106424,116.1788467657972,123.00840228758967,0.0,0.0,0.0,0.0,0.0,0.0,0.0,0.0
2026-04-22 18:00:00,0,225.0,2026-05-05 18:00:00,13 days 00:00:00,-10.3,60.47,1000.4,31.2,66.24163153148585,0.0,0.0,0.0,0.0,0.0,0.0,0.0,0.0,0.0,0.0,0.0,0.0
2026-04-22 18:00:00,0,226.0,2026-05-04 00:00:00,11 days 06:00:00,-7.69,68.3,1001.1,27.9,90.43373879350187,0.0,0.0,0.0,0.0,0.0,0.0,0.0,0.0,0.0,0.0,0.0,0.0
2026-04-22 18:00:00,0,226.0,2026-05-04 06:00:00,11 days 12:00:00,-6.9,68.05,1005.2,20.5,70.4806569820822,0.0,0.0,0.0,0.0,0.0,0.0,0.0,0.0,0.0,0.0,0.0,0.0
2026-04-22 18:00:00,0,226.0,2026-05-04 12:00:00,11 days 18:00:00,-6.84,67.84,1001.7,29.6,99.8951694559296,0.0,0.0,0.0,0.0,0.0,0.0,0.0,0.0,0.0,0.0,0.0,0.0
2026-04-22 18:00:00,0,226.0,2026-05-04 18:00:00,12 days 00:00:00,-7.3,68.66,1003.6,21.2,127.22727880313572,0.0,0.0,0.0,0.0,0.0,0.0,0.0,0.0,0.0,0.0,0.0,0.0
2026-04-22 18:00:00,0,226.0,2026-05-05 00:00:00,12 days 06:00:00,-7.51,69.9,1002.9,25.0,142.49984893414018,0.0,0.0,0.0,0.0,0.0,0.0,0.0,0.0,0.0,0.0,0.0,0.0
2026-04-22 18:00:00,0,226.0,2026-05-05 06:00:00,12 days 12:00:00,-7.77,69.78,1006.1,20.0,102.18700415061494,0.0,0.0,0.0,0.0,0.0,0.0,0.0,0.0,0.0,0.0,0.0,0.0
2026-04-22 18:00:00,0,226.0,2026-05-05 12:00:00,12 days 18:00:00,-8.4,69.82,999.1,31.2,70.14101607059277,0.0,0.0,0.0,0.0,0.0,0.0,0.0,0.0,0.0,0.0,0.0,0.0
2026-04-22 18:00:00,0,226.0,2026-05-05 18:00:00,13 days 00:00:00,-8.9,69.18,999.4,30.5,117.015509328156,0.0,0.0,0.0,0.0,0.0,0.0,0.0,0.0,0.0,0.0,0.0,0.0
2026-04-22 18:00:00,3,229.0,2026-05-04 12:00:00,11 days 18:00:00,6.21,70.94,1005.3,22.6,71.32020005036097,0.0,0.0,0.0,0.0,0.0,0.0,0.0,0.0,0.0,0.0,0.0,0.0
2026-04-22 18:00:00,3,229.0,2026-05-04 18:00:00,12 days 00:00:00,5.4,71.05,1006.4,17.1,135.8660176127082,0.0,0.0,0.0,0.0,0.0,0.0,0.0,0.0,0.0,0.0,0.0,0.0
2026-04-22 18:00:00,3,229.0,2026-05-05 00:00:00,12 days 06:00:00,5.3,71.04,1001.9,24.7,62.6479168445053,0.0,0.0,0.0,0.0,0.0,0.0,0.0,0.0,0.0,0.0,0.0,0.0
2026-04-22 18:00:00,3,229.0,2026-05-05 06:00:00,12 days 12:00:00,5.54,70.95,1004.2,20.2,55.571446874843765,0.0,0.0,0.0,0.0,0.0,0.0,0.0,0.0,0.0,0.0,0.0,0.0
2026-04-22 18:00:00,3,229.0,2026-05-05 12:00:00,12 days 18:00:00,6.23,71.24,1003.1,26.6,119.99214801095756,0.0,0.0,0.0,0.0,0.0,0.0,0.0,0.0,0.0,0.0,0.0,0.0
2026-04-22 18:00:00,3,229.0,2026-05-05 18:00:00,13 days 00:00:00,6.97,70.93,998.1,34.5,95.10768199808513,95.10768199808513,12.09729715238592,7.352927649247931,15.94828213300636,0.0,0.0,0.0,0.0,0.0,0.0,0.0,0.0
2026-04-22 18:00:00,3,231.0,2026-05-03 06:00:00,10 days 12:00:00,8.51,71.24,1004.9,21.0,90.27397821799538,0.0,0.0,0.0,0.0,0.0,0.0,0.0,0.0,0.0,0.0,0.0,0.0
2026-04-22 18:00:00,3,231.0,2026-05-03 12:00:00,10 days 18:00:00,8.0,71.13,1004.9,19.8,79.36377041119873,0.0,0.0,0.0,0.0,0.0,0.0,0.0,0.0,0.0,0.0,0.0,0.0
2026-04-22 18:00:00,3,231.0,2026-05-03 18:00:00,11 days 00:00:00,8.37,70.68,1004.4,26.9,117.2345183546298,0.0,0.0,0.0,0.0,0.0,0.0,0.0,0.0,0.0,0.0,0.0,0.0
2026-04-22 18:00:00,3,231.0,2026-05-04 00:00:00,11 days 06:00:00,9.66,70.93,1003.7,21.8,122.66878878322872,0.0,0.0,0.0,0.0,0.0,0.0,0.0,0.0,0.0,0.0,0.0,0.0
2026-04-22 18:00:00,3,231.0,2026-05-04 06:00:00,11 days 12:00:00,9.6,70.35,1002.5,26.8,66.05552784632815,0.0,0.0,0.0,0.0,0.0,0.0,0.0,0.0,0.0,0.0,0.0,0.0
2026-04-22 18:00:00,3,231.0,2026-05-04 12:00:00,11 days 18:00:00,10.67,69.91,998.4,31.3,64.92129513164228,0.0,0.0,0.0,0.0,0.0,0.0,0.0,0.0,0.0,0.0,0.0,0.0
2026-04-22 18:00:00,3,231.0,2026-05-04 18:00:00,12 days 00:00:00,11.52,68.9,994.2,44.9,48.22924623182546,48.22924623182546,0.937849873277969,0.0,8.929422639284478,0.0,0.0,0.0,0.0,0.0,0.0,0.0,0.0
2026-04-22 18:00:00,3,231.0,2026-05-05 00:00:00,12 days 06:00:00,12.16,68.13,991.9,47.4,66.22078126811647,89.47148474451059,71.37133678737538,53.75165950252428,72.2151163003278,0.0,0.0,0.0,0.0,0.0,0.0,0.0,0.0
2026-04-22 18:00:00,3,231.0,2026-05-05 06:00:00,12 days 12:00:00,12.87,67.13,993.5,49.3,54.444208173681,54.444208173681,34.68374713037713,23.252085404827262,32.839205887056586,0.0,0.0,0.0,0.0,0.0,0.0,0.0,0.0
2026-04-22 18:00:00,3,231.0,2026-05-05 12:00:00,12 days 18:00:00,13.37,66.11,990.7,48.9,34.328615390116866,112.47579132910684,87.40023566874396,69.50558797193604,101.257591750571,0.0,0.0,0.0,0.0,0.0,0.0,0.0,0.0
2026-04-22 18:00:00,3,231.0,2026-05-05 18:00:00,13 days 00:00:00,13.9,64.99,997.9,42.1,54.29916180410454,215.98512832281256,182.77423157919145,151.25352693405324,191.53155456502157,0.0,0.0,0.0,0.0,0.0,0.0,0.0,0.0
2026-04-22 18:00:00,3,238.0,2026-05-03 06:00:00,10 days 12:00:00,5.09,70.8,1008.9,15.3,87.99873297851505,0.0,0.0,0.0,0.0,0.0,0.0,0.0,0.0,0.0,0.0,0.0,0.0
2026-04-22 18:00:00,3,238.0,2026-05-03 12:00:00,10 days 18:00:00,5.61,70.03,1006.3,20.3,68.42366596690724,0.0,0.0,0.0,0.0,0.0,0.0,0.0,0.0,0.0,0.0,0.0,0.0
2026-04-22 18:00:00,3,238.0,2026-05-03 18:00:00,11 days 00:00:00,5.52,70.54,1003.9,20.3,78.43169629046727,0.0,0.0,0.0,0.0,0.0,0.0,0.0,0.0,0.0,0.0,0.0,0.0
2026-04-22 18:00:00,3,238.0,2026-05-04 00:00:00,11 days 06:00:00,6.01,71.51,1003.2,23.2,55.36898516197158,0.0,0.0,0.0,0.0,0.0,0.0,0.0,0.0,0.0,0.0,0.0,0.0
2026-04-22 18:00:00,3,238.0,2026-05-04 06:00:00,11 days 12:00:00,6.28,71.69,1003.1,21.7,65.52531151370975,0.0,0.0,0.0,0.0,0.0,0.0,0.0,0.0,0.0,0.0,0.0,0.0
2026-04-22 18:00:00,3,238.0,2026-05-04 12:00:00,11 days 18:00:00,7.43,71.31,1002.0,21.2,130.47056614420643,0.0,0.0,0.0,0.0,0.0,0.0,0.0,0.0,0.0,0.0,0.0,0.0
2026-04-22 18:00:00,3,238.0,2026-05-04 18:00:00,12 days 00:00:00,8.35,71.52,1001.7,26.3,64.53618601184884,0.0,0.0,0.0,0.0,0.0,0.0,0.0,0.0,0.0,0.0,0.0,0.0
2026-04-22 18:00:00,3,238.0,2026-05-05 00:00:00,12 days 06:00:00,7.92,70.66,1001.9,19.6,90.88358908959816,0.0,0.0,0.0,0.0,0.0,0.0,0.0,0.0,0.0,0.0,0.0,0.0
2026-04-22 18:00:00,3,238.0,2026-05-05 06:00:00,12 days 12:00:00,8.24,70.64,1001.2,28.2,61.88073639455688,0.0,0.0,0.0,0.0,0.0,0.0,0.0,0.0,0.0,0.0,0.0,0.0
2026-04-22 18:00:00,3,238.0,2026-05-05 12:00:00,12 days 18:00:00,9.13,70.04,1003.6,32.9,50.24210043377515,0.0,0.0,0.0,0.0,0.0,0.0,0.0,0.0,0.0,0.0,0.0,0.0
2026-04-22 18:00:00,3,238.0,2026-05-05 18:00:00,13 days 00:00:00,9.82,69.46,1001.8,31.2,45.10866409379335,0.0,0.0,0.0,0.0,0.0,0.0,0.0,0.0,0.0,0.0,0.0,0.0
2026-04-22 18:00:00,3,240.0,2026-05-03 06:00:00,10 days 12:00:00,-7.14,52.73,1004.2,22.7,63.22968865166254,0.0,0.0,0.0,0.0,0.0,0.0,0.0,0.0,0.0,0.0,0.0,0.0
2026-04-22 18:00:00,3,240.0,2026-05-03 12:00:00,10 days 18:00:00,-7.54,51.66,1002.9,30.5,97.45662602635473,0.0,0.0,0.0,0.0,0.0,0.0,0.0,0.0,0.0,0.0,0.0,0.0
2026-04-22 18:00:00,3,240.0,2026-05-03 18:00:00,11 days 00:00:00,-8.05,50.92,999.2,39.6,129.3699862237669,353.467038659878,365.20679608359023,320.88658657230934,309.69060698164856,0.0,0.0,0.0,0.0,0.0,0.0,0.0,0.0
2026-04-22 18:00:00,3,240.0,2026-05-04 00:00:00,11 days 06:00:00,-8.56,50.85,998.9,41.5,134.53230248127463,208.8656052129482,221.66310425525472,214.2894548688504,190.92259383066477,0.0,0.0,0.0,0.0,0.0,0.0,0.0,0.0
2026-04-22 18:00:00,3,240.0,2026-05-04 06:00:00,11 days 12:00:00,-9.23,50.29,997.0,43.4,120.07794214462112,239.5573271990119,257.5133294136026,247.02457105803603,218.6610199418113,0.0,0.0,0.0,0.0,0.0,0.0,0.0,0.0
2026-04-22 18:00:00,3,240.0,2026-05-04 12:00:00,11 days 18:00:00,-9.85,49.91,989.0,54.6,65.19181095774644,159.7177846472484,174.46808177624456,152.6684449342232,142.22156615124075,65.19181095774644,57.19918956572104,49.25950428238631,46.16106016163172,0.0,0.0,0.0,0.0
2026-04-22 18:00:00,3,240.0,2026-05-04 18:00:00,12 days 00:00:00,-11.03,49.54,993.6,50.0,32.5133875435353,189.18005086816865,205.0097278400025,181.3138772835446,145.76570296891043,0.0,0.0,0.0,0.0,0.0,0.0,0.0,0.0
2026-04-22 18:00:00,3,240.0,2026-05-05 00:00:00,12 days 06:00:00,-11.71,49.08,994.9,50.3,61.15029877422949,114.69537530017864,129.2920581442236,115.47449137353657,107.43785791274166,0.0,61.15029877422949,0.5308789400632916,0.5726328308614976,0.0,0.0,0.0,0.0
2026-04-22 18:00:00,3,240.0,2026-05-05 06:00:00,12 days 12:00:00,-12.63,48.7,990.0,52.0,44.150983994653785,215.13182309236723,235.38920860524075,204.02897118439935,178.03617419620016,49.814869658234,50.95455217906949,40.6951096793318,37.90615555941652,0.0,0.0,0.0,0.0
2026-04-22 18:00:00,3,240.0,2026-05-05 12:00:00,12 days 18:00:00,-13.23,48.47,998.9,38.4,58.38544532795498,166.37716051172,163.8731197171552,133.8270345196611,142.46150217413927,0.0,0.0,0.0,0.0,0.0,0.0,0.0,0.0
2026-04-22 18:00:00,3,240.0,2026-05-05 18:00:00,13 days 00:00:00,-14.32,48.45,1005.5,30.1,50.1733173234946,0.0,0.0,0.0,0.0,0.0,0.0,0.0,0.0,0.0,0.0,0.0,0.0
2026-04-22 18:00:00,4,241.0,2026-05-04 00:00:00,11 days 06:00:00,7.57,60.19,1001.4,31.3,98.66527480367026,0.0,0.0,0.0,0.0,0.0,0.0,0.0,0.0,0.0,0.0,0.0,0.0
2026-04-22 18:00:00,4,241.0,2026-05-04 06:00:00,11 days 12:00:00,6.94,59.68,1004.2,19.9,127.46170841239233,0.0,0.0,0.0,0.0,0.0,0.0,0.0,0.0,0.0,0.0,0.0,0.0
2026-04-22 18:00:00,4,241.0,2026-05-04 12:00:00,11 days 18:00:00,7.7,59.08,1003.3,32.3,58.74294353024085,0.0,0.0,0.0,0.0,0.0,0.0,0.0,0.0,0.0,0.0,0.0,0.0
2026-04-22 18:00:00,4,241.0,2026-05-04 18:00:00,12 days 00:00:00,6.96,58.68,1007.0,16.6,58.50635589478034,0.0,0.0,0.0,0.0,0.0,0.0,0.0,0.0,0.0,0.0,0.0,0.0
2026-04-22 18:00:00,4,241.0,2026-05-05 00:00:00,12 days 06:00:00,6.14,57.49,1003.7,27.8,57.48400921424798,0.0,0.0,0.0,0.0,0.0,0.0,0.0,0.0,0.0,0.0,0.0,0.0
2026-04-22 18:00:00,4,241.0,2026-05-05 06:00:00,12 days 12:00:00,5.99,57.42,1005.9,24.5,47.881670666462114,0.0,0.0,0.0,0.0,0.0,0.0,0.0,0.0,0.0,0.0,0.0,0.0
2026-04-22 18:00:00,4,241.0,2026-05-05 12:00:00,12 days 18:00:00,5.92,56.73,994.2,42.7,34.88891818469119,130.69937893328233,124.57773785691349,108.86028809149832,121.5537876628265,0.0,0.0,0.0,0.0,0.0,0.0,0.0,0.0
2026-04-22 18:00:00,4,241.0,2026-05-05 18:00:00,13 days 00:00:00,5.54,56.29,992.4,45.7,10.468242397659251,99.81242483609498,71.71851734853591,79.54954297693182,110.0952548507388,0.0,0.0,0.0,0.0,0.0,0.0,0.0,0.0
2026-04-22 18:00:00,2,242.0,2026-05-04 00:00:00,11 days 06:00:00,-9.06,64.04,1005.1,22.8,63.80519981819295,0.0,0.0,0.0,0.0,0.0,0.0,0.0,0.0,0.0,0.0,0.0,0.0
2026-04-22 18:00:00,2,242.0,2026-05-04 06:00:00,11 days 12:00:00,-10.12,63.8,1004.2,26.6,103.13351075898646,0.0,0.0,0.0,0.0,0.0,0.0,0.0,0.0,0.0,0.0,0.0,0.0
2026-04-22 18:00:00,2,242.0,2026-05-04 12:00:00,11 days 18:00:00,-11.03,63.46,1004.4,30.9,88.5620431978753,0.0,0.0,0.0,0.0,0.0,0.0,0.0,0.0,0.0,0.0,0.0,0.0
2026-04-22 18:00:00,2,242.0,2026-05-04 18:00:00,12 days 00:00:00,-11.7,63.54,1000.7,29.0,69.5721466386685,0.0,0.0,0.0,0.0,0.0,0.0,0.0,0.0,0.0,0.0,0.0,0.0
2026-04-22 18:00:00,2,242.0,2026-05-05 00:00:00,12 days 06:00:00,-12.44,63.52,995.3,40.1,55.480924308887424,99.721061909621,103.2179421873001,92.18689555741798,80.13919723025023,0.0,0.0,0.0,0.0,0.0,0.0,0.0,0.0
2026-04-22 18:00:00,2,242.0,2026-05-05 06:00:00,12 days 12:00:00,-13.35,63.66,990.8,49.9,48.12692668617392,77.25820779461085,86.18386667192334,63.79350918662227,58.28373888841242,0.0,0.0,0.0,0.0,0.0,0.0,0.0,0.0
2026-04-22 18:00:00,2,242.0,2026-05-05 12:00:00,12 days 18:00:00,-14.36,63.71,998.0,44.9,66.25183121693212,227.2007662169896,236.27811730454528,199.85840586185705,192.6262090276171,0.0,0.0,0.0,0.0,0.0,0.0,0.0,0.0
2026-04-22 18:00:00,2,242.0,2026-05-05 18:00:00,13 days 00:00:00,-14.8,63.82,987.2,60.3,44.89367892359949,133.84759107404784,148.44832816707478,133.22334646953084,119.8848488772762,76.84519966021655,76.40403556103195,61.61751666846064,61.90792091443531,0.0,0.0,0.0,0.0
2026-04-22 18:00:00,0,245.0,2026-05-02 18:00:00,10 days 00:00:00,-6.94,60.96,1002.4,18.2,130.0087131867651,0.0,0.0,0.0,0.0,0.0,0.0,0.0,0.0,0.0,0.0,0.0,0.0
2026-04-22 18:00:00,0,245.0,2026-05-03 00:00:00,10 days 06:00:00,-6.93,61.79,1003.7,19.5,103.5131864713728,0.0,0.0,0.0,0.0,0.0,0.0,0.0,0.0,0.0,0.0,0.0,0.0
2026-04-22 18:00:00,0,245.0,2026-05-03 06:00:00,10 days 12:00:00,-7.37,61.38,1000.8,26.4,41.2801948144116,0.0,0.0,0.0,0.0,0.0,0.0,0.0,0.0,0.0,0.0,0.0,0.0
2026-04-22 18:00:00,0,245.0,2026-05-03 12:00:00,10 days 18:00:00,-7.82,61.64,1001.1,26.2,113.45761158124223,0.0,0.0,0.0,0.0,0.0,0.0,0.0,0.0,0.0,0.0,0.0,0.0
2026-04-22 18:00:00,0,245.0,2026-05-03 18:00:00,11 days 00:00:00,-8.02,61.06,1006.4,18.9,84.82703645829051,0.0,0.0,0.0,0.0,0.0,0.0,0.0,0.0,0.0,0.0,0.0,0.0
2026-04-22 18:00:00,0,245.0,2026-05-04 00:00:00,11 days 06:00:00,-8.49,59.92,997.1,37.9,84.65220749745524,179.2861918860789,187.16701814325037,165.84540081903464,147.6794880051075,0.0,0.0,0.0,0.0,0.0,0.0,0.0,0.0
2026-04-22 18:00:00,0,245.0,2026-05-04 06:00:00,11 days 12:00:00,-9.06,60.15,994.8,42.2,42.54613972516026,41.7414498049418,45.7431216829267,34.245520858840365,39.03385153666521,0.0,0.0,0.0,0.0,0.0,0.0,0.0,0.0
2026-04-22 18:00:00,0,245.0,2026-05-04 12:00:00,11 days 18:00:00,-9.71,60.05,995.7,41.1,76.18746862576552,76.18746862576552,44.5602641978995,41.01881502205534,39.20217475646038,0.0,0.0,0.0,0.0,0.0,0.0,0.0,0.0
2026-04-22 18:00:00,0,245.0,2026-05-04 18:00:00,12 days 00:00:00,-10.11,59.98,988.7,49.5,97.32001552644516,268.75946109096515,281.31980821670027,252.0197906642697,238.97238360416372,0.0,0.0,0.0,0.0,0.0,0.0,0.0,0.0
2026-04-22 18:00:00,0,245.0,2026-05-05 00:00:00,12 days 06:00:00,-10.48,60.24,982.4,57.6,27.99406659314667,148.08080334085457,131.84472866967363,112.7124619019018,114.44848996895328,81.47337042343287,74.78288984596281,54.75555639731516,58.940695812306615,0.0,0.0,0.0,0.0
2026-04-22 18:00:00,0,245.0,2026-05-05 06:00:00,12 days 12:00:00,-11.12,60.6,979.4,69.6,27.5807699157914,179.59646280875305,180.01268813419583,169.7252697440514,154.3550719460153,105.01540855970131,104.15237471579812,84.29566264152642,87.6109889788393,38.9328113862542,37.5370390840508,31.77473415510343,34.9983118780849
2026-04-22 18:00:00,0,245.0,2026-05-05 12:00:00,12 days 18:00:00,-11.85,60.9,977.7,68.4,31.67464212170121,150.76232628910475,156.93842557984976,138.42245184528394,110.2549796152729,75.13733198296018,77.33072251982493,56.79021547342972,62.4973501988743,31.67464212170121,28.578777555819045,22.622849378587308,26.283502661375607
2026-04-22 18:00:00,0,245.0,2026-05-05 18:00:00,13 days 00:00:00,-11.99,60.65,974.8,75.2,37.98465465307034,182.3169252567913,218.4672201196277,219.0221163770103,157.61356531742382,135.49278413548632,154.90324602016597,137.74900197409912,123.73643447597163,50.308261109919336,52.931396893142335,46.50409406613439,46.618478560985466
2026-04-22 18:00:00,2,246.0,2026-05-02 00:00:00,9 days 06:00:00,-7.28,62.6,1003.7,22.6,95.9171648112451,0.0,0.0,0.0,0.0,0.0,0.0,0.0,0.0,0.0,0.0,0.0,0.0
2026-04-22 18:00:00,2,246.0,2026-05-02 06:00:00,9 days 12:00:00,-7.02,62.0,1002.5,19.9,120.5479746856446,0.0,0.0,0.0,0.0,0.0,0.0,0.0,0.0,0.0,0.0,0.0,0.0
2026-04-22 18:00:00,2,246.0,2026-05-02 12:00:00,9 days 18:00:00,-7.01,62.39,1002.8,23.1,76.04144288479722,0.0,0.0,0.0,0.0,0.0,0.0,0.0,0.0,0.0,0.0,0.0,0.0
2026-04-22 18:00:00,2,246.0,2026-05-02 18:00:00,10 days 00:00:00,-7.15,61.29,1003.8,26.2,74.06238492795885,0.0,0.0,0.0,0.0,0.0,0.0,0.0,0.0,0.0,0.0,0.0,0.0
2026-04-22 18:00:00,2,246.0,2026-05-03 00:00:00,10 days 06:00:00,-7.2,60.44,1003.2,22.9,108.4965566639102,0.0,0.0,0.0,0.0,0.0,0.0,0.0,0.0,0.0,0.0,0.0,0.0
2026-04-22 18:00:00,2,246.0,2026-05-03 06:00:00,10 days 12:00:00,-7.95,60.94,1001.8,30.1,76.2556475735933,0.0,0.0,0.0,0.0,0.0,0.0,0.0,0.0,0.0,0.0,0.0,0.0
2026-04-22 18:00:00,2,246.0,2026-05-03 12:00:00,10 days 18:00:00,-8.63,60.83,1003.0,21.7,71.89102874285128,0.0,0.0,0.0,0.0,0.0,0.0,0.0,0.0,0.0,0.0,0.0,0.0
2026-04-22 18:00:00,2,246.0,2026-05-03 18:00:00,11 days 00:00:00,-9.67,60.44,1000.1,32.5,63.96560637857225,0.0,0.0,0.0,0.0,0.0,0.0,0.0,0.0,0.0,0.0,0.0,0.0
2026-04-22 18:00:00,2,246.0,2026-05-04 00:00:00,11 days 06:00:00,-10.08,59.74,1002.4,28.4,86.82256572813023,0.0,0.0,0.0,0.0,0.0,0.0,0.0,0.0,0.0,0.0,0.0,0.0
2026-04-22 18:00:00,2,246.0,2026-05-04 06:00:00,11 days 12:00:00,-9.9,59.07,1000.0,37.8,92.33553467578064,111.31660854463216,114.50598057529768,93.31863053678924,91.95423338382436,0.0,0.0,0.0,0.0,0.0,0.0,0.0,0.0
2026-04-22 18:00:00,2,246.0,2026-05-04 12:00:00,11 days 18:00:00,-10.06,58.56,994.1,41.2,50.76698066978888,108.41139967552216,121.24085436475087,97.23137213681184,89.54175923279884,0.0,0.0,0.0,0.0,0.0,0.0,0.0,0.0
2026-04-22 18:00:00,2,246.0,2026-05-04 18:00:00,12 days 00:00:00,-10.33,58.22,986.4,52.5,49.71392292474928,231.86902874808052,243.82912313758345,230.98973855960665,214.97977417776417,65.28091160287542,67.19335314744663,58.52466470794136,55.071010182655485,0.0,0.0,0.0,0.0
2026-04-22 18:00:00,2,246.0,2026-05-05 00:00:00,12 days 06:00:00,-10.7,58.41,987.6,57.8,31.1283233224994,148.94375025966835,163.02111927410996,160.02371738133905,132.0850687545847,68.39617956057475,70.65081138653153,60.72862443315518,56.62054965987039,0.0,0.0,0.0,0.0
2026-04-22 18:00:00,2,246.0,2026-05-05 06:00:00,12 days 12:00:00,-10.85,58.06,994.6,48.2,35.65864506310713,105.37439340754696,127.8697662558544,126.5665262508645,101.37137096284212,0.0,0.0,0.0,0.0,0.0,0.0,0.0,0.0
2026-04-22 18:00:00,2,246.0,2026-05-05 12:00:00,12 days 18:00:00,-11.03,58.12,968.6,80.6,15.429549899812672,127.51483184125156,145.80966497829854,111.56906678019986,102.57111930938817,72.73601575471903,72.08506558370304,57.28653759055496,60.98211965255085,36.17755042636459,33.13462456428928,28.065723627232305,30.32789200437646
2026-04-22 18:00:00,2,246.0,2026-05-05 18:00:00,13 days 00:00:00,-11.7,57.57,966.5,77.5,32.21668316249644,90.28440232509668,114.80018252061578,129.1420352042433,85.60643713186806,63.31024475340222,69.51997845749895,66.61821019726898,56.615097435525854,36.23958154368467,38.28237142103397,33.42758405208942,32.47991016352083
2026-04-22 18:00:00,4,246.0,2026-05-04 00:00:00,11 days 06:00:00,8.92,73.25,1009.0,14.4,144.19669425099593,0.0,0.0,0.0,0.0,0.0,0.0,0.0,0.0,0.0,0.0,0.0,0.0
2026-04-22 18:00:00,4,246.0,2026-05-04 06:00:00,11 days 12:00:00,9.76,72.18,1000.3,23.5,79.94952375528128,0.0,0.0,0.0,0.0,0.0,0.0,0.0,0.0,0.0,0.0,0.0,0.0
2026-04-22 18:00:00,4,246.0,2026-05-04 12:00:00,11 days 18:00:00,10.61,71.91,997.9,36.3,55.09651771186879,55.09651771186879,17.793275529862427,12.477201239537784,16.027360126227443,0.0,0.0,0.0,0.0,0.0,0.0,0.0,0.0
2026-04-22 18:00:00,4,246.0,2026-05-04 18:00:00,12 days 00:00:00,11.31,70.76,997.4,39.2,59.25498989883468,138.16340312656453,125.88678478499529,98.4557673713338,116.600618532414,0.0,0.0,0.0,0.0,0.0,0.0,0.0,0.0
2026-04-22 18:00:00,4,246.0,2026-05-05 00:00:00,12 days 06:00:00,12.16,69.79,1000.1,38.7,73.66353310948284,93.67389670397836,84.27494062233626,53.446625445955206,72.18502114066192,0.0,0.0,0.0,0.0,0.0,0.0,0.0,0.0
2026-04-22 18:00:00,4,246.0,2026-05-05 06:00:00,12 days 12:00:00,12.71,69.32,990.5,52.1,9.393781582218,96.07502666562928,81.02895250069206,75.33157690504687,87.39139885584868,26.157286768861795,20.1628617618238,13.34711574172212,18.611059921476183,0.0,0.0,0.0,0.0
2026-04-22 18:00:00,4,246.0,2026-05-05 12:00:00,12 days 18:00:00,13.76,68.17,989.9,54.9,23.828484955921564,69.22944094044558,38.85803678165722,44.61407851033711,73.46237864443154,35.236661541136804,28.40253452163322,19.88614067874114,28.748576950493018,0.0,0.0,0.0,0.0
2026-04-22 18:00:00,4,246.0,2026-05-05 18:00:00,13 days 00:00:00,14.17,67.49,972.0,76.3,7.76809781352061,124.47733618919594,81.00955074586575,68.9799162692075,100.51647915009453,63.05714890201629,48.075083987316205,36.0757572500311,51.84016748615293,20.40470048174315,13.197758661845928,10.644152836484166,15.92380252023867
2026-04-22 18:00:00,5,247.0,2026-05-05 00:00:00,12 days 06:00:00,-9.72,59.92,1002.8,22.4,63.08019568434735,0.0,0.0,0.0,0.0,0.0,0.0,0.0,0.0,0.0,0.0,0.0,0.0
2026-04-22 18:00:00,5,247.0,2026-05-05 06:00:00,12 days 12:00:00,-10.51,60.6,1004.9,31.1,105.57977241562784,0.0,0.0,0.0,0.0,0.0,0.0,0.0,0.0,0.0,0.0,0.0,0.0
2026-04-22 18:00:00,5,247.0,2026-05-05 12:00:00,12 days 18:00:00,-11.95,60.53,1004.9,23.9,58.510918477518885,0.0,0.0,0.0,0.0,0.0,0.0,0.0,0.0,0.0,0.0,0.0,0.0
2026-04-22 18:00:00,5,247.0,2026-05-05 18:00:00,13 days 00:00:00,-11.32,60.75,1007.9,27.2,105.10984355684452,0.0,0.0,0.0,0.0,0.0,0.0,0.0,0.0,0.0,0.0,0.0,0.0
2026-04-22 18:00:00,3,249.0,2026-05-04 00:00:00,11 days 06:00:00,-8.69,60.43,995.0,31.5,124.41630433645942,0.0,0.0,0.0,0.0,0.0,0.0,0.0,0.0,0.0,0.0,0.0,0.0
2026-04-22 18:00:00,3,249.0,2026-05-04 06:00:00,11 days 12:00:00,-8.99,59.9,1004.4,25.9,126.24355334452304,0.0,0.0,0.0,0.0,0.0,0.0,0.0,0.0,0.0,0.0,0.0,0.0
2026-04-22 18:00:00,3,249.0,2026-05-04 12:00:00,11 days 18:00:00,-9.11,59.04,1002.3,22.4,131.54105715581937,0.0,0.0,0.0,0.0,0.0,0.0,0.0,0.0,0.0,0.0,0.0,0.0
2026-04-22 18:00:00,3,249.0,2026-05-04 18:00:00,12 days 00:00:00,-9.76,57.9,1004.6,24.4,86.41721641952813,0.0,0.0,0.0,0.0,0.0,0.0,0.0,0.0,0.0,0.0,0.0,0.0
2026-04-22 18:00:00,3,249.0,2026-05-05 00:00:00,12 days 06:00:00,-9.86,57.62,997.3,33.1,58.87123436086717,0.0,0.0,0.0,0.0,0.0,0.0,0.0,0.0,0.0,0.0,0.0,0.0
2026-04-22 18:00:00,3,249.0,2026-05-05 06:00:00,12 days 12:00:00,-10.01,57.44,998.4,33.2,102.54789811969708,0.0,0.0,0.0,0.0,0.0,0.0,0.0,0.0,0.0,0.0,0.0,0.0
2026-04-22 18:00:00,3,249.0,2026-05-05 12:00:00,12 days 18:00:00,-10.48,57.29,990.7,50.5,46.33527210157313,154.84813667026526,153.80467623404255,132.5067766764411,124.8999827168985,2.1830848323738543,3.1634946108848303,46.33527210157313,1.4947055021342988,0.0,0.0,0.0,0.0
2026-04-22 18:00:00,3,249.0,2026-05-05 18:00:00,13 days 00:00:00,-11.09,57.4,993.2,43.5,70.23469520637593,254.3554820524114,253.069728071044,214.03566243356116,214.60533242727135,0.0,0.0,0.0,0.0,0.0,0.0,0.0,0.0
2026-04-22 18:00:00,1,251.0,2026-05-02 12:00:00,9 days 18:00:00,6.25,150.55,1006.1,17.3,83.80547473652568,0.0,0.0,0.0,0.0,0.0,0.0,0.0,0.0,0.0,0.0,0.0,0.0
2026-04-22 18:00:00,1,251.0,2026-05-02 18:00:00,10 days 00:00:00,6.48,149.59,1005.8,18.1,127.90873693378342,0.0,0.0,0.0,0.0,0.0,0.0,0.0,0.0,0.0,0.0,0.0,0.0
2026-04-22 18:00:00,1,251.0,2026-05-03 00:00:00,10 days 06:00:00,5.24,147.96,1005.7,21.0,88.76618252861881,0.0,0.0,0.0,0.0,0.0,0.0,0.0,0.0,0.0,0.0,0.0,0.0
2026-04-22 18:00:00,1,251.0,2026-05-03 06:00:00,10 days 12:00:00,5.97,148.25,1003.3,21.8,100.41533165673484,0.0,0.0,0.0,0.0,0.0,0.0,0.0,0.0,0.0,0.0,0.0,0.0
2026-04-22 18:00:00,1,251.0,2026-05-03 12:00:00,10 days 18:00:00,6.03,147.23,1004.9,20.3,109.99610434068713,0.0,0.0,0.0,0.0,0.0,0.0,0.0,0.0,0.0,0.0,0.0,0.0
2026-04-22 18:00:00,1,251.0,2026-05-03 18:00:00,11 days 00:00:00,5.91,145.89,1004.8,22.5,134.21603795154823,0.0,0.0,0.0,0.0,0.0,0.0,0.0,0.0,0.0,0.0,0.0,0.0
2026-04-22 18:00:00,1,251.0,2026-05-04 00:00:00,11 days 06:00:00,6.18,145.32,1003.8,24.8,101.8412090243974,0.0,0.0,0.0,0.0,0.0,0.0,0.0,0.0,0.0,0.0,0.0,0.0
2026-04-22 18:00:00,1,251.0,2026-05-04 06:00:00,11 days 12:00:00,6.37,144.45,1003.9,23.5,101.1634599139653,0.0,0.0,0.0,0.0,0.0,0.0,0.0,0.0,0.0,0.0,0.0,0.0
2026-04-22 18:00:00,1,251.0,2026-05-04 12:00:00,11 days 18:00:00,7.09,142.53,1001.9,25.4,96.99056165868213,0.0,0.0,0.0,0.0,0.0,0.0,0.0,0.0,0.0,0.0,0.0,0.0
2026-04-22 18:00:00,1,251.0,2026-05-04 18:00:00,12 days 00:00:00,7.88,141.44,1000.0,29.1,53.81655843009639,0.0,0.0,0.0,0.0,0.0,0.0,0.0,0.0,0.0,0.0,0.0,0.0
2026-04-22 18:00:00,1,251.0,2026-05-05 00:00:00,12 days 06:00:00,7.79,140.03,995.2,41.3,62.62105269566422,62.62105269566422,22.52792103784968,19.65203614697397,21.912089886396657,0.0,0.0,0.0,0.0,0.0,0.0,0.0,0.0
2026-04-22 18:00:00,1,251.0,2026-05-05 06:00:00,12 days 12:00:00,8.07,138.61,978.5,64.5,36.016591898267784,221.09862220343356,199.8173338675388,171.45125327820404,192.80971508796927,36.016591898267784,19.19251800537996,12.28278893151863,16.731061314028043,36.016591898267784,0.0,0.0,0.0
2026-04-22 18:00:00,1,251.0,2026-05-05 12:00:00,12 days 18:00:00,8.06,137.26,994.8,52.8,23.96419447722515,219.6775539760597,194.58277363599603,158.40262358308206,199.8234977894466,0.9123838299719615,0.0,0.0,23.96419447722515,0.0,0.0,0.0,0.0
2026-04-22 18:00:00,1,251.0,2026-05-05 18:00:00,13 days 00:00:00,8.35,135.7,994.1,56.0,30.362691785678976,183.0582853937501,146.47507798012862,101.29634138349309,146.9396156993771,34.00871645327584,27.341434573379075,14.255334292308676,24.936983930638743,0.0,0.0,0.0,0.0
2026-04-22 18:00:00,4,255.0,2026-05-04 18:00:00,12 days 00:00:00,6.23,72.23,1006.1,16.6,164.67121942195797,0.0,0.0,0.0,0.0,0.0,0.0,0.0,0.0,0.0,0.0,0.0,0.0
2026-04-22 18:00:00,4,255.0,2026-05-05 00:00:00,12 days 06:00:00,6.33,71.4,1007.1,12.2,83.23495020358449,0.0,0.0,0.0,0.0,0.0,0.0,0.0,0.0,0.0,0.0,0.0,0.0
2026-04-22 18:00:00,4,255.0,2026-05-05 06:00:00,12 days 12:00:00,7.53,71.13,1006.8,19.8,97.90883099570216,0.0,0.0,0.0,0.0,0.0,0.0,0.0,0.0,0.0,0.0,0.0,0.0
2026-04-22 18:00:00,4,255.0,2026-05-05 12:00:00,12 days 18:00:00,6.99,69.86,1003.1,23.1,76.88240683344965,0.0,0.0,0.0,0.0,0.0,0.0,0.0,0.0,0.0,0.0,0.0,0.0
2026-04-22 18:00:00,4,255.0,2026-05-05 18:00:00,13 days 00:00:00,7.32,70.06,1003.8,23.1,75.5051878787655,0.0,0.0,0.0,0.0,0.0,0.0,0.0,0.0,0.0,0.0,0.0,0.0
2026-04-22 18:00:00,8,257.0,2026-05-04 00:00:00,11 days 06:00:00,-8.78,60.75,1001.4,25.5,112.03062415074471,0.0,0.0,0.0,0.0,0.0,0.0,0.0,0.0,0.0,0.0,0.0,0.0
2026-04-22 18:00:00,8,257.0,2026-05-04 06:00:00,11 days 12:00:00,-9.89,61.54,997.4,28.4,62.37177932927792,0.0,0.0,0.0,0.0,0.0,0.0,0.0,0.0,0.0,0.0,0.0,0.0
2026-04-22 18:00:00,8,257.0,2026-05-04 12:00:00,11 days 18:00:00,-10.56,62.23,1001.1,26.8,82.92519414021513,0.0,0.0,0.0,0.0,0.0,0.0,0.0,0.0,0.0,0.0,0.0,0.0
2026-04-22 18:00:00,8,257.0,2026-05-04 18:00:00,12 days 00:00:00,-11.05,61.81,1001.2,22.8,122.12674898869992,0.0,0.0,0.0,0.0,0.0,0.0,0.0,0.0,0.0,0.0,0.0,0.0
2026-04-22 18:00:00,8,257.0,2026-05-05 00:00:00,12 days 06:00:00,-11.35,61.57,998.1,32.3,47.04303427895381,0.0,0.0,0.0,0.0,0.0,0.0,0.0,0.0,0.0,0.0,0.0,0.0
2026-04-22 18:00:00,8,257.0,2026-05-05 06:00:00,12 days 12:00:00,-12.03,61.58,1000.2,29.2,85.2989064683987,0.0,0.0,0.0,0.0,0.0,0.0,0.0,0.0,0.0,0.0,0.0,0.0
2026-04-22 18:00:00,8,257.0,2026-05-05 12:00:00,12 days 18:00:00,-12.26,61.29,979.7,54.3,11.947087777945246,166.13746219748413,173.43408202451835,164.0583518874334,135.76876308315667,90.7892191190995,87.63247197315835,67.21723620135073,66.63536811982527,0.0,0.0,0.0,0.0
2026-04-22 18:00:00,8,257.0,2026-05-05 18:00:00,13 days 00:00:00,-12.72,61.6,994.1,44.2,37.37278427569281,98.92289346987629,94.99049462885476,85.53161810742142,91.59192193757288,0.0,0.0,0.0,0.0,0.0,0.0,0.0,0.0
2026-04-22 18:00:00,9,257.0,2026-05-04 12:00:00,11 days 18:00:00,9.78,141.77,1005.6,19.9,69.7018807029004,0.0,0.0,0.0,0.0,0.0,0.0,0.0,0.0,0.0,0.0,0.0,0.0
2026-04-22 18:00:00,9,257.0,2026-05-04 18:00:00,12 days 00:00:00,10.33,142.03,1007.3,21.3,108.18979245845566,0.0,0.0,0.0,0.0,0.0,0.0,0.0,0.0,0.0,0.0,0.0,0.0
2026-04-22 18:00:00,9,257.0,2026-05-05 00:00:00,12 days 06:00:00,10.1,141.89,1006.2,21.1,73.40916183246492,0.0,0.0,0.0,0.0,0.0,0.0,0.0,0.0,0.0,0.0,0.0,0.0
2026-04-22 18:00:00,9,257.0,2026-05-05 06:00:00,12 days 12:00:00,10.47,141.33,1003.8,31.2,121.08750662116084,0.0,0.0,0.0,0.0,0.0,0.0,0.0,0.0,0.0,0.0,0.0,0.0
2026-04-22 18:00:00,9,257.0,2026-05-05 12:00:00,12 days 18:00:00,11.02,140.93,1005.2,32.5,104.96480429831168,0.0,0.0,0.0,0.0,0.0,0.0,0.0,0.0,0.0,0.0,0.0,0.0
2026-04-22 18:00:00,9,257.0,2026-05-05 18:00:00,13 days 00:00:00,11.17,140.98,1002.4,36.3,27.55600432010688,34.09806650456581,24.12210828808877,16.000282168742842,21.49704327021475,0.0,0.0,0.0,0.0,0.0,0.0,0.0,0.0
2026-04-22 18:00:00,2,260.0,2026-05-04 06:00:00,11 days 12:00:00,-9.52,64.11,1001.9,28.9,88.28862570557155,0.0,0.0,0.0,0.0,0.0,0.0,0.0,0.0,0.0,0.0,0.0,0.0
2026-04-22 18:00:00,2,260.0,2026-05-04 12:00:00,11 days 18:00:00,-10.25,63.24,1001.3,27.5,87.6438907675024,0.0,0.0,0.0,0.0,0.0,0.0,0.0,0.0,0.0,0.0,0.0,0.0
2026-04-22 18:00:00,2,260.0,2026-05-04 18:00:00,12 days 00:00:00,-11.48,64.02,997.8,27.6,52.43917324948304,0.0,0.0,0.0,0.0,0.0,0.0,0.0,0.0,0.0,0.0,0.0,0.0
2026-04-22 18:00:00,2,260.0,2026-05-05 00:00:00,12 days 06:00:00,-11.18,63.26,999.8,28.7,158.5533246738432,0.0,0.0,0.0,0.0,0.0,0.0,0.0,0.0,0.0,0.0,0.0,0.0
2026-04-22 18:00:00,2,260.0,2026-05-05 06:00:00,12 days 12:00:00,-11.96,62.96,998.6,37.4,176.19748451903155,357.39279696337405,364.3727023395923,344.64315749401663,315.3155913129431,0.0,0.0,0.0,0.0,0.0,0.0,0.0,0.0
2026-04-22 18:00:00,2,260.0,2026-05-05 12:00:00,12 days 18:00:00,-11.92,62.66,995.3,36.8,80.11555218019912,6.847064627269717,80.11555218019912,6.358957444910033,7.275322715420373,0.0,0.0,0.0,0.0,0.0,0.0,0.0,0.0
2026-04-22 18:00:00,2,260.0,2026-05-05 18:00:00,13 days 00:00:00,-12.03,62.55,1000.3,34.7,99.18298833144291,3.181150719877801,5.409941513051118,99.18298833144291,1.897621387039217,0.0,0.0,0.0,0.0,0.0,0.0,0.0,0.0
2026-04-22 18:00:00,6,262.0,2026-05-05 00:00:00,12 days 06:00:00,7.73,72.13,993.7,35.5,74.55720462741243,159.71677310728307,138.75659206687047,110.9068756306299,141.10517082845467,0.0,0.0,0.0,0.0,0.0,0.0,0.0,0.0
2026-04-22 18:00:00,6,262.0,2026-05-05 06:00:00,12 days 12:00:00,8.07,71.44,1003.2,28.1,70.45124433874304,0.0,0.0,0.0,0.0,0.0,0.0,0.0,0.0,0.0,0.0,0.0,0.0
2026-04-22 18:00:00,6,262.0,2026-05-05 12:00:00,12 days 18:00:00,8.89,69.79,991.9,40.5,87.19990607225972,248.6217201993477,211.6709017444029,190.82700797849637,213.29345679313408,0.0,0.0,0.0,0.0,0.0,0.0,0.0,0.0
2026-04-22 18:00:00,6,262.0,2026-05-05 18:00:00,13 days 00:00:00,9.02,68.85,990.7,51.7,49.94839216588058,243.0290962089441,211.6900199724057,180.52652371132456,221.55352638105785,49.94839216588058,9.137621365732413,7.796838597060877,11.705942517713067,0.0,0.0,0.0,0.0
2026-04-22 18:00:00,1,265.0,2026-05-03 12:00:00,10 days 18:00:00,5.65,64.82,1003.2,23.3,60.27633993015133,0.0,0.0,0.0,0.0,0.0,0.0,0.0,0.0,0.0,0.0,0.0,0.0
2026-04-22 18:00:00,1,265.0,2026-05-03 18:00:00,11 days 00:00:00,6.28,64.82,1006.1,22.6,68.04829690962487,0.0,0.0,0.0,0.0,0.0,0.0,0.0,0.0,0.0,0.0,0.0,0.0
2026-04-22 18:00:00,1,265.0,2026-05-04 00:00:00,11 days 06:00:00,6.1,64.82,1000.4,26.6,69.83962385624399,0.0,0.0,0.0,0.0,0.0,0.0,0.0,0.0,0.0,0.0,0.0,0.0
2026-04-22 18:00:00,1,265.0,2026-05-04 06:00:00,11 days 12:00:00,5.85,64.4,1000.1,35.0,43.55670484605729,126.67674557865294,116.49346720782302,108.14262143609278,111.26968453244343,0.0,0.0,0.0,0.0,0.0,0.0,0.0,0.0
2026-04-22 18:00:00,1,265.0,2026-05-04 12:00:00,11 days 18:00:00,6.18,64.68,990.2,51.9,32.01388248986881,154.42568474832137,149.60955471796876,125.61129521942895,136.47908322009854,32.01388248986881,0.0,0.0,0.0,0.0,0.0,0.0,0.0
2026-04-22 18:00:00,1,265.0,2026-05-04 18:00:00,12 days 00:00:00,6.78,64.52,993.3,50.3,44.80234995385815,128.2353593376094,121.10496639727596,106.647086477918,109.3535902774381,0.0,0.453231349824259,44.80234995385815,0.0,0.0,0.0,0.0,0.0
2026-04-22 18:00:00,1,265.0,2026-05-05 00:00:00,12 days 06:00:00,7.23,64.31,992.2,49.1,20.31249763799544,87.66072688233899,62.33053194337362,63.15455826851333,76.56310061381984,0.0,0.0,0.0,0.0,0.0,0.0,0.0,0.0
2026-04-22 18:00:00,1,265.0,2026-05-05 06:00:00,12 days 12:00:00,7.2,63.85,997.1,46.0,25.323101917405918,129.85380276837185,99.69165429618492,93.9703654385712,106.9308270782736,0.0,0.0,0.0,0.0,0.0,0.0,0.0,0.0
2026-04-22 18:00:00,1,265.0,2026-05-05 12:00:00,12 days 18:00:00,7.55,63.32,992.6,55.3,27.85274948660911,165.34320847337048,127.28385388917374,107.68503884369736,139.7546507563134,59.14103138808994,49.05375663592565,36.04215698339428,44.23598715868004,0.0,0.0,0.0,0.0
2026-04-22 18:00:00,1,265.0,2026-05-05 18:00:00,13 days 00:00:00,7.97,62.76,987.8,57.6,53.72617572692728,224.54923959893253,188.41546819670967,175.17122766870278,219.98739332795083,96.87277426475508,82.65938333930544,66.81406439961182,79.88041669920916,0.0,0.0,0.0,0.0
2026-04-22 18:00:00,1,266.0,2026-05-02 06:00:00,9 days 12:00:00,5.78,65.93,1007.1,14.8,66.62412428861592,0.0,0.0,0.0,0.0,0.0,0.0,0.0,0.0,0.0,0.0,0.0,0.0
2026-04-22 18:00:00,1,266.0,2026-05-02 12:00:00,9 days 18:00:00,7.15,65.71,1007.6,21.3,151.8403688045404,0.0,0.0,0.0,0.0,0.0,0.0,0.0,0.0,0.0,0.0,0.0,0.0
2026-04-22 18:00:00,1,266.0,2026-05-02 18:00:00,10 days 00:00:00,7.58,66.67,1008.2,21.5,89.5595650718407,0.0,0.0,0.0,0.0,0.0,0.0,0.0,0.0,0.0,0.0,0.0,0.0
2026-04-22 18:00:00,1,266.0,2026-05-03 00:00:00,10 days 06:00:00,8.84,65.96,1001.9,25.9,68.20317353765665,0.0,0.0,0.0,0.0,0.0,0.0,0.0,0.0,0.0,0.0,0.0,0.0
2026-04-22 18:00:00,1,266.0,2026-05-03 06:00:00,10 days 12:00:00,8.58,66.9,999.0,30.4,104.9932981971232,0.0,0.0,0.0,0.0,0.0,0.0,0.0,0.0,0.0,0.0,0.0,0.0
2026-04-22 18:00:00,1,266.0,2026-05-03 12:00:00,10 days 18:00:00,9.14,66.22,997.0,36.4,88.03984997815101,0.4724203274899654,0.0,88.03984997815101,0.0,0.0,0.0,0.0,0.0,0.0,0.0,0.0,0.0
2026-04-22 18:00:00,1,266.0,2026-05-03 18:00:00,11 days 00:00:00,9.2,66.5,992.4,50.3,39.63291718305865,115.72222423951972,116.5334970009094,104.94606063725216,113.5158456938779,51.11826235591968,47.00576012980747,38.06640575957857,41.18058449714445,0.0,0.0,0.0,0.0
2026-04-22 18:00:00,1,266.0,2026-05-04 00:00:00,11 days 06:00:00,9.14,65.87,996.2,41.3,38.65077002443463,98.39822499141292,103.01987992665738,79.87259696618418,92.3123565803379,0.0,0.0,0.0,0.0,0.0,0.0,0.0,0.0
2026-04-22 18:00:00,1,266.0,2026-05-04 06:00:00,11 days 12:00:00,9.5,65.62,978.4,57.9,14.373556336909866,148.4472833729542,147.82934872454575,154.4314078686514,144.5207600134177,64.10240728830988,60.921386254594616,54.65026321318686,54.07754100078361,0.0,0.0,0.0,0.0
2026-04-22 18:00:00,1,266.0,2026-05-04 12:00:00,11 days 18:00:00,9.3,65.87,986.3,48.4,62.33855956116451,156.94224115436833,173.59810221253957,181.8772141496588,146.48884694163772,0.0,0.0,0.0,0.0,0.0,0.0,0.0,0.0
2026-04-22 18:00:00,1,266.0,2026-05-04 18:00:00,12 days 00:00:00,9.67,65.27,985.8,58.4,34.80498200562836,160.2807414130976,153.7304819426461,151.81002338557508,158.8220437447112,34.80498200562836,16.796550972553778,17.476513259836178,18.933539100934144,0.0,0.0,0.0,0.0
2026-04-22 18:00:00,1,266.0,2026-05-05 00:00:00,12 days 06:00:00,9.91,65.28,980.6,66.2,31.013348257069765,209.97130815027447,195.02299250794525,188.04279346770969,194.51821488456696,101.43966089049496,96.77581856681118,86.76177209378349,90.06338233264516,45.35822748711409,42.1725023507325,36.32107091245934,38.97248790789054
2026-04-22 18:00:00,1,266.0,2026-05-05 06:00:00,12 days 12:00:00,10.07,64.64,983.2,60.7,32.79778040673357,225.62368553038036,215.631841330332,222.59001483674663,210.9271335446908,89.876299531076,84.80631477565285,74.45796596333992,75.3507627644012,0.0,0.0,0.0,0.0
2026-04-22 18:00:00,1,266.0,2026-05-05 12:00:00,12 days 18:00:00,10.87,64.41,971.6,74.5,22.46582323110149,271.6978568228974,230.79269865692424,228.6096056867572,228.79079500317985,133.02000639565162,129.9060843693739,120.15256111572504,116.66107889736584,82.0190507697359,81.45073497790806,68.36268903371993,70.94409734207424
2026-04-22 18:00:00,1,266.0,2026-05-05 18:00:00,13 days 00:00:00,11.81,63.36,978.0,70.0,26.676217429915543,153.2319394691243,150.39893378596332,158.08639467887923,155.07406269315956,76.54612198939549,74.6672262742547,70.59633291465138,67.98265572464975,33.115066297872765,32.3317290004142,27.81482946393031,29.201745854625237
2026-04-22 18:00:00,3,266.0,2026-05-04 12:00:00,11 days 18:00:00,-8.02,60.21,1004.0,26.9,117.19775912324852,0.0,0.0,0.0,0.0,0.0,0.0,0.0,0.0,0.0,0.0,0.0,0.0
2026-04-22 18:00:00,3,266.0,2026-05-04 18:00:00,12 days 00:00:00,-8.72,59.54,999.3,33.5,105.53410211886896,0.0,0.0,0.0,0.0,0.0,0.0,0.0,0.0,0.0,0.0,0.0,0.0
2026-04-22 18:00:00,3,266.0,2026-05-05 00:00:00,12 days 06:00:00,-9.61,58.52,992.1,44.7,47.72303184230258,131.9513712952327,135.17969714343698,113.07130158947604,108.79105872875886,0.0,0.0,0.0,0.0,0.0,0.0,0.0,0.0
2026-04-22 18:00:00,3,266.0,2026-05-05 06:00:00,12 days 12:00:00,-9.9,58.17,988.5,54.4,43.78975936500189,206.94484904738576,238.93705140133457,240.0941814502831,204.26940108874555,98.25980204292438,104.33779073255674,95.35025238543936,86.0940354345796,0.0,0.0,0.0,0.0
2026-04-22 18:00:00,3,266.0,2026-05-05 12:00:00,12 days 18:00:00,-10.38,57.74,987.6,48.7,58.042222383767296,201.6397230947009,225.4827652417074,190.03216279356295,165.47088031362068,0.0,0.0,0.0,0.0,0.0,0.0,0.0,0.0
2026-04-22 18:00:00,3,266.0,2026-05-05 18:00:00,13 days 00:00:00,-10.71,57.09,979.9,72.6,0.0,186.0616687604042,199.4365974633954,161.98335500152672,160.67807524906507,95.81642168776348,96.99367689882378,79.73468887698972,81.47473148262314,43.88901541801136,43.52799654780757,36.2488484689967,36.84928690997946
2026-04-22 18:00:00,2,268.0,2026-05-05 00:00:00,12 days 06:00:00,8.39,142.64,1009.0,18.1,115.9899427345339,0.0,0.0,0.0,0.0,0.0,0.0,0.0,0.0,0.0,0.0,0.0,0.0
2026-04-22 18:00:00,2,268.0,2026-05-05 06:00:00,12 days 12:00:00,9.01,141.41,1004.6,22.7,128.2639433327597,0.0,0.0,0.0,0.0,0.0,0.0,0.0,0.0,0.0,0.0,0.0,0.0
2026-04-22 18:00:00,2,268.0,2026-05-05 12:00:00,12 days 18:00:00,8.44,140.53,1008.4,18.0,93.48778771982064,0.0,0.0,0.0,0.0,0.0,0.0,0.0,0.0,0.0,0.0,0.0,0.0
2026-04-22 18:00:00,2,268.0,2026-05-05 18:00:00,13 days 00:00:00,8.32,139.68,1007.9,20.6,71.34055493979304,0.0,0.0,0.0,0.0,0.0,0.0,0.0,0.0,0.0,0.0,0.0,0.0
2026-04-22 18:00:00,0,270.0,2026-05-04 00:00:00,11 days 06:00:00,5.58,63.86,1005.6,19.4,69.45722480175004,0.0,0.0,0.0,0.0,0.0,0.0,0.0,0.0,0.0,0.0,0.0,0.0
2026-04-22 18:00:00,0,270.0,2026-05-04 06:00:00,11 days 12:00:00,4.83,63.1,1006.3,21.3,60.05143660427631,0.0,0.0,0.0,0.0,0.0,0.0,0.0,0.0,0.0,0.0,0.0,0.0
2026-04-22 18:00:00,0,270.0,2026-05-04 12:00:00,11 days 18:00:00,5.27,63.24,1006.0,15.9,106.91670866388525,0.0,0.0,0.0,0.0,0.0,0.0,0.0,0.0,0.0,0.0,0.0,0.0
2026-04-22 18:00:00,0,270.0,2026-05-04 18:00:00,12 days 00:00:00,5.27,62.29,1000.3,37.3,52.03883948313421,0.0,0.0,52.03883948313421,1.2992194263161907,0.0,0.0,0.0,0.0,0.0,0.0,0.0,0.0
2026-04-22 18:00:00,0,270.0,2026-05-05 00:00:00,12 days 06:00:00,5.47,61.99,992.4,43.0,59.06032455045778,134.6914366724901,121.95178013275972,108.63903797389258,120.28564921099304,0.0,0.0,0.0,0.0,0.0,0.0,0.0,0.0
2026-04-22 18:00:00,0,270.0,2026-05-05 06:00:00,12 days 12:00:00,6.38,61.72,998.0,37.5,39.0632218092362,1.354700291323364,4.3805480805605965,6.2533425272032535,39.0632218092362,0.0,0.0,0.0,0.0,0.0,0.0,0.0,0.0
2026-04-22 18:00:00,0,270.0,2026-05-05 12:00:00,12 days 18:00:00,6.6,61.28,998.1,36.7,51.4095940643784,0.0,51.4095940643784,0.0,0.0,0.0,0.0,0.0,0.0,0.0,0.0,0.0,0.0
2026-04-22 18:00:00,0,270.0,2026-05-05 18:00:00,13 days 00:00:00,7.27,61.62,999.1,37.9,77.23437533636428,0.0,1.9814325174443768,0.660809791017799,77.23437533636428,0.0,0.0,0.0,0.0,0.0,0.0,0.0,0.0
2026-04-22 18:00:00,3,271.0,2026-05-04 06:00:00,11 days 12:00:00,-8.67,62.94,1001.8,25.4,47.790529579438825,0.0,0.0,0.0,0.0,0.0,0.0,0.0,0.0,0.0,0.0,0.0,0.0
2026-04-22 18:00:00,3,271.0,2026-05-04 12:00:00,11 days 18:00:00,-9.81,61.96,996.8,38.3,89.81418733210214,194.01169854367225,190.8808225988344,159.19535395163547,162.00950470227852,0.0,0.0,0.0,0.0,0.0,0.0,0.0,0.0
2026-04-22 18:00:00,3,271.0,2026-05-04 18:00:00,12 days 00:00:00,-10.44,61.17,1000.0,39.2,44.05787882228194,6.468856635167355,10.261256722137668,44.05787882228194,6.903652339154123,0.0,0.0,0.0,0.0,0.0,0.0,0.0,0.0
2026-04-22 18:00:00,3,271.0,2026-05-05 00:00:00,12 days 06:00:00,-11.01,60.92,996.3,36.5,106.20313785391892,106.20313785391892,22.39124640388536,21.996756328311168,33.54823264132648,0.0,0.0,0.0,0.0,0.0,0.0,0.0,0.0
2026-04-22 18:00:00,3,271.0,2026-05-05 06:00:00,12 days 12:00:00,-11.3,60.3,997.4,45.1,66.96496534536321,150.95287541366423,162.05792447493027,130.2184844472597,126.06465049168442,0.0,0.0,0.0,0.0,0.0,0.0,0.0,0.0
2026-04-22 18:00:00,3,271.0,2026-05-05 12:00:00,12 days 18:00:00,-12.23,60.31,993.5,52.6,47.44484651099254,247.53567271226515,262.12093015731153,225.7458502908036,217.58596063241797,47.44484651099254,11.95846892314453,9.060132856122404,9.151667131977382,0.0,0.0,0.0,0.0
2026-04-22 18:00:00,3,271.0,2026-05-05 18:00:00,13 days 00:00:00,-12.38,59.87,996.0,52.4,33.366445010493045,181.0748499266531,197.52891960283424,155.49815665087712,148.78510707262132,2.5313544821900145,33.366445010493045,2.2388998508922127,0.0342867431814852,0.0,0.0,0.0,0.0
2026-04-22 18:00:00,2,276.0,2026-05-04 00:00:00,11 days 06:00:00,7.5,70.88,1004.5,23.2,125.9119619998574,0.0,0.0,0.0,0.0,0.0,0.0,0.0,0.0,0.0,0.0,0.0,0.0
2026-04-22 18:00:00,2,276.0,2026-05-04 06:00:00,11 days 12:00:00,7.58,70.19,1005.7,18.2,98.53530611319486,0.0,0.0,0.0,0.0,0.0,0.0,0.0,0.0,0.0,0.0,0.0,0.0
2026-04-22 18:00:00,2,276.0,2026-05-04 12:00:00,11 days 18:00:00,7.69,69.91,1001.4,28.1,61.69843673990094,0.0,0.0,0.0,0.0,0.0,0.0,0.0,0.0,0.0,0.0,0.0,0.0
2026-04-22 18:00:00,2,276.0,2026-05-04 18:00:00,12 days 00:00:00,8.08,70.43,1000.4,28.7,92.86703471802534,0.0,0.0,0.0,0.0,0.0,0.0,0.0,0.0,0.0,0.0,0.0,0.0
2026-04-22 18:00:00,2,276.0,2026-05-05 00:00:00,12 days 06:00:00,9.02,70.19,994.2,46.9,61.022353910957534,168.70061051640167,137.98805426861,101.5068255991899,138.66864696376348,0.0,0.0,0.0,0.0,0.0,0.0,0.0,0.0
2026-04-22 18:00:00,2,276.0,2026-05-05 06:00:00,12 days 12:00:00,9.39,69.96,1000.0,34.1,55.37698209121004,55.37698209121004,12.024955429491484,8.863966353500416,8.62729002259843,0.0,0.0,0.0,0.0,0.0,0.0,0.0,0.0
2026-04-22 18:00:00,2,276.0,2026-05-05 12:00:00,12 days 18:00:00,10.62,69.27,995.0,45.5,76.03841162958659,119.50852556011158,120.28189049333396,101.87798491137204,95.58335472941457,0.0,0.0,0.0,0.0,0.0,0.0,0.0,0.0
2026-04-22 18:00:00,2,276.0,2026-05-05 18:00:00,13 days 00:00:00,11.36,68.94,998.7,43.0,80.40555607842403,171.6797830713439,145.90468698863566,108.7097416135842,146.58127558965603,0.0,0.0,0.0,0.0,0.0,0.0,0.0,0.0
2026-04-22 18:00:00,6,280.0,2026-05-04 12:00:00,11 days 18:00:00,-6.94,59.1,1004.2,23.6,49.08932282423888,0.0,0.0,0.0,0.0,0.0,0.0,0.0,0.0,0.0,0.0,0.0,0.0
2026-04-22 18:00:00,6,280.0,2026-05-04 18:00:00,12 days 00:00:00,-6.94,59.92,1005.6,19.0,112.67952905742256,0.0,0.0,0.0,0.0,0.0,0.0,0.0,0.0,0.0,0.0,0.0,0.0
2026-04-22 18:00:00,6,280.0,2026-05-05 00:00:00,12 days 06:00:00,-7.9,60.93,1003.1,25.2,93.41391635989372,0.0,0.0,0.0,0.0,0.0,0.0,0.0,0.0,0.0,0.0,0.0,0.0
2026-04-22 18:00:00,6,280.0,2026-05-05 06:00:00,12 days 12:00:00,-8.43,61.71,1003.2,27.2,114.05347845826672,0.0,0.0,0.0,0.0,0.0,0.0,0.0,0.0,0.0,0.0,0.0,0.0
2026-04-22 18:00:00,6,280.0,2026-05-05 12:00:00,12 days 18:00:00,-8.44,62.66,1005.2,22.6,72.71711069026635,0.0,0.0,0.0,0.0,0.0,0.0,0.0,0.0,0.0,0.0,0.0,0.0
2026-04-22 18:00:00,6,280.0,2026-05-05 18:00:00,13 days 00:00:00,-8.95,63.75,999.6,32.9,70.17920667097572,0.0,0.0,0.0,0.0,0.0,0.0,0.0,0.0,0.0,0.0,0.0,0.0
2026-04-22 18:00:00,5,281.0,2026-05-02 06:00:00,9 days 12:00:00,6.18,69.26,1006.5,10.5,151.39499039732135,0.0,0.0,0.0,0.0,0.0,0.0,0.0,0.0,0.0,0.0,0.0,0.0
2026-04-22 18:00:00,5,281.0,2026-05-02 12:00:00,9 days 18:00:00,6.66,68.79,1001.5,21.4,44.65531949374404,0.0,0.0,0.0,0.0,0.0,0.0,0.0,0.0,0.0,0.0,0.0,0.0
2026-04-22 18:00:00,5,281.0,2026-05-02 18:00:00,10 days 00:00:00,6.33,69.67,1001.3,26.2,150.31251104774788,0.0,0.0,0.0,0.0,0.0,0.0,0.0,0.0,0.0,0.0,0.0,0.0
2026-04-22 18:00:00,5,281.0,2026-05-03 00:00:00,10 days 06:00:00,7.46,69.44,1000.0,22.6,79.13219438582166,0.0,0.0,0.0,0.0,0.0,0.0,0.0,0.0,0.0,0.0,0.0,0.0
2026-04-22 18:00:00,5,281.0,2026-05-03 06:00:00,10 days 12:00:00,7.32,69.11,996.1,37.8,65.80301402166718,65.80301402166718,54.71719915944859,48.81654946155557,55.09005868099258,0.0,0.0,0.0,0.0,0.0,0.0,0.0,0.0
2026-04-22 18:00:00,5,281.0,2026-05-03 12:00:00,10 days 18:00:00,8.11,69.44,1001.7,29.5,92.97641092757472,0.0,0.0,0.0,0.0,0.0,0.0,0.0,0.0,0.0,0.0,0.0,0.0
2026-04-22 18:00:00,5,281.0,2026-05-03 18:00:00,11 days 00:00:00,8.15,69.13,995.2,45.2,65.54280055857708,211.9264722172249,196.08601720825996,165.8335223440509,179.83458796775642,0.0,0.0,0.0,0.0,0.0,0.0,0.0,0.0
2026-04-22 18:00:00,5,281.0,2026-05-04 00:00:00,11 days 06:00:00,8.52,69.1,994.7,53.2,115.76280234116552,267.0287946063455,234.0938633892269,203.21651181807024,248.08365497537048,115.76280234116552,63.20158142931585,54.2320812864929,60.53684892255306,0.0,0.0,0.0,0.0
2026-04-22 18:00:00,5,281.0,2026-05-04 06:00:00,11 days 12:00:00,8.74,68.4,993.1,53.7,44.34790764457351,172.70063309744242,156.78040689788713,140.0992928456023,151.2805486049873,44.34790764457351,9.388697986121509,7.297404895742487,10.719605955183074,0.0,0.0,0.0,0.0
2026-04-22 18:00:00,5,281.0,2026-05-04 12:00:00,11 days 18:00:00,9.12,68.26,996.1,42.2,69.69004821480934,222.15150655089167,206.3044962694471,184.1790106568643,193.260308852545,0.0,0.0,0.0,0.0,0.0,0.0,0.0,0.0
2026-04-22 18:00:00,5,281.0,2026-05-04 18:00:00,12 days 00:00:00,9.74,68.49,998.4,44.4,42.25618569477592,222.0733324939376,221.8891250049691,169.958146013028,182.51572426737377,0.0,0.0,0.0,0.0,0.0,0.0,0.0,0.0
2026-04-22 18:00:00,5,281.0,2026-05-05 00:00:00,12 days 06:00:00,9.99,68.49,1001.1,41.3,112.01777664074618,287.1122578804251,291.43196112365547,234.31456172898265,245.2939746264024,0.0,0.0,0.0,0.0,0.0,0.0,0.0,0.0
2026-04-22 18:00:00,5,281.0,2026-05-05 06:00:00,12 days 12:00:00,10.78,67.79,989.9,47.4,70.90591633301261,200.1895906380799,179.6101234501733,156.77506150919274,171.1889458340905,0.0,0.0,0.0,0.0,0.0,0.0,0.0,0.0
2026-04-22 18:00:00,5,281.0,2026-05-05 12:00:00,12 days 18:00:00,11.35,67.27,990.0,57.0,74.66362469155611,263.4448745285184,216.24364417554384,187.2519154477241,220.09045956182456,74.66362469155611,46.485198071008384,36.192898113026295,43.40564437147657,0.0,0.0,0.0,0.0
2026-04-22 18:00:00,5,281.0,2026-05-05 18:00:00,13 days 00:00:00,12.11,66.15,989.1,53.9,66.29637255654038,210.54598826410853,176.67116917263135,164.06713296935806,188.55308091304653,66.29637255654038,31.906616265032497,27.345119336506823,34.10396677566786,0.0,0.0,0.0,0.0
2026-04-22 18:00:00,7,281.0,2026-05-03 06:00:00,10 days 12:00:00,-7.71,66.49,1002.0,25.9,135.88445536219314,0.0,0.0,0.0,0.0,0.0,0.0,0.0,0.0,0.0,0.0,0.0,0.0
2026-04-22 18:00:00,7,281.0,2026-05-03 12:00:00,10 days 18:00:00,-8.49,67.3,1003.0,22.9,119.1038026083406,0.0,0.0,0.0,0.0,0.0,0.0,0.0,0.0,0.0,0.0,0.0,0.0
2026-04-22 18:00:00,7,281.0,2026-05-03 18:00:00,11 days 00:00:00,-9.82,66.97,1003.2,29.1,75.55257168635111,0.0,0.0,0.0,0.0,0.0,0.0,0.0,0.0,0.0,0.0,0.0,0.0
2026-04-22 18:00:00,7,281.0,2026-05-04 00:00:00,11 days 06:00:00,-10.62,66.65,995.7,38.5,127.4546121899946,200.37573427608143,199.46452261778484,165.18978437604187,161.44913946741684,0.0,0.0,0.0,0.0,0.0,0.0,0.0,0.0
2026-04-22 18:00:00,7,281.0,2026-05-04 06:00:00,11 days 12:00:00,-11.17,66.29,995.0,40.0,58.99028277872705,104.22413243013386,107.31311446544592,92.61751905660068,87.50578560831312,0.0,0.0,0.0,0.0,0.0,0.0,0.0,0.0
2026-04-22 18:00:00,7,281.0,2026-05-04 12:00:00,11 days 18:00:00,-12.24,65.98,998.6,33.7,70.98129832491301,0.0,0.0,0.0,0.0,0.0,0.0,0.0,0.0,0.0,0.0,0.0,0.0
2026-04-22 18:00:00,7,281.0,2026-05-04 18:00:00,12 days 00:00:00,-13.24,65.57,993.8,44.0,72.85221174128573,230.98330948155163,239.68612448216277,209.2245771796196,190.8100474702833,0.0,0.0,0.0,0.0,0.0,0.0,0.0,0.0
2026-04-22 18:00:00,7,281.0,2026-05-05 00:00:00,12 days 06:00:00,-14.04,64.72,984.0,63.7,40.334615222833065,194.7567079639132,246.5055815508213,215.8472063351512,158.28847277290492,96.50145278231572,103.11069625339002,82.44639937004766,68.46570282190598,0.0,0.0,0.0,0.0
2026-04-22 18:00:00,7,281.0,2026-05-05 06:00:00,12 days 12:00:00,-14.69,64.41,987.5,57.0,43.728225145672496,204.45428103667732,238.26961421180908,200.0666076338448,158.57510202935532,63.23229327919614,66.67533481603587,54.860339559172814,45.26856460527272,0.0,0.0,0.0,0.0
2026-04-22 18:00:00,7,281.0,2026-05-05 12:00:00,12 days 18:00:00,-15.41,64.34,985.4,68.2,19.981761599694384,246.1057042954186,269.9530308992648,234.03699435581788,190.444336288874,126.11001815426329,127.89681350483288,98.45718605485791,99.3576213054426,28.26356247637336,28.26811337745344,22.619584866818336,23.491756260357647
2026-04-22 18:00:00,7,281.0,2026-05-05 18:00:00,13 days 00:00:00,-16.37,64.07,981.8,66.4,53.858436695982505,239.52718635335373,282.0986155054634,261.0798312009015,185.6448272599771,118.67365889593026,131.9145741816021,109.77525395869291,96.82890895394888,21.38292543023495,53.858436695982505,21.11334569363911,21.67243802790937
2026-04-22 18:00:00,4,282.0,2026-05-02 06:00:00,9 days 12:00:00,7.72,69.96,1002.8,26.5,84.67029205995522,0.0,0.0,0.0,0.0,0.0,0.0,0.0,0.0,0.0,0.0,0.0,0.0
2026-04-22 18:00:00,4,282.0,2026-05-02 12:00:00,9 days 18:00:00,7.66,69.64,1001.0,28.7,75.25969343271441,0.0,0.0,0.0,0.0,0.0,0.0,0.0,0.0,0.0,0.0,0.0,0.0
2026-04-22 18:00:00,4,282.0,2026-05-02 18:00:00,10 days 00:00:00,7.62,69.27,1000.5,32.5,49.962344628421455,0.0,0.0,0.0,0.0,0.0,0.0,0.0,0.0,0.0,0.0,0.0,0.0
2026-04-22 18:00:00,4,282.0,2026-05-03 00:00:00,10 days 06:00:00,7.68,68.92,997.3,34.2,75.86791828604733,99.30061077607763,84.12596379130058,62.93078675274484,78.66155707802442,0.0,0.0,0.0,0.0,0.0,0.0,0.0,0.0
2026-04-22 18:00:00,4,282.0,2026-05-03 06:00:00,10 days 12:00:00,7.99,68.29,998.7,41.0,58.97778956563791,84.49054379250813,95.35768865738434,77.19062407901453,85.88164768095895,0.0,0.0,0.0,0.0,0.0,0.0,0.0,0.0
2026-04-22 18:00:00,4,282.0,2026-05-03 12:00:00,10 days 18:00:00,8.88,68.08,988.2,57.2,31.91983574937856,106.12354721299404,90.16225074888344,89.2805039787796,103.65425324701984,31.91983574937856,7.2180474279621265,6.643405865260338,7.866953017645691,0.0,0.0,0.0,0.0
2026-04-22 18:00:00,4,282.0,2026-05-03 18:00:00,11 days 00:00:00,9.11,67.15,983.5,57.0,50.16219639867703,107.2566182828593,76.31325625318695,58.38124461977947,98.4472108989588,50.16219639867703,3.157483009645917,3.5653141559845394,6.391998780212175,0.0,0.0,0.0,0.0
2026-04-22 18:00:00,4,282.0,2026-05-04 00:00:00,11 days 06:00:00,8.82,66.35,972.8,69.2,32.5324069452351,213.2516813157696,190.0704477489348,188.27611881394256,220.8981740452721,74.43195757439699,59.81909773132006,46.20911996054812,58.50549386273908,32.5324069452351,0.0,0.0343366382001897,0.3505214569034602
2026-04-22 18:00:00,4,282.0,2026-05-04 06:00:00,11 days 12:00:00,9.3,65.48,996.4,41.5,31.444806844818,13.641608091871513,15.64080067800307,31.444806844818,16.81163448523813,0.0,0.0,0.0,0.0,0.0,0.0,0.0,0.0
2026-04-22 18:00:00,4,282.0,2026-05-04 12:00:00,11 days 18:00:00,9.21,65.39,995.4,41.0,50.784160653752544,0.0,1.1339243022682055,50.784160653752544,0.0,0.0,0.0,0.0,0.0,0.0,0.0,0.0,0.0
2026-04-22 18:00:00,4,282.0,2026-05-04 18:00:00,12 days 00:00:00,9.42,65.0,1000.3,36.2,129.27564919362,129.27564919362,66.2617414350695,57.55266659552443,71.8981329640902,0.0,0.0,0.0,0.0,0.0,0.0,0.0,0.0
2026-04-22 18:00:00,4,282.0,2026-05-05 00:00:00,12 days 06:00:00,9.98,64.0,998.6,33.7,75.515821698024,0.0,0.0,0.0,0.0,0.0,0.0,0.0,0.0,0.0,0.0,0.0,0.0
2026-04-22 18:00:00,4,282.0,2026-05-05 06:00:00,12 days 12:00:00,9.91,63.81,996.2,39.7,50.00281820684632,119.82127895927988,101.66950850636503,91.66105196552115,103.54954870278787,0.0,0.0,0.0,0.0,0.0,0.0,0.0,0.0
2026-04-22 18:00:00,4,282.0,2026-05-05 12:00:00,12 days 18:00:00,10.26,63.12,986.3,57.7,28.844538585571318,107.63376660386008,99.44031299016474,108.9318742868915,103.41590502122423,28.844538585571318,16.437278835456862,15.858975414205023,16.06169850142873,0.0,0.0,0.0,0.0
2026-04-22 18:00:00,4,282.0,2026-05-05 18:00:00,13 days 00:00:00,11.13,61.76,984.9,61.4,5.721065878437663,117.58942359914266,97.5074254930854,87.48021408445229,118.97577691444742,73.95071917536784,55.781944804545546,39.24644727293686,57.60929717172967,0.0,0.0,0.0,0.0
2026-04-22 18:00:00,1,285.0,2026-05-04 06:00:00,11 days 12:00:00,6.93,61.14,1005.5,23.3,160.2501895639097,0.0,0.0,0.0,0.0,0.0,0.0,0.0,0.0,0.0,0.0,0.0,0.0
2026-04-22 18:00:00,1,285.0,2026-05-04 12:00:00,11 days 18:00:00,6.8,60.71,1000.9,27.1,76.33505175376536,0.0,0.0,0.0,0.0,0.0,0.0,0.0,0.0,0.0,0.0,0.0,0.0
2026-04-22 18:00:00,1,285.0,2026-05-04 18:00:00,12 days 00:00:00,6.98,60.32,1006.7,20.5,62.66669313593909,0.0,0.0,0.0,0.0,0.0,0.0,0.0,0.0,0.0,0.0,0.0,0.0
2026-04-22 18:00:00,1,285.0,2026-05-05 00:00:00,12 days 06:00:00,7.2,60.31,1002.6,31.5,55.563917672372185,0.0,0.0,0.0,0.0,0.0,0.0,0.0,0.0,0.0,0.0,0.0,0.0
2026-04-22 18:00:00,1,285.0,2026-05-05 06:00:00,12 days 12:00:00,7.12,59.47,1003.3,28.9,67.17283047821894,0.0,0.0,0.0,0.0,0.0,0.0,0.0,0.0,0.0,0.0,0.0,0.0
2026-04-22 18:00:00,1,285.0,2026-05-05 12:00:00,12 days 18:00:00,7.72,59.19,1004.9,29.3,56.99955424578022,0.0,0.0,0.0,0.0,0.0,0.0,0.0,0.0,0.0,0.0,0.0,0.0
2026-04-22 18:00:00,1,285.0,2026-05-05 18:00:00,13 days 00:00:00,7.32,58.1,1003.2,28.7,85.47397779655572,0.0,0.0,0.0,0.0,0.0,0.0,0.0,0.0,0.0,0.0,0.0,0.0
2026-04-22 18:00:00,5,287.0,2026-05-03 18:00:00,11 days 00:00:00,5.87,64.58,1004.0,23.9,127.41079759920164,0.0,0.0,0.0,0.0,0.0,0.0,0.0,0.0,0.0,0.0,0.0,0.0
2026-04-22 18:00:00,5,287.0,2026-05-04 00:00:00,11 days 06:00:00,6.15,64.16,1004.6,23.1,72.17221219438348,0.0,0.0,0.0,0.0,0.0,0.0,0.0,0.0,0.0,0.0,0.0,0.0
2026-04-22 18:00:00,5,287.0,2026-05-04 06:00:00,11 days 12:00:00,6.67,63.65,1001.6,31.1,82.07477193433195,0.0,0.0,0.0,0.0,0.0,0.0,0.0,0.0,0.0,0.0,0.0,0.0
2026-04-22 18:00:00,5,287.0,2026-05-04 12:00:00,11 days 18:00:00,6.9,62.78,999.1,41.1,64.61295295952678,44.59781176012707,29.779557188545446,35.90462294550041,64.61295295952678,0.0,0.0,0.0,0.0,0.0,0.0,0.0,0.0
2026-04-22 18:00:00,5,287.0,2026-05-04 18:00:00,12 days 00:00:00,7.37,61.48,987.9,53.8,47.334953844207135,94.44211444288896,76.0182550243519,79.09563634583284,92.38845757045078,3.530854762384635,3.981791553318491,3.1003547218841288,47.334953844207135,0.0,0.0,0.0,0.0
2026-04-22 18:00:00,5,287.0,2026-05-05 00:00:00,12 days 06:00:00,8.19,60.69,989.9,44.0,34.74207403872485,138.6250990530753,128.55846279015262,126.1864272271857,133.3993944913521,0.0,0.0,0.0,0.0,0.0,0.0,0.0,0.0
2026-04-22 18:00:00,5,287.0,2026-05-05 06:00:00,12 days 12:00:00,8.33,59.56,989.4,58.8,17.851416680720863,120.56661427066844,96.57584499674252,90.78264604706548,106.39621391051242,52.15324664869392,43.30874828548403,34.99895520597836,44.34855632946413,0.0,0.0,0.0,0.0
2026-04-22 18:00:00,5,287.0,2026-05-05 12:00:00,12 days 18:00:00,9.3,58.47,994.1,48.8,38.67617530939695,153.02208984998893,140.9660981844186,123.89605937433936,134.66542527074887,0.0,0.0,0.0,0.0,0.0,0.0,0.0,0.0
2026-04-22 18:00:00,5,287.0,2026-05-05 18:00:00,13 days 00:00:00,9.66,57.77,992.0,53.4,31.400345741986776,138.42029320034226,117.68823709838354,102.08913148892027,131.11450710544415,31.400345741986776,9.574768086487255,6.737609834061713,9.416696798561668,0.0,0.0,0.0,0.0
2026-04-22 18:00:00,3,289.0,2026-05-03 06:00:00,10 days 12:00:00,-10.52,65.44,1001.5,23.0,31.563485594794614,0.0,0.0,0.0,0.0,0.0,0.0,0.0,0.0,0.0,0.0,0.0,0.0
2026-04-22 18:00:00,3,289.0,2026-05-03 12:00:00,10 days 18:00:00,-10.73,65.55,1004.3,22.7,80.65295597074916,0.0,0.0,0.0,0.0,0.0,0.0,0.0,0.0,0.0,0.0,0.0,0.0
2026-04-22 18:00:00,3,289.0,2026-05-03 18:00:00,11 days 00:00:00,-10.82,65.55,999.9,28.1,59.28930706587074,0.0,0.0,0.0,0.0,0.0,0.0,0.0,0.0,0.0,0.0,0.0,0.0
2026-04-22 18:00:00,3,289.0,2026-05-04 00:00:00,11 days 06:00:00,-11.41,65.37,998.8,31.7,96.85712533290403,0.0,0.0,0.0,0.0,0.0,0.0,0.0,0.0,0.0,0.0,0.0,0.0
2026-04-22 18:00:00,3,289.0,2026-05-04 06:00:00,11 days 12:00:00,-12.09,65.25,1000.4,31.8,74.1081581510245,0.0,0.0,0.0,0.0,0.0,0.0,0.0,0.0,0.0,0.0,0.0,0.0
2026-04-22 18:00:00,3,289.0,2026-05-04 12:00:00,11 days 18:00:00,-12.59,65.27,991.2,39.7,73.24539079883002,177.0253867187887,187.7027726038774,169.79728280020834,150.18280445364906,0.0,0.0,0.0,0.0,0.0,0.0,0.0,0.0
2026-04-22 18:00:00,3,289.0,2026-05-04 18:00:00,12 days 00:00:00,-12.81,65.45,988.5,53.8,55.04861870234837,258.6224480744291,230.60847681705732,216.23824870970992,234.7868962131811,133.69780386295344,121.51163676104716,98.12718532094048,108.57918556197828,0.0,0.0,0.0,0.0
2026-04-22 18:00:00,3,289.0,2026-05-05 00:00:00,12 days 06:00:00,-13.67,65.29,984.7,51.5,57.28282822292864,247.4024369272204,275.57966379011833,259.7537014217247,224.83766653237532,3.285337013905964,3.445711907608655,57.28282822292864,5.16082400072068,0.0,0.0,0.0,0.0
2026-04-22 18:00:00,3,289.0,2026-05-05 06:00:00,12 days 12:00:00,-14.11,65.67,986.6,53.8,63.3278751974501,221.83150254597265,221.8692821385408,196.260140463571,194.49191972197863,104.9068073179162,100.61406298349011,81.81682057060726,81.18756011645421,0.0,0.0,0.0,0.0
2026-04-22 18:00:00,3,289.0,2026-05-05 12:00:00,12 days 18:00:00,-14.67,65.67,991.9,52.2,55.23807192051433,282.01578417282525,278.0883304837936,273.2989802825988,253.50140365287788,169.64209368211232,166.98894775137543,136.73909241088526,141.47674332828458,0.0,0.0,0.0,0.0
2026-04-22 18:00:00,3,289.0,2026-05-05 18:00:00,13 days 00:00:00,-14.67,65.18,994.0,38.3,43.835429547426045,209.29128569794975,218.05137641051945,199.1568006528596,183.20928585996467,0.0,0.0,0.0,0.0,0.0,0.0,0.0,0.0
2026-04-22 18:00:00,4,289.0,2026-05-04 12:00:00,11 days 18:00:00,6.43,68.09,1007.3,18.1,101.19323994796724,0.0,0.0,0.0,0.0,0.0,0.0,0.0,0.0,0.0,0.0,0.0,0.0
2026-04-22 18:00:00,4,289.0,2026-05-04 18:00:00,12 days 00:00:00,6.78,67.51,1006.6,22.0,120.8636677182155,0.0,0.0,0.0,0.0,0.0,0.0,0.0,0.0,0.0,0.0,0.0,0.0
2026-04-22 18:00:00,4,289.0,2026-05-05 00:00:00,12 days 06:00:00,6.67,67.0,1004.9,20.8,95.8823991743828,0.0,0.0,0.0,0.0,0.0,0.0,0.0,0.0,0.0,0.0,0.0,0.0
2026-04-22 18:00:00,4,289.0,2026-05-05 06:00:00,12 days 12:00:00,6.82,66.93,998.4,31.0,113.77334575303198,0.0,0.0,0.0,0.0,0.0,0.0,0.0,0.0,0.0,0.0,0.0,0.0
2026-04-22 18:00:00,4,289.0,2026-05-05 12:00:00,12 days 18:00:00,8.61,65.56,996.9,40.8,85.28492872018603,12.106639925008814,9.067271583648855,11.204819495806294,85.28492872018603,0.0,0.0,0.0,0.0,0.0,0.0,0.0,0.0
2026-04-22 18:00:00,4,289.0,2026-05-05 18:00:00,13 days 00:00:00,7.81,65.83,999.4,40.4,50.46704256914131,150.60420128627376,132.58209393750923,113.2494677867881,125.62668654986813,0.0,0.0,0.0,0.0,0.0,0.0,0.0,0.0
2026-04-22 18:00:00,1,290.0,2026-05-03 12:00:00,10 days 18:00:00,-10.54,68.62,1003.3,23.3,78.47506749195024,0.0,0.0,0.0,0.0,0.0,0.0,0.0,0.0,0.0,0.0,0.0,0.0
2026-04-22 18:00:00,1,290.0,2026-05-03 18:00:00,11 days 00:00:00,-10.8,68.7,1000.6,26.7,121.45879048459408,0.0,0.0,0.0,0.0,0.0,0.0,0.0,0.0,0.0,0.0,0.0,0.0
2026-04-22 18:00:00,1,290.0,2026-05-04 00:00:00,11 days 06:00:00,-10.87,69.25,997.9,35.3,99.35125828849648,99.35125828849648,0.0,0.0,0.0,0.0,0.0,0.0,0.0,0.0,0.0,0.0,0.0
2026-04-22 18:00:00,1,290.0,2026-05-04 06:00:00,11 days 12:00:00,-11.48,69.43,996.7,35.8,56.790853457427886,56.790853457427886,0.0,0.0,0.0,0.0,0.0,0.0,0.0,0.0,0.0,0.0,0.0
2026-04-22 18:00:00,1,290.0,2026-05-04 12:00:00,11 days 18:00:00,-11.53,70.81,991.0,46.2,44.2956412680639,108.22404424196836,93.83145454184208,82.29664748673608,86.2103664242723,0.0,0.0,0.0,0.0,0.0,0.0,0.0,0.0
2026-04-22 18:00:00,1,290.0,2026-05-04 18:00:00,12 days 00:00:00,-11.84,71.95,991.3,49.3,51.59020667872629,182.25776617252308,178.91541610176677,162.41056719366753,169.7424762255408,0.0,0.0,0.0,0.0,0.0,0.0,0.0,0.0
2026-04-22 18:00:00,1,290.0,2026-05-05 00:00:00,12 days 06:00:00,-12.03,72.8,993.0,46.9,41.55408766688395,104.73895464372268,96.61086843239109,82.38106257772637,89.44586695404949,0.0,0.0,0.0,0.0,0.0,0.0,0.0,0.0
2026-04-22 18:00:00,1,290.0,2026-05-05 06:00:00,12 days 12:00:00,-12.21,73.51,993.0,46.8,38.956374304637336,177.09459164125417,179.4568512230684,174.786955452332,161.85881907394835,0.0,0.0,0.0,0.0,0.0,0.0,0.0,0.0
2026-04-22 18:00:00,1,290.0,2026-05-05 12:00:00,12 days 18:00:00,-12.37,74.11,985.7,58.3,19.21233723629413,137.09168220401557,138.91083352063072,140.7157286004463,118.45062072368457,73.96727018175653,69.09450728338267,57.52572919779748,57.71175846755503,0.0,0.0,0.0,0.0
2026-04-22 18:00:00,1,290.0,2026-05-05 18:00:00,13 days 00:00:00,-12.59,74.26,991.4,48.1,18.883111570471947,173.23444690324243,168.46422271122805,169.43940605367015,165.06447955846602,0.0,0.0,0.0,0.0,0.0,0.0,0.0,0.0
2026-04-22 18:00:00,0,291.0,2026-05-01 00:00:00,8 days 06:00:00,-10.97,65.2,1004.9,18.0,78.5865539214973,0.0,0.0,0.0,0.0,0.0,0.0,0.0,0.0,0.0,0.0,0.0,0.0
2026-04-22 18:00:00,0,291.0,2026-05-01 06:00:00,8 days 12:00:00,-11.26,65.07,1004.2,19.4,79.22495019926869,0.0,0.0,0.0,0.0,0.0,0.0,0.0,0.0,0.0,0.0,0.0,0.0
2026-04-22 18:00:00,0,291.0,2026-05-01 12:00:00,8 days 18:00:00,-11.61,64.47,1004.7,23.5,114.17135479698852,0.0,0.0,0.0,0.0,0.0,0.0,0.0,0.0,0.0,0.0,0.0,0.0
2026-04-22 18:00:00,0,291.0,2026-05-01 18:00:00,9 days 00:00:00,-12.04,64.28,1007.1,23.1,73.12069222552256,0.0,0.0,0.0,0.0,0.0,0.0,0.0,0.0,0.0,0.0,0.0,0.0
2026-04-22 18:00:00,0,291.0,2026-05-02 00:00:00,9 days 06:00:00,-13.46,64.35,1002.9,25.2,64.5027599417768,0.0,0.0,0.0,0.0,0.0,0.0,0.0,0.0,0.0,0.0,0.0,0.0
2026-04-22 18:00:00,0,291.0,2026-05-02 06:00:00,9 days 12:00:00,-13.37,63.85,1002.3,28.5,49.85992320665024,0.0,0.0,0.0,0.0,0.0,0.0,0.0,0.0,0.0,0.0,0.0,0.0
2026-04-22 18:00:00,0,291.0,2026-05-02 12:00:00,9 days 18:00:00,-13.72,63.54,1001.0,31.4,52.87073887118228,0.0,0.0,0.0,0.0,0.0,0.0,0.0,0.0,0.0,0.0,0.0,0.0
2026-04-22 18:00:00,0,291.0,2026-05-02 18:00:00,10 days 00:00:00,-13.7,63.36,1002.8,32.8,75.53753911587594,0.0,0.0,0.0,0.0,0.0,0.0,0.0,0.0,0.0,0.0,0.0,0.0
2026-04-22 18:00:00,0,291.0,2026-05-03 00:00:00,10 days 06:00:00,-13.81,62.73,993.0,44.9,40.05069530702154,104.89340081996292,120.46945129721804,106.55045379533904,94.8517304880495,0.0,0.0,0.0,0.0,0.0,0.0,0.0,0.0
2026-04-22 18:00:00,0,291.0,2026-05-03 06:00:00,10 days 12:00:00,-13.96,62.37,992.9,46.9,29.05215112662873,100.66156962484858,111.0719545808173,98.13231202683464,84.77225867577309,0.0,0.0,0.0,0.0,0.0,0.0,0.0,0.0
2026-04-22 18:00:00,0,291.0,2026-05-03 12:00:00,10 days 18:00:00,-13.67,62.08,992.3,46.4,59.90794994069065,27.64130168892753,33.829469900278646,59.90794994069065,26.484847519964404,0.0,0.0,0.0,0.0,0.0,0.0,0.0,0.0
2026-04-22 18:00:00,0,291.0,2026-05-03 18:00:00,11 days 00:00:00,-13.76,61.97,991.4,55.1,39.60617854709525,135.47632243452412,138.89276388116122,119.83437853722702,116.83453452045724,50.40423314746288,47.12789801752735,34.79426037600238,39.60843344633493,0.0,0.0,0.0,0.0
2026-04-22 18:00:00,0,291.0,2026-05-04 00:00:00,11 days 06:00:00,-13.7,61.51,986.9,57.1,29.33240530063651,94.98021692447084,108.44782669963158,98.6958388612445,88.18317849070701,18.432310528406,29.33240530063651,15.085304241389968,13.009792002840088,0.0,0.0,0.0,0.0
2026-04-22 18:00:00,0,291.0,2026-05-04 06:00:00,11 days 12:00:00,-14.16,61.41,987.4,58.1,10.034940449770788,171.19326867029022,189.31231619522535,150.22873189940822,138.81274286988753,2.7772473045406985,10.034940449770788,1.9242972250945205,0.0,0.0,0.0,0.0,0.0
2026-04-22 18:00:00,0,291.0,2026-05-04 12:00:00,11 days 18:00:00,-14.32,60.9,987.9,59.1,79.59125446879587,132.5808651709491,136.8851459886844,114.23621758791982,110.8573176243988,79.59125446879587,0.0,0.0,0.0,0.0,0.0,0.0,0.0
2026-04-22 18:00:00,0,291.0,2026-05-04 18:00:00,12 days 00:00:00,-14.65,60.95,996.8,45.0,31.86072284039909,123.65011586475816,140.8893625295268,113.60393152334127,95.37122766495597,0.0,0.0,0.0,0.0,0.0,0.0,0.0,0.0
2026-04-22 18:00:00,0,291.0,2026-05-05 00:00:00,12 days 06:00:00,-15.06,60.89,992.9,47.6,70.97550990947408,164.55464640754656,180.5812860926818,150.73716724816674,128.30519924887085,0.0,0.0,0.0,0.0,0.0,0.0,0.0,0.0
2026-04-22 18:00:00,0,291.0,2026-05-05 06:00:00,12 days 12:00:00,-15.47,61.28,993.0,56.0,32.11974322236922,99.87229572435682,116.42839633973507,97.5968170050494,85.08621705117343,10.62703004762094,32.11974322236922,7.494193305362193,5.924019750085451,0.0,0.0,0.0,0.0
2026-04-22 18:00:00,0,291.0,2026-05-05 12:00:00,12 days 18:00:00,-15.94,61.29,993.3,51.6,46.85437035897322,162.8272272685672,177.96058259288264,151.11171916044918,136.74601970784494,46.85437035897322,24.68886594416445,15.105852056830262,19.287482908692635,0.0,0.0,0.0,0.0
2026-04-22 18:00:00,0,291.0,2026-05-05 18:00:00,13 days 00:00:00,-16.4,61.25,990.7,54.0,30.32891225737024,150.95050589392008,168.24270767965004,151.66347023369582,133.5573266592384,43.74820193723096,46.18498714073809,34.85977426283769,33.81299389703563,0.0,0.0,0.0,0.0
2026-04-22 18:00:00,3,292.0,2026-05-03 06:00:00,10 days 12:00:00,-9.67,61.46,1001.8,23.7,77.70498532182016,0.0,0.0,0.0,0.0,0.0,0.0,0.0,0.0,0.0,0.0,0.0,0.0
2026-04-22 18:00:00,3,292.0,2026-05-03 12:00:00,10 days 18:00:00,-10.14,60.94,1003.4,36.8,88.10841450924684,88.10841450924684,0.0,0.0,0.0,0.0,0.0,0.0,0.0,0.0,0.0,0.0,0.0
2026-04-22 18:00:00,3,292.0,2026-05-03 18:00:00,11 days 00:00:00,-10.54,60.93,1002.4,29.3,52.71851464841027,0.0,0.0,0.0,0.0,0.0,0.0,0.0,0.0,0.0,0.0,0.0,0.0
2026-04-22 18:00:00,3,292.0,2026-05-04 00:00:00,11 days 06:00:00,-11.32,60.61,1002.1,30.4,59.5401439238484,0.0,0.0,0.0,0.0,0.0,0.0,0.0,0.0,0.0,0.0,0.0,0.0
2026-04-22 18:00:00,3,292.0,2026-05-04 06:00:00,11 days 12:00:00,-11.26,60.31,999.9,29.3,49.63967158570864,0.0,0.0,0.0,0.0,0.0,0.0,0.0,0.0,0.0,0.0,0.0,0.0
2026-04-22 18:00:00,3,292.0,2026-05-04 12:00:00,11 days 18:00:00,-10.81,59.96,997.7,40.0,53.19958785921276,0.0,0.5562152551534174,53.19958785921276,4.341052003731042,0.0,0.0,0.0,0.0,0.0,0.0,0.0,0.0
2026-04-22 18:00:00,3,292.0,2026-05-04 18:00:00,12 days 00:00:00,-11.27,60.15,1004.2,24.8,79.42862445688905,0.0,0.0,0.0,0.0,0.0,0.0,0.0,0.0,0.0,0.0,0.0,0.0
2026-04-22 18:00:00,3,292.0,2026-05-05 00:00:00,12 days 06:00:00,-11.62,60.43,1000.9,44.5,28.16751047424993,28.16751047424993,0.5553857955244363,1.1528725701255895,0.422142918942717,0.0,0.0,0.0,0.0,0.0,0.0,0.0,0.0
2026-04-22 18:00:00,3,292.0,2026-05-05 06:00:00,12 days 12:00:00,-11.71,60.64,1003.7,28.6,162.17334663780585,0.0,0.0,0.0,0.0,0.0,0.0,0.0,0.0,0.0,0.0,0.0,0.0
2026-04-22 18:00:00,3,292.0,2026-05-05 12:00:00,12 days 18:00:00,-12.36,60.8,1001.7,34.0,59.19661659329838,0.0,0.0,0.0,0.0,0.0,0.0,0.0,0.0,0.0,0.0,0.0,0.0
2026-04-22 18:00:00,3,292.0,2026-05-05 18:00:00,13 days 00:00:00,-12.47,61.08,1003.1,31.4,91.52668284027924,0.0,0.0,0.0,0.0,0.0,0.0,0.0,0.0,0.0,0.0,0.0,0.0
2026-04-22 18:00:00,1,293.0,2026-05-03 06:00:00,10 days 12:00:00,7.3,60.6,1004.0,27.3,126.3925899359477,0.0,0.0,0.0,0.0,0.0,0.0,0.0,0.0,0.0,0.0,0.0,0.0
2026-04-22 18:00:00,1,293.0,2026-05-03 12:00:00,10 days 18:00:00,7.85,60.34,1005.0,25.7,96.38337627444228,0.0,0.0,0.0,0.0,0.0,0.0,0.0,0.0,0.0,0.0,0.0,0.0
2026-04-22 18:00:00,1,293.0,2026-05-03 18:00:00,11 days 00:00:00,8.3,60.24,1000.8,29.7,65.40167459032278,0.0,0.0,0.0,0.0,0.0,0.0,0.0,0.0,0.0,0.0,0.0,0.0
2026-04-22 18:00:00,1,293.0,2026-05-04 00:00:00,11 days 06:00:00,8.45,59.73,1001.9,32.1,103.53875342927466,0.0,0.0,0.0,0.0,0.0,0.0,0.0,0.0,0.0,0.0,0.0,0.0
2026-04-22 18:00:00,1,293.0,2026-05-04 06:00:00,11 days 12:00:00,9.05,59.57,995.9,38.6,33.95354538162114,33.95354538162114,0.0,0.0,7.152292032994639,0.0,0.0,0.0,0.0,0.0,0.0,0.0,0.0
2026-04-22 18:00:00,1,293.0,2026-05-04 12:00:00,11 days 18:00:00,9.59,58.93,994.7,46.4,23.363693176177144,95.15683760562962,64.9322683436695,44.70293718254586,75.93245197656927,0.0,0.0,0.0,0.0,0.0,0.0,0.0,0.0
2026-04-22 18:00:00,1,293.0,2026-05-04 18:00:00,12 days 00:00:00,9.97,58.31,991.0,58.7,36.11299683251155,171.46686674764288,128.8423317358621,110.56777300790908,147.43859944014542,73.84340855688717,58.21009686727548,43.16347568330268,55.966312555283686,0.0,0.0,0.0,0.0
2026-04-22 18:00:00,1,293.0,2026-05-05 00:00:00,12 days 06:00:00,10.24,57.61,990.5,50.8,57.8802801422823,149.55146754208374,95.23302455863222,75.6039579523638,129.48612847239778,58.40963594876239,40.17111751117181,30.19625090276102,45.153770370372,0.0,0.0,0.0,0.0
2026-04-22 18:00:00,1,293.0,2026-05-05 06:00:00,12 days 12:00:00,10.52,56.76,981.4,68.8,18.98113832951458,188.1950624341677,140.2208758577718,114.1731653483762,170.7358574447585,87.30815931125552,65.01570532447516,45.71471962859286,68.00594165946109,18.98113832951458,9.017289379683112,4.816303952484709,10.08248080433746
2026-04-22 18:00:00,1,293.0,2026-05-05 12:00:00,12 days 18:00:00,10.92,55.97,953.3,97.8,0.0,276.2572008440418,259.74791198369746,240.7892207890112,231.50266811630237,112.82390557671953,101.06691844868408,82.12857673571375,87.74208522089384,46.86289804806738,42.86254554135032,35.18885262972196,39.66350963295984
2026-04-22 18:00:00,1,293.0,2026-05-05 18:00:00,13 days 00:00:00,11.16,55.1,981.5,66.7,13.89980265669496,126.03149802232232,84.78660623457574,79.33007676188774,107.03222103671855,32.66183798278414,23.674509337842583,13.99202456920612,27.498739472522704,13.89980265669496,0.0,0.0,0.0
2026-04-22 18:00:00,3,293.0,2026-05-04 18:00:00,12 days 00:00:00,-10.22,54.77,1004.0,21.5,65.46634389845092,0.0,0.0,0.0,0.0,0.0,0.0,0.0,0.0,0.0,0.0,0.0,0.0
2026-04-22 18:00:00,3,293.0,2026-05-05 00:00:00,12 days 06:00:00,-9.83,54.82,1004.8,24.8,111.54340538113502,0.0,0.0,0.0,0.0,0.0,0.0,0.0,0.0,0.0,0.0,0.0,0.0
2026-04-22 18:00:00,3,293.0,2026-05-05 06:00:00,12 days 12:00:00,-10.25,53.68,1000.5,33.7,51.761798503500806,0.0,0.0,0.0,0.0,0.0,0.0,0.0,0.0,0.0,0.0,0.0,0.0
2026-04-22 18:00:00,3,293.0,2026-05-05 12:00:00,12 days 18:00:00,-10.22,53.11,1000.7,32.8,46.8830374173758,0.0,0.0,0.0,0.0,0.0,0.0,0.0,0.0,0.0,0.0,0.0,0.0
2026-04-22 18:00:00,3,293.0,2026-05-05 18:00:00,13 days 00:00:00,-10.37,52.52,999.5,47.1,48.34325698630664,149.53239975951973,136.82250700468222,97.63492009919663,122.075801883341,0.0,0.0,0.0,0.0,0.0,0.0,0.0,0.0
2026-04-22 18:00:00,5,293.0,2026-05-05 00:00:00,12 days 06:00:00,8.62,141.4,1003.5,24.2,115.9789750528332,0.0,0.0,0.0,0.0,0.0,0.0,0.0,0.0,0.0,0.0,0.0,0.0
2026-04-22 18:00:00,5,293.0,2026-05-05 06:00:00,12 days 12:00:00,8.58,139.53,1003.4,24.2,69.54454832211846,0.0,0.0,0.0,0.0,0.0,0.0,0.0,0.0,0.0,0.0,0.0,0.0
2026-04-22 18:00:00,5,293.0,2026-05-05 12:00:00,12 days 18:00:00,9.24,138.85,996.3,34.5,59.12879050464922,73.95206290873278,66.16825370349612,62.61245668316733,63.47626869679792,0.0,0.0,0.0,0.0,0.0,0.0,0.0,0.0
2026-04-22 18:00:00,5,293.0,2026-05-05 18:00:00,13 days 00:00:00,9.06,137.58,997.3,42.2,35.48687742482389,69.96972964991437,55.96921655363269,37.60035073808626,51.393640443258505,0.0,0.0,0.0,0.0,0.0,0.0,0.0,0.0
2026-04-22 18:00:00,5,302.0,2026-05-01 12:00:00,8 days 18:00:00,10.28,136.21,1009.7,16.4,59.98757527476593,0.0,0.0,0.0,0.0,0.0,0.0,0.0,0.0,0.0,0.0,0.0,0.0
2026-04-22 18:00:00,5,302.0,2026-05-01 18:00:00,9 days 00:00:00,10.88,135.75,1004.2,31.4,55.82393683963618,0.0,0.0,0.0,0.0,0.0,0.0,0.0,0.0,0.0,0.0,0.0,0.0
2026-04-22 18:00:00,5,302.0,2026-05-02 00:00:00,9 days 06:00:00,10.9,134.92,1001.3,34.3,65.22545648536186,65.22545648536186,2.769615169695964,1.1676407823205892,6.238386159219061,0.0,0.0,0.0,0.0,0.0,0.0,0.0,0.0
2026-04-22 18:00:00,5,302.0,2026-05-02 06:00:00,9 days 12:00:00,10.89,134.23,993.6,45.4,23.91789009360664,91.58675524159648,63.72430883889504,49.777479610493415,81.37342066566042,0.0,0.0,0.0,0.0,0.0,0.0,0.0,0.0
2026-04-22 18:00:00,5,302.0,2026-05-02 12:00:00,9 days 18:00:00,11.21,133.71,999.3,41.8,43.595520562852926,230.25067518241624,214.58978213791897,197.9558083792963,222.73382345249505,0.0,0.0,0.0,0.0,0.0,0.0,0.0,0.0
2026-04-22 18:00:00,5,302.0,2026-05-02 18:00:00,10 days 00:00:00,10.86,132.79,999.5,43.1,95.89653288156306,111.29393092838268,79.71387103256198,56.31169639263948,91.68846658711836,0.0,0.0,0.0,0.0,0.0,0.0,0.0,0.0
2026-04-22 18:00:00,5,302.0,2026-05-03 00:00:00,10 days 06:00:00,10.63,131.91,994.7,48.5,34.52100266232588,238.3537431495864,206.0759486448921,184.51871417998015,224.8261772412044,0.0,0.0,0.0,0.0,0.0,0.0,0.0,0.0
2026-04-22 18:00:00,5,302.0,2026-05-03 06:00:00,10 days 12:00:00,10.5,130.95,993.8,47.8,41.58426923951397,268.98495074259733,230.5130497296107,227.2484795619516,265.9842811019057,0.0,0.0,0.0,0.0,0.0,0.0,0.0,0.0
2026-04-22 18:00:00,5,302.0,2026-05-03 12:00:00,10 days 18:00:00,10.35,129.8,985.9,66.6,7.736125882917969,105.25937046106796,71.56480866359078,80.13839399071693,114.47662965897445,50.66614894508506,40.7744488369367,37.816675340194735,46.65414671333279,27.671721800900272,21.47465450355377,19.33103686196757,23.51234239259473
2026-04-22 18:00:00,5,302.0,2026-05-03 18:00:00,11 days 00:00:00,9.93,128.72,985.6,64.1,29.91011277958304,164.78472305615,117.07948892717016,130.00439333218415,168.0695175913708,84.00479919322864,71.9294949139862,55.04579623079118,70.74181267573373,29.91011277958304,9.249626874668232,6.880571936106668,11.09942628987839
2026-04-22 18:00:00,5,302.0,2026-05-04 00:00:00,11 days 06:00:00,9.87,127.43,988.5,56.8,23.503456449333427,135.4837963885521,111.6112627009442,123.59646447406234,151.26374632597626,57.88542719688603,50.076973899263685,40.89303897254552,48.67489822034112,0.0,0.0,0.0,0.0
2026-04-22 18:00:00,5,302.0,2026-05-04 06:00:00,11 days 12:00:00,9.59,125.93,987.2,59.8,27.014141513425155,141.02306490393022,114.53118544759954,121.67157881572172,138.00765078470363,58.88679334106503,50.65364678726291,41.4639297138836,49.69096266974738,0.0,0.0,0.0,0.0
2026-04-22 18:00:00,5,302.0,2026-05-04 12:00:00,11 days 18:00:00,9.5,125.05,989.4,55.8,56.11375770260366,200.6761982870168,175.0654374126198,175.38759026324118,201.6201505727308,68.28798808727595,56.90572780086547,47.24815148402332,57.86106284073283,0.0,0.0,0.0,0.0
2026-04-22 18:00:00,5,302.0,2026-05-04 18:00:00,12 days 00:00:00,10.06,123.27,993.6,41.5,39.51585809887328,156.90902076596677,125.65115778305716,102.67833627420887,130.5918306500173,0.0,0.0,0.0,0.0,0.0,0.0,0.0,0.0
2026-04-22 18:00:00,5,302.0,2026-05-05 00:00:00,12 days 06:00:00,9.4,121.97,998.3,44.1,18.52901408709248,116.23550489320418,93.08106940543368,87.4135304012336,114.77629902014525,0.0,0.0,0.0,0.0,0.0,0.0,0.0,0.0
2026-04-22 18:00:00,5,302.0,2026-05-05 06:00:00,12 days 12:00:00,9.71,120.8,996.4,49.0,43.3412266485209,175.26531725264,164.31195913599575,147.06613577241325,163.14309209860286,0.0,0.0,0.0,0.0,0.0,0.0,0.0,0.0
2026-04-22 18:00:00,5,302.0,2026-05-05 12:00:00,12 days 18:00:00,10.11,119.24,1000.7,42.5,33.48210018423799,120.94577579686757,102.69738843720896,81.45847272375065,95.77217685650716,0.0,0.0,0.0,0.0,0.0,0.0,0.0,0.0
2026-04-22 18:00:00,5,302.0,2026-05-05 18:00:00,13 days 00:00:00,10.66,117.87,1000.7,43.0,19.881572271739216,134.09445279810714,119.17515902606875,94.22644811394989,119.97140089388606,0.0,0.0,0.0,0.0,0.0,0.0,0.0,0.0
2026-04-22 18:00:00,1,304.0,2026-05-03 12:00:00,10 days 18:00:00,-7.23,61.03,1005.6,21.3,95.76224687881634,0.0,0.0,0.0,0.0,0.0,0.0,0.0,0.0,0.0,0.0,0.0,0.0
2026-04-22 18:00:00,1,304.0,2026-05-03 18:00:00,11 days 00:00:00,-9.18,61.12,1006.0,22.4,57.93238435815436,0.0,0.0,0.0,0.0,0.0,0.0,0.0,0.0,0.0,0.0,0.0,0.0
2026-04-22 18:00:00,1,304.0,2026-05-04 00:00:00,11 days 06:00:00,-7.98,59.98,1004.9,22.8,91.00012608531452,0.0,0.0,0.0,0.0,0.0,0.0,0.0,0.0,0.0,0.0,0.0,0.0
2026-04-22 18:00:00,1,304.0,2026-05-04 06:00:00,11 days 12:00:00,-9.25,59.54,1002.0,32.9,84.8386082251437,0.0,0.0,0.0,0.0,0.0,0.0,0.0,0.0,0.0,0.0,0.0,0.0
2026-04-22 18:00:00,1,304.0,2026-05-04 12:00:00,11 days 18:00:00,-9.98,59.29,1003.4,28.0,49.160743680715385,0.0,0.0,0.0,0.0,0.0,0.0,0.0,0.0,0.0,0.0,0.0,0.0
2026-04-22 18:00:00,1,304.0,2026-05-04 18:00:00,12 days 00:00:00,-10.69,58.74,1000.5,33.9,108.21261201867895,0.0,0.0,0.0,0.0,0.0,0.0,0.0,0.0,0.0,0.0,0.0,0.0
2026-04-22 18:00:00,1,304.0,2026-05-05 00:00:00,12 days 06:00:00,-11.09,58.76,999.6,31.6,80.1925374169295,0.0,0.0,0.0,0.0,0.0,0.0,0.0,0.0,0.0,0.0,0.0,0.0
2026-04-22 18:00:00,1,304.0,2026-05-05 06:00:00,12 days 12:00:00,-11.01,57.81,993.1,45.6,109.01032900403092,314.05858049147884,311.82064260534696,285.94855670243487,280.961668771993,0.0,0.0,0.0,0.0,0.0,0.0,0.0,0.0
2026-04-22 18:00:00,1,304.0,2026-05-05 12:00:00,12 days 18:00:00,-11.42,57.45,994.0,53.4,48.18961721485723,199.30527383482507,213.5246370459793,187.05219171522677,166.31386024610418,90.0933750627094,93.67097944120472,74.25421463986402,70.07719603598844,0.0,0.0,0.0,0.0
2026-04-22 18:00:00,1,304.0,2026-05-05 18:00:00,13 days 00:00:00,-11.67,56.42,995.0,46.1,83.21409138834582,163.85782849406883,159.64188041478047,130.64206227399015,135.8735340244737,0.0,0.0,0.0,0.0,0.0,0.0,0.0,0.0
2026-04-22 18:00:00,2,307.0,2026-05-04 00:00:00,11 days 06:00:00,-9.66,55.32,1001.7,32.7,67.85057164835177,0.0,0.0,0.0,0.0,0.0,0.0,0.0,0.0,0.0,0.0,0.0,0.0
2026-04-22 18:00:00,2,307.0,2026-05-04 06:00:00,11 days 12:00:00,-9.93,55.18,1002.0,30.3,72.93461840767391,0.0,0.0,0.0,0.0,0.0,0.0,0.0,0.0,0.0,0.0,0.0,0.0
2026-04-22 18:00:00,2,307.0,2026-05-04 12:00:00,11 days 18:00:00,-10.51,54.94,1000.7,31.8,53.95290770980851,0.0,0.0,0.0,0.0,0.0,0.0,0.0,0.0,0.0,0.0,0.0,0.0
2026-04-22 18:00:00,2,307.0,2026-05-04 18:00:00,12 days 00:00:00,-10.92,54.96,999.9,39.2,78.4721083354314,108.16432782435184,98.2777195904997,77.87345919769292,86.8506125808039,0.0,0.0,0.0,0.0,0.0,0.0,0.0,0.0
2026-04-22 18:00:00,2,307.0,2026-05-05 00:00:00,12 days 06:00:00,-11.19,54.69,999.4,39.7,44.31123265264833,44.31123265264833,22.55918565999845,25.53797667389812,22.38274036443447,0.0,0.0,0.0,0.0,0.0,0.0,0.0,0.0
2026-04-22 18:00:00,2,307.0,2026-05-05 06:00:00,12 days 12:00:00,-11.57,54.79,989.9,48.8,51.7895882920683,144.56789619299775,135.89560520626875,122.32543478587046,126.70457175949365,0.0,0.0,0.0,0.0,0.0,0.0,0.0,0.0
2026-04-22 18:00:00,2,307.0,2026-05-05 12:00:00,12 days 18:00:00,-11.26,55.0,996.2,44.3,58.69097811839709,138.1044487673697,103.15342027148492,97.66811108554477,125.34514764178788,0.0,0.0,0.0,0.0,0.0,0.0,0.0,0.0
2026-04-22 18:00:00,2,307.0,2026-05-05 18:00:00,13 days 00:00:00,-11.43,55.28,999.5,40.6,30.658802914198763,110.20720771821992,93.10783796092612,84.17771439825664,97.47358455329106,0.0,0.0,0.0,0.0,0.0,0.0,0.0,0.0
2026-04-22 18:00:00,3,309.0,2026-05-04 06:00:00,11 days 12:00:00,-8.72,55.01,999.9,28.6,79.44934708909636,0.0,0.0,0.0,0.0,0.0,0.0,0.0,0.0,0.0,0.0,0.0,0.0
2026-04-22 18:00:00,3,309.0,2026-05-04 12:00:00,11 days 18:00:00,-9.27,54.36,999.6,31.6,95.37380607126316,0.0,0.0,0.0,0.0,0.0,0.0,0.0,0.0,0.0,0.0,0.0,0.0
2026-04-22 18:00:00,3,309.0,2026-05-04 18:00:00,12 days 00:00:00,-9.43,53.88,997.2,40.1,63.77921783112865,34.9072680372091,63.77921783112865,29.331877308713395,24.838114313705557,0.0,0.0,0.0,0.0,0.0,0.0,0.0,0.0
2026-04-22 18:00:00,3,309.0,2026-05-05 00:00:00,12 days 06:00:00,-9.49,53.53,997.9,37.7,69.88079200326122,61.44359582904061,69.88079200326122,45.56721324760018,46.53659869833177,0.0,0.0,0.0,0.0,0.0,0.0,0.0,0.0
2026-04-22 18:00:00,3,309.0,2026-05-05 06:00:00,12 days 12:00:00,-10.0,53.59,985.5,62.5,17.344625382956792,175.42713360294965,157.2301522411526,134.2837576483048,140.01157554468227,66.1665955360977,55.17964840990817,40.56376620848596,49.86592680334024,0.0,0.0,0.0,0.0
2026-04-22 18:00:00,3,309.0,2026-05-05 12:00:00,12 days 18:00:00,-10.01,54.28,982.4,62.4,38.140846964904654,163.3202580330729,139.4621144412072,129.07938107693352,158.20284627253815,88.9672925252244,65.64088672470565,55.16180414633637,70.56248146414534,0.0,0.0,0.0,0.0
2026-04-22 18:00:00,3,309.0,2026-05-05 18:00:00,13 days 00:00:00,-10.19,54.55,992.4,51.6,51.9897083298979,179.88572929969433,186.31106755248445,158.02113767929228,152.48911334227682,51.9897083298979,0.4573755144532956,1.0280605431434329,0.0,0.0,0.0,0.0,0.0
2026-04-22 18:00:00,4,309.0,2026-05-04 18:00:00,12 days 00:00:00,4.52,69.1,1006.0,25.0,79.52888539881803,0.0,0.0,0.0,0.0,0.0,0.0,0.0,0.0,0.0,0.0,0.0,0.0
2026-04-22 18:00:00,4,309.0,2026-05-05 00:00:00,12 days 06:00:00,4.81,69.2,1004.5,19.4,89.99699655792946,0.0,0.0,0.0,0.0,0.0,0.0,0.0,0.0,0.0,0.0,0.0,0.0
2026-04-22 18:00:00,4,309.0,2026-05-05 06:00:00,12 days 12:00:00,5.74,70.06,1005.7,22.7,59.34234587889212,0.0,0.0,0.0,0.0,0.0,0.0,0.0,0.0,0.0,0.0,0.0,0.0
2026-04-22 18:00:00,4,309.0,2026-05-05 12:00:00,12 days 18:00:00,6.5,70.52,1002.5,25.5,125.2747697523722,0.0,0.0,0.0,0.0,0.0,0.0,0.0,0.0,0.0,0.0,0.0,0.0
2026-04-22 18:00:00,4,309.0,2026-05-05 18:00:00,13 days 00:00:00,8.56,68.98,1005.5,34.7,51.35031321305101,51.35031321305101,2.9676709307418463,0.0,4.509753299903608,0.0,0.0,0.0,0.0,0.0,0.0,0.0,0.0
2026-04-22 18:00:00,5,310.0,2026-05-05 00:00:00,12 days 06:00:00,-9.58,63.91,1002.2,20.6,74.12242903527851,0.0,0.0,0.0,0.0,0.0,0.0,0.0,0.0,0.0,0.0,0.0,0.0
2026-04-22 18:00:00,5,310.0,2026-05-05 06:00:00,12 days 12:00:00,-9.38,63.77,1001.3,24.4,61.5810223579163,0.0,0.0,0.0,0.0,0.0,0.0,0.0,0.0,0.0,0.0,0.0,0.0
2026-04-22 18:00:00,5,310.0,2026-05-05 12:00:00,12 days 18:00:00,-10.02,63.99,999.0,29.4,83.30787787451433,0.0,0.0,0.0,0.0,0.0,0.0,0.0,0.0,0.0,0.0,0.0,0.0
2026-04-22 18:00:00,5,310.0,2026-05-05 18:00:00,13 days 00:00:00,-10.19,63.63,1003.5,22.8,70.98250408663628,0.0,0.0,0.0,0.0,0.0,0.0,0.0,0.0,0.0,0.0,0.0,0.0
2026-04-22 18:00:00,1,317.0,2026-05-03 12:00:00,10 days 18:00:00,5.77,68.67,1006.8,21.4,108.29730532582744,0.0,0.0,0.0,0.0,0.0,0.0,0.0,0.0,0.0,0.0,0.0,0.0
2026-04-22 18:00:00,1,317.0,2026-05-03 18:00:00,11 days 00:00:00,6.07,68.17,1003.1,26.1,51.21033160736655,0.0,0.0,0.0,0.0,0.0,0.0,0.0,0.0,0.0,0.0,0.0,0.0
2026-04-22 18:00:00,1,317.0,2026-05-04 00:00:00,11 days 06:00:00,5.18,68.05,1008.2,21.7,51.5312514252759,0.0,0.0,0.0,0.0,0.0,0.0,0.0,0.0,0.0,0.0,0.0,0.0
2026-04-22 18:00:00,1,317.0,2026-05-04 06:00:00,11 days 12:00:00,6.04,67.28,995.8,33.3,41.90191334722777,0.0,0.0,0.0,0.0,0.0,0.0,0.0,0.0,0.0,0.0,0.0,0.0
2026-04-22 18:00:00,1,317.0,2026-05-04 12:00:00,11 days 18:00:00,5.74,67.53,1001.2,35.4,51.53976412887744,3.55922228958527,0.0,0.7380262088678111,51.53976412887744,0.0,0.0,0.0,0.0,0.0,0.0,0.0,0.0
2026-04-22 18:00:00,1,317.0,2026-05-04 18:00:00,12 days 00:00:00,6.03,67.37,998.4,44.1,9.16505666264088,16.712989807166768,5.965201807225416,15.7023247798832,27.791213901575684,0.0,0.0,0.0,0.0,0.0,0.0,0.0,0.0
2026-04-22 18:00:00,1,317.0,2026-05-05 00:00:00,12 days 06:00:00,6.4,67.37,1001.2,44.3,47.78338316165709,68.25328603593162,64.52190691756383,54.50129063824052,63.78330081714645,0.0,0.0,0.0,0.0,0.0,0.0,0.0,0.0
2026-04-22 18:00:00,1,317.0,2026-05-05 06:00:00,12 days 12:00:00,6.73,67.41,1001.5,46.5,28.873573083407965,98.95551774088683,66.47261884519118,58.74025368681538,88.90035063138973,0.0,0.0,0.0,0.0,0.0,0.0,0.0,0.0
2026-04-22 18:00:00,1,317.0,2026-05-05 12:00:00,12 days 18:00:00,6.96,67.58,993.5,47.8,36.50958831192448,12.34401390633969,50.28257355810749,41.58213770250548,13.65210735976999,0.0,0.0,0.0,0.0,0.0,0.0,0.0,0.0
2026-04-22 18:00:00,1,317.0,2026-05-05 18:00:00,13 days 00:00:00,8.08,67.26,997.7,39.9,50.8815534635049,93.50119313187248,71.88863093640687,63.83476369423675,82.03714361436668,0.0,0.0,0.0,0.0,0.0,0.0,0.0,0.0
2026-04-22 18:00:00,1,321.0,2026-05-02 18:00:00,10 days 00:00:00,6.82,71.13,1006.9,12.1,68.3129265694391,0.0,0.0,0.0,0.0,0.0,0.0,0.0,0.0,0.0,0.0,0.0,0.0
2026-04-22 18:00:00,1,321.0,2026-05-03 00:00:00,10 days 06:00:00,7.25,71.38,1002.8,20.5,99.47031773814746,0.0,0.0,0.0,0.0,0.0,0.0,0.0,0.0,0.0,0.0,0.0,0.0
2026-04-22 18:00:00,1,321.0,2026-05-03 06:00:00,10 days 12:00:00,7.04,71.59,1006.1,16.5,69.47338792843235,0.0,0.0,0.0,0.0,0.0,0.0,0.0,0.0,0.0,0.0,0.0,0.0
2026-04-22 18:00:00,1,321.0,2026-05-03 12:00:00,10 days 18:00:00,7.76,71.49,999.4,27.7,91.67960380916811,0.0,0.0,0.0,0.0,0.0,0.0,0.0,0.0,0.0,0.0,0.0,0.0
2026-04-22 18:00:00,1,321.0,2026-05-03 18:00:00,11 days 00:00:00,8.1,71.38,1001.6,25.8,120.08997130480954,0.0,0.0,0.0,0.0,0.0,0.0,0.0,0.0,0.0,0.0,0.0,0.0
2026-04-22 18:00:00,1,321.0,2026-05-04 00:00:00,11 days 06:00:00,8.34,70.7,992.4,40.7,35.460114785678286,35.460114785678286,16.846956172159253,12.99552201562281,14.465890269305902,0.0,0.0,0.0,0.0,0.0,0.0,0.0,0.0
2026-04-22 18:00:00,1,321.0,2026-05-04 06:00:00,11 days 12:00:00,8.72,71.54,983.5,56.2,82.69935570396804,184.51891081599655,182.71663219813283,169.75235473297536,159.57846997353354,1.0114830984245788,82.69935570396804,2.892099214671393,0.0,0.0,0.0,0.0,0.0
2026-04-22 18:00:00,1,321.0,2026-05-04 12:00:00,11 days 18:00:00,9.22,71.59,994.7,44.9,86.41093111390965,264.93368613559613,255.30215166901576,212.870021132894,214.77109800409303,0.0,0.0,0.0,0.0,0.0,0.0,0.0,0.0
2026-04-22 18:00:00,1,321.0,2026-05-04 18:00:00,12 days 00:00:00,9.63,72.09,988.5,54.8,51.57140550789136,207.4120390962758,200.87776183370053,152.54314641692642,168.4105556421591,51.57140550789136,4.013108074146458,0.2573334783087306,1.513082607388472,0.0,0.0,0.0,0.0
2026-04-22 18:00:00,1,321.0,2026-05-05 00:00:00,12 days 06:00:00,10.9,72.3,983.0,59.3,30.062197713728967,152.65097367222342,138.7345596557526,104.98191738210816,123.30157186891604,39.866737864269616,34.147488853130724,23.27019203950061,28.13090213052629,0.0,0.0,0.0,0.0
2026-04-22 18:00:00,1,321.0,2026-05-05 06:00:00,12 days 12:00:00,11.64,72.1,980.0,68.9,27.77333490775959,167.1832294549256,146.67586003588426,113.66959158755438,136.7630367592788,92.60048026221112,82.65043899740829,61.44561392788999,67.95836573351811,27.77333490775959,10.217060832951468,6.507354626030797,7.317759540197553
2026-04-22 18:00:00,1,321.0,2026-05-05 12:00:00,12 days 18:00:00,12.69,72.4,968.5,86.9,3.699967922464502,306.5644109787873,297.4072404622071,230.90288426705277,261.07006157064103,151.49450065432225,141.1340825152878,116.766928424505,128.4530823296531,80.57851304263774,76.35746316074622,63.72619831285654,71.56795340855989
2026-04-22 18:00:00,1,321.0,2026-05-05 18:00:00,13 days 00:00:00,13.59,71.96,970.4,84.3,25.16073266834222,199.39230201794027,204.05950971657893,163.2982251796053,168.44363177479005,100.76772875837878,94.78836375382694,73.5061151639145,80.42117189411687,35.943136216210604,32.53014956006359,26.085373798720727,31.102262959738816
2026-04-22 18:00:00,5,323.0,2026-05-03 06:00:00,10 days 12:00:00,10.1,127.48,1002.2,25.5,94.32095532052914,0.0,0.0,0.0,0.0,0.0,0.0,0.0,0.0,0.0,0.0,0.0,0.0
2026-04-22 18:00:00,5,323.0,2026-05-03 12:00:00,10 days 18:00:00,10.03,126.94,1007.3,20.4,74.74563783038445,0.0,0.0,0.0,0.0,0.0,0.0,0.0,0.0,0.0,0.0,0.0,0.0
2026-04-22 18:00:00,5,323.0,2026-05-03 18:00:00,11 days 00:00:00,11.3,126.32,1003.4,21.3,117.31915193456535,0.0,0.0,0.0,0.0,0.0,0.0,0.0,0.0,0.0,0.0,0.0,0.0
2026-04-22 18:00:00,5,323.0,2026-05-04 00:00:00,11 days 06:00:00,10.06,122.99,1007.1,18.6,69.00542566723755,0.0,0.0,0.0,0.0,0.0,0.0,0.0,0.0,0.0,0.0,0.0,0.0
2026-04-22 18:00:00,5,323.0,2026-05-04 06:00:00,11 days 12:00:00,9.63,122.36,1008.0,18.6,112.53697929536378,0.0,0.0,0.0,0.0,0.0,0.0,0.0,0.0,0.0,0.0,0.0,0.0
2026-04-22 18:00:00,5,323.0,2026-05-04 12:00:00,11 days 18:00:00,10.82,121.3,1007.4,19.3,88.35166789122032,0.0,0.0,0.0,0.0,0.0,0.0,0.0,0.0,0.0,0.0,0.0,0.0
2026-04-22 18:00:00,5,323.0,2026-05-04 18:00:00,12 days 00:00:00,10.82,119.7,1008.7,18.4,55.443460050335744,0.0,0.0,0.0,0.0,0.0,0.0,0.0,0.0,0.0,0.0,0.0,0.0
2026-04-22 18:00:00,5,323.0,2026-05-05 00:00:00,12 days 06:00:00,12.16,119.46,1007.2,20.9,119.52823377208524,0.0,0.0,0.0,0.0,0.0,0.0,0.0,0.0,0.0,0.0,0.0,0.0
2026-04-22 18:00:00,5,323.0,2026-05-05 06:00:00,12 days 12:00:00,12.07,117.95,1005.2,21.9,70.3707839104365,0.0,0.0,0.0,0.0,0.0,0.0,0.0,0.0,0.0,0.0,0.0,0.0
2026-04-22 18:00:00,5,323.0,2026-05-05 12:00:00,12 days 18:00:00,12.37,117.14,1001.3,33.0,54.31113705550328,0.0,0.0,0.0,0.0,0.0,0.0,0.0,0.0,0.0,0.0,0.0,0.0
2026-04-22 18:00:00,5,323.0,2026-05-05 18:00:00,13 days 00:00:00,12.94,116.55,1000.7,31.8,50.94690223257943,0.0,0.0,0.0,0.0,0.0,0.0,0.0,0.0,0.0,0.0,0.0,0.0
2026-04-22 18:00:00,6,325.0,2026-05-04 12:00:00,11 days 18:00:00,7.57,148.41,1008.2,21.2,76.92287447562336,0.0,0.0,0.0,0.0,0.0,0.0,0.0,0.0,0.0,0.0,0.0,0.0
2026-04-22 18:00:00,6,325.0,2026-05-04 18:00:00,12 days 00:00:00,7.68,147.46,1009.9,13.4,144.52315848877498,0.0,0.0,0.0,0.0,0.0,0.0,0.0,0.0,0.0,0.0,0.0,0.0
2026-04-22 18:00:00,6,325.0,2026-05-05 00:00:00,12 days 06:00:00,8.45,146.46,1006.2,23.4,76.97024009267307,0.0,0.0,0.0,0.0,0.0,0.0,0.0,0.0,0.0,0.0,0.0,0.0
2026-04-22 18:00:00,6,325.0,2026-05-05 06:00:00,12 days 12:00:00,8.19,145.54,1006.8,22.9,72.3916101521304,0.0,0.0,0.0,0.0,0.0,0.0,0.0,0.0,0.0,0.0,0.0,0.0
2026-04-22 18:00:00,6,325.0,2026-05-05 12:00:00,12 days 18:00:00,8.4,144.51,1005.5,19.5,101.41494341894987,0.0,0.0,0.0,0.0,0.0,0.0,0.0,0.0,0.0,0.0,0.0,0.0
2026-04-22 18:00:00,6,325.0,2026-05-05 18:00:00,13 days 00:00:00,8.45,143.09,1006.6,29.6,79.3598963188046,0.0,0.0,0.0,0.0,0.0,0.0,0.0,0.0,0.0,0.0,0.0,0.0
2026-04-22 18:00:00,0,326.0,2026-05-04 18:00:00,12 days 00:00:00,-9.13,63.75,1007.0,18.4,99.51615589840132,0.0,0.0,0.0,0.0,0.0,0.0,0.0,0.0,0.0,0.0,0.0,0.0
2026-04-22 18:00:00,0,326.0,2026-05-05 00:00:00,12 days 06:00:00,-8.97,63.94,1006.8,17.4,63.2904170964306,0.0,0.0,0.0,0.0,0.0,0.0,0.0,0.0,0.0,0.0,0.0,0.0
2026-04-22 18:00:00,0,326.0,2026-05-05 06:00:00,12 days 12:00:00,-9.7,63.45,1007.5,15.4,86.19032140511196,0.0,0.0,0.0,0.0,0.0,0.0,0.0,0.0,0.0,0.0,0.0,0.0
2026-04-22 18:00:00,0,326.0,2026-05-05 12:00:00,12 days 18:00:00,-9.09,63.12,1003.4,22.1,82.23800497952391,0.0,0.0,0.0,0.0,0.0,0.0,0.0,0.0,0.0,0.0,0.0,0.0
2026-04-22 18:00:00,0,326.0,2026-05-05 18:00:00,13 days 00:00:00,-9.14,62.48,1004.3,25.6,94.48486089033878,0.0,0.0,0.0,0.0,0.0,0.0,0.0,0.0,0.0,0.0,0.0,0.0
2026-04-22 18:00:00,1,333.0,2026-05-04 00:00:00,11 days 06:00:00,6.55,64.46,1002.9,24.1,65.4020055150168,0.0,0.0,0.0,0.0,0.0,0.0,0.0,0.0,0.0,0.0,0.0,0.0
2026-04-22 18:00:00,1,333.0,2026-05-04 06:00:00,11 days 12:00:00,7.54,64.14,999.8,30.2,51.94426895494579,0.0,0.0,0.0,0.0,0.0,0.0,0.0,0.0,0.0,0.0,0.0,0.0
2026-04-22 18:00:00,1,333.0,2026-05-04 12:00:00,11 days 18:00:00,7.79,64.41,994.8,44.5,86.49534290546113,197.0491591769628,194.65990294475705,159.90736451363156,161.26326260520693,0.0,0.0,0.0,0.0,0.0,0.0,0.0,0.0
2026-04-22 18:00:00,1,333.0,2026-05-04 18:00:00,12 days 00:00:00,8.44,64.38,991.5,47.6,54.43269666760753,136.42183668588314,125.04954939862976,110.8502757404516,128.24575753918123,0.0,0.0,0.0,0.0,0.0,0.0,0.0,0.0
2026-04-22 18:00:00,1,333.0,2026-05-05 00:00:00,12 days 06:00:00,8.35,64.63,1002.4,29.2,73.38547699379875,0.0,0.0,0.0,0.0,0.0,0.0,0.0,0.0,0.0,0.0,0.0,0.0
2026-04-22 18:00:00,1,333.0,2026-05-05 06:00:00,12 days 12:00:00,8.61,64.86,1003.6,26.6,68.6367479043591,0.0,0.0,0.0,0.0,0.0,0.0,0.0,0.0,0.0,0.0,0.0,0.0
2026-04-22 18:00:00,1,333.0,2026-05-05 12:00:00,12 days 18:00:00,9.75,64.64,1000.2,30.4,112.34786225091864,0.0,0.0,0.0,0.0,0.0,0.0,0.0,0.0,0.0,0.0,0.0,0.0
2026-04-22 18:00:00,1,333.0,2026-05-05 18:00:00,13 days 00:00:00,10.06,65.31,1001.7,26.5,65.50269408106895,0.0,0.0,0.0,0.0,0.0,0.0,0.0,0.0,0.0,0.0,0.0,0.0
2026-04-22 18:00:00,3,335.0,2026-05-04 12:00:00,11 days 18:00:00,11.84,59.82,1003.1,28.1,83.95896452654031,0.0,0.0,0.0,0.0,0.0,0.0,0.0,0.0,0.0,0.0,0.0,0.0
2026-04-22 18:00:00,3,335.0,2026-05-04 18:00:00,12 days 00:00:00,11.89,58.53,1002.7,34.7,54.799761625035885,68.77489416387205,53.300327471159136,41.21839295406811,61.03486752908785,0.0,0.0,0.0,0.0,0.0,0.0,0.0,0.0
2026-04-22 18:00:00,3,335.0,2026-05-05 00:00:00,12 days 06:00:00,12.02,57.6,993.5,50.1,7.647215337840199,60.98368896511292,49.325782663471045,42.16978808822056,61.2473159352594,8.554454147963215,6.264105134983145,3.647784155846411,4.847529405852703,0.0,0.0,0.0,0.0
2026-04-22 18:00:00,3,335.0,2026-05-05 06:00:00,12 days 12:00:00,11.87,56.37,994.3,50.2,44.86500305280653,152.04723312390547,133.86435063645803,117.70019453806133,134.81537534104936,0.0,0.0,0.0,44.86500305280653,0.0,0.0,0.0,0.0
2026-04-22 18:00:00,3,335.0,2026-05-05 12:00:00,12 days 18:00:00,11.79,54.73,994.7,44.2,58.501981874451154,127.21836469329648,110.49051596572824,83.80277816952514,102.80931906271546,0.0,0.0,0.0,0.0,0.0,0.0,0.0,0.0
2026-04-22 18:00:00,3,335.0,2026-05-05 18:00:00,13 days 00:00:00,12.08,53.27,994.8,50.5,41.78606078254972,104.5251713601715,77.46337309138048,58.315991455194414,86.85488487190146,41.78606078254972,0.0,0.0,0.0,0.0,0.0,0.0,0.0
2026-04-22 18:00:00,6,336.0,2026-05-05 00:00:00,12 days 06:00:00,8.47,69.89,1008.0,18.9,97.9485042569508,0.0,0.0,0.0,0.0,0.0,0.0,0.0,0.0,0.0,0.0,0.0,0.0
2026-04-22 18:00:00,6,336.0,2026-05-05 06:00:00,12 days 12:00:00,7.63,70.11,1008.3,16.0,93.2532648197822,0.0,0.0,0.0,0.0,0.0,0.0,0.0,0.0,0.0,0.0,0.0,0.0
2026-04-22 18:00:00,6,336.0,2026-05-05 12:00:00,12 days 18:00:00,8.01,70.02,1007.7,18.1,99.28255697185118,0.0,0.0,0.0,0.0,0.0,0.0,0.0,0.0,0.0,0.0,0.0,0.0
2026-04-22 18:00:00,6,336.0,2026-05-05 18:00:00,13 days 00:00:00,8.63,68.7,1005.1,24.3,102.14386424301684,0.0,0.0,0.0,0.0,0.0,0.0,0.0,0.0,0.0,0.0,0.0,0.0
2026-04-22 18:00:00,3,337.0,2026-05-05 00:00:00,12 days 06:00:00,-8.95,66.79,1005.2,28.7,61.400107042398005,0.0,0.0,0.0,0.0,0.0,0.0,0.0,0.0,0.0,0.0,0.0,0.0
2026-04-22 18:00:00,3,337.0,2026-05-05 06:00:00,12 days 12:00:00,-8.98,66.05,1003.9,26.1,94.40011347749294,0.0,0.0,0.0,0.0,0.0,0.0,0.0,0.0,0.0,0.0,0.0,0.0
2026-04-22 18:00:00,3,337.0,2026-05-05 12:00:00,12 days 18:00:00,-9.36,66.03,997.7,30.9,126.942662872736,0.0,0.0,0.0,0.0,0.0,0.0,0.0,0.0,0.0,0.0,0.0,0.0
2026-04-22 18:00:00,3,337.0,2026-05-05 18:00:00,13 days 00:00:00,-9.84,65.6,997.7,29.7,50.012539455043765,0.0,0.0,0.0,0.0,0.0,0.0,0.0,0.0,0.0,0.0,0.0,0.0
2026-04-22 18:00:00,2,338.0,2026-05-02 12:00:00,9 days 18:00:00,-8.74,60.42,1008.3,18.8,89.68542390904855,0.0,0.0,0.0,0.0,0.0,0.0,0.0,0.0,0.0,0.0,0.0,0.0
2026-04-22 18:00:00,2,338.0,2026-05-02 18:00:00,10 days 00:00:00,-8.89,59.89,1003.5,23.1,57.85535327688056,0.0,0.0,0.0,0.0,0.0,0.0,0.0,0.0,0.0,0.0,0.0,0.0
2026-04-22 18:00:00,2,338.0,2026-05-03 00:00:00,10 days 06:00:00,-9.14,58.66,1006.2,23.8,80.31388499639206,0.0,0.0,0.0,0.0,0.0,0.0,0.0,0.0,0.0,0.0,0.0,0.0
2026-04-22 18:00:00,2,338.0,2026-05-03 06:00:00,10 days 12:00:00,-9.45,58.32,1002.0,32.1,88.23837155133918,0.0,0.0,0.0,0.0,0.0,0.0,0.0,0.0,0.0,0.0,0.0,0.0
2026-04-22 18:00:00,2,338.0,2026-05-03 12:00:00,10 days 18:00:00,-9.62,57.93,993.5,37.7,52.03504261560862,145.34144234313763,153.74888694889876,116.6882394018201,121.78977737169666,0.0,0.0,0.0,0.0,0.0,0.0,0.0,0.0
2026-04-22 18:00:00,2,338.0,2026-05-03 18:00:00,11 days 00:00:00,-9.87,56.77,1000.6,42.1,77.57083685654005,85.81182245359213,82.99800068590373,57.78902577413851,68.88158859585783,0.0,0.0,0.0,0.0,0.0,0.0,0.0,0.0
2026-04-22 18:00:00,2,338.0,2026-05-04 00:00:00,11 days 06:00:00,-10.08,56.2,993.8,44.1,54.08235804427655,158.19840786655058,183.96802786999297,144.6404579138171,131.04385543788413,0.0,0.0,0.0,0.0,0.0,0.0,0.0,0.0
2026-04-22 18:00:00,2,338.0,2026-05-04 06:00:00,11 days 12:00:00,-10.26,55.18,958.5,102.2,12.303844106832358,154.50561152221616,157.71793418878133,148.1961663732373,135.94250821923615,84.93812843793204,83.16061856389729,73.0281191752189,74.28568302880078,39.959630035291504,36.31496421815283,32.19155760529046,34.23374480224733
2026-04-22 18:00:00,2,338.0,2026-05-04 12:00:00,11 days 18:00:00,-10.83,53.89,968.2,90.3,26.959909686583657,227.1532238981447,274.14267459800897,280.8742785185409,214.3248546128757,132.45348176324077,151.73527500484786,146.1128193346022,121.99777949442128,68.84489848208514,73.70197324510477,65.4025684459435,62.50130204835268
2026-04-22 18:00:00,2,338.0,2026-05-04 18:00:00,12 days 00:00:00,-10.69,52.98,952.6,106.6,19.804943635784998,124.51445345997598,180.99673372444252,199.2901993197805,129.9573974814595,73.45180205272287,92.55248313723853,95.19696899971903,67.92746413759815,44.65809415634829,50.196601646662906,45.88651739033807,41.42390287061136
2026-04-22 18:00:00,2,338.0,2026-05-05 00:00:00,12 days 06:00:00,-10.99,52.27,957.7,105.3,14.393398182772554,196.9053162493192,192.77452302792696,192.03834899120287,184.45371347185483,100.03666921259509,109.14825983503884,102.21116573855994,91.99146743174111,53.70720870554134,56.007726340181,48.76181010416528,49.161820669029055
2026-04-22 18:00:00,2,338.0,2026-05-05 06:00:00,12 days 12:00:00,-11.02,51.18,942.5,118.6,11.662028346231368,135.44517755045547,176.8487403391023,206.8840988336924,146.75277317787334,78.05399333096062,93.70343414531104,97.6837226518183,75.12372355825792,49.51126103587508,54.81916245543261,49.007961892488495,47.23283075653296
2026-04-22 18:00:00,2,338.0,2026-05-05 12:00:00,12 days 18:00:00,-10.9,50.05,939.9,118.7,11.659478114983036,143.19772233503167,186.29150655766168,181.2855256372025,125.45877757495612,83.50531367099812,95.41950157377184,88.38923325370384,75.14248821156642,50.445966288531984,52.62995869334075,45.658418555347545,45.436790012493454
2026-04-22 18:00:00,2,338.0,2026-05-05 18:00:00,13 days 00:00:00,-11.07,49.1,939.0,116.9,19.40579960687991,95.45995440409052,156.7214202538438,207.29559989393312,136.1655695533113,76.50810316680796,98.26059080497976,106.47025865412168,79.29797845257319,50.365651908560665,56.34849217305572,52.21987538613814,49.02634702071623
2026-04-22 18:00:00,3,338.0,2026-05-04 06:00:00,11 days 12:00:00,8.35,146.03,1004.9,14.5,85.12795384510343,0.0,0.0,0.0,0.0,0.0,0.0,0.0,0.0,0.0,0.0,0.0,0.0
2026-04-22 18:00:00,3,338.0,2026-05-04 12:00:00,11 days 18:00:00,8.86,145.22,1001.9,21.5,129.39826011577642,0.0,0.0,0.0,0.0,0.0,0.0,0.0,0.0,0.0,0.0,0.0,0.0
2026-04-22 18:00:00,3,338.0,2026-05-04 18:00:00,12 days 00:00:00,9.32,144.78,1007.8,21.6,119.70617267096732,0.0,0.0,0.0,0.0,0.0,0.0,0.0,0.0,0.0,0.0,0.0,0.0
2026-04-22 18:00:00,3,338.0,2026-05-05 00:00:00,12 days 06:00:00,9.63,143.31,1001.1,32.1,70.38897567087773,0.0,0.0,0.0,0.0,0.0,0.0,0.0,0.0,0.0,0.0,0.0,0.0
2026-04-22 18:00:00,3,338.0,2026-05-05 06:00:00,12 days 12:00:00,10.13,142.32,998.5,36.7,82.98148386381105,139.24897305449815,114.16879594247057,72.77278205921807,106.98459718021864,0.0,0.0,0.0,0.0,0.0,0.0,0.0,0.0
2026-04-22 18:00:00,3,338.0,2026-05-05 12:00:00,12 days 18:00:00,10.47,140.69,983.2,64.6,21.270198303080907,110.93292211463536,75.81472106301837,63.11241865955512,96.64184256247246,52.26288326142598,39.66237510560019,33.226698659981125,44.439321424492206,24.524669773290046,19.08446571829107,15.481250593518912,20.42143297951078
2026-04-22 18:00:00,3,338.0,2026-05-05 18:00:00,13 days 00:00:00,10.92,140.02,977.7,65.6,24.045261728999204,226.3777870121298,204.60481708654652,188.2099877168973,210.31225180408887,112.7016902799374,102.37599681097896,84.3224049766972,93.07381994325134,24.045261728999204,5.737356524284798,5.536787685743812,6.735857952742857
2026-04-22 18:00:00,2,341.0,2026-05-03 12:00:00,10 days 18:00:00,8.69,141.76,1010.0,14.9,98.2997711620104,0.0,0.0,0.0,0.0,0.0,0.0,0.0,0.0,0.0,0.0,0.0,0.0
2026-04-22 18:00:00,2,341.0,2026-05-03 18:00:00,11 days 00:00:00,9.13,140.83,1007.3,11.4,110.88957739805892,0.0,0.0,0.0,0.0,0.0,0.0,0.0,0.0,0.0,0.0,0.0,0.0
2026-04-22 18:00:00,2,341.0,2026-05-04 00:00:00,11 days 06:00:00,8.9,140.67,1010.5,24.5,127.94130232406744,0.0,0.0,0.0,0.0,0.0,0.0,0.0,0.0,0.0,0.0,0.0,0.0
2026-04-22 18:00:00,2,341.0,2026-05-04 06:00:00,11 days 12:00:00,9.3,139.34,1004.6,23.9,61.80645374142755,0.0,0.0,0.0,0.0,0.0,0.0,0.0,0.0,0.0,0.0,0.0,0.0
2026-04-22 18:00:00,2,341.0,2026-05-04 12:00:00,11 days 18:00:00,9.47,140.05,1004.7,21.5,110.4490517800593,0.0,0.0,0.0,0.0,0.0,0.0,0.0,0.0,0.0,0.0,0.0,0.0
2026-04-22 18:00:00,2,341.0,2026-05-04 18:00:00,12 days 00:00:00,9.4,139.22,1002.7,26.7,45.41382326032321,0.0,0.0,0.0,0.0,0.0,0.0,0.0,0.0,0.0,0.0,0.0,0.0
2026-04-22 18:00:00,2,341.0,2026-05-05 00:00:00,12 days 06:00:00,9.69,139.87,1003.8,24.2,57.04187213458938,0.0,0.0,0.0,0.0,0.0,0.0,0.0,0.0,0.0,0.0,0.0,0.0
2026-04-22 18:00:00,2,341.0,2026-05-05 06:00:00,12 days 12:00:00,9.58,139.58,999.1,27.3,35.83405471417479,0.0,0.0,0.0,0.0,0.0,0.0,0.0,0.0,0.0,0.0,0.0,0.0
2026-04-22 18:00:00,2,341.0,2026-05-05 12:00:00,12 days 18:00:00,9.74,139.57,1002.7,24.8,73.85963227667227,0.0,0.0,0.0,0.0,0.0,0.0,0.0,0.0,0.0,0.0,0.0,0.0
2026-04-22 18:00:00,2,341.0,2026-05-05 18:00:00,13 days 00:00:00,10.05,139.67,1003.8,23.2,118.44278885519915,0.0,0.0,0.0,0.0,0.0,0.0,0.0,0.0,0.0,0.0,0.0,0.0
2026-04-22 18:00:00,1,343.0,2026-05-02 18:00:00,10 days 00:00:00,8.14,143.2,1006.7,17.3,90.61937785895871,0.0,0.0,0.0,0.0,0.0,0.0,0.0,0.0,0.0,0.0,0.0,0.0
2026-04-22 18:00:00,1,343.0,2026-05-03 00:00:00,10 days 06:00:00,9.14,142.05,1004.0,21.9,123.94261441370806,0.0,0.0,0.0,0.0,0.0,0.0,0.0,0.0,0.0,0.0,0.0,0.0
2026-04-22 18:00:00,1,343.0,2026-05-03 06:00:00,10 days 12:00:00,9.37,141.42,1002.0,22.8,55.41922242494957,0.0,0.0,0.0,0.0,0.0,0.0,0.0,0.0,0.0,0.0,0.0,0.0
2026-04-22 18:00:00,1,343.0,2026-05-03 12:00:00,10 days 18:00:00,10.56,140.46,1004.7,27.3,141.73924115200606,0.0,0.0,0.0,0.0,0.0,0.0,0.0,0.0,0.0,0.0,0.0,0.0
2026-04-22 18:00:00,1,343.0,2026-05-03 18:00:00,11 days 00:00:00,9.92,139.53,1000.1,33.3,50.2596475449096,0.0,0.0,0.0,0.0,0.0,0.0,0.0,0.0,0.0,0.0,0.0,0.0
2026-04-22 18:00:00,1,343.0,2026-05-04 00:00:00,11 days 06:00:00,10.24,138.95,1004.9,24.6,76.30996570223473,0.0,0.0,0.0,0.0,0.0,0.0,0.0,0.0,0.0,0.0,0.0,0.0
2026-04-22 18:00:00,1,343.0,2026-05-04 06:00:00,11 days 12:00:00,11.14,136.75,1000.7,31.5,122.6611329434354,0.0,0.0,0.0,0.0,0.0,0.0,0.0,0.0,0.0,0.0,0.0,0.0
2026-04-22 18:00:00,1,343.0,2026-05-04 12:00:00,11 days 18:00:00,10.49,136.57,1005.1,23.7,93.72536326017656,0.0,0.0,0.0,0.0,0.0,0.0,0.0,0.0,0.0,0.0,0.0,0.0
2026-04-22 18:00:00,1,343.0,2026-05-04 18:00:00,12 days 00:00:00,9.42,135.08,1007.0,24.5,65.65744388529043,0.0,0.0,0.0,0.0,0.0,0.0,0.0,0.0,0.0,0.0,0.0,0.0
2026-04-22 18:00:00,1,343.0,2026-05-05 00:00:00,12 days 06:00:00,9.44,135.49,1002.2,25.8,45.99883869945324,0.0,0.0,0.0,0.0,0.0,0.0,0.0,0.0,0.0,0.0,0.0,0.0
2026-04-22 18:00:00,1,343.0,2026-05-05 06:00:00,12 days 12:00:00,9.38,134.49,1004.0,28.2,112.3655299575552,0.0,0.0,0.0,0.0,0.0,0.0,0.0,0.0,0.0,0.0,0.0,0.0
2026-04-22 18:00:00,1,343.0,2026-05-05 12:00:00,12 days 18:00:00,9.69,134.29,1002.1,33.1,115.37909180198665,0.0,0.0,0.0,0.0,0.0,0.0,0.0,0.0,0.0,0.0,0.0,0.0
2026-04-22 18:00:00,1,343.0,2026-05-05 18:00:00,13 days 00:00:00,10.34,133.76,1002.7,31.6,85.03847716782681,0.0,0.0,0.0,0.0,0.0,0.0,0.0,0.0,0.0,0.0,0.0,0.0
2026-04-22 18:00:00,3,345.0,2026-05-04 00:00:00,11 days 06:00:00,8.48,62.1,1003.5,28.2,71.32910534274393,0.0,0.0,0.0,0.0,0.0,0.0,0.0,0.0,0.0,0.0,0.0,0.0
2026-04-22 18:00:00,3,345.0,2026-05-04 06:00:00,11 days 12:00:00,7.71,61.08,1006.6,24.3,125.88172228752023,0.0,0.0,0.0,0.0,0.0,0.0,0.0,0.0,0.0,0.0,0.0,0.0
2026-04-22 18:00:00,3,345.0,2026-05-04 12:00:00,11 days 18:00:00,7.5,60.81,1008.1,16.8,85.37990732552447,0.0,0.0,0.0,0.0,0.0,0.0,0.0,0.0,0.0,0.0,0.0,0.0
2026-04-22 18:00:00,3,345.0,2026-05-04 18:00:00,12 days 00:00:00,7.7,60.14,1006.8,24.1,61.55511145495696,0.0,0.0,0.0,0.0,0.0,0.0,0.0,0.0,0.0,0.0,0.0,0.0
2026-04-22 18:00:00,3,345.0,2026-05-05 00:00:00,12 days 06:00:00,7.49,59.2,1004.0,30.5,87.50622190084664,0.0,0.0,0.0,0.0,0.0,0.0,0.0,0.0,0.0,0.0,0.0,0.0
2026-04-22 18:00:00,3,345.0,2026-05-05 06:00:00,12 days 12:00:00,8.4,58.26,1003.1,23.9,100.581081298503,0.0,0.0,0.0,0.0,0.0,0.0,0.0,0.0,0.0,0.0,0.0,0.0
2026-04-22 18:00:00,3,345.0,2026-05-05 12:00:00,12 days 18:00:00,8.3,58.07,996.4,42.8,104.60049948284411,160.50473758874514,136.58093119842275,112.04426379751432,133.558875838719,0.0,0.0,0.0,0.0,0.0,0.0,0.0,0.0
2026-04-22 18:00:00,3,345.0,2026-05-05 18:00:00,13 days 00:00:00,8.23,57.6,999.5,34.0,77.74242621567868,0.0,0.0,0.0,0.0,0.0,0.0,0.0,0.0,0.0,0.0,0.0,0.0
2026-04-22 18:00:00,10,346.0,2026-05-04 18:00:00,12 days 00:00:00,-9.43,62.25,994.4,43.4,149.54615639618584,269.99105301739587,267.6369489751529,212.01679102118567,218.66254574061568,0.0,0.0,0.0,0.0,0.0,0.0,0.0,0.0
2026-04-22 18:00:00,10,346.0,2026-05-05 00:00:00,12 days 06:00:00,-9.79,62.02,989.6,46.8,42.3579021568827,290.59877282566265,302.42623980202376,261.96517256009946,254.7014049384719,0.0,0.0,0.0,0.0,0.0,0.0,0.0,0.0
2026-04-22 18:00:00,10,346.0,2026-05-05 06:00:00,12 days 12:00:00,-10.25,61.53,996.5,41.6,49.78980089916077,240.25911859480016,231.5406893733137,191.6886208498446,207.70151336708884,0.0,0.0,0.0,0.0,0.0,0.0,0.0,0.0
2026-04-22 18:00:00,10,346.0,2026-05-05 12:00:00,12 days 18:00:00,-9.91,61.33,994.0,40.4,88.00846550553435,231.4436929347646,229.5526233973657,187.7040647892073,186.6954465469961,0.0,0.0,0.0,0.0,0.0,0.0,0.0,0.0
2026-04-22 18:00:00,10,346.0,2026-05-05 18:00:00,13 days 00:00:00,-9.86,61.27,991.4,46.5,86.2608387972259,243.4231664172774,239.9729402744786,195.29335970915668,207.41057975815664,0.0,0.0,0.0,0.0,0.0,0.0,0.0,0.0
2026-04-22 18:00:00,4,349.0,2026-05-04 12:00:00,11 days 18:00:00,6.95,146.17,1005.4,26.4,120.31189045000473,0.0,0.0,0.0,0.0,0.0,0.0,0.0,0.0,0.0,0.0,0.0,0.0
2026-04-22 18:00:00,4,349.0,2026-05-04 18:00:00,12 days 00:00:00,6.27,145.26,1001.9,25.6,77.15915477405511,0.0,0.0,0.0,0.0,0.0,0.0,0.0,0.0,0.0,0.0,0.0,0.0
2026-04-22 18:00:00,4,349.0,2026-05-05 00:00:00,12 days 06:00:00,6.66,144.36,1006.3,27.3,63.67673369375069,0.0,0.0,0.0,0.0,0.0,0.0,0.0,0.0,0.0,0.0,0.0,0.0
2026-04-22 18:00:00,4,349.0,2026-05-05 06:00:00,12 days 12:00:00,7.41,144.17,1002.9,21.7,160.9101403636272,0.0,0.0,0.0,0.0,0.0,0.0,0.0,0.0,0.0,0.0,0.0,0.0
2026-04-22 18:00:00,4,349.0,2026-05-05 12:00:00,12 days 18:00:00,8.28,142.69,1003.1,28.5,97.42880185397252,0.0,0.0,0.0,0.0,0.0,0.0,0.0,0.0,0.0,0.0,0.0,0.0
2026-04-22 18:00:00,4,349.0,2026-05-05 18:00:00,13 days 00:00:00,8.82,141.62,998.1,30.8,83.50699032502669,0.0,0.0,0.0,0.0,0.0,0.0,0.0,0.0,0.0,0.0,0.0,0.0
2026-04-22 18:00:00,4,352.0,2026-05-05 00:00:00,12 days 06:00:00,5.05,142.24,1005.3,21.8,76.77950683809146,0.0,0.0,0.0,0.0,0.0,0.0,0.0,0.0,0.0,0.0,0.0,0.0
2026-04-22 18:00:00,4,352.0,2026-05-05 06:00:00,12 days 12:00:00,5.46,140.98,1005.8,28.9,75.30749089745167,0.0,0.0,0.0,0.0,0.0,0.0,0.0,0.0,0.0,0.0,0.0,0.0
2026-04-22 18:00:00,4,352.0,2026-05-05 12:00:00,12 days 18:00:00,5.84,139.83,996.9,44.2,38.55544300543679,128.99735297604158,107.99215523810892,100.25375233911132,112.59619322841456,0.0,0.0,0.0,0.0,0.0,0.0,0.0,0.0
2026-04-22 18:00:00,4,352.0,2026-05-05 18:00:00,13 days 00:00:00,6.39,139.0,998.6,38.1,71.04386129350118,167.93015011886033,164.66692832421313,134.7369593789718,148.83701800624704,0.0,0.0,0.0,0.0,0.0,0.0,0.0,0.0
2026-04-22 18:00:00,2,353.0,2026-05-04 18:00:00,12 days 00:00:00,-9.2,68.16,1004.4,19.1,85.97800627803423,0.0,0.0,0.0,0.0,0.0,0.0,0.0,0.0,0.0,0.0,0.0,0.0
2026-04-22 18:00:00,2,353.0,2026-05-05 00:00:00,12 days 06:00:00,-8.97,68.76,1001.5,25.2,135.718578601337,0.0,0.0,0.0,0.0,0.0,0.0,0.0,0.0,0.0,0.0,0.0,0.0
2026-04-22 18:00:00,2,353.0,2026-05-05 06:00:00,12 days 12:00:00,-9.45,67.83,1004.7,22.7,60.7479158420971,0.0,0.0,0.0,0.0,0.0,0.0,0.0,0.0,0.0,0.0,0.0,0.0
2026-04-22 18:00:00,2,353.0,2026-05-05 12:00:00,12 days 18:00:00,-10.47,67.23,1000.8,32.6,65.57743710316456,0.0,0.0,0.0,0.0,0.0,0.0,0.0,0.0,0.0,0.0,0.0,0.0
2026-04-22 18:00:00,2,353.0,2026-05-05 18:00:00,13 days 00:00:00,-10.04,66.36,1001.9,25.9,140.94111649470912,0.0,0.0,0.0,0.0,0.0,0.0,0.0,0.0,0.0,0.0,0.0,0.0
2026-04-22 18:00:00,2,355.0,2026-05-04 06:00:00,11 days 12:00:00,-16.59,163.53,1001.9,31.2,51.52879837432685,0.0,0.0,0.0,0.0,0.0,0.0,0.0,0.0,0.0,0.0,0.0,0.0
2026-04-22 18:00:00,2,355.0,2026-05-04 12:00:00,11 days 18:00:00,-17.71,163.27,1003.2,31.7,155.02555727242097,0.0,0.0,0.0,0.0,0.0,0.0,0.0,0.0,0.0,0.0,0.0,0.0
2026-04-22 18:00:00,2,355.0,2026-05-04 18:00:00,12 days 00:00:00,-19.11,162.62,997.1,30.9,57.38717067956389,0.0,0.0,0.0,0.0,0.0,0.0,0.0,0.0,0.0,0.0,0.0,0.0
2026-04-22 18:00:00,2,355.0,2026-05-05 00:00:00,12 days 06:00:00,-20.04,161.83,996.4,40.1,85.87323214437953,0.0,85.87323214437953,0.0,0.0,0.0,0.0,0.0,0.0,0.0,0.0,0.0,0.0
2026-04-22 18:00:00,2,355.0,2026-05-05 06:00:00,12 days 12:00:00,-20.47,161.65,992.6,40.7,71.39908163168991,71.39908163168991,2.0812963815009127,1.534034257197412,5.984310042964356,0.0,0.0,0.0,0.0,0.0,0.0,0.0,0.0
2026-04-22 18:00:00,2,355.0,2026-05-05 12:00:00,12 days 18:00:00,-20.97,161.6,996.3,34.4,69.76051927836613,69.76051927836613,0.0,0.0,0.0,0.0,0.0,0.0,0.0,0.0,0.0,0.0,0.0
2026-04-22 18:00:00,2,355.0,2026-05-05 18:00:00,13 days 00:00:00,-21.18,162.04,998.9,36.0,124.3980850185728,124.3980850185728,0.0,0.0,0.0,0.0,0.0,0.0,0.0,0.0,0.0,0.0,0.0
2026-04-22 18:00:00,3,355.0,2026-05-05 00:00:00,12 days 06:00:00,-11.73,55.14,1005.9,25.3,103.61400709546253,0.0,0.0,0.0,0.0,0.0,0.0,0.0,0.0,0.0,0.0,0.0,0.0
2026-04-22 18:00:00,3,355.0,2026-05-05 06:00:00,12 days 12:00:00,-11.72,54.26,1002.0,33.9,65.29429074707068,0.0,0.0,0.0,0.0,0.0,0.0,0.0,0.0,0.0,0.0,0.0,0.0
2026-04-22 18:00:00,3,355.0,2026-05-05 12:00:00,12 days 18:00:00,-11.68,53.45,998.4,35.1,47.225289758984566,4.200487374878249,3.2593358957403105,47.225289758984566,2.9901039545979904,0.0,0.0,0.0,0.0,0.0,0.0,0.0,0.0
2026-04-22 18:00:00,3,355.0,2026-05-05 18:00:00,13 days 00:00:00,-11.77,53.1,999.2,35.4,69.91087326440437,3.639776032901564,69.91087326440437,1.985624996648772,4.592237575094021,0.0,0.0,0.0,0.0,0.0,0.0,0.0,0.0
2026-04-22 18:00:00,6,356.0,2026-04-30 00:00:00,7 days 06:00:00,8.7,155.09,1006.6,19.6,138.61985469751752,0.0,0.0,0.0,0.0,0.0,0.0,0.0,0.0,0.0,0.0,0.0,0.0
2026-04-22 18:00:00,6,356.0,2026-04-30 06:00:00,7 days 12:00:00,8.35,153.54,1009.5,13.2,115.55115703517755,0.0,0.0,0.0,0.0,0.0,0.0,0.0,0.0,0.0,0.0,0.0,0.0
2026-04-22 18:00:00,6,356.0,2026-04-30 12:00:00,7 days 18:00:00,9.49,152.43,1008.0,17.9,119.12135866807223,0.0,0.0,0.0,0.0,0.0,0.0,0.0,0.0,0.0,0.0,0.0,0.0
2026-04-22 18:00:00,6,356.0,2026-04-30 18:00:00,8 days 00:00:00,9.69,153.11,1006.1,21.2,97.6399192314192,0.0,0.0,0.0,0.0,0.0,0.0,0.0,0.0,0.0,0.0,0.0,0.0
2026-04-22 18:00:00,6,356.0,2026-05-01 00:00:00,8 days 06:00:00,9.95,151.41,1004.3,19.7,131.1766191304372,0.0,0.0,0.0,0.0,0.0,0.0,0.0,0.0,0.0,0.0,0.0,0.0
2026-04-22 18:00:00,6,356.0,2026-05-01 06:00:00,8 days 12:00:00,9.8,151.08,1003.9,22.3,89.00988256787362,0.0,0.0,0.0,0.0,0.0,0.0,0.0,0.0,0.0,0.0,0.0,0.0
2026-04-22 18:00:00,6,356.0,2026-05-01 12:00:00,8 days 18:00:00,10.06,150.44,1004.6,19.5,91.94793753313728,0.0,0.0,0.0,0.0,0.0,0.0,0.0,0.0,0.0,0.0,0.0,0.0
2026-04-22 18:00:00,6,356.0,2026-05-01 18:00:00,9 days 00:00:00,10.19,149.38,1000.3,29.0,68.36062353726156,0.0,0.0,0.0,0.0,0.0,0.0,0.0,0.0,0.0,0.0,0.0,0.0
2026-04-22 18:00:00,6,356.0,2026-05-02 00:00:00,9 days 06:00:00,9.32,149.4,1003.1,36.4,47.15022842729566,47.15022842729566,15.74073222800642,3.119929180095262,24.65769025128268,0.0,0.0,0.0,0.0,0.0,0.0,0.0,0.0
2026-04-22 18:00:00,6,356.0,2026-05-02 06:00:00,9 days 12:00:00,9.16,149.09,998.5,39.3,44.88036897505348,44.88036897505348,9.007728437275642,5.163313171007706,3.811985705472584,0.0,0.0,0.0,0.0,0.0,0.0,0.0,0.0
2026-04-22 18:00:00,6,356.0,2026-05-02 12:00:00,9 days 18:00:00,8.47,149.1,1000.2,40.2,111.98479253544625,111.98479253544625,0.3964900071156156,3.858313716332249,7.6817689791946915,0.0,0.0,0.0,0.0,0.0,0.0,0.0,0.0
2026-04-22 18:00:00,6,356.0,2026-05-02 18:00:00,10 days 00:00:00,8.97,148.31,999.8,31.8,84.89884407405006,0.0,0.0,0.0,0.0,0.0,0.0,0.0,0.0,0.0,0.0,0.0,0.0
2026-04-22 18:00:00,6,356.0,2026-05-03 00:00:00,10 days 06:00:00,8.7,147.98,998.8,38.9,106.53891384897838,1.921850889905727,106.53891384897838,3.75370007756402,0.0,0.0,0.0,0.0,0.0,0.0,0.0,0.0,0.0
2026-04-22 18:00:00,6,356.0,2026-05-03 06:00:00,10 days 12:00:00,9.13,147.69,1000.6,31.0,49.09323760313225,0.0,0.0,0.0,0.0,0.0,0.0,0.0,0.0,0.0,0.0,0.0,0.0
2026-04-22 18:00:00,6,356.0,2026-05-03 12:00:00,10 days 18:00:00,8.36,146.67,1004.1,32.5,42.31403073340216,0.0,0.0,0.0,0.0,0.0,0.0,0.0,0.0,0.0,0.0,0.0,0.0
2026-04-22 18:00:00,6,356.0,2026-05-03 18:00:00,11 days 00:00:00,8.62,146.3,1001.1,32.5,49.33948528872901,0.0,0.0,0.0,0.0,0.0,0.0,0.0,0.0,0.0,0.0,0.0,0.0
2026-04-22 18:00:00,6,356.0,2026-05-04 00:00:00,11 days 06:00:00,8.4,145.28,1001.1,37.0,64.9484473688135,64.9484473688135,25.67854482895344,26.73760718558828,33.11361801011164,0.0,0.0,0.0,0.0,0.0,0.0,0.0,0.0
2026-04-22 18:00:00,6,356.0,2026-05-04 06:00:00,11 days 12:00:00,8.3,144.55,994.5,44.0,75.74113661778341,75.74113661778341,31.906516175324924,16.92932254507575,38.360974849849526,0.0,0.0,0.0,0.0,0.0,0.0,0.0,0.0
2026-04-22 18:00:00,6,356.0,2026-05-04 12:00:00,11 days 18:00:00,8.38,143.41,989.6,53.5,37.756231161805445,90.01058589691783,53.856003578400205,40.11580331078039,81.49040977100987,37.756231161805445,6.505605740890262,3.705208299771303,8.33281839022741,0.0,0.0,0.0,0.0
2026-04-22 18:00:00,6,356.0,2026-05-04 18:00:00,12 days 00:00:00,8.95,142.43,991.2,56.3,35.71047729512381,144.69059035214127,123.67762953105614,109.957888340112,129.37606123263714,56.84257955653288,46.259860899503366,34.44826049627426,43.20900154851262,0.0,0.0,0.0,0.0
2026-04-22 18:00:00,6,356.0,2026-05-05 00:00:00,12 days 06:00:00,9.11,141.31,978.8,76.7,16.478885150463725,141.76767165768533,105.52009914880584,86.45011178104328,126.8958732385752,73.90730826931099,56.34317103042044,44.28215223206928,65.47622778375977,33.482834151930334,28.08838324539262,21.44706731578245,28.909539789955247
2026-04-22 18:00:00,6,356.0,2026-05-05 06:00:00,12 days 12:00:00,9.76,139.83,971.2,87.2,0.0,169.0891922354361,134.86909370818938,107.42734309326954,154.23526088589588,78.41913718869588,62.94498415069162,52.02319825233207,67.59981665722017,39.37769545273573,35.55841685881968,27.44383470907209,35.17461384909382
2026-04-22 18:00:00,6,356.0,2026-05-05 12:00:00,12 days 18:00:00,9.87,138.53,934.8,134.1,7.696952968011528,59.58576294176336,64.21782680318711,66.39132786785792,54.81596235659714,12.114130961265191,10.354445034942918,9.95088301247728,11.803322607249552,12.114130961265191,10.354445034942918,9.95088301247728,11.803322607249552
2026-04-22 18:00:00,6,356.0,2026-05-05 18:00:00,13 days 00:00:00,9.88,137.85,956.3,109.0,0.0,133.27504073355624,103.17358522001392,73.86121264996086,97.98435084747254,47.65425630952735,34.84750492267938,20.57238651225133,37.5047668829569,23.391418844935668,19.297792555713254,16.593479633387012,20.4593317875279
2026-04-22 18:00:00,2,358.0,2026-05-04 12:00:00,11 days 18:00:00,-13.45,169.66,1006.0,14.5,152.7215169728928,0.0,0.0,0.0,0.0,0.0,0.0,0.0,0.0,0.0,0.0,0.0,0.0
2026-04-22 18:00:00,2,358.0,2026-05-04 18:00:00,12 days 00:00:00,-14.7,170.56,1001.0,25.4,77.2615274098752,0.0,0.0,0.0,0.0,0.0,0.0,0.0,0.0,0.0,0.0,0.0,0.0
2026-04-22 18:00:00,2,358.0,2026-05-05 00:00:00,12 days 06:00:00,-13.81,171.0,1000.1,34.9,95.21930076667913,95.21930076667913,0.0,0.0,0.1567587752053398,0.0,0.0,0.0,0.0,0.0,0.0,0.0,0.0
2026-04-22 18:00:00,2,358.0,2026-05-05 06:00:00,12 days 12:00:00,-14.28,171.01,998.0,27.8,111.79156772619382,0.0,0.0,0.0,0.0,0.0,0.0,0.0,0.0,0.0,0.0,0.0,0.0
2026-04-22 18:00:00,2,358.0,2026-05-05 12:00:00,12 days 18:00:00,-13.92,171.43,999.6,33.6,95.49251758366417,0.0,0.0,0.0,0.0,0.0,0.0,0.0,0.0,0.0,0.0,0.0,0.0
2026-04-22 18:00:00,2,358.0,2026-05-05 18:00:00,13 days 00:00:00,-14.77,171.59,994.7,33.2,108.58485359056108,0.0,0.0,0.0,0.0,0.0,0.0,0.0,0.0,0.0,0.0,0.0,0.0
2026-04-22 18:00:00,4,358.0,2026-05-04 18:00:00,12 days 00:00:00,2.7,162.21,1008.5,15.5,73.41990826954807,0.0,0.0,0.0,0.0,0.0,0.0,0.0,0.0,0.0,0.0,0.0,0.0
2026-04-22 18:00:00,4,358.0,2026-05-05 00:00:00,12 days 06:00:00,3.7,160.42,1008.0,16.5,84.94756606258841,0.0,0.0,0.0,0.0,0.0,0.0,0.0,0.0,0.0,0.0,0.0,0.0
2026-04-22 18:00:00,4,358.0,2026-05-05 06:00:00,12 days 12:00:00,3.62,159.7,1005.0,26.6,88.18740312494313,0.0,0.0,0.0,0.0,0.0,0.0,0.0,0.0,0.0,0.0,0.0,0.0
2026-04-22 18:00:00,4,358.0,2026-05-05 12:00:00,12 days 18:00:00,3.13,160.67,1010.5,15.9,118.38083874320112,0.0,0.0,0.0,0.0,0.0,0.0,0.0,0.0,0.0,0.0,0.0,0.0
2026-04-22 18:00:00,4,358.0,2026-05-05 18:00:00,13 days 00:00:00,3.22,159.8,1001.1,30.0,62.56400672486947,0.0,0.0,0.0,0.0,0.0,0.0,0.0,0.0,0.0,0.0,0.0,0.0
2026-04-22 18:00:00,0,362.0,2026-05-02 06:00:00,9 days 12:00:00,-11.01,60.28,1009.3,16.2,71.7380747673958,0.0,0.0,0.0,0.0,0.0,0.0,0.0,0.0,0.0,0.0,0.0,0.0
2026-04-22 18:00:00,0,362.0,2026-05-02 12:00:00,9 days 18:00:00,-10.94,59.31,1002.9,22.4,93.65404346783556,0.0,0.0,0.0,0.0,0.0,0.0,0.0,0.0,0.0,0.0,0.0,0.0
2026-04-22 18:00:00,0,362.0,2026-05-02 18:00:00,10 days 00:00:00,-10.71,58.23,1008.5,19.8,88.11599208898208,0.0,0.0,0.0,0.0,0.0,0.0,0.0,0.0,0.0,0.0,0.0,0.0
2026-04-22 18:00:00,0,362.0,2026-05-03 00:00:00,10 days 06:00:00,-9.44,57.06,1005.0,25.3,123.05822327773602,0.0,0.0,0.0,0.0,0.0,0.0,0.0,0.0,0.0,0.0,0.0,0.0
2026-04-22 18:00:00,0,362.0,2026-05-03 06:00:00,10 days 12:00:00,-9.86,56.09,1005.3,24.5,95.59978745380444,0.0,0.0,0.0,0.0,0.0,0.0,0.0,0.0,0.0,0.0,0.0,0.0
2026-04-22 18:00:00,0,362.0,2026-05-03 12:00:00,10 days 18:00:00,-9.65,55.07,1003.0,22.2,57.83029191491686,0.0,0.0,0.0,0.0,0.0,0.0,0.0,0.0,0.0,0.0,0.0,0.0
2026-04-22 18:00:00,0,362.0,2026-05-03 18:00:00,11 days 00:00:00,-9.69,53.79,1003.6,27.7,118.64760592055468,0.0,0.0,0.0,0.0,0.0,0.0,0.0,0.0,0.0,0.0,0.0,0.0
2026-04-22 18:00:00,0,362.0,2026-05-04 00:00:00,11 days 06:00:00,-8.45,52.7,996.7,32.1,66.03368338057894,0.0,0.0,0.0,0.0,0.0,0.0,0.0,0.0,0.0,0.0,0.0,0.0
2026-04-22 18:00:00,0,362.0,2026-05-04 06:00:00,11 days 12:00:00,-8.73,51.58,1001.6,35.0,101.81551174446368,101.81551174446368,38.79178606478459,21.467582800599693,28.95881880459026,0.0,0.0,0.0,0.0,0.0,0.0,0.0,0.0
2026-04-22 18:00:00,0,362.0,2026-05-04 12:00:00,11 days 18:00:00,-8.7,50.83,1005.1,23.1,105.09880838967575,0.0,0.0,0.0,0.0,0.0,0.0,0.0,0.0,0.0,0.0,0.0,0.0
2026-04-22 18:00:00,0,362.0,2026-05-04 18:00:00,12 days 00:00:00,-8.51,50.17,998.5,36.9,49.06378277018087,49.06378277018087,29.66010690869603,20.225316205994687,22.256462344042298,0.0,0.0,0.0,0.0,0.0,0.0,0.0,0.0
2026-04-22 18:00:00,0,362.0,2026-05-05 00:00:00,12 days 06:00:00,-8.54,49.54,1003.3,28.0,41.97034146407485,0.0,0.0,0.0,0.0,0.0,0.0,0.0,0.0,0.0,0.0,0.0,0.0
2026-04-22 18:00:00,0,362.0,2026-05-05 06:00:00,12 days 12:00:00,-8.72,49.54,998.9,38.6,54.23881727129952,41.80662478867817,54.23881727129952,35.699329968031314,33.200805623229215,0.0,0.0,0.0,0.0,0.0,0.0,0.0,0.0
2026-04-22 18:00:00,0,362.0,2026-05-05 12:00:00,12 days 18:00:00,-9.03,48.87,996.1,46.1,54.0342765368776,173.4762993865267,184.05765887430223,145.89924647885945,145.54262277092778,0.0,0.0,0.0,0.0,0.0,0.0,0.0,0.0
2026-04-22 18:00:00,0,362.0,2026-05-05 18:00:00,13 days 00:00:00,-8.83,48.53,1000.0,30.7,47.70566330193677,0.0,0.0,0.0,0.0,0.0,0.0,0.0,0.0,0.0,0.0,0.0,0.0
2026-04-22 18:00:00,3,364.0,2026-05-02 06:00:00,9 days 12:00:00,-8.73,61.71,1004.9,17.3,86.9283510512703,0.0,0.0,0.0,0.0,0.0,0.0,0.0,0.0,0.0,0.0,0.0,0.0
2026-04-22 18:00:00,3,364.0,2026-05-02 12:00:00,9 days 18:00:00,-8.19,61.37,1002.5,24.9,58.29836876168022,0.0,0.0,0.0,0.0,0.0,0.0,0.0,0.0,0.0,0.0,0.0,0.0
2026-04-22 18:00:00,3,364.0,2026-05-02 18:00:00,10 days 00:00:00,-9.78,61.55,1002.0,27.5,78.39120198089435,0.0,0.0,0.0,0.0,0.0,0.0,0.0,0.0,0.0,0.0,0.0,0.0
2026-04-22 18:00:00,3,364.0,2026-05-03 00:00:00,10 days 06:00:00,-10.11,61.6,1001.1,35.9,90.5247382416344,157.0675358257302,153.24950106506745,149.48824536812035,136.58888542863087,0.0,0.0,0.0,0.0,0.0,0.0,0.0,0.0
2026-04-22 18:00:00,3,364.0,2026-05-03 06:00:00,10 days 12:00:00,-10.76,61.92,1000.0,36.1,132.84355428572937,223.7086881489216,222.8256709241688,197.19281218126903,186.41668575171283,0.0,0.0,0.0,0.0,0.0,0.0,0.0,0.0
2026-04-22 18:00:00,3,364.0,2026-05-03 12:00:00,10 days 18:00:00,-11.57,62.12,1001.5,31.8,122.71679244550442,0.0,0.0,0.0,0.0,0.0,0.0,0.0,0.0,0.0,0.0,0.0,0.0
2026-04-22 18:00:00,3,364.0,2026-05-03 18:00:00,11 days 00:00:00,-12.15,62.2,996.0,39.5,121.1399672766216,121.1399672766216,8.409395089582246,0.0,0.0816862749382105,0.0,0.0,0.0,0.0,0.0,0.0,0.0,0.0
2026-04-22 18:00:00,3,364.0,2026-05-04 00:00:00,11 days 06:00:00,-14.19,62.62,996.7,39.3,76.14002451062598,76.14002451062598,11.014442663951092,0.0,0.7285135638242579,0.0,0.0,0.0,0.0,0.0,0.0,0.0,0.0
2026-04-22 18:00:00,3,364.0,2026-05-04 06:00:00,11 days 12:00:00,-14.63,63.34,996.4,41.2,54.11821144304223,65.81460205166748,57.89593673169408,45.07654692792511,44.21725422775123,0.0,0.0,0.0,0.0,0.0,0.0,0.0,0.0
2026-04-22 18:00:00,3,364.0,2026-05-04 12:00:00,11 days 18:00:00,-15.73,63.22,999.9,39.3,86.19160990947717,72.76426592067276,86.19160990947717,60.34852012860267,53.16744328220426,0.0,0.0,0.0,0.0,0.0,0.0,0.0,0.0
2026-04-22 18:00:00,3,364.0,2026-05-04 18:00:00,12 days 00:00:00,-16.31,62.88,988.5,43.1,76.62707723507145,303.17209754702606,307.2113064053566,284.2335918540523,260.9327598260661,0.0,0.0,0.0,0.0,0.0,0.0,0.0,0.0
2026-04-22 18:00:00,3,364.0,2026-05-05 00:00:00,12 days 06:00:00,-17.33,62.6,997.7,36.4,71.73375721952513,29.96003967932633,71.73375721952513,30.696916263293424,24.612481824209283,0.0,0.0,0.0,0.0,0.0,0.0,0.0,0.0
2026-04-22 18:00:00,3,364.0,2026-05-05 06:00:00,12 days 12:00:00,-18.32,62.86,995.6,47.5,59.439561318902285,69.5806205238939,68.1194059304589,32.77424590201381,49.44670739101693,0.0,0.0,0.0,0.0,0.0,0.0,0.0,0.0
2026-04-22 18:00:00,3,364.0,2026-05-05 12:00:00,12 days 18:00:00,-18.95,62.28,995.0,43.1,32.485387204489555,79.59845101783324,77.80172578476348,69.49306494203321,63.8186145690182,0.0,0.0,0.0,0.0,0.0,0.0,0.0,0.0
2026-04-22 18:00:00,3,364.0,2026-05-05 18:00:00,13 days 00:00:00,-19.66,62.18,997.7,41.7,92.7989748869952,196.51483421045745,192.94698371526368,172.30086157468733,163.09793878145757,0.0,0.0,0.0,0.0,0.0,0.0,0.0,0.0
2026-04-22 18:00:00,2,368.0,2026-05-04 18:00:00,12 days 00:00:00,6.19,74.18,996.5,35.3,47.439065849314645,47.439065849314645,0.8652585811891438,4.419455930356483,2.2652544387475926,0.0,0.0,0.0,0.0,0.0,0.0,0.0,0.0
2026-04-22 18:00:00,2,368.0,2026-05-05 00:00:00,12 days 06:00:00,7.13,73.32,1000.5,22.9,82.7275897257255,0.0,0.0,0.0,0.0,0.0,0.0,0.0,0.0,0.0,0.0,0.0,0.0
2026-04-22 18:00:00,2,368.0,2026-05-05 06:00:00,12 days 12:00:00,7.97,73.24,1001.1,26.3,91.99978369781608,0.0,0.0,0.0,0.0,0.0,0.0,0.0,0.0,0.0,0.0,0.0,0.0
2026-04-22 18:00:00,2,368.0,2026-05-05 12:00:00,12 days 18:00:00,8.32,72.64,997.7,34.1,36.77454205412879,0.0,0.0,5.939348646335539,36.77454205412879,0.0,0.0,0.0,0.0,0.0,0.0,0.0,0.0
2026-04-22 18:00:00,2,368.0,2026-05-05 18:00:00,13 days 00:00:00,9.25,72.78,1001.8,30.6,100.21905864273133,0.0,0.0,0.0,0.0,0.0,0.0,0.0,0.0,0.0,0.0,0.0,0.0
2026-04-22 18:00:00,1,369.0,2026-05-04 00:00:00,11 days 06:00:00,4.98,69.22,1004.0,27.1,129.16685445322602,0.0,0.0,0.0,0.0,0.0,0.0,0.0,0.0,0.0,0.0,0.0,0.0
2026-04-22 18:00:00,1,369.0,2026-05-04 06:00:00,11 days 12:00:00,5.77,68.37,1003.8,22.6,63.91032349846952,0.0,0.0,0.0,0.0,0.0,0.0,0.0,0.0,0.0,0.0,0.0,0.0
2026-04-22 18:00:00,1,369.0,2026-05-04 12:00:00,11 days 18:00:00,5.01,69.22,1006.8,20.6,101.69230568968231,0.0,0.0,0.0,0.0,0.0,0.0,0.0,0.0,0.0,0.0,0.0,0.0
2026-04-22 18:00:00,1,369.0,2026-05-04 18:00:00,12 days 00:00:00,4.93,68.07,1004.2,21.0,76.1860197227011,0.0,0.0,0.0,0.0,0.0,0.0,0.0,0.0,0.0,0.0,0.0,0.0
2026-04-22 18:00:00,1,369.0,2026-05-05 00:00:00,12 days 06:00:00,5.83,68.02,997.2,32.9,70.67356011883466,0.0,0.0,0.0,0.0,0.0,0.0,0.0,0.0,0.0,0.0,0.0,0.0
2026-04-22 18:00:00,1,369.0,2026-05-05 06:00:00,12 days 12:00:00,6.3,68.26,1001.2,30.5,124.98469987653822,0.0,0.0,0.0,0.0,0.0,0.0,0.0,0.0,0.0,0.0,0.0,0.0
2026-04-22 18:00:00,1,369.0,2026-05-05 12:00:00,12 days 18:00:00,7.23,67.59,998.7,33.0,65.79125518882226,0.0,0.0,0.0,0.0,0.0,0.0,0.0,0.0,0.0,0.0,0.0,0.0
2026-04-22 18:00:00,1,369.0,2026-05-05 18:00:00,13 days 00:00:00,7.53,66.79,992.2,54.7,32.579416951418864,198.6295712118116,169.01187920929635,150.51377170074574,172.18861363059267,1.583586558603831,0.0,0.0,32.579416951418864,0.0,0.0,0.0,0.0
2026-04-22 18:00:00,4,370.0,2026-05-02 06:00:00,9 days 12:00:00,9.55,145.15,1005.0,22.4,51.81752107630975,0.0,0.0,0.0,0.0,0.0,0.0,0.0,0.0,0.0,0.0,0.0,0.0
2026-04-22 18:00:00,4,370.0,2026-05-02 12:00:00,9 days 18:00:00,8.99,145.85,1006.6,21.9,111.65319740398252,0.0,0.0,0.0,0.0,0.0,0.0,0.0,0.0,0.0,0.0,0.0,0.0
2026-04-22 18:00:00,4,370.0,2026-05-02 18:00:00,10 days 00:00:00,10.36,144.18,1007.8,19.6,112.20706434185983,0.0,0.0,0.0,0.0,0.0,0.0,0.0,0.0,0.0,0.0,0.0,0.0
2026-04-22 18:00:00,4,370.0,2026-05-03 00:00:00,10 days 06:00:00,9.94,144.92,1006.8,14.1,66.54105567958666,0.0,0.0,0.0,0.0,0.0,0.0,0.0,0.0,0.0,0.0,0.0,0.0
2026-04-22 18:00:00,4,370.0,2026-05-03 06:00:00,10 days 12:00:00,9.73,144.97,1004.0,19.3,77.76179541463736,0.0,0.0,0.0,0.0,0.0,0.0,0.0,0.0,0.0,0.0,0.0,0.0
2026-04-22 18:00:00,4,370.0,2026-05-03 12:00:00,10 days 18:00:00,9.56,144.92,991.5,42.0,52.0303490443613,164.03794487555083,149.2354147328702,118.91409281091984,134.300606039888,0.0,0.0,0.0,0.0,0.0,0.0,0.0,0.0
2026-04-22 18:00:00,4,370.0,2026-05-03 18:00:00,11 days 00:00:00,10.13,144.2,992.9,50.5,53.3183494431248,91.3510943891726,79.26941377061985,65.78502562792903,77.86828642629318,53.3183494431248,13.816675403047336,12.735376929558008,11.174792264549966,0.0,0.0,0.0,0.0
2026-04-22 18:00:00,4,370.0,2026-05-04 00:00:00,11 days 06:00:00,10.18,143.62,999.3,38.4,70.91962957868975,70.91962957868975,30.877943895144654,16.678924367629342,35.26324012813768,0.0,0.0,0.0,0.0,0.0,0.0,0.0,0.0
2026-04-22 18:00:00,4,370.0,2026-05-04 06:00:00,11 days 12:00:00,10.22,142.8,992.1,45.1,56.64661321849374,137.42155101936407,115.4204409454834,86.34105528849241,107.95172941628472,0.0,0.0,0.0,0.0,0.0,0.0,0.0,0.0
2026-04-22 18:00:00,4,370.0,2026-05-04 12:00:00,11 days 18:00:00,10.35,142.08,997.5,39.0,41.442393201471845,71.02571508040666,62.04038984189586,35.89163760418373,49.06741703642365,0.0,0.0,0.0,0.0,0.0,0.0,0.0,0.0
2026-04-22 18:00:00,4,370.0,2026-05-04 18:00:00,12 days 00:00:00,10.44,141.4,996.6,45.8,90.95510398857816,90.95510398857816,71.56089396395382,33.93765894692024,71.26708573402124,0.0,0.0,0.0,0.0,0.0,0.0,0.0,0.0
2026-04-22 18:00:00,4,370.0,2026-05-05 00:00:00,12 days 06:00:00,10.36,140.66,986.4,52.5,27.910466389441083,194.36226773772705,153.69143241708042,124.963078479704,168.0189074811368,34.042489135799734,28.205524369721,24.842441358184644,28.21497652768024,0.0,0.0,0.0,0.0
2026-04-22 18:00:00,4,370.0,2026-05-05 06:00:00,12 days 12:00:00,10.27,139.54,999.5,39.9,36.757293950922,36.757293950922,20.24405971610826,5.708760872972829,23.110459500593866,0.0,0.0,0.0,0.0,0.0,0.0,0.0,0.0
2026-04-22 18:00:00,4,370.0,2026-05-05 12:00:00,12 days 18:00:00,9.82,138.82,992.6,52.9,48.76630255172179,219.33548532581483,186.3163049664122,140.7806757889145,185.23795397750564,48.76630255172179,28.402012746434707,23.296439390011955,26.546458883266595,0.0,0.0,0.0,0.0
2026-04-22 18:00:00,4,370.0,2026-05-05 18:00:00,13 days 00:00:00,10.32,137.15,1003.4,32.1,66.32283656870885,0.0,0.0,0.0,0.0,0.0,0.0,0.0,0.0,0.0,0.0,0.0,0.0
2026-04-22 18:00:00,1,373.0,2026-05-02 12:00:00,9 days 18:00:00,7.98,65.76,1001.7,26.1,60.94078980546827,0.0,0.0,0.0,0.0,0.0,0.0,0.0,0.0,0.0,0.0,0.0,0.0
2026-04-22 18:00:00,1,373.0,2026-05-02 18:00:00,10 days 00:00:00,7.83,66.08,1005.4,17.8,106.25427559246558,0.0,0.0,0.0,0.0,0.0,0.0,0.0,0.0,0.0,0.0,0.0,0.0
2026-04-22 18:00:00,1,373.0,2026-05-03 00:00:00,10 days 06:00:00,8.95,66.41,1004.7,20.1,114.15674867641069,0.0,0.0,0.0,0.0,0.0,0.0,0.0,0.0,0.0,0.0,0.0,0.0
2026-04-22 18:00:00,1,373.0,2026-05-03 06:00:00,10 days 12:00:00,9.37,66.81,1004.4,22.6,118.77545375803052,0.0,0.0,0.0,0.0,0.0,0.0,0.0,0.0,0.0,0.0,0.0,0.0
2026-04-22 18:00:00,1,373.0,2026-05-03 12:00:00,10 days 18:00:00,9.99,66.25,1002.5,29.0,111.44818952757144,0.0,0.0,0.0,0.0,0.0,0.0,0.0,0.0,0.0,0.0,0.0,0.0
2026-04-22 18:00:00,1,373.0,2026-05-03 18:00:00,11 days 00:00:00,10.55,66.9,1001.3,26.2,84.77029688636995,0.0,0.0,0.0,0.0,0.0,0.0,0.0,0.0,0.0,0.0,0.0,0.0
2026-04-22 18:00:00,1,373.0,2026-05-04 00:00:00,11 days 06:00:00,10.84,66.24,999.6,31.1,82.6387999689457,0.0,0.0,0.0,0.0,0.0,0.0,0.0,0.0,0.0,0.0,0.0,0.0
2026-04-22 18:00:00,1,373.0,2026-05-04 06:00:00,11 days 12:00:00,11.29,65.61,998.6,34.2,53.65516981557092,53.65516981557092,10.987654113610075,12.245272639969578,16.7713557515739,0.0,0.0,0.0,0.0,0.0,0.0,0.0,0.0
2026-04-22 18:00:00,1,373.0,2026-05-04 12:00:00,11 days 18:00:00,11.79,65.0,985.4,55.1,28.59924529941724,198.76743403183428,169.28280597278095,152.62462820673136,173.91606683385467,33.98609559281568,27.67730810836819,17.161646835782534,25.92450409716911,0.0,0.0,0.0,0.0
2026-04-22 18:00:00,1,373.0,2026-05-04 18:00:00,12 days 00:00:00,11.98,64.94,986.3,49.7,36.86043970393689,256.2440378657868,216.0325169222332,197.41002422396832,225.3706547301321,0.0,0.0,0.0,0.0,0.0,0.0,0.0,0.0
2026-04-22 18:00:00,1,373.0,2026-05-05 00:00:00,12 days 06:00:00,12.1,64.12,977.1,68.2,40.24155570841648,197.548083533536,157.85718808446603,146.13282448489565,179.8174414436604,55.66185571528176,40.550594236987735,30.19799508376827,44.304660299023546,40.24155570841648,0.0,0.0,0.1062131939848048
2026-04-22 18:00:00,1,373.0,2026-05-05 06:00:00,12 days 12:00:00,12.23,63.39,968.1,82.5,25.873856021631088,213.57458344510837,153.89362174079503,165.17459259787,202.50627777643305,72.30569422773742,50.72706417743757,42.18252626715866,58.99472226735649,25.873856021631088,6.4956021915557525,5.411759678372691,10.284463144307107
2026-04-22 18:00:00,1,373.0,2026-05-05 12:00:00,12 days 18:00:00,12.4,63.11,956.4,98.6,30.563169693791657,158.49338755827216,123.27278589696218,126.2584753676052,148.16153404331925,83.04001168507733,65.79751032037758,62.79612121161518,79.04942446984512,62.01154616328678,52.58778936042332,46.27781645396734,56.076232374000334
2026-04-22 18:00:00,1,373.0,2026-05-05 18:00:00,13 days 00:00:00,12.72,62.09,962.8,94.5,20.841741669427485,254.47464263439636,224.13663905440447,251.5585346959584,249.6981693725086,172.60498733494646,156.6452342269466,153.93581765865707,171.45070157749677,115.63580431406106,108.77813920642944,98.66880693241497,107.5459602099934
2026-04-22 18:00:00,2,374.0,2026-05-01 12:00:00,8 days 18:00:00,-7.97,64.48,1007.1,17.0,119.5516261142518,0.0,0.0,0.0,0.0,0.0,0.0,0.0,0.0,0.0,0.0,0.0,0.0
2026-04-22 18:00:00,2,374.0,2026-05-01 18:00:00,9 days 00:00:00,-8.18,64.13,1004.3,24.8,128.57079830360232,0.0,0.0,0.0,0.0,0.0,0.0,0.0,0.0,0.0,0.0,0.0,0.0
2026-04-22 18:00:00,2,374.0,2026-05-02 00:00:00,9 days 06:00:00,-8.09,63.21,1000.8,26.8,44.479995232562985,0.0,0.0,0.0,0.0,0.0,0.0,0.0,0.0,0.0,0.0,0.0,0.0
2026-04-22 18:00:00,2,374.0,2026-05-02 06:00:00,9 days 12:00:00,-8.45,62.29,1002.2,24.8,65.04309979163759,0.0,0.0,0.0,0.0,0.0,0.0,0.0,0.0,0.0,0.0,0.0,0.0
2026-04-22 18:00:00,2,374.0,2026-05-02 12:00:00,9 days 18:00:00,-8.41,61.18,997.9,32.1,82.61794171498033,0.0,0.0,0.0,0.0,0.0,0.0,0.0,0.0,0.0,0.0,0.0,0.0
2026-04-22 18:00:00,2,374.0,2026-05-02 18:00:00,10 days 00:00:00,-8.75,60.59,1001.7,31.0,49.60862638152468,0.0,0.0,0.0,0.0,0.0,0.0,0.0,0.0,0.0,0.0,0.0,0.0
2026-04-22 18:00:00,2,374.0,2026-05-03 00:00:00,10 days 06:00:00,-9.24,59.25,999.1,35.5,52.238701716988864,0.0,0.0,52.238701716988864,0.0,0.0,0.0,0.0,0.0,0.0,0.0,0.0,0.0
2026-04-22 18:00:00,2,374.0,2026-05-03 06:00:00,10 days 12:00:00,-9.11,58.43,994.5,43.0,63.66832237600244,310.095286376156,308.2667149598287,289.19914633995666,292.7480142879545,0.0,0.0,0.0,0.0,0.0,0.0,0.0,0.0
2026-04-22 18:00:00,2,374.0,2026-05-03 12:00:00,10 days 18:00:00,-9.42,57.81,990.9,45.7,68.12222930967178,170.17899046279783,181.63676147117275,155.66991287867577,145.350969907176,0.0,0.0,0.0,0.0,0.0,0.0,0.0,0.0
2026-04-22 18:00:00,2,374.0,2026-05-03 18:00:00,11 days 00:00:00,-9.52,57.17,982.8,63.4,42.056487577081626,252.5026941032772,269.2782184836525,262.3960622913878,250.03534133833955,135.4138061013615,133.14248683499892,110.92606415213336,110.9266808321512,0.0,0.0,0.0,0.0
2026-04-22 18:00:00,2,374.0,2026-05-04 00:00:00,11 days 06:00:00,-9.56,56.3,990.0,52.5,54.21639696279518,179.8501231746612,194.36740245041744,174.12376710743797,163.44624054251133,22.032459519936523,54.21639696279518,18.842849941350654,16.90145486036507,0.0,0.0,0.0,0.0
2026-04-22 18:00:00,2,374.0,2026-05-04 06:00:00,11 days 12:00:00,-9.42,55.9,986.0,57.6,49.35878897098288,229.42443088341156,258.43926039656407,280.33492231342814,231.4570798693321,117.2180350699778,123.7090241222401,105.3107414002993,98.72767298720628,0.0,0.0,0.0,0.0
2026-04-22 18:00:00,2,374.0,2026-05-04 12:00:00,11 days 18:00:00,-9.4,55.58,989.9,48.9,48.74991487526815,132.06720173072617,148.9853182952857,137.72786232110548,118.8251303837674,0.0,0.0,0.0,0.0,0.0,0.0,0.0,0.0
2026-04-22 18:00:00,2,374.0,2026-05-04 18:00:00,12 days 00:00:00,-9.88,55.5,976.4,66.4,56.29420963252799,318.8406602446029,310.7943935772147,272.0954119262729,281.94004702973234,149.12984951729766,140.14812009000423,114.16243380328922,119.90268488270968,56.29420963252799,15.013393766980531,13.801089881324868,14.24812274417838
2026-04-22 18:00:00,2,374.0,2026-05-05 00:00:00,12 days 06:00:00,-9.79,54.85,995.7,52.8,36.07573619634536,263.5923835967359,292.81477612403665,281.44815169076617,256.15731581266994,141.28575231891966,142.08889811131044,117.94407759121128,115.23968228066386,0.0,0.0,0.0,0.0
2026-04-22 18:00:00,2,374.0,2026-05-05 06:00:00,12 days 12:00:00,-9.8,54.12,984.9,62.0,42.759915186196,295.22732487623506,305.7256178750768,290.97565352060286,278.386397085643,102.23509535889146,105.0672409039504,89.66122061189944,84.44106952034437,0.0,0.0,0.0,0.0
2026-04-22 18:00:00,2,374.0,2026-05-05 12:00:00,12 days 18:00:00,-10.1,54.32,986.8,54.5,55.44269607441525,229.76655185223223,264.27627902546203,244.88900733775156,210.3412039294027,110.7022595407617,111.01972910286636,91.66728931978564,88.64559193902514,0.0,0.0,0.0,0.0
2026-04-22 18:00:00,2,374.0,2026-05-05 18:00:00,13 days 00:00:00,-10.16,54.5,983.3,57.7,55.77916660768091,424.6651085093096,460.02156829079047,432.4232869301914,404.6416855543781,206.27118225526127,205.6265796794609,171.04270418582024,170.45380701318112,0.0,0.0,0.0,0.0
2026-04-22 18:00:00,0,375.0,2026-05-01 06:00:00,8 days 12:00:00,-6.61,65.39,1004.9,21.2,69.3610902208795,0.0,0.0,0.0,0.0,0.0,0.0,0.0,0.0,0.0,0.0,0.0,0.0
2026-04-22 18:00:00,0,375.0,2026-05-01 12:00:00,8 days 18:00:00,-7.19,64.44,1006.7,23.3,69.55235928935605,0.0,0.0,0.0,0.0,0.0,0.0,0.0,0.0,0.0,0.0,0.0,0.0
2026-04-22 18:00:00,0,375.0,2026-05-01 18:00:00,9 days 00:00:00,-7.69,62.76,1000.5,30.4,76.77429338645987,0.0,0.0,0.0,0.0,0.0,0.0,0.0,0.0,0.0,0.0,0.0,0.0
2026-04-22 18:00:00,0,375.0,2026-05-02 00:00:00,9 days 06:00:00,-7.82,62.14,1005.6,27.0,64.30550107274308,0.0,0.0,0.0,0.0,0.0,0.0,0.0,0.0,0.0,0.0,0.0,0.0
2026-04-22 18:00:00,0,375.0,2026-05-02 06:00:00,9 days 12:00:00,-7.91,60.61,1005.1,29.7,104.5291865442005,0.0,0.0,0.0,0.0,0.0,0.0,0.0,0.0,0.0,0.0,0.0,0.0
2026-04-22 18:00:00,0,375.0,2026-05-02 12:00:00,9 days 18:00:00,-8.82,59.36,1003.5,31.3,71.14105464910202,0.0,0.0,0.0,0.0,0.0,0.0,0.0,0.0,0.0,0.0,0.0,0.0
2026-04-22 18:00:00,0,375.0,2026-05-02 18:00:00,10 days 00:00:00,-8.67,57.71,1004.7,25.5,49.06969934204847,0.0,0.0,0.0,0.0,0.0,0.0,0.0,0.0,0.0,0.0,0.0,0.0
2026-04-22 18:00:00,0,375.0,2026-05-03 00:00:00,10 days 06:00:00,-8.64,56.31,1005.9,25.5,40.295320444663126,0.0,0.0,0.0,0.0,0.0,0.0,0.0,0.0,0.0,0.0,0.0,0.0
2026-04-22 18:00:00,0,375.0,2026-05-03 06:00:00,10 days 12:00:00,-8.82,54.99,1003.5,37.7,26.841216482120608,12.907211256738089,26.841216482120608,13.166103580366435,20.18521320384903,0.0,0.0,0.0,0.0,0.0,0.0,0.0,0.0
2026-04-22 18:00:00,0,375.0,2026-05-03 12:00:00,10 days 18:00:00,-9.03,54.03,996.7,46.4,59.025079923640895,102.61285256561168,109.9603619552704,90.3174451714257,91.60771659029008,0.0,0.0,0.0,0.0,0.0,0.0,0.0,0.0
2026-04-22 18:00:00,0,375.0,2026-05-03 18:00:00,11 days 00:00:00,-8.9,53.1,990.9,50.0,43.789984524730016,203.50131022511016,228.8986746930937,202.70018297424,188.77248822259256,0.0,0.0,0.0,0.0,0.0,0.0,0.0,0.0
2026-04-22 18:00:00,0,375.0,2026-05-04 00:00:00,11 days 06:00:00,-8.96,52.66,990.9,49.1,64.93499356428634,277.99499079149894,299.7227002617233,269.14983781148635,250.9944021445252,0.0,0.0,0.0,0.0,0.0,0.0,0.0,0.0
2026-04-22 18:00:00,0,375.0,2026-05-04 06:00:00,11 days 12:00:00,-8.94,51.64,985.9,62.9,38.2118883404669,140.5356915768358,157.32348763414944,144.0361226535976,131.37812528149928,17.75345988353824,38.2118883404669,14.576157347139194,14.916154409348453,0.0,0.0,0.0,0.0
2026-04-22 18:00:00,0,375.0,2026-05-04 12:00:00,11 days 18:00:00,-8.99,50.98,992.5,46.6,69.74804165780178,180.78454328684413,190.9954113085211,160.19331766400722,167.40975396701486,0.0,0.0,0.0,0.0,0.0,0.0,0.0,0.0
2026-04-22 18:00:00,0,375.0,2026-05-04 18:00:00,12 days 00:00:00,-9.38,50.46,996.5,51.6,65.63662247287311,264.3055783808014,278.0490891278047,242.85517118274265,237.83963650777264,65.63662247287311,0.0,0.0,0.0,0.0,0.0,0.0,0.0
2026-04-22 18:00:00,0,375.0,2026-05-05 00:00:00,12 days 06:00:00,-9.55,50.03,994.6,41.7,65.24709003211603,230.7851662003387,248.1523103027749,208.64421112759604,196.0362719643849,0.0,0.0,0.0,0.0,0.0,0.0,0.0,0.0
2026-04-22 18:00:00,0,375.0,2026-05-05 06:00:00,12 days 12:00:00,-10.1,49.16,997.5,41.6,67.01512102932472,214.06355294289745,231.5142857333456,197.3194055846465,186.0807976923579,0.0,0.0,0.0,0.0,0.0,0.0,0.0,0.0
2026-04-22 18:00:00,0,375.0,2026-05-05 12:00:00,12 days 18:00:00,-10.42,48.43,999.8,37.3,83.58210131537899,124.44250699934052,137.87113411002926,117.48787776635764,110.67632640632851,0.0,0.0,0.0,0.0,0.0,0.0,0.0,0.0
2026-04-22 18:00:00,0,375.0,2026-05-05 18:00:00,13 days 00:00:00,-10.39,47.65,998.6,47.6,67.24395091095735,233.4840529983425,245.63786319718284,218.3153204799127,210.6645489468785,0.0,0.0,0.0,0.0,0.0,0.0,0.0,0.0
2026-04-22 18:00:00,2,381.0,2026-05-03 00:00:00,10 days 06:00:00,5.43,68.56,1004.1,22.5,83.53049019739524,0.0,0.0,0.0,0.0,0.0,0.0,0.0,0.0,0.0,0.0,0.0,0.0
2026-04-22 18:00:00,2,381.0,2026-05-03 06:00:00,10 days 12:00:00,4.84,68.12,1006.3,19.1,78.55735167382836,0.0,0.0,0.0,0.0,0.0,0.0,0.0,0.0,0.0,0.0,0.0,0.0
2026-04-22 18:00:00,2,381.0,2026-05-03 12:00:00,10 days 18:00:00,5.38,67.89,1004.2,19.1,119.47370346476328,0.0,0.0,0.0,0.0,0.0,0.0,0.0,0.0,0.0,0.0,0.0,0.0
2026-04-22 18:00:00,2,381.0,2026-05-03 18:00:00,11 days 00:00:00,5.92,67.63,1004.0,31.0,53.61210713707104,0.0,0.0,0.0,0.0,0.0,0.0,0.0,0.0,0.0,0.0,0.0,0.0
2026-04-22 18:00:00,2,381.0,2026-05-04 00:00:00,11 days 06:00:00,6.42,67.55,1003.3,28.1,115.82643406379002,0.0,0.0,0.0,0.0,0.0,0.0,0.0,0.0,0.0,0.0,0.0,0.0
2026-04-22 18:00:00,2,381.0,2026-05-04 06:00:00,11 days 12:00:00,6.32,67.46,999.8,29.9,65.00647020376857,0.0,0.0,0.0,0.0,0.0,0.0,0.0,0.0,0.0,0.0,0.0,0.0
2026-04-22 18:00:00,2,381.0,2026-05-04 12:00:00,11 days 18:00:00,6.68,67.24,1001.2,26.4,90.50186707563682,0.0,0.0,0.0,0.0,0.0,0.0,0.0,0.0,0.0,0.0,0.0,0.0
2026-04-22 18:00:00,2,381.0,2026-05-04 18:00:00,12 days 00:00:00,6.71,66.5,998.2,36.5,33.432614107510645,36.67342748060943,39.42914368465024,38.187621517681,36.10116430725461,0.0,0.0,0.0,0.0,0.0,0.0,0.0,0.0
2026-04-22 18:00:00,2,381.0,2026-05-05 00:00:00,12 days 06:00:00,7.12,65.99,996.1,45.1,44.46083736635619,167.68895778344938,144.81501648029663,136.41337107258772,149.63231341496316,0.0,0.0,0.0,0.0,0.0,0.0,0.0,0.0
2026-04-22 18:00:00,2,381.0,2026-05-05 06:00:00,12 days 12:00:00,7.39,66.06,997.2,43.7,78.99745932972218,199.52373418940348,180.11728841482508,166.4988026944106,180.42742362602985,0.0,0.0,0.0,0.0,0.0,0.0,0.0,0.0
2026-04-22 18:00:00,2,381.0,2026-05-05 12:00:00,12 days 18:00:00,7.81,66.08,989.7,58.8,34.61484924195555,223.28359818139933,259.14768566504745,236.3899758343644,186.8113411363,40.53021869166059,48.40441790713616,39.94288371608268,31.90860143935006,0.0,0.0,0.0,0.0
2026-04-22 18:00:00,2,381.0,2026-05-05 18:00:00,13 days 00:00:00,7.95,66.09,994.1,38.4,80.52585165097184,153.7617043702135,137.96720577226512,112.2218057907208,124.21598579106312,0.0,0.0,0.0,0.0,0.0,0.0,0.0,0.0
2026-04-22 18:00:00,2,388.0,2026-05-04 18:00:00,12 days 00:00:00,-9.88,59.83,1002.3,28.4,145.3991801447014,0.0,0.0,0.0,0.0,0.0,0.0,0.0,0.0,0.0,0.0,0.0,0.0
2026-04-22 18:00:00,2,388.0,2026-05-05 00:00:00,12 days 06:00:00,-10.16,59.92,1002.2,31.3,76.53821321792589,0.0,0.0,0.0,0.0,0.0,0.0,0.0,0.0,0.0,0.0,0.0,0.0
2026-04-22 18:00:00,2,388.0,2026-05-05 06:00:00,12 days 12:00:00,-10.46,59.9,1002.4,37.6,98.94237524219687,24.231264308156064,98.94237524219687,11.385203092880444,16.274763711026157,0.0,0.0,0.0,0.0,0.0,0.0,0.0,0.0
2026-04-22 18:00:00,2,388.0,2026-05-05 12:00:00,12 days 18:00:00,-10.94,59.58,1001.8,32.6,63.82403550523026,0.0,0.0,0.0,0.0,0.0,0.0,0.0,0.0,0.0,0.0,0.0,0.0
2026-04-22 18:00:00,2,388.0,2026-05-05 18:00:00,13 days 00:00:00,-11.36,59.43,1000.1,39.4,50.62351853679488,68.94633636008268,57.82145777581275,32.038039279040945,53.1284746573206,0.0,0.0,0.0,0.0,0.0,0.0,0.0,0.0
2026-04-22 18:00:00,3,389.0,2026-05-03 18:00:00,11 days 00:00:00,5.2,66.44,996.7,36.7,50.9773988463847,31.549146009729174,50.9773988463847,30.09744456517402,26.117661755414773,0.0,0.0,0.0,0.0,0.0,0.0,0.0,0.0
2026-04-22 18:00:00,3,389.0,2026-05-04 00:00:00,11 days 06:00:00,5.43,67.57,998.5,30.7,62.45888840710853,0.0,0.0,0.0,0.0,0.0,0.0,0.0,0.0,0.0,0.0,0.0,0.0
2026-04-22 18:00:00,3,389.0,2026-05-04 06:00:00,11 days 12:00:00,5.43,67.64,1000.1,28.4,75.83332326120191,0.0,0.0,0.0,0.0,0.0,0.0,0.0,0.0,0.0,0.0,0.0,0.0
2026-04-22 18:00:00,3,389.0,2026-05-04 12:00:00,11 days 18:00:00,6.87,67.66,998.6,38.9,102.20422042962085,117.65145742214064,113.67103077972553,91.65750548131126,99.13104910272791,0.0,0.0,0.0,0.0,0.0,0.0,0.0,0.0
2026-04-22 18:00:00,3,389.0,2026-05-04 18:00:00,12 days 00:00:00,7.55,68.02,997.2,33.8,77.59250771029028,0.0,0.0,0.0,0.0,0.0,0.0,0.0,0.0,0.0,0.0,0.0,0.0
2026-04-22 18:00:00,3,389.0,2026-05-05 00:00:00,12 days 06:00:00,8.41,68.01,996.7,34.3,67.56662488108105,1.8185170589421384,0.0,0.0,67.56662488108105,0.0,0.0,0.0,0.0,0.0,0.0,0.0,0.0
2026-04-22 18:00:00,3,389.0,2026-05-05 06:00:00,12 days 12:00:00,8.38,67.12,993.0,45.7,50.49269035583031,201.91822898744945,189.00504489144632,162.13463293413412,177.39743593696846,0.0,0.0,0.0,0.0,0.0,0.0,0.0,0.0
2026-04-22 18:00:00,3,389.0,2026-05-05 12:00:00,12 days 18:00:00,8.66,67.06,993.0,48.8,96.09544721689544,237.5986921994375,219.397532290021,199.19123344628304,213.11983073318356,0.0,0.0,0.0,0.0,0.0,0.0,0.0,0.0
2026-04-22 18:00:00,3,389.0,2026-05-05 18:00:00,13 days 00:00:00,9.26,66.22,986.9,57.9,23.39663245930256,188.4356756831305,162.77703807167444,152.63900494762186,173.715390610393,39.76908984909356,29.834542416942213,21.971507497581676,31.933859034113556,0.0,0.0,0.0,0.0
2026-04-22 18:00:00,1,393.0,2026-05-04 18:00:00,12 days 00:00:00,-11.7,68.24,997.9,32.1,124.05459097075992,0.0,0.0,0.0,0.0,0.0,0.0,0.0,0.0,0.0,0.0,0.0,0.0
2026-04-22 18:00:00,1,393.0,2026-05-05 00:00:00,12 days 06:00:00,-11.88,68.61,1004.1,23.8,75.0835099905253,0.0,0.0,0.0,0.0,0.0,0.0,0.0,0.0,0.0,0.0,0.0,0.0
2026-04-22 18:00:00,1,393.0,2026-05-05 06:00:00,12 days 12:00:00,-12.21,68.43,999.7,33.6,85.81676636391268,0.0,0.0,0.0,0.0,0.0,0.0,0.0,0.0,0.0,0.0,0.0,0.0
2026-04-22 18:00:00,1,393.0,2026-05-05 12:00:00,12 days 18:00:00,-11.72,68.71,1002.1,37.3,96.2633524857886,96.2633524857886,51.07188102331807,41.72010274199586,43.679918664181216,0.0,0.0,0.0,0.0,0.0,0.0,0.0,0.0
2026-04-22 18:00:00,1,393.0,2026-05-05 18:00:00,13 days 00:00:00,-13.74,69.98,994.6,44.1,85.44097927857092,236.41661041223665,235.2523059850573,199.25137541519337,193.59624638319545,0.0,0.0,0.0,0.0,0.0,0.0,0.0,0.0
2026-04-22 18:00:00,3,394.0,2026-05-03 00:00:00,10 days 06:00:00,-7.92,66.29,1004.2,22.8,66.08712506495495,0.0,0.0,0.0,0.0,0.0,0.0,0.0,0.0,0.0,0.0,0.0,0.0
2026-04-22 18:00:00,3,394.0,2026-05-03 06:00:00,10 days 12:00:00,-8.04,66.06,1005.0,23.2,96.29122541351292,0.0,0.0,0.0,0.0,0.0,0.0,0.0,0.0,0.0,0.0,0.0,0.0
2026-04-22 18:00:00,3,394.0,2026-05-03 12:00:00,10 days 18:00:00,-9.14,65.72,1002.0,20.6,56.71703700333486,0.0,0.0,0.0,0.0,0.0,0.0,0.0,0.0,0.0,0.0,0.0,0.0
2026-04-22 18:00:00,3,394.0,2026-05-03 18:00:00,11 days 00:00:00,-9.7,66.24,1002.2,26.9,96.0889772809842,0.0,0.0,0.0,0.0,0.0,0.0,0.0,0.0,0.0,0.0,0.0,0.0
2026-04-22 18:00:00,3,394.0,2026-05-04 00:00:00,11 days 06:00:00,-10.51,66.35,1000.2,31.1,97.23679666868652,0.0,0.0,0.0,0.0,0.0,0.0,0.0,0.0,0.0,0.0,0.0,0.0
2026-04-22 18:00:00,3,394.0,2026-05-04 06:00:00,11 days 12:00:00,-10.63,65.66,1001.2,30.8,99.97352789738906,0.0,0.0,0.0,0.0,0.0,0.0,0.0,0.0,0.0,0.0,0.0,0.0
2026-04-22 18:00:00,3,394.0,2026-05-04 12:00:00,11 days 18:00:00,-10.99,65.26,998.8,32.0,65.39540066743322,0.0,0.0,0.0,0.0,0.0,0.0,0.0,0.0,0.0,0.0,0.0,0.0
2026-04-22 18:00:00,3,394.0,2026-05-04 18:00:00,12 days 00:00:00,-11.3,64.84,993.9,38.7,89.68479947783288,95.84986068198305,93.64709377309804,79.50069489860905,82.92611806388196,0.0,0.0,0.0,0.0,0.0,0.0,0.0,0.0
2026-04-22 18:00:00,3,394.0,2026-05-05 00:00:00,12 days 06:00:00,-11.91,65.1,996.8,39.3,89.7514482825711,187.43088402418863,189.15727837172636,151.6790531874271,153.16697899226205,0.0,0.0,0.0,0.0,0.0,0.0,0.0,0.0
2026-04-22 18:00:00,3,394.0,2026-05-05 06:00:00,12 days 12:00:00,-12.42,64.78,989.9,49.6,55.06562042361911,222.2461063939432,236.83969773221767,230.50668829897467,203.94002049791305,0.0,0.0,0.0,0.0,0.0,0.0,0.0,0.0
2026-04-22 18:00:00,3,394.0,2026-05-05 12:00:00,12 days 18:00:00,-13.01,64.82,979.9,62.6,44.524638428338434,213.69859043091463,244.22072280539075,230.13679474896972,187.424603876145,111.89757992811369,120.58039681339172,111.43096453218878,98.60097109823312,0.0,0.0,0.0,0.0
2026-04-22 18:00:00,3,394.0,2026-05-05 18:00:00,13 days 00:00:00,-13.12,64.43,987.2,53.1,62.05590552805434,275.5426794276701,287.2941948413654,281.2851534460904,257.8123760681656,106.69648148745064,109.9228341680966,95.43848806399464,90.20843714025015,0.0,0.0,0.0,0.0
2026-04-22 18:00:00,4,395.0,2026-05-02 12:00:00,9 days 18:00:00,-6.05,64.67,1005.1,20.2,110.24711493075009,0.0,0.0,0.0,0.0,0.0,0.0,0.0,0.0,0.0,0.0,0.0,0.0
2026-04-22 18:00:00,4,395.0,2026-05-02 18:00:00,10 days 00:00:00,-5.47,64.16,1005.9,25.2,113.2682243869446,0.0,0.0,0.0,0.0,0.0,0.0,0.0,0.0,0.0,0.0,0.0,0.0
2026-04-22 18:00:00,4,395.0,2026-05-03 00:00:00,10 days 06:00:00,-6.9,64.56,1004.8,28.5,81.5644099889255,0.0,0.0,0.0,0.0,0.0,0.0,0.0,0.0,0.0,0.0,0.0,0.0
2026-04-22 18:00:00,4,395.0,2026-05-03 06:00:00,10 days 12:00:00,-7.67,63.15,1000.4,26.9,96.7982036290398,0.0,0.0,0.0,0.0,0.0,0.0,0.0,0.0,0.0,0.0,0.0,0.0
2026-04-22 18:00:00,4,395.0,2026-05-03 12:00:00,10 days 18:00:00,-7.93,64.09,1002.8,25.5,112.0083638492472,0.0,0.0,0.0,0.0,0.0,0.0,0.0,0.0,0.0,0.0,0.0,0.0
2026-04-22 18:00:00,4,395.0,2026-05-03 18:00:00,11 days 00:00:00,-8.21,63.94,1003.3,25.7,108.41718200981524,0.0,0.0,0.0,0.0,0.0,0.0,0.0,0.0,0.0,0.0,0.0,0.0
2026-04-22 18:00:00,4,395.0,2026-05-04 00:00:00,11 days 06:00:00,-9.03,63.84,996.9,38.9,40.679696939192965,10.418620323272275,40.679696939192965,9.251543674329715,2.5813375163103647,0.0,0.0,0.0,0.0,0.0,0.0,0.0,0.0
2026-04-22 18:00:00,4,395.0,2026-05-04 06:00:00,11 days 12:00:00,-9.72,63.96,1000.4,36.7,71.32393008697187,0.0,71.32393008697187,0.6541314994972538,0.0,0.0,0.0,0.0,0.0,0.0,0.0,0.0,0.0
2026-04-22 18:00:00,4,395.0,2026-05-04 12:00:00,11 days 18:00:00,-10.3,63.46,994.0,47.8,50.63273966136264,191.65342817191996,214.3214712397861,177.8038597289929,157.58026915691622,0.0,0.0,0.0,0.0,0.0,0.0,0.0,0.0
2026-04-22 18:00:00,4,395.0,2026-05-04 18:00:00,12 days 00:00:00,-10.88,62.89,988.9,53.1,38.93408085071391,168.43454613585155,190.88648231293493,178.12857836175831,153.85889952483322,46.42872718296298,45.33767916296689,38.55711222345235,37.53771923229021,0.0,0.0,0.0,0.0
2026-04-22 18:00:00,4,395.0,2026-05-05 00:00:00,12 days 06:00:00,-11.21,62.63,988.0,53.7,53.51416744105272,214.44710772018533,219.15518584857136,186.587394357812,183.69812773429567,61.48207163810709,58.87382730825189,46.26616753589359,51.569857007955015,0.0,0.0,0.0,0.0
2026-04-22 18:00:00,4,395.0,2026-05-05 06:00:00,12 days 12:00:00,-11.4,62.72,981.5,64.6,26.99888450028505,110.52290147732288,130.66869906650996,133.4260082482424,105.0875438408418,72.4197754900439,77.98017770583041,67.16080001667757,63.14959973060235,34.68794518331741,35.214531864767174,31.407978324362425,29.955818849092843
2026-04-22 18:00:00,4,395.0,2026-05-05 12:00:00,12 days 18:00:00,-11.57,62.55,981.2,67.5,20.935487073807423,117.29433913158036,126.3342055829384,129.1482106794303,107.68693332694464,48.03591454888722,46.797225498521456,37.14685224749334,36.58402636695842,0.0,0.3297756858473143,20.935487073807423,0.0
2026-04-22 18:00:00,4,395.0,2026-05-05 18:00:00,13 days 00:00:00,-11.86,62.44,970.1,82.9,28.16753057361088,145.50664649830816,168.63250849106572,175.2822788668935,144.6456547852047,93.96265139232578,105.53501957813332,97.17416160503706,84.55260196078515,53.73333445275736,56.87543563802191,51.51767652422466,46.68146305271365
2026-04-22 18:00:00,5,401.0,2026-05-04 00:00:00,11 days 06:00:00,-7.12,70.99,1001.0,19.9,134.60912899466814,0.0,0.0,0.0,0.0,0.0,0.0,0.0,0.0,0.0,0.0,0.0,0.0
2026-04-22 18:00:00,5,401.0,2026-05-04 06:00:00,11 days 12:00:00,-7.57,70.46,1004.6,20.2,136.4062486780407,0.0,0.0,0.0,0.0,0.0,0.0,0.0,0.0,0.0,0.0,0.0,0.0
2026-04-22 18:00:00,5,401.0,2026-05-04 12:00:00,11 days 18:00:00,-8.02,70.51,1003.5,21.7,104.81639937829162,0.0,0.0,0.0,0.0,0.0,0.0,0.0,0.0,0.0,0.0,0.0,0.0
2026-04-22 18:00:00,5,401.0,2026-05-04 18:00:00,12 days 00:00:00,-8.08,70.92,1000.7,22.9,40.93096472869725,0.0,0.0,0.0,0.0,0.0,0.0,0.0,0.0,0.0,0.0,0.0,0.0
2026-04-22 18:00:00,5,401.0,2026-05-05 00:00:00,12 days 06:00:00,-8.63,70.56,1003.0,23.7,58.47488242524671,0.0,0.0,0.0,0.0,0.0,0.0,0.0,0.0,0.0,0.0,0.0,0.0
2026-04-22 18:00:00,5,401.0,2026-05-05 06:00:00,12 days 12:00:00,-9.0,71.12,1002.5,24.9,85.69973498498395,0.0,0.0,0.0,0.0,0.0,0.0,0.0,0.0,0.0,0.0,0.0,0.0
2026-04-22 18:00:00,5,401.0,2026-05-05 12:00:00,12 days 18:00:00,-9.47,70.96,1001.2,29.5,66.48449890569806,0.0,0.0,0.0,0.0,0.0,0.0,0.0,0.0,0.0,0.0,0.0,0.0
2026-04-22 18:00:00,5,401.0,2026-05-05 18:00:00,13 days 00:00:00,-9.49,70.93,997.8,30.6,108.8151527237531,0.0,0.0,0.0,0.0,0.0,0.0,0.0,0.0,0.0,0.0,0.0,0.0
2026-04-22 18:00:00,6,401.0,2026-05-04 12:00:00,11 days 18:00:00,6.24,73.69,1003.0,19.7,130.11592904858333,0.0,0.0,0.0,0.0,0.0,0.0,0.0,0.0,0.0,0.0,0.0,0.0
2026-04-22 18:00:00,6,401.0,2026-05-04 18:00:00,12 days 00:00:00,6.13,72.98,999.5,30.8,64.19666433009947,0.0,0.0,0.0,0.0,0.0,0.0,0.0,0.0,0.0,0.0,0.0,0.0
2026-04-22 18:00:00,6,401.0,2026-05-05 00:00:00,12 days 06:00:00,6.38,73.05,1000.2,32.4,75.50734871867779,0.0,0.0,0.0,0.0,0.0,0.0,0.0,0.0,0.0,0.0,0.0,0.0
2026-04-22 18:00:00,6,401.0,2026-05-05 06:00:00,12 days 12:00:00,7.25,73.1,999.8,32.4,77.86966599131826,0.0,0.0,0.0,0.0,0.0,0.0,0.0,0.0,0.0,0.0,0.0,0.0
2026-04-22 18:00:00,6,401.0,2026-05-05 12:00:00,12 days 18:00:00,8.68,72.52,996.0,36.6,80.01886588839304,223.2186171517312,219.5234960571781,188.87242073910656,193.1529678015887,0.0,0.0,0.0,0.0,0.0,0.0,0.0,0.0
2026-04-22 18:00:00,6,401.0,2026-05-05 18:00:00,13 days 00:00:00,9.07,72.48,1000.0,43.0,96.01086605832712,240.847011130321,221.39165162969468,189.9612603130909,200.4648801996653,0.0,0.0,0.0,0.0,0.0,0.0,0.0,0.0
2026-04-22 18:00:00,3,403.0,2026-05-03 12:00:00,10 days 18:00:00,8.05,130.76,1006.1,16.5,121.89308638622023,0.0,0.0,0.0,0.0,0.0,0.0,0.0,0.0,0.0,0.0,0.0,0.0
2026-04-22 18:00:00,3,403.0,2026-05-03 18:00:00,11 days 00:00:00,7.83,130.16,1004.7,22.1,78.6494330011579,0.0,0.0,0.0,0.0,0.0,0.0,0.0,0.0,0.0,0.0,0.0,0.0
2026-04-22 18:00:00,3,403.0,2026-05-04 00:00:00,11 days 06:00:00,7.99,129.42,1003.2,22.2,77.97452758942751,0.0,0.0,0.0,0.0,0.0,0.0,0.0,0.0,0.0,0.0,0.0,0.0
2026-04-22 18:00:00,3,403.0,2026-05-04 06:00:00,11 days 12:00:00,8.33,128.62,998.2,44.0,53.113203144881325,59.29975158291299,52.21579801597579,40.58766365452136,45.30937885698671,0.0,0.0,0.0,0.0,0.0,0.0,0.0,0.0
2026-04-22 18:00:00,3,403.0,2026-05-04 12:00:00,11 days 18:00:00,8.83,127.3,998.2,36.9,40.87724734985956,40.87724734985956,0.0,0.0,0.0,0.0,0.0,0.0,0.0,0.0,0.0,0.0,0.0
2026-04-22 18:00:00,3,403.0,2026-05-04 18:00:00,12 days 00:00:00,9.22,125.88,995.6,45.0,39.48439566063952,20.347462606323653,39.48439566063952,17.11401682747822,17.04277366489534,0.0,0.0,0.0,0.0,0.0,0.0,0.0,0.0
2026-04-22 18:00:00,3,403.0,2026-05-05 00:00:00,12 days 06:00:00,9.0,125.12,995.9,43.9,27.169774175142944,140.48513652921474,133.33220841756756,108.06782039985224,128.86475277806,0.0,0.0,0.0,0.0,0.0,0.0,0.0,0.0
2026-04-22 18:00:00,3,403.0,2026-05-05 06:00:00,12 days 12:00:00,9.23,123.44,998.1,41.3,50.41746099654071,89.03796649115885,83.52006828057792,52.04503563376658,68.51336591011969,0.0,0.0,0.0,0.0,0.0,0.0,0.0,0.0
2026-04-22 18:00:00,3,403.0,2026-05-05 12:00:00,12 days 18:00:00,9.67,122.42,982.2,62.9,7.957473029205991,83.37043039768533,61.60332474615285,51.57353281164366,87.81246597610979,49.90372842482503,34.42684154782158,23.776022400552016,42.763411779877615,0.0,0.0,0.0,0.0
2026-04-22 18:00:00,3,403.0,2026-05-05 18:00:00,13 days 00:00:00,9.91,120.66,989.4,57.9,12.338733385216408,90.71002396643182,69.60929431141486,59.14232783504133,81.274552943232,38.522483701348776,29.46660489005813,21.98220416315326,31.505535668652957,0.0,0.0,0.0,0.0
2026-04-22 18:00:00,3,407.0,2026-05-04 12:00:00,11 days 18:00:00,6.01,73.62,1005.3,20.3,90.99821923076352,0.0,0.0,0.0,0.0,0.0,0.0,0.0,0.0,0.0,0.0,0.0,0.0
2026-04-22 18:00:00,3,407.0,2026-05-04 18:00:00,12 days 00:00:00,7.36,74.25,1002.7,17.3,91.371365861247,0.0,0.0,0.0,0.0,0.0,0.0,0.0,0.0,0.0,0.0,0.0,0.0
2026-04-22 18:00:00,3,407.0,2026-05-05 00:00:00,12 days 06:00:00,7.66,73.48,1005.4,29.6,85.89052269245077,0.0,0.0,0.0,0.0,0.0,0.0,0.0,0.0,0.0,0.0,0.0,0.0
2026-04-22 18:00:00,3,407.0,2026-05-05 06:00:00,12 days 12:00:00,7.91,73.4,1005.5,20.6,82.61670872767792,0.0,0.0,0.0,0.0,0.0,0.0,0.0,0.0,0.0,0.0,0.0,0.0
2026-04-22 18:00:00,3,407.0,2026-05-05 12:00:00,12 days 18:00:00,8.4,72.96,1000.5,25.0,65.37892797802746,0.0,0.0,0.0,0.0,0.0,0.0,0.0,0.0,0.0,0.0,0.0,0.0
2026-04-22 18:00:00,3,407.0,2026-05-05 18:00:00,13 days 00:00:00,8.98,73.18,1002.7,26.2,58.6966489440145,0.0,0.0,0.0,0.0,0.0,0.0,0.0,0.0,0.0,0.0,0.0,0.0
2026-04-22 18:00:00,1,412.0,2026-05-02 18:00:00,10 days 00:00:00,-8.12,58.46,1004.4,22.9,140.918167221616,0.0,0.0,0.0,0.0,0.0,0.0,0.0,0.0,0.0,0.0,0.0,0.0
2026-04-22 18:00:00,1,412.0,2026-05-03 00:00:00,10 days 06:00:00,-7.64,57.4,1002.6,26.1,127.04152442284352,0.0,0.0,0.0,0.0,0.0,0.0,0.0,0.0,0.0,0.0,0.0,0.0
2026-04-22 18:00:00,1,412.0,2026-05-03 06:00:00,10 days 12:00:00,-7.93,57.36,1001.4,21.9,143.28387894486974,0.0,0.0,0.0,0.0,0.0,0.0,0.0,0.0,0.0,0.0,0.0,0.0
2026-04-22 18:00:00,1,412.0,2026-05-03 12:00:00,10 days 18:00:00,-7.88,57.12,1000.9,34.5,35.736857695955145,35.736857695955145,7.1705257459821805,2.051347100247364,2.645960040227782,0.0,0.0,0.0,0.0,0.0,0.0,0.0,0.0
2026-04-22 18:00:00,1,412.0,2026-05-03 18:00:00,11 days 00:00:00,-8.7,56.88,1003.0,35.3,77.32814931377408,99.684367964929,91.8317204742224,73.23327757605348,78.27863012599828,0.0,0.0,0.0,0.0,0.0,0.0,0.0,0.0
2026-04-22 18:00:00,1,412.0,2026-05-04 00:00:00,11 days 06:00:00,-9.36,57.68,1000.9,34.8,91.91534587696438,194.30886369947643,186.04767104795255,159.0858965127077,164.55078333378987,0.0,0.0,0.0,0.0,0.0,0.0,0.0,0.0
2026-04-22 18:00:00,1,412.0,2026-05-04 06:00:00,11 days 12:00:00,-10.44,57.8,998.4,38.9,109.7095593228774,356.2782439377217,350.7147304209,310.2555474535273,306.3751785419776,0.0,0.0,0.0,0.0,0.0,0.0,0.0,0.0
2026-04-22 18:00:00,1,412.0,2026-05-04 12:00:00,11 days 18:00:00,-10.99,57.92,999.3,38.3,63.03125255539963,92.26352122963196,86.80822972279648,60.886673058547046,68.68472538341256,0.0,0.0,0.0,0.0,0.0,0.0,0.0,0.0
2026-04-22 18:00:00,1,412.0,2026-05-04 18:00:00,12 days 00:00:00,-11.34,57.93,997.7,41.0,97.43904085483952,297.5689454655038,292.2923885966761,246.0451385680869,257.1941233038175,0.0,0.0,0.0,0.0,0.0,0.0,0.0,0.0
2026-04-22 18:00:00,1,412.0,2026-05-05 00:00:00,12 days 06:00:00,-12.12,57.76,999.9,34.2,59.83461806668462,15.758190269080025,59.83461806668462,13.025384531918965,17.823956659859217,0.0,0.0,0.0,0.0,0.0,0.0,0.0,0.0
2026-04-22 18:00:00,1,412.0,2026-05-05 06:00:00,12 days 12:00:00,-12.91,57.62,987.4,51.0,64.51408817148763,86.42453075212356,77.25830312829237,80.04027867603953,68.40023074644147,1.2747954412359093,0.0221598098107072,0.522875897660353,64.51408817148763,0.0,0.0,0.0,0.0
2026-04-22 18:00:00,1,412.0,2026-05-05 12:00:00,12 days 18:00:00,-13.79,57.48,993.1,55.0,48.09675151536215,95.9550643985784,89.14049595642581,63.3137529117776,70.53567110462623,0.2021919189072401,0.0,48.09675151536215,0.0,0.0,0.0,0.0,0.0
2026-04-22 18:00:00,1,412.0,2026-05-05 18:00:00,13 days 00:00:00,-14.08,58.1,993.4,49.7,65.54717827322146,153.56809902220294,149.0220823425745,120.6047580848185,128.13519918804587,0.0,0.0,0.0,0.0,0.0,0.0,0.0,0.0
2026-04-22 18:00:00,0,415.0,2026-05-04 00:00:00,11 days 06:00:00,-7.58,60.47,1003.5,22.1,101.8106170612852,0.0,0.0,0.0,0.0,0.0,0.0,0.0,0.0,0.0,0.0,0.0,0.0
2026-04-22 18:00:00,0,415.0,2026-05-04 06:00:00,11 days 12:00:00,-7.67,60.59,1003.0,23.9,64.81681331632993,0.0,0.0,0.0,0.0,0.0,0.0,0.0,0.0,0.0,0.0,0.0,0.0
2026-04-22 18:00:00,0,415.0,2026-05-04 12:00:00,11 days 18:00:00,-8.93,60.4,1001.8,25.4,97.31296641047972,0.0,0.0,0.0,0.0,0.0,0.0,0.0,0.0,0.0,0.0,0.0,0.0
2026-04-22 18:00:00,0,415.0,2026-05-04 18:00:00,12 days 00:00:00,-8.99,60.09,1001.2,29.3,113.45045244404751,0.0,0.0,0.0,0.0,0.0,0.0,0.0,0.0,0.0,0.0,0.0,0.0
2026-04-22 18:00:00,0,415.0,2026-05-05 00:00:00,12 days 06:00:00,-10.27,60.08,1003.5,26.1,115.48002859929451,0.0,0.0,0.0,0.0,0.0,0.0,0.0,0.0,0.0,0.0,0.0,0.0
2026-04-22 18:00:00,0,415.0,2026-05-05 06:00:00,12 days 12:00:00,-9.94,60.73,1000.0,35.2,82.94090572538872,2.4314034877954454,0.0,0.0,82.94090572538872,0.0,0.0,0.0,0.0,0.0,0.0,0.0,0.0
2026-04-22 18:00:00,0,415.0,2026-05-05 12:00:00,12 days 18:00:00,-10.84,60.05,996.9,37.0,90.25506792016093,90.25506792016093,0.0,3.312246089309804,4.093258983193051,0.0,0.0,0.0,0.0,0.0,0.0,0.0,0.0
2026-04-22 18:00:00,0,415.0,2026-05-05 18:00:00,13 days 00:00:00,-11.28,59.85,998.3,34.3,100.16809043569064,100.16809043569064,12.268304338598448,16.39609893458133,13.34098904356749,0.0,0.0,0.0,0.0,0.0,0.0,0.0,0.0
2026-04-22 18:00:00,2,416.0,2026-05-04 12:00:00,11 days 18:00:00,-8.91,63.85,1005.4,21.3,118.20935881940778,0.0,0.0,0.0,0.0,0.0,0.0,0.0,0.0,0.0,0.0,0.0,0.0
2026-04-22 18:00:00,2,416.0,2026-05-04 18:00:00,12 days 00:00:00,-9.33,64.97,1001.8,23.8,110.71823036987176,0.0,0.0,0.0,0.0,0.0,0.0,0.0,0.0,0.0,0.0,0.0,0.0
2026-04-22 18:00:00,2,416.0,2026-05-05 00:00:00,12 days 06:00:00,-9.03,65.57,1003.6,28.9,64.75279607960107,0.0,0.0,0.0,0.0,0.0,0.0,0.0,0.0,0.0,0.0,0.0,0.0
2026-04-22 18:00:00,2,416.0,2026-05-05 06:00:00,12 days 12:00:00,-9.46,66.41,1002.4,31.9,46.39964262059127,0.0,0.0,0.0,0.0,0.0,0.0,0.0,0.0,0.0,0.0,0.0,0.0
2026-04-22 18:00:00,2,416.0,2026-05-05 12:00:00,12 days 18:00:00,-9.19,67.2,1001.2,27.4,95.93943681127132,0.0,0.0,0.0,0.0,0.0,0.0,0.0,0.0,0.0,0.0,0.0,0.0
2026-04-22 18:00:00,2,416.0,2026-05-05 18:00:00,13 days 00:00:00,-9.69,68.12,995.3,42.9,101.98207355579952,115.60608242770078,103.75055522299728,94.50610969179937,96.08030636833855,0.0,0.0,0.0,0.0,0.0,0.0,0.0,0.0
2026-04-22 18:00:00,3,417.0,2026-05-03 18:00:00,11 days 00:00:00,-6.65,70.56,1007.7,16.0,124.48142141125572,0.0,0.0,0.0,0.0,0.0,0.0,0.0,0.0,0.0,0.0,0.0,0.0
2026-04-22 18:00:00,3,417.0,2026-05-04 00:00:00,11 days 06:00:00,-7.86,70.41,1006.8,21.7,108.55888558218253,0.0,0.0,0.0,0.0,0.0,0.0,0.0,0.0,0.0,0.0,0.0,0.0
2026-04-22 18:00:00,3,417.0,2026-05-04 06:00:00,11 days 12:00:00,-8.31,70.01,1000.5,28.7,98.84225584169506,0.0,0.0,0.0,0.0,0.0,0.0,0.0,0.0,0.0,0.0,0.0,0.0
2026-04-22 18:00:00,3,417.0,2026-05-04 12:00:00,11 days 18:00:00,-8.99,69.4,1004.4,21.6,69.21979402095796,0.0,0.0,0.0,0.0,0.0,0.0,0.0,0.0,0.0,0.0,0.0,0.0
2026-04-22 18:00:00,3,417.0,2026-05-04 18:00:00,12 days 00:00:00,-8.88,69.51,1000.0,28.7,112.4712018279655,0.0,0.0,0.0,0.0,0.0,0.0,0.0,0.0,0.0,0.0,0.0,0.0
2026-04-22 18:00:00,3,417.0,2026-05-05 00:00:00,12 days 06:00:00,-8.87,69.59,997.6,31.7,90.02168200515914,0.0,0.0,0.0,0.0,0.0,0.0,0.0,0.0,0.0,0.0,0.0,0.0
2026-04-22 18:00:00,3,417.0,2026-05-05 06:00:00,12 days 12:00:00,-8.96,69.52,1000.3,22.6,32.80340259805182,0.0,0.0,0.0,0.0,0.0,0.0,0.0,0.0,0.0,0.0,0.0,0.0
2026-04-22 18:00:00,3,417.0,2026-05-05 12:00:00,12 days 18:00:00,-9.18,68.98,995.2,37.6,90.771380629693,0.0,0.0,90.771380629693,1.6459569743652844,0.0,0.0,0.0,0.0,0.0,0.0,0.0,0.0
2026-04-22 18:00:00,3,417.0,2026-05-05 18:00:00,13 days 00:00:00,-9.65,68.86,994.9,40.7,85.55397985196934,206.4222135086896,207.10371386871915,178.40117979127723,173.19265646862405,0.0,0.0,0.0,0.0,0.0,0.0,0.0,0.0
2026-04-22 18:00:00,1,422.0,2026-05-04 00:00:00,11 days 06:00:00,6.38,70.69,1002.4,24.9,67.82816313343369,0.0,0.0,0.0,0.0,0.0,0.0,0.0,0.0,0.0,0.0,0.0,0.0
2026-04-22 18:00:00,1,422.0,2026-05-04 06:00:00,11 days 12:00:00,6.43,70.03,1004.5,23.9,72.8954788719306,0.0,0.0,0.0,0.0,0.0,0.0,0.0,0.0,0.0,0.0,0.0,0.0
2026-04-22 18:00:00,1,422.0,2026-05-04 12:00:00,11 days 18:00:00,6.79,69.7,998.0,31.7,68.50636866764023,0.0,0.0,0.0,0.0,0.0,0.0,0.0,0.0,0.0,0.0,0.0,0.0
2026-04-22 18:00:00,1,422.0,2026-05-04 18:00:00,12 days 00:00:00,7.08,68.94,991.8,42.9,37.46088685977267,82.81113117259608,80.58604007451137,67.43023702338604,75.08955279673333,0.0,0.0,0.0,0.0,0.0,0.0,0.0,0.0
2026-04-22 18:00:00,1,422.0,2026-05-05 00:00:00,12 days 06:00:00,7.45,68.24,1001.1,32.0,43.23085939228565,0.0,0.0,0.0,0.0,0.0,0.0,0.0,0.0,0.0,0.0,0.0,0.0
2026-04-22 18:00:00,1,422.0,2026-05-05 06:00:00,12 days 12:00:00,7.66,67.66,967.3,80.0,12.052792826023694,143.54593194925857,106.87981624158752,97.50315852117598,131.35836147357534,70.87727440661862,59.40502639336218,52.7514862581525,63.43098891088281,40.24586246857649,34.1934880188342,29.15933587408309,33.90765742284535
2026-04-22 18:00:00,1,422.0,2026-05-05 12:00:00,12 days 18:00:00,8.2,66.83,970.8,83.6,5.366582643156967,124.90281663134196,80.8735355845883,73.73900696635873,111.7065096466078,55.26165447881368,42.709618516244525,35.755998617674095,48.35393126528772,32.81089930338274,26.730815453209456,22.08651719444482,27.83383838310437
2026-04-22 18:00:00,1,422.0,2026-05-05 18:00:00,13 days 00:00:00,8.38,66.06,974.3,75.8,0.0,135.74348707218846,103.5877450075426,89.5240084684039,117.659280084473,69.00366889839853,56.59838421574901,49.64966271694077,59.63314218570132,36.4922819342706,30.6223573983004,26.033641326694266,31.02889180218674
2026-04-22 18:00:00,0,424.0,2026-05-04 00:00:00,11 days 06:00:00,-6.97,69.6,1005.7,24.9,116.83158100295432,0.0,0.0,0.0,0.0,0.0,0.0,0.0,0.0,0.0,0.0,0.0,0.0
2026-04-22 18:00:00,0,424.0,2026-05-04 06:00:00,11 days 12:00:00,-7.89,70.16,1005.9,19.7,128.73411109395903,0.0,0.0,0.0,0.0,0.0,0.0,0.0,0.0,0.0,0.0,0.0,0.0
2026-04-22 18:00:00,0,424.0,2026-05-04 12:00:00,11 days 18:00:00,-8.22,70.95,1000.9,28.3,151.49446003812022,0.0,0.0,0.0,0.0,0.0,0.0,0.0,0.0,0.0,0.0,0.0,0.0
2026-04-22 18:00:00,0,424.0,2026-05-04 18:00:00,12 days 00:00:00,-8.74,71.03,1004.2,26.7,62.521552597127965,0.0,0.0,0.0,0.0,0.0,0.0,0.0,0.0,0.0,0.0,0.0,0.0
2026-04-22 18:00:00,0,424.0,2026-05-05 00:00:00,12 days 06:00:00,-8.66,71.05,1002.5,25.9,67.79671712651049,0.0,0.0,0.0,0.0,0.0,0.0,0.0,0.0,0.0,0.0,0.0,0.0
2026-04-22 18:00:00,0,424.0,2026-05-05 06:00:00,12 days 12:00:00,-9.11,71.86,999.3,35.4,31.46687276249993,31.46687276249993,23.03561931708586,22.52606190404777,25.22939848803048,0.0,0.0,0.0,0.0,0.0,0.0,0.0,0.0
2026-04-22 18:00:00,0,424.0,2026-05-05 12:00:00,12 days 18:00:00,-10.15,72.5,998.2,46.8,14.185494567368291,46.18365310230615,31.81413395917719,21.39652833243208,26.4894544411953,0.0,0.0,0.0,0.0,0.0,0.0,0.0,0.0
2026-04-22 18:00:00,0,424.0,2026-05-05 18:00:00,13 days 00:00:00,-11.1,72.88,996.9,54.5,35.82956108712368,107.8119346545696,91.9640500537056,59.34575828754957,82.33231000854553,35.82956108712368,17.620470762216797,13.18540144939367,14.209742690404989,0.0,0.0,0.0,0.0
2026-04-22 18:00:00,2,427.0,2026-05-02 12:00:00,9 days 18:00:00,9.55,128.59,1005.7,20.8,102.2261209827629,0.0,0.0,0.0,0.0,0.0,0.0,0.0,0.0,0.0,0.0,0.0,0.0
2026-04-22 18:00:00,2,427.0,2026-05-02 18:00:00,10 days 00:00:00,9.95,128.48,1002.5,33.8,58.584094548303455,0.0,0.0,0.0,0.0,0.0,0.0,0.0,0.0,0.0,0.0,0.0,0.0
2026-04-22 18:00:00,2,427.0,2026-05-03 00:00:00,10 days 06:00:00,9.77,128.45,1000.4,27.6,52.53769608916587,0.0,0.0,0.0,0.0,0.0,0.0,0.0,0.0,0.0,0.0,0.0,0.0
2026-04-22 18:00:00,2,427.0,2026-05-03 06:00:00,10 days 12:00:00,10.15,127.62,1001.5,35.9,65.151347917407,12.01901195229518,11.58650626369382,10.82316930267514,65.151347917407,0.0,0.0,0.0,0.0,0.0,0.0,0.0,0.0
2026-04-22 18:00:00,2,427.0,2026-05-03 12:00:00,10 days 18:00:00,10.4,127.33,995.9,49.2,7.544496791788099,79.42488715971263,69.19354666641863,63.46676390067211,80.19103081804529,0.0,0.0,0.0,0.0,0.0,0.0,0.0,0.0
2026-04-22 18:00:00,2,427.0,2026-05-03 18:00:00,11 days 00:00:00,10.77,126.58,992.9,50.5,23.96986494274367,69.4988170653544,61.86093518892383,70.42578565147406,70.19955159425973,11.915328236142892,23.96986494274367,9.379011268079356,9.363842552264847,0.0,0.0,0.0,0.0
2026-04-22 18:00:00,2,427.0,2026-05-04 00:00:00,11 days 06:00:00,11.44,125.81,993.5,49.1,48.40189731854747,48.40189731854747,31.219330091527866,33.2082837048828,40.80762775305641,0.0,0.0,0.0,0.0,0.0,0.0,0.0,0.0
2026-04-22 18:00:00,2,427.0,2026-05-04 06:00:00,11 days 12:00:00,12.13,125.15,1000.9,35.9,52.90212007045004,52.90212007045004,14.500897952316292,14.598100800824342,14.821564107642477,0.0,0.0,0.0,0.0,0.0,0.0,0.0,0.0
2026-04-22 18:00:00,2,427.0,2026-05-04 12:00:00,11 days 18:00:00,12.47,123.96,1002.0,35.1,36.78475730357104,55.968800472123895,54.23747650309156,51.47432736065808,52.570959776611694,0.0,0.0,0.0,0.0,0.0,0.0,0.0,0.0
2026-04-22 18:00:00,2,427.0,2026-05-04 18:00:00,12 days 00:00:00,12.71,122.57,1000.5,39.4,49.9828944600872,83.7706175689884,72.4559147473997,68.64919923894892,72.78660504280002,0.0,0.0,0.0,0.0,0.0,0.0,0.0,0.0
2026-04-22 18:00:00,2,427.0,2026-05-05 00:00:00,12 days 06:00:00,12.81,121.7,1003.2,30.6,50.85999945944289,0.0,0.0,0.0,0.0,0.0,0.0,0.0,0.0,0.0,0.0,0.0,0.0
2026-04-22 18:00:00,2,427.0,2026-05-05 06:00:00,12 days 12:00:00,12.96,120.17,1001.3,33.3,49.030163973468206,0.0,0.0,0.0,0.0,0.0,0.0,0.0,0.0,0.0,0.0,0.0,0.0
2026-04-22 18:00:00,2,427.0,2026-05-05 12:00:00,12 days 18:00:00,13.41,119.25,997.1,48.1,46.57951565236812,64.773450424756,28.26422154023781,36.49478007440981,65.39559316143131,0.0,0.0,0.0,0.0,0.0,0.0,0.0,0.0
2026-04-22 18:00:00,2,427.0,2026-05-05 18:00:00,13 days 00:00:00,13.55,118.41,990.4,60.8,15.97238051986935,77.69051938142351,64.94514963122437,68.78564490418006,82.4173605526918,52.56171436719377,40.85959761184377,29.84451470800385,44.93004266144028,0.0,0.0,0.0,0.0
2026-04-22 18:00:00,2,429.0,2026-05-04 12:00:00,11 days 18:00:00,5.83,64.46,1005.6,23.0,69.53738893786547,0.0,0.0,0.0,0.0,0.0,0.0,0.0,0.0,0.0,0.0,0.0,0.0
2026-04-22 18:00:00,2,429.0,2026-05-04 18:00:00,12 days 00:00:00,5.56,64.12,1007.6,18.0,153.63336585040472,0.0,0.0,0.0,0.0,0.0,0.0,0.0,0.0,0.0,0.0,0.0,0.0
2026-04-22 18:00:00,2,429.0,2026-05-05 00:00:00,12 days 06:00:00,6.53,63.43,1002.9,27.7,110.5710458552512,0.0,0.0,0.0,0.0,0.0,0.0,0.0,0.0,0.0,0.0,0.0,0.0
2026-04-22 18:00:00,2,429.0,2026-05-05 06:00:00,12 days 12:00:00,6.52,62.79,1008.2,22.5,101.26844311047358,0.0,0.0,0.0,0.0,0.0,0.0,0.0,0.0,0.0,0.0,0.0,0.0
2026-04-22 18:00:00,2,429.0,2026-05-05 12:00:00,12 days 18:00:00,6.77,62.96,1000.1,36.9,128.19332200821043,215.9050084948105,194.55613214191467,171.1723161310334,184.161715816773,0.0,0.0,0.0,0.0,0.0,0.0,0.0,0.0
2026-04-22 18:00:00,2,429.0,2026-05-05 18:00:00,13 days 00:00:00,7.4,63.12,1001.4,32.7,87.53346155820572,0.0,0.0,0.0,0.0,0.0,0.0,0.0,0.0,0.0,0.0,0.0,0.0
2026-04-22 18:00:00,1,434.0,2026-05-02 12:00:00,9 days 18:00:00,-8.33,57.01,1005.1,24.1,98.95277763823492,0.0,0.0,0.0,0.0,0.0,0.0,0.0,0.0,0.0,0.0,0.0,0.0
2026-04-22 18:00:00,1,434.0,2026-05-02 18:00:00,10 days 00:00:00,-8.26,56.48,998.4,36.0,78.89490719000842,78.89490719000842,0.0,0.0,0.4284799686052272,0.0,0.0,0.0,0.0,0.0,0.0,0.0,0.0
2026-04-22 18:00:00,1,434.0,2026-05-03 00:00:00,10 days 06:00:00,-8.75,55.03,1000.2,32.0,84.10090566591327,0.0,0.0,0.0,0.0,0.0,0.0,0.0,0.0,0.0,0.0,0.0,0.0
2026-04-22 18:00:00,1,434.0,2026-05-03 06:00:00,10 days 12:00:00,-8.68,54.43,994.5,41.1,46.47869720565602,151.59882811280818,152.89959207688486,128.2456499786434,126.33148109512936,0.0,0.0,0.0,0.0,0.0,0.0,0.0,0.0
2026-04-22 18:00:00,1,434.0,2026-05-03 12:00:00,10 days 18:00:00,-10.14,53.59,999.2,41.3,56.11378694089206,82.87335578405313,82.3009650068227,65.7637347018655,66.97983789786045,0.0,0.0,0.0,0.0,0.0,0.0,0.0,0.0
2026-04-22 18:00:00,1,434.0,2026-05-03 18:00:00,11 days 00:00:00,-10.11,53.39,984.2,51.9,57.92365126497568,161.60499871592054,155.5157505585178,134.23102060040424,130.76458104719984,0.6734272150198936,1.5217831763254326,57.92365126497568,1.144882186078901,0.0,0.0,0.0,0.0
2026-04-22 18:00:00,1,434.0,2026-05-04 00:00:00,11 days 06:00:00,-10.56,52.72,994.3,48.0,42.6452129866644,92.51516095042476,100.41277681321586,74.78767328078894,73.30741897284008,0.0,0.0,0.0,0.0,0.0,0.0,0.0,0.0
2026-04-22 18:00:00,1,434.0,2026-05-04 06:00:00,11 days 12:00:00,-10.63,52.28,991.4,50.1,24.47238486004441,152.68231776226838,168.39885587787387,162.46209466948474,141.52628656916332,56.09947165792151,57.27716270965378,49.02112457689182,47.268688285093134,0.0,0.0,0.0,0.0
2026-04-22 18:00:00,1,434.0,2026-05-04 12:00:00,11 days 18:00:00,-11.02,51.68,984.3,60.0,38.195042143058586,141.17349160461933,174.38908053439366,175.45524726719705,130.7644247839964,62.836403976380666,70.27024621312285,66.57153697666567,55.76273836628649,0.0,0.0,0.0,0.0
2026-04-22 18:00:00,1,434.0,2026-05-04 18:00:00,12 days 00:00:00,-11.19,51.52,979.4,68.7,31.22874084423048,128.52485210123143,130.91473847212535,126.30824192676492,117.19023514734056,59.527960852543565,58.456366679417386,54.70795865450846,52.70223001618228,31.22874084423048,28.736556185539143,24.94541954701645,25.54435512201438
2026-04-22 18:00:00,1,434.0,2026-05-05 00:00:00,12 days 06:00:00,-11.54,51.29,981.0,63.0,11.406248635061749,192.58273485007496,209.0502165102186,208.8694136596284,167.9460083950905,105.88718871858576,113.01087834301843,104.15120419015813,94.60747916095671,0.0,0.0,0.0,0.0
2026-04-22 18:00:00,1,434.0,2026-05-05 06:00:00,12 days 12:00:00,-11.81,51.15,978.7,69.9,36.14173149858233,169.324448671702,211.9243481474537,205.80090721382467,164.23032442568694,77.4806213192523,81.46988516548481,71.04685738858504,64.03199073550203,0.0,0.0,36.14173149858233,0.0
2026-04-22 18:00:00,1,434.0,2026-05-05 12:00:00,12 days 18:00:00,-12.41,50.83,971.1,79.7,30.400726629863797,146.31868680481213,174.80533483029586,143.08847414117923,119.51129336850856,61.016738807356205,69.26321393148618,60.253352563862734,55.82112390797526,30.400726629863797,29.161960809635552,26.18310040855033,25.670611023117097
2026-04-22 18:00:00,1,434.0,2026-05-05 18:00:00,13 days 00:00:00,-13.02,51.0,986.6,69.2,40.1934511273723,140.40647386194337,185.5800414697895,183.37219546020413,128.92921039732974,70.04887454191274,79.41527877171225,79.36682457364631,64.76868458413712,31.851529566676422,40.1934511273723,31.112511029617487,28.46502970221809
2026-04-22 18:00:00,1,437.0,2026-05-03 06:00:00,10 days 12:00:00,6.09,71.83,1009.3,18.1,46.470079376328655,0.0,0.0,0.0,0.0,0.0,0.0,0.0,0.0,0.0,0.0,0.0,0.0
2026-04-22 18:00:00,1,437.0,2026-05-03 12:00:00,10 days 18:00:00,6.43,71.77,1004.0,25.9,131.83909256051078,0.0,0.0,0.0,0.0,0.0,0.0,0.0,0.0,0.0,0.0,0.0,0.0
2026-04-22 18:00:00,1,437.0,2026-05-03 18:00:00,11 days 00:00:00,6.87,71.05,996.6,34.6,87.03277093479579,156.1561951651932,143.5477561309091,127.90632374689564,134.31390298403005,0.0,0.0,0.0,0.0,0.0,0.0,0.0,0.0
2026-04-22 18:00:00,1,437.0,2026-05-04 00:00:00,11 days 06:00:00,7.3,70.66,999.1,36.4,67.1742103331053,78.82721147708503,67.51762715035616,78.08217519380767,82.05248161756388,0.0,0.0,0.0,0.0,0.0,0.0,0.0,0.0
2026-04-22 18:00:00,1,437.0,2026-05-04 06:00:00,11 days 12:00:00,7.45,70.21,997.2,42.0,73.43156233772753,73.43156233772753,34.089442839062514,27.17817867084826,30.784157678910613,0.0,0.0,0.0,0.0,0.0,0.0,0.0,0.0
2026-04-22 18:00:00,1,437.0,2026-05-04 12:00:00,11 days 18:00:00,7.66,69.59,982.5,57.0,74.52436131738779,234.73550147031457,240.0068452923898,224.2691419102494,211.0288648204208,0.0,0.0,74.52436131738779,0.0,0.0,0.0,0.0,0.0
2026-04-22 18:00:00,1,437.0,2026-05-04 18:00:00,12 days 00:00:00,8.16,69.02,1003.1,44.2,80.56261759820957,197.3840411352481,189.57569462557203,172.38555229305427,163.947657578117,0.0,0.0,0.0,0.0,0.0,0.0,0.0,0.0
2026-04-22 18:00:00,1,437.0,2026-05-05 00:00:00,12 days 06:00:00,8.4,68.38,1000.4,44.5,34.407128155557544,42.71269671283546,33.55552919294948,60.71118905433953,52.67045041230619,0.0,0.0,0.0,0.0,0.0,0.0,0.0,0.0
2026-04-22 18:00:00,1,437.0,2026-05-05 06:00:00,12 days 12:00:00,8.59,67.79,988.9,59.0,29.117892489105856,249.6488858469996,194.7259355892432,189.51199028402715,233.86512502794017,94.76959272027048,77.90324772761892,64.70238894196035,81.55333103773216,0.0,0.0,0.0,0.0
2026-04-22 18:00:00,1,437.0,2026-05-05 12:00:00,12 days 18:00:00,9.33,67.56,987.0,52.7,17.11893305954624,249.52361523930463,256.15521682840887,227.8105976190494,227.60760839474844,58.82534726414373,52.83791448543003,40.93262819104217,40.934340807775,0.0,0.0,0.0,0.0
2026-04-22 18:00:00,1,437.0,2026-05-05 18:00:00,13 days 00:00:00,9.72,67.41,986.7,61.6,54.13099698590685,114.16072270990568,109.60364904627907,100.22037608784704,89.2167583927208,54.13099698590685,15.669559606842164,15.186430173201288,13.2716271674771,0.0,0.0,0.0,0.0
2026-04-22 18:00:00,3,437.0,2026-05-04 06:00:00,11 days 12:00:00,-7.72,65.7,1005.3,15.4,126.40144372227968,0.0,0.0,0.0,0.0,0.0,0.0,0.0,0.0,0.0,0.0,0.0,0.0
2026-04-22 18:00:00,3,437.0,2026-05-04 12:00:00,11 days 18:00:00,-8.04,64.65,1003.4,24.9,98.42557724793888,0.0,0.0,0.0,0.0,0.0,0.0,0.0,0.0,0.0,0.0,0.0,0.0
2026-04-22 18:00:00,3,437.0,2026-05-04 18:00:00,12 days 00:00:00,-8.29,63.71,999.7,35.0,61.06721337747306,6.687731801947902,61.06721337747306,8.217954650736278,8.961713994740341,0.0,0.0,0.0,0.0,0.0,0.0,0.0,0.0
2026-04-22 18:00:00,3,437.0,2026-05-05 00:00:00,12 days 06:00:00,-8.33,63.58,1000.5,30.9,73.54866313366497,0.0,0.0,0.0,0.0,0.0,0.0,0.0,0.0,0.0,0.0,0.0,0.0
2026-04-22 18:00:00,3,437.0,2026-05-05 06:00:00,12 days 12:00:00,-8.28,63.85,992.6,44.7,60.83676535512894,207.58854287503925,189.9381190513979,160.78031306084495,177.98579546363362,0.0,0.0,0.0,0.0,0.0,0.0,0.0,0.0
2026-04-22 18:00:00,3,437.0,2026-05-05 12:00:00,12 days 18:00:00,-9.02,64.13,995.5,42.7,47.35128041536908,188.47084620470835,180.05972911570842,144.16618319103338,150.0540669017388,0.0,0.0,0.0,0.0,0.0,0.0,0.0,0.0
2026-04-22 18:00:00,3,437.0,2026-05-05 18:00:00,13 days 00:00:00,-9.52,64.21,988.0,51.1,49.9176409304616,230.54422505324743,216.35719251905635,185.25263629681416,194.29063590465688,49.9176409304616,38.13471953193287,30.409030325516405,34.226940072143805,0.0,0.0,0.0,0.0
2026-04-22 18:00:00,2,443.0,2026-05-02 00:00:00,9 days 06:00:00,10.94,131.11,1001.7,28.2,63.13805716338769,0.0,0.0,0.0,0.0,0.0,0.0,0.0,0.0,0.0,0.0,0.0,0.0
2026-04-22 18:00:00,2,443.0,2026-05-02 06:00:00,9 days 12:00:00,11.02,129.92,1008.2,24.6,81.50230308544548,0.0,0.0,0.0,0.0,0.0,0.0,0.0,0.0,0.0,0.0,0.0,0.0
2026-04-22 18:00:00,2,443.0,2026-05-02 12:00:00,9 days 18:00:00,11.72,129.36,1004.7,21.2,119.93543158089382,0.0,0.0,0.0,0.0,0.0,0.0,0.0,0.0,0.0,0.0,0.0,0.0
2026-04-22 18:00:00,2,443.0,2026-05-02 18:00:00,10 days 00:00:00,12.47,128.64,1003.6,24.2,90.54954486943278,0.0,0.0,0.0,0.0,0.0,0.0,0.0,0.0,0.0,0.0,0.0,0.0
2026-04-22 18:00:00,2,443.0,2026-05-03 00:00:00,10 days 06:00:00,12.84,128.01,1000.8,33.0,50.4275926611856,0.0,0.0,0.0,0.0,0.0,0.0,0.0,0.0,0.0,0.0,0.0,0.0
2026-04-22 18:00:00,2,443.0,2026-05-03 06:00:00,10 days 12:00:00,13.6,127.24,1004.5,28.9,37.98639357566669,0.0,0.0,0.0,0.0,0.0,0.0,0.0,0.0,0.0,0.0,0.0,0.0
2026-04-22 18:00:00,2,443.0,2026-05-03 12:00:00,10 days 18:00:00,13.95,127.0,999.4,34.2,54.51113458269653,3.3280919805409974,54.51113458269653,1.7149177661010433,0.1273907856070328,0.0,0.0,0.0,0.0,0.0,0.0,0.0,0.0
2026-04-22 18:00:00,2,443.0,2026-05-03 18:00:00,11 days 00:00:00,14.61,126.48,997.9,38.1,53.60512947975734,53.60512947975734,6.4626747521480965,0.0,0.9830156557576188,0.0,0.0,0.0,0.0,0.0,0.0,0.0,0.0
2026-04-22 18:00:00,2,443.0,2026-05-04 00:00:00,11 days 06:00:00,15.08,126.11,988.1,53.7,24.05375405239851,105.51404496825828,97.19514756487231,73.33830702527547,83.50423507162712,0.0,24.05375405239851,0.0,0.0,0.0,0.0,0.0,0.0
2026-04-22 18:00:00,2,443.0,2026-05-04 06:00:00,11 days 12:00:00,15.72,125.44,989.0,55.1,16.595868296797,135.44383184217952,129.9545243773387,93.39279546139863,117.32261223530244,52.21314854967001,44.69843925321104,29.58743173237675,38.81239118071341,0.0,0.0,0.0,0.0
2026-04-22 18:00:00,2,443.0,2026-05-04 12:00:00,11 days 18:00:00,15.99,124.85,982.4,72.4,20.238339886134387,102.58104091061008,75.76610705467898,55.17504519773166,94.38061624603792,36.55640167269468,25.964747291985542,12.926588251928786,29.19015239361964,20.238339886134387,3.148683644846232,0.0,6.778386059972936
2026-04-22 18:00:00,2,443.0,2026-05-04 18:00:00,12 days 00:00:00,16.49,123.78,988.1,66.5,0.0,133.367213242103,99.87980904482488,85.94731361434086,121.45128450384098,52.96104660111172,45.94738134930222,33.68188435835138,45.96565129138136,6.398833056709899,2.572502864851205,0.0,6.042104034781845
2026-04-22 18:00:00,2,443.0,2026-05-05 00:00:00,12 days 06:00:00,17.33,123.21,990.2,55.9,35.68428306559322,50.90909054829815,35.68428306559322,24.088755143994213,40.59151453223063,0.0,35.68428306559322,0.0,0.0,0.0,0.0,0.0,0.0
2026-04-22 18:00:00,2,443.0,2026-05-05 06:00:00,12 days 12:00:00,17.45,122.53,1001.2,39.0,32.48381529622873,42.40864044829749,19.527423913877957,14.774882636517816,35.7953781901826,0.0,0.0,0.0,0.0,0.0,0.0,0.0,0.0
2026-04-22 18:00:00,2,443.0,2026-05-05 12:00:00,12 days 18:00:00,17.22,122.2,999.2,39.2,46.60119302010443,122.23490367771616,121.55212566446777,87.9147632096959,106.87274962376765,0.0,0.0,0.0,0.0,0.0,0.0,0.0,0.0
2026-04-22 18:00:00,3,443.0,2026-05-04 06:00:00,11 days 12:00:00,-7.94,60.06,1005.2,25.8,103.22428533350268,0.0,0.0,0.0,0.0,0.0,0.0,0.0,0.0,0.0,0.0,0.0,0.0
2026-04-22 18:00:00,3,443.0,2026-05-04 12:00:00,11 days 18:00:00,-8.43,60.04,1000.8,30.7,75.15328259146598,0.0,0.0,0.0,0.0,0.0,0.0,0.0,0.0,0.0,0.0,0.0,0.0
2026-04-22 18:00:00,3,443.0,2026-05-04 18:00:00,12 days 00:00:00,-8.76,60.11,998.9,43.4,32.82252704836096,63.70723339047586,55.69171192067374,36.94044658867581,52.73812192459484,0.0,0.0,0.0,0.0,0.0,0.0,0.0,0.0
2026-04-22 18:00:00,3,443.0,2026-05-05 00:00:00,12 days 06:00:00,-9.63,60.78,1000.2,36.5,73.87468723395023,186.6105607069063,173.79939501590218,136.91088245866374,149.06181212895328,0.0,0.0,0.0,0.0,0.0,0.0,0.0,0.0
2026-04-22 18:00:00,3,443.0,2026-05-05 06:00:00,12 days 12:00:00,-10.02,61.39,1001.4,38.7,69.7976760184936,168.74121820933425,162.92395488897637,140.12687603314055,149.8520721807617,0.0,0.0,0.0,0.0,0.0,0.0,0.0,0.0
2026-04-22 18:00:00,3,443.0,2026-05-05 12:00:00,12 days 18:00:00,-10.68,61.69,991.0,50.4,22.90038287532711,161.9902132748653,149.61089216127868,115.87687324227235,133.6522759689841,22.90038287532711,0.936172242000456,0.0,1.109916442608604,0.0,0.0,0.0,0.0
2026-04-22 18:00:00,3,443.0,2026-05-05 18:00:00,13 days 00:00:00,-11.33,61.7,990.8,51.1,37.25624368256831,160.68310860541715,165.1501208965783,133.2437371732958,127.5497032153944,2.1674197375177755,37.25624368256831,1.2938158988237092,0.2268178687297677,0.0,0.0,0.0,0.0
2026-04-22 18:00:00,0,450.0,2026-05-04 06:00:00,11 days 12:00:00,5.37,69.42,1005.2,21.1,64.88510049268754,0.0,0.0,0.0,0.0,0.0,0.0,0.0,0.0,0.0,0.0,0.0,0.0
2026-04-22 18:00:00,0,450.0,2026-05-04 12:00:00,11 days 18:00:00,5.12,69.69,1003.8,25.4,165.85113548741845,0.0,0.0,0.0,0.0,0.0,0.0,0.0,0.0,0.0,0.0,0.0,0.0
2026-04-22 18:00:00,0,450.0,2026-05-04 18:00:00,12 days 00:00:00,6.97,69.82,1002.9,25.8,72.03645308278033,0.0,0.0,0.0,0.0,0.0,0.0,0.0,0.0,0.0,0.0,0.0,0.0
2026-04-22 18:00:00,0,450.0,2026-05-05 00:00:00,12 days 06:00:00,7.9,68.85,996.6,29.7,66.8660694547712,0.0,0.0,0.0,0.0,0.0,0.0,0.0,0.0,0.0,0.0,0.0,0.0
2026-04-22 18:00:00,0,450.0,2026-05-05 06:00:00,12 days 12:00:00,7.87,68.32,999.4,32.3,103.0867689381403,0.0,0.0,0.0,0.0,0.0,0.0,0.0,0.0,0.0,0.0,0.0,0.0
2026-04-22 18:00:00,0,450.0,2026-05-05 12:00:00,12 days 18:00:00,8.06,67.82,996.0,34.1,90.40736193543714,121.80402593227772,99.0527292727969,87.22345023365413,102.07441985175174,0.0,0.0,0.0,0.0,0.0,0.0,0.0,0.0
2026-04-22 18:00:00,0,450.0,2026-05-05 18:00:00,13 days 00:00:00,8.05,66.95,997.5,42.7,61.17010625110383,190.4168327660422,158.11877100965273,128.8330727189822,166.99421956739985,0.0,0.0,0.0,0.0,0.0,0.0,0.0,0.0
2026-04-22 18:00:00,0,451.0,2026-05-03 00:00:00,10 days 06:00:00,7.82,68.5,1006.0,22.5,151.30204020526057,0.0,0.0,0.0,0.0,0.0,0.0,0.0,0.0,0.0,0.0,0.0,0.0
2026-04-22 18:00:00,0,451.0,2026-05-03 06:00:00,10 days 12:00:00,8.31,68.29,998.0,37.6,60.572932970655934,0.0,0.0,60.572932970655934,3.955360472060058,0.0,0.0,0.0,0.0,0.0,0.0,0.0,0.0
2026-04-22 18:00:00,0,451.0,2026-05-03 12:00:00,10 days 18:00:00,8.7,68.06,1006.4,30.4,115.54482908305567,0.0,0.0,0.0,0.0,0.0,0.0,0.0,0.0,0.0,0.0,0.0,0.0
2026-04-22 18:00:00,0,451.0,2026-05-03 18:00:00,11 days 00:00:00,9.26,67.84,996.6,45.0,102.85673374651904,151.34215612148432,136.5477178093875,119.15987901210076,123.22619353828952,0.0,0.0,0.0,0.0,0.0,0.0,0.0,0.0
2026-04-22 18:00:00,0,451.0,2026-05-04 00:00:00,11 days 06:00:00,10.8,66.92,997.8,35.7,44.4906138675768,0.0,0.0,2.453719889169907,44.4906138675768,0.0,0.0,0.0,0.0,0.0,0.0,0.0,0.0
2026-04-22 18:00:00,0,451.0,2026-05-04 06:00:00,11 days 12:00:00,10.73,66.48,996.8,37.0,70.79779967500241,131.3335874123877,107.1782036968718,99.78331083896168,108.7244110618672,0.0,0.0,0.0,0.0,0.0,0.0,0.0,0.0
2026-04-22 18:00:00,0,451.0,2026-05-04 12:00:00,11 days 18:00:00,11.2,66.36,1005.1,26.2,100.10384515054366,0.0,0.0,0.0,0.0,0.0,0.0,0.0,0.0,0.0,0.0,0.0,0.0
2026-04-22 18:00:00,0,451.0,2026-05-04 18:00:00,12 days 00:00:00,11.75,65.17,1002.1,34.7,62.05114794176611,103.74008216787348,90.66225542109736,79.31712158203936,91.52653227477022,0.0,0.0,0.0,0.0,0.0,0.0,0.0,0.0
2026-04-22 18:00:00,0,451.0,2026-05-05 00:00:00,12 days 06:00:00,12.14,64.76,995.9,38.2,58.13689331702051,58.13689331702051,1.7557590528518858,0.2329225001067243,0.9827469683489198,0.0,0.0,0.0,0.0,0.0,0.0,0.0,0.0
2026-04-22 18:00:00,0,451.0,2026-05-05 06:00:00,12 days 12:00:00,12.73,64.35,1002.7,32.1,68.10355963693374,0.0,0.0,0.0,0.0,0.0,0.0,0.0,0.0,0.0,0.0,0.0,0.0
2026-04-22 18:00:00,0,451.0,2026-05-05 12:00:00,12 days 18:00:00,13.21,63.76,1002.6,29.8,76.84852771999637,0.0,0.0,0.0,0.0,0.0,0.0,0.0,0.0,0.0,0.0,0.0,0.0
2026-04-22 18:00:00,0,451.0,2026-05-05 18:00:00,13 days 00:00:00,13.51,62.86,998.7,39.0,59.00551966498878,59.00551966498878,5.348024772428687,0.0,0.0,0.0,0.0,0.0,0.0,0.0,0.0,0.0,0.0
2026-04-22 18:00:00,3,454.0,2026-05-04 12:00:00,11 days 18:00:00,-9.32,65.41,1002.6,22.4,71.17151581109488,0.0,0.0,0.0,0.0,0.0,0.0,0.0,0.0,0.0,0.0,0.0,0.0
2026-04-22 18:00:00,3,454.0,2026-05-04 18:00:00,12 days 00:00:00,-10.23,64.94,999.8,27.9,108.22351937997291,0.0,0.0,0.0,0.0,0.0,0.0,0.0,0.0,0.0,0.0,0.0,0.0
2026-04-22 18:00:00,3,454.0,2026-05-05 00:00:00,12 days 06:00:00,-9.9,64.29,1000.5,25.9,64.59216466831727,0.0,0.0,0.0,0.0,0.0,0.0,0.0,0.0,0.0,0.0,0.0,0.0
2026-04-22 18:00:00,3,454.0,2026-05-05 06:00:00,12 days 12:00:00,-10.09,64.43,999.6,29.2,67.07789777968439,0.0,0.0,0.0,0.0,0.0,0.0,0.0,0.0,0.0,0.0,0.0,0.0
2026-04-22 18:00:00,3,454.0,2026-05-05 12:00:00,12 days 18:00:00,-10.2,64.09,1001.1,28.7,115.22806108770897,0.0,0.0,0.0,0.0,0.0,0.0,0.0,0.0,0.0,0.0,0.0,0.0
2026-04-22 18:00:00,3,454.0,2026-05-05 18:00:00,13 days 00:00:00,-10.43,63.61,999.9,31.3,99.34492290756992,0.0,0.0,0.0,0.0,0.0,0.0,0.0,0.0,0.0,0.0,0.0,0.0
2026-04-22 18:00:00,4,455.0,2026-05-04 06:00:00,11 days 12:00:00,-8.2,55.69,1006.5,13.1,99.74836445549494,0.0,0.0,0.0,0.0,0.0,0.0,0.0,0.0,0.0,0.0,0.0,0.0
2026-04-22 18:00:00,4,455.0,2026-05-04 12:00:00,11 days 18:00:00,-9.19,56.15,1004.7,18.5,140.52737136317305,0.0,0.0,0.0,0.0,0.0,0.0,0.0,0.0,0.0,0.0,0.0,0.0
2026-04-22 18:00:00,4,455.0,2026-05-04 18:00:00,12 days 00:00:00,-9.8,55.97,1004.1,20.3,96.89984193763657,0.0,0.0,0.0,0.0,0.0,0.0,0.0,0.0,0.0,0.0,0.0,0.0
2026-04-22 18:00:00,4,455.0,2026-05-05 00:00:00,12 days 06:00:00,-11.23,55.79,1004.7,22.2,73.48518708839853,0.0,0.0,0.0,0.0,0.0,0.0,0.0,0.0,0.0,0.0,0.0,0.0
2026-04-22 18:00:00,4,455.0,2026-05-05 06:00:00,12 days 12:00:00,-11.49,55.52,1000.8,32.2,111.21007064668586,0.0,0.0,0.0,0.0,0.0,0.0,0.0,0.0,0.0,0.0,0.0,0.0
2026-04-22 18:00:00,4,455.0,2026-05-05 12:00:00,12 days 18:00:00,-12.16,55.39,997.0,38.2,136.51828779218582,148.37262987300812,141.14938717719932,119.56853275543172,122.9946504338015,0.0,0.0,0.0,0.0,0.0,0.0,0.0,0.0
2026-04-22 18:00:00,4,455.0,2026-05-05 18:00:00,13 days 00:00:00,-13.65,55.38,1001.5,49.6,79.6693139285739,249.9360334398637,250.0314848911881,201.92519274449216,212.59708775604048,0.0,0.0,0.0,0.0,0.0,0.0,0.0,0.0
2026-04-22 18:00:00,1,456.0,2026-05-03 06:00:00,10 days 12:00:00,-8.1,71.24,1005.0,20.4,70.21516179840116,0.0,0.0,0.0,0.0,0.0,0.0,0.0,0.0,0.0,0.0,0.0,0.0
2026-04-22 18:00:00,1,456.0,2026-05-03 12:00:00,10 days 18:00:00,-8.25,71.83,1005.0,23.7,61.79147440704538,0.0,0.0,0.0,0.0,0.0,0.0,0.0,0.0,0.0,0.0,0.0,0.0
2026-04-22 18:00:00,1,456.0,2026-05-03 18:00:00,11 days 00:00:00,-8.46,72.35,1002.9,25.6,107.40119693060548,0.0,0.0,0.0,0.0,0.0,0.0,0.0,0.0,0.0,0.0,0.0,0.0
2026-04-22 18:00:00,1,456.0,2026-05-04 00:00:00,11 days 06:00:00,-9.31,72.52,1001.9,25.5,85.18444595984109,0.0,0.0,0.0,0.0,0.0,0.0,0.0,0.0,0.0,0.0,0.0,0.0
2026-04-22 18:00:00,1,456.0,2026-05-04 06:00:00,11 days 12:00:00,-10.32,72.79,1002.1,24.8,107.92823173256686,0.0,0.0,0.0,0.0,0.0,0.0,0.0,0.0,0.0,0.0,0.0,0.0
2026-04-22 18:00:00,1,456.0,2026-05-04 12:00:00,11 days 18:00:00,-11.23,73.35,1000.0,32.9,59.43185689472827,0.0,0.0,0.0,0.0,0.0,0.0,0.0,0.0,0.0,0.0,0.0,0.0
2026-04-22 18:00:00,1,456.0,2026-05-04 18:00:00,12 days 00:00:00,-12.31,73.54,999.4,36.1,78.52111672057194,23.972943659547987,78.52111672057194,13.970524157126452,17.191658728928132,0.0,0.0,0.0,0.0,0.0,0.0,0.0,0.0
2026-04-22 18:00:00,1,456.0,2026-05-05 00:00:00,12 days 06:00:00,-12.97,73.69,994.6,47.8,46.821696871708,59.911271078644326,55.8489079051425,35.51183570441661,41.099362221810935,0.0,0.0,0.0,0.0,0.0,0.0,0.0,0.0
2026-04-22 18:00:00,1,456.0,2026-05-05 06:00:00,12 days 12:00:00,-13.93,74.1,995.7,41.1,95.41117027264968,95.41117027264968,36.609493777868046,12.031821817255375,22.04062422379505,0.0,0.0,0.0,0.0,0.0,0.0,0.0,0.0
2026-04-22 18:00:00,1,456.0,2026-05-05 12:00:00,12 days 18:00:00,-14.95,74.81,992.8,43.3,80.16353335766976,148.1481007476332,137.7168144957484,97.45893529260675,115.86189767336974,0.0,0.0,0.0,0.0,0.0,0.0,0.0,0.0
2026-04-22 18:00:00,1,456.0,2026-05-05 18:00:00,13 days 00:00:00,-16.21,75.15,997.9,47.4,44.587887791745686,146.79331634652385,137.04835899394618,99.65978068195416,107.69183588527926,0.0,0.0,0.0,0.0,0.0,0.0,0.0,0.0
2026-04-22 18:00:00,3,457.0,2026-05-04 06:00:00,11 days 12:00:00,-9.19,63.15,1003.3,19.0,131.6222028895009,0.0,0.0,0.0,0.0,0.0,0.0,0.0,0.0,0.0,0.0,0.0,0.0
2026-04-22 18:00:00,3,457.0,2026-05-04 12:00:00,11 days 18:00:00,-9.76,63.23,1001.8,23.7,59.99358082770102,0.0,0.0,0.0,0.0,0.0,0.0,0.0,0.0,0.0,0.0,0.0,0.0
2026-04-22 18:00:00,3,457.0,2026-05-04 18:00:00,12 days 00:00:00,-9.82,63.18,1002.2,24.7,55.83993258332225,0.0,0.0,0.0,0.0,0.0,0.0,0.0,0.0,0.0,0.0,0.0,0.0
2026-04-22 18:00:00,3,457.0,2026-05-05 00:00:00,12 days 06:00:00,-9.73,63.61,997.1,33.9,52.85410093643715,0.0,0.0,0.0,0.0,0.0,0.0,0.0,0.0,0.0,0.0,0.0,0.0
2026-04-22 18:00:00,3,457.0,2026-05-05 06:00:00,12 days 12:00:00,-9.77,64.53,997.8,35.9,82.21834915244574,102.1428105638738,93.57094924274143,79.49404172043063,85.61147317082327,0.0,0.0,0.0,0.0,0.0,0.0,0.0,0.0
2026-04-22 18:00:00,3,457.0,2026-05-05 12:00:00,12 days 18:00:00,-9.64,65.95,997.1,34.9,152.16036953380342,379.7451256013521,365.7990533048261,321.11861759965427,325.70166115172265,0.0,0.0,0.0,0.0,0.0,0.0,0.0,0.0
2026-04-22 18:00:00,3,457.0,2026-05-05 18:00:00,13 days 00:00:00,-9.35,66.78,998.1,31.1,72.36418341510428,0.0,0.0,0.0,0.0,0.0,0.0,0.0,0.0,0.0,0.0,0.0,0.0
2026-04-22 18:00:00,1,458.0,2026-05-04 06:00:00,11 days 12:00:00,5.29,62.27,1012.0,19.7,70.53477404797665,0.0,0.0,0.0,0.0,0.0,0.0,0.0,0.0,0.0,0.0,0.0,0.0
2026-04-22 18:00:00,1,458.0,2026-05-04 12:00:00,11 days 18:00:00,6.93,61.27,1001.9,24.0,89.95682000030291,0.0,0.0,0.0,0.0,0.0,0.0,0.0,0.0,0.0,0.0,0.0,0.0
2026-04-22 18:00:00,1,458.0,2026-05-04 18:00:00,12 days 00:00:00,6.01,61.6,1001.4,28.6,50.45610791202957,0.0,0.0,0.0,0.0,0.0,0.0,0.0,0.0,0.0,0.0,0.0,0.0
2026-04-22 18:00:00,1,458.0,2026-05-05 00:00:00,12 days 06:00:00,6.28,61.02,999.6,34.0,113.64729200229414,0.0,0.0,0.0,0.0,0.0,0.0,0.0,0.0,0.0,0.0,0.0,0.0
2026-04-22 18:00:00,1,458.0,2026-05-05 06:00:00,12 days 12:00:00,6.91,60.63,996.6,44.0,58.456735444342655,79.70207314409812,63.87983664960372,53.53306787487191,68.49568657790331,0.0,0.0,0.0,0.0,0.0,0.0,0.0,0.0
2026-04-22 18:00:00,1,458.0,2026-05-05 12:00:00,12 days 18:00:00,7.21,59.76,997.6,39.2,53.01456597858663,53.01456597858663,0.0,0.0,6.503194797082433,0.0,0.0,0.0,0.0,0.0,0.0,0.0,0.0
2026-04-22 18:00:00,1,458.0,2026-05-05 18:00:00,13 days 00:00:00,7.26,58.78,989.0,48.2,56.71161283878912,178.70454785533465,146.44367897520877,128.4021363671466,157.11426651284688,0.0,0.0,0.0,0.0,0.0,0.0,0.0,0.0
2026-04-22 18:00:00,0,460.0,2026-05-03 06:00:00,10 days 12:00:00,-5.11,62.5,1009.3,12.5,104.83059528145893,0.0,0.0,0.0,0.0,0.0,0.0,0.0,0.0,0.0,0.0,0.0,0.0
2026-04-22 18:00:00,0,460.0,2026-05-03 12:00:00,10 days 18:00:00,-6.65,62.88,1002.5,23.1,109.46300617449144,0.0,0.0,0.0,0.0,0.0,0.0,0.0,0.0,0.0,0.0,0.0,0.0
2026-04-22 18:00:00,0,460.0,2026-05-03 18:00:00,11 days 00:00:00,-6.77,63.94,1006.4,16.2,122.16938165135664,0.0,0.0,0.0,0.0,0.0,0.0,0.0,0.0,0.0,0.0,0.0,0.0
2026-04-22 18:00:00,0,460.0,2026-05-04 00:00:00,11 days 06:00:00,-6.73,64.31,1007.3,15.5,90.4269433708864,0.0,0.0,0.0,0.0,0.0,0.0,0.0,0.0,0.0,0.0,0.0,0.0
2026-04-22 18:00:00,0,460.0,2026-05-04 06:00:00,11 days 12:00:00,-7.23,64.79,1004.9,30.4,88.45330300974585,0.0,0.0,0.0,0.0,0.0,0.0,0.0,0.0,0.0,0.0,0.0,0.0
2026-04-22 18:00:00,0,460.0,2026-05-04 12:00:00,11 days 18:00:00,-7.71,65.32,1001.6,33.9,60.721884140964455,0.0,0.0,0.0,0.0,0.0,0.0,0.0,0.0,0.0,0.0,0.0,0.0
2026-04-22 18:00:00,0,460.0,2026-05-04 18:00:00,12 days 00:00:00,-8.23,65.63,1000.6,31.6,88.69468995483813,0.0,0.0,0.0,0.0,0.0,0.0,0.0,0.0,0.0,0.0,0.0,0.0
2026-04-22 18:00:00,0,460.0,2026-05-05 00:00:00,12 days 06:00:00,-8.33,66.81,998.7,38.6,107.62442029494986,174.04524964645913,164.56274522751602,147.82892115119907,149.19438799888707,0.0,0.0,0.0,0.0,0.0,0.0,0.0,0.0
2026-04-22 18:00:00,0,460.0,2026-05-05 06:00:00,12 days 12:00:00,-9.05,67.3,995.7,34.5,112.42698252868526,112.42698252868526,8.27859620723924,7.209699120784483,10.15767434125483,0.0,0.0,0.0,0.0,0.0,0.0,0.0,0.0
2026-04-22 18:00:00,0,460.0,2026-05-05 12:00:00,12 days 18:00:00,-10.25,67.57,999.0,41.6,82.40174582185179,176.3327632942653,177.94975768072527,146.83504442634433,146.30045858836257,0.0,0.0,0.0,0.0,0.0,0.0,0.0,0.0
2026-04-22 18:00:00,0,460.0,2026-05-05 18:00:00,13 days 00:00:00,-10.64,67.85,992.7,47.4,63.15441283329636,137.12630916695747,128.8974402809242,94.48310389218298,113.92585723617196,0.0,0.0,0.0,0.0,0.0,0.0,0.0,0.0
2026-04-22 18:00:00,2,465.0,2026-05-02 18:00:00,10 days 00:00:00,4.24,68.36,1004.5,18.7,148.00052905266745,0.0,0.0,0.0,0.0,0.0,0.0,0.0,0.0,0.0,0.0,0.0,0.0
2026-04-22 18:00:00,2,465.0,2026-05-03 00:00:00,10 days 06:00:00,4.31,67.25,1008.0,20.1,98.44504915688664,0.0,0.0,0.0,0.0,0.0,0.0,0.0,0.0,0.0,0.0,0.0,0.0
2026-04-22 18:00:00,2,465.0,2026-05-03 06:00:00,10 days 12:00:00,4.28,66.55,1003.6,28.8,67.07210932486122,0.0,0.0,0.0,0.0,0.0,0.0,0.0,0.0,0.0,0.0,0.0,0.0
2026-04-22 18:00:00,2,465.0,2026-05-03 12:00:00,10 days 18:00:00,4.23,65.63,996.2,34.5,40.96455889396316,0.0,0.0,40.96455889396316,0.0,0.0,0.0,0.0,0.0,0.0,0.0,0.0,0.0
2026-04-22 18:00:00,2,465.0,2026-05-03 18:00:00,11 days 00:00:00,5.15,65.07,995.9,44.6,66.2352189640468,100.87978024819942,88.83810948408686,64.4339717448833,80.48152510357542,0.0,0.0,0.0,0.0,0.0,0.0,0.0,0.0
2026-04-22 18:00:00,2,465.0,2026-05-04 00:00:00,11 days 06:00:00,5.37,64.62,987.8,53.7,30.590958772011245,195.0561216211877,208.30866077544744,195.57765746125244,184.4634486775219,31.05964166926378,26.32871432418796,23.2431850355963,21.43656069818834,0.0,0.0,0.0,0.0
2026-04-22 18:00:00,2,465.0,2026-05-04 06:00:00,11 days 12:00:00,6.2,63.92,990.4,51.5,31.561299955875945,141.45449769607723,116.30902464453834,107.2875737357275,124.93986758127816,40.447603736888,31.713174002543035,23.621588324323437,31.327399563524533,0.0,0.0,0.0,0.0
2026-04-22 18:00:00,2,465.0,2026-05-04 12:00:00,11 days 18:00:00,6.56,62.79,973.7,70.7,0.0,218.8582395717611,196.00501315278748,238.3124831981722,231.46505525668255,115.2325002731218,102.04223655533384,96.3995017274171,105.5192691756202,45.07215885470568,38.23895459598001,36.72343507709012,41.709927712853045
2026-04-22 18:00:00,2,465.0,2026-05-04 18:00:00,12 days 00:00:00,7.62,61.29,973.0,74.6,43.5015139305849,176.49742926128545,163.76382098733174,158.1633316855213,168.63479924553033,84.8110982632038,78.96314377218334,67.4687962663075,75.41817224520153,43.5015139305849,26.41679243310165,23.197788438472408,26.854598665087085
2026-04-22 18:00:00,2,465.0,2026-05-05 00:00:00,12 days 06:00:00,8.37,60.06,969.3,90.7,32.95789388393642,175.3997125074045,145.63033416963503,155.3371503687123,155.45716548110954,88.31620991162512,70.53255347422504,61.42438255892044,78.49190728696365,59.259918175709295,53.26192041332328,44.486436993661925,56.19253295470497
2026-04-22 18:00:00,2,465.0,2026-05-05 06:00:00,12 days 12:00:00,9.37,58.92,967.7,92.8,17.15143329525565,186.67667484223887,181.76995130423305,189.92776709352748,192.99177882923675,134.41548156331618,124.15345214647851,114.89497186346964,123.73237166458108,78.17978819654297,74.69629765139285,67.02498420340444,71.61195888924226
2026-04-22 18:00:00,2,465.0,2026-05-05 12:00:00,12 days 18:00:00,9.41,57.1,942.8,117.4,16.59769856416017,164.60135061252203,170.3306637403246,162.831145794666,154.889710802303,73.06736231897983,69.11578601533171,56.82158994052294,63.926513183981946,33.64580569015385,30.375743499082287,25.6570204257907,33.11445149008612
2026-04-22 18:00:00,2,465.0,2026-05-05 18:00:00,13 days 00:00:00,10.06,56.02,949.8,110.7,31.70988347676464,121.85444393482616,100.7008267447809,100.0174865097115,108.9865921623595,89.93319885106195,73.04709349550428,63.496140864738166,82.0850448996917,63.30876969999678,50.99656461412476,45.123693305056086,54.60709473960257
2026-04-22 18:00:00,3,465.0,2026-05-03 00:00:00,10 days 06:00:00,-5.82,56.9,1000.8,37.6,82.20735458196953,138.95516350930916,140.97761531036662,115.43624378682064,118.48026674219317,0.0,0.0,0.0,0.0,0.0,0.0,0.0,0.0
2026-04-22 18:00:00,3,465.0,2026-05-03 06:00:00,10 days 12:00:00,-7.0,57.45,1002.6,29.4,63.688454991009664,0.0,0.0,0.0,0.0,0.0,0.0,0.0,0.0,0.0,0.0,0.0,0.0
2026-04-22 18:00:00,3,465.0,2026-05-03 12:00:00,10 days 18:00:00,-7.52,57.06,1001.3,28.2,93.28655187813727,0.0,0.0,0.0,0.0,0.0,0.0,0.0,0.0,0.0,0.0,0.0,0.0
2026-04-22 18:00:00,3,465.0,2026-05-03 18:00:00,11 days 00:00:00,-7.92,57.12,999.4,28.3,108.14832822359416,0.0,0.0,0.0,0.0,0.0,0.0,0.0,0.0,0.0,0.0,0.0,0.0
2026-04-22 18:00:00,3,465.0,2026-05-04 00:00:00,11 days 06:00:00,-8.35,56.9,992.3,44.3,71.72251507496439,89.33034673855988,85.37627156552247,67.95040402653997,73.57365083147074,0.0,0.0,0.0,0.0,0.0,0.0,0.0,0.0
2026-04-22 18:00:00,3,465.0,2026-05-04 06:00:00,11 days 12:00:00,-8.56,56.85,993.3,42.7,47.78504917512393,154.77799455184677,148.34444386490023,120.61617233938144,130.807489804873,0.0,0.0,0.0,0.0,0.0,0.0,0.0,0.0
2026-04-22 18:00:00,3,465.0,2026-05-04 12:00:00,11 days 18:00:00,-9.06,57.56,995.8,38.0,72.76419203300871,72.76419203300871,47.4399009502598,37.46259990107291,41.861381859879856,0.0,0.0,0.0,0.0,0.0,0.0,0.0,0.0
2026-04-22 18:00:00,3,465.0,2026-05-04 18:00:00,12 days 00:00:00,-9.55,57.57,994.3,41.6,65.9809363888264,265.1384004699746,260.2203996095491,232.79153430450447,215.7259737263567,0.0,0.0,0.0,0.0,0.0,0.0,0.0,0.0
2026-04-22 18:00:00,3,465.0,2026-05-05 00:00:00,12 days 06:00:00,-9.99,57.41,984.1,66.9,25.644885262120557,138.72610914104118,180.94572494901055,130.57898367019175,118.73145028820852,92.6361332245948,89.14387876560467,75.2975738970746,72.73486774862837,40.79483117578873,36.08202972464532,31.58545903820249,33.80938111416622
2026-04-22 18:00:00,3,465.0,2026-05-05 06:00:00,12 days 12:00:00,-10.43,57.24,988.5,53.0,41.62746467939007,155.90703855438903,149.82151481345755,131.71566436803425,136.57758168656142,54.26687796911479,49.8245941114569,39.06823056014566,41.358430703452186,0.0,0.0,0.0,0.0
2026-04-22 18:00:00,3,465.0,2026-05-05 12:00:00,12 days 18:00:00,-10.85,56.59,985.7,56.9,32.67644028722442,138.35247236974277,158.34439805188123,135.8746867949094,109.5479512664446,58.20864689907238,58.64523420383517,44.05170318183417,41.80143663052605,0.0,0.0,0.0,0.0
2026-04-22 18:00:00,3,465.0,2026-05-05 18:00:00,13 days 00:00:00,-11.07,56.43,986.0,68.0,7.609963104226554,162.3965982831873,181.93679134654627,160.9049184467215,132.52092675882324,74.91673272572632,77.5760634177422,65.44469053690574,58.78342257712082,11.40095494933708,11.83536940381516,10.976871902540058,8.646672454724731
2026-04-22 18:00:00,1,468.0,2026-05-03 18:00:00,11 days 00:00:00,8.29,139.29,1005.1,20.5,108.85299779443076,0.0,0.0,0.0,0.0,0.0,0.0,0.0,0.0,0.0,0.0,0.0,0.0
2026-04-22 18:00:00,1,468.0,2026-05-04 00:00:00,11 days 06:00:00,8.57,138.61,1004.8,23.0,107.385678096571,0.0,0.0,0.0,0.0,0.0,0.0,0.0,0.0,0.0,0.0,0.0,0.0
2026-04-22 18:00:00,1,468.0,2026-05-04 06:00:00,11 days 12:00:00,9.04,137.64,1002.0,26.1,109.24433479245448,0.0,0.0,0.0,0.0,0.0,0.0,0.0,0.0,0.0,0.0,0.0,0.0
2026-04-22 18:00:00,1,468.0,2026-05-04 12:00:00,11 days 18:00:00,8.99,137.16,1006.1,26.0,63.53258174872502,0.0,0.0,0.0,0.0,0.0,0.0,0.0,0.0,0.0,0.0,0.0,0.0
2026-04-22 18:00:00,1,468.0,2026-05-04 18:00:00,12 days 00:00:00,9.59,136.12,1006.9,23.6,36.80957876814531,0.0,0.0,0.0,0.0,0.0,0.0,0.0,0.0,0.0,0.0,0.0,0.0
2026-04-22 18:00:00,1,468.0,2026-05-05 00:00:00,12 days 06:00:00,9.98,134.74,1002.5,23.3,56.29381486100823,0.0,0.0,0.0,0.0,0.0,0.0,0.0,0.0,0.0,0.0,0.0,0.0
2026-04-22 18:00:00,1,468.0,2026-05-05 06:00:00,12 days 12:00:00,10.09,133.42,997.5,40.4,57.97196963084349,4.983052057295242,57.97196963084349,7.564995603787258,7.3906856635592,0.0,0.0,0.0,0.0,0.0,0.0,0.0,0.0
2026-04-22 18:00:00,1,468.0,2026-05-05 12:00:00,12 days 18:00:00,10.81,133.05,1002.7,31.3,113.29251294063016,0.0,0.0,0.0,0.0,0.0,0.0,0.0,0.0,0.0,0.0,0.0,0.0
2026-04-22 18:00:00,1,468.0,2026-05-05 18:00:00,13 days 00:00:00,10.88,132.26,1001.2,34.0,62.539172516554,0.0,0.0,0.0,0.0,0.0,0.0,0.0,0.0,0.0,0.0,0.0,0.0
2026-04-22 18:00:00,1,469.0,2026-05-01 12:00:00,8 days 18:00:00,9.62,145.33,1007.0,17.5,127.11142661020448,0.0,0.0,0.0,0.0,0.0,0.0,0.0,0.0,0.0,0.0,0.0,0.0
2026-04-22 18:00:00,1,469.0,2026-05-01 18:00:00,9 days 00:00:00,9.38,143.89,1006.8,23.6,78.82362268606903,0.0,0.0,0.0,0.0,0.0,0.0,0.0,0.0,0.0,0.0,0.0,0.0
2026-04-22 18:00:00,1,469.0,2026-05-02 00:00:00,9 days 06:00:00,10.0,143.52,1004.8,24.8,37.49261483930573,0.0,0.0,0.0,0.0,0.0,0.0,0.0,0.0,0.0,0.0,0.0,0.0
2026-04-22 18:00:00,1,469.0,2026-05-02 06:00:00,9 days 12:00:00,10.06,143.17,1005.5,21.6,80.35917387297118,0.0,0.0,0.0,0.0,0.0,0.0,0.0,0.0,0.0,0.0,0.0,0.0
2026-04-22 18:00:00,1,469.0,2026-05-02 12:00:00,9 days 18:00:00,9.46,142.54,1002.2,28.5,84.07707381894747,0.0,0.0,0.0,0.0,0.0,0.0,0.0,0.0,0.0,0.0,0.0,0.0
2026-04-22 18:00:00,1,469.0,2026-05-02 18:00:00,10 days 00:00:00,9.21,141.71,1004.4,21.0,124.98338358716244,0.0,0.0,0.0,0.0,0.0,0.0,0.0,0.0,0.0,0.0,0.0,0.0
2026-04-22 18:00:00,1,469.0,2026-05-03 00:00:00,10 days 06:00:00,8.97,141.19,998.7,28.6,33.1930307327171,0.0,0.0,0.0,0.0,0.0,0.0,0.0,0.0,0.0,0.0,0.0,0.0
2026-04-22 18:00:00,1,469.0,2026-05-03 06:00:00,10 days 12:00:00,8.5,140.81,1003.0,24.8,52.16711865153616,0.0,0.0,0.0,0.0,0.0,0.0,0.0,0.0,0.0,0.0,0.0,0.0
2026-04-22 18:00:00,1,469.0,2026-05-03 12:00:00,10 days 18:00:00,8.46,140.29,1003.9,28.7,53.33189928742581,0.0,0.0,0.0,0.0,0.0,0.0,0.0,0.0,0.0,0.0,0.0,0.0
2026-04-22 18:00:00,1,469.0,2026-05-03 18:00:00,11 days 00:00:00,8.68,140.29,1004.8,22.3,115.34891311394682,0.0,0.0,0.0,0.0,0.0,0.0,0.0,0.0,0.0,0.0,0.0,0.0
2026-04-22 18:00:00,1,469.0,2026-05-04 00:00:00,11 days 06:00:00,8.31,139.15,998.3,38.3,64.3983321497349,0.1240404756309487,0.0,64.3983321497349,0.6452320940163361,0.0,0.0,0.0,0.0,0.0,0.0,0.0,0.0
2026-04-22 18:00:00,1,469.0,2026-05-04 06:00:00,11 days 12:00:00,8.54,138.27,997.5,49.8,42.49022930436396,53.05985006687626,29.99240916069255,14.994762854073958,42.67674448544157,0.0,0.0,0.0,0.0,0.0,0.0,0.0,0.0
2026-04-22 18:00:00,1,469.0,2026-05-04 12:00:00,11 days 18:00:00,8.45,137.31,993.8,52.9,21.60487603803936,51.6079812272358,37.27245859386234,22.82942285320692,41.765024375834514,21.60487603803936,0.0,0.0,1.0076101434833546,0.0,0.0,0.0,0.0
2026-04-22 18:00:00,1,469.0,2026-05-04 18:00:00,12 days 00:00:00,8.63,136.55,997.9,49.6,32.94202519289893,117.03512156022884,72.47782743334028,77.93374967157311,96.72590093047096,0.0,0.0,0.0,0.0,0.0,0.0,0.0,0.0
2026-04-22 18:00:00,1,469.0,2026-05-05 00:00:00,12 days 06:00:00,8.98,135.05,990.5,62.6,29.64355665101777,135.87234117039816,83.05578760249,61.577515804605696,119.69753884600756,48.9094159961453,31.088881201383515,22.809091116418983,37.1151335869306,0.0,0.0,0.0,0.0
2026-04-22 18:00:00,1,469.0,2026-05-05 06:00:00,12 days 12:00:00,9.36,133.74,988.4,64.5,10.663283140002314,110.745250133363,73.31634284375686,50.18067185721607,88.89145731936374,43.18153655878494,31.09872856273247,18.195336520070285,30.94432093863719,10.663283140002314,0.0,0.0,0.0
2026-04-22 18:00:00,1,469.0,2026-05-05 12:00:00,12 days 18:00:00,9.31,133.0,979.5,82.4,33.23250308418911,123.86768834250732,82.87662744064522,53.96585959788699,112.31590337428992,61.59359053936278,46.31145888416276,32.940347393988446,54.26961548729005,33.23250308418911,24.58333543488452,19.95026418984293,26.39349063246081
2026-04-22 18:00:00,1,469.0,2026-05-05 18:00:00,13 days 00:00:00,9.76,131.97,966.5,95.1,0.0,146.3129667154378,103.87493149873896,90.85530715844418,128.02938123244832,67.63931411261409,49.57936601161738,37.547202127802336,62.40057404225263,38.96672008469319,32.11899501380542,28.2265154436232,35.81695187416744
2026-04-22 18:00:00,5,474.0,2026-05-05 00:00:00,12 days 06:00:00,-11.59,64.08,995.4,37.5,133.4716554696008,261.15510016266575,256.15213061753906,194.0360814714288,206.4476658497362,0.0,0.0,0.0,0.0,0.0,0.0,0.0,0.0
2026-04-22 18:00:00,5,474.0,2026-05-05 06:00:00,12 days 12:00:00,-11.52,64.47,990.1,46.8,44.19966740397193,248.4474694820337,246.50647802662613,248.0012823163247,246.49496080190045,0.0,0.0,0.0,0.0,0.0,0.0,0.0,0.0
2026-04-22 18:00:00,5,474.0,2026-05-05 12:00:00,12 days 18:00:00,-12.06,64.81,990.2,51.3,58.68705379422779,250.60704690842783,254.5108296863632,222.10881906233448,214.2318915611837,0.0,0.1641784531517691,58.68705379422779,0.0,0.0,0.0,0.0,0.0
2026-04-22 18:00:00,5,474.0,2026-05-05 18:00:00,13 days 00:00:00,-12.77,64.66,994.2,45.9,87.71335928426689,172.41298819161727,182.50225337132736,177.30033781978713,167.58416885642188,0.0,0.0,0.0,0.0,0.0,0.0,0.0,0.0
2026-04-22 18:00:00,4,475.0,2026-05-04 00:00:00,11 days 06:00:00,12.08,62.68,998.6,37.7,69.87925449281984,211.4970326172563,184.65288861442656,155.2504230141172,181.1084931444001,0.0,0.0,0.0,0.0,0.0,0.0,0.0,0.0
2026-04-22 18:00:00,4,475.0,2026-05-04 06:00:00,11 days 12:00:00,11.83,62.68,996.9,33.1,56.02154312828439,0.0,0.0,0.0,0.0,0.0,0.0,0.0,0.0,0.0,0.0,0.0,0.0
2026-04-22 18:00:00,4,475.0,2026-05-04 12:00:00,11 days 18:00:00,11.85,62.46,1001.8,27.3,73.63737284784094,0.0,0.0,0.0,0.0,0.0,0.0,0.0,0.0,0.0,0.0,0.0,0.0
2026-04-22 18:00:00,4,475.0,2026-05-04 18:00:00,12 days 00:00:00,11.6,62.3,995.3,44.7,66.5291898820726,221.6155850892397,203.95763121804103,181.50525193771483,194.8343312368717,0.0,0.0,0.0,0.0,0.0,0.0,0.0,0.0
2026-04-22 18:00:00,4,475.0,2026-05-05 00:00:00,12 days 06:00:00,12.01,61.74,995.6,44.9,62.23325612606028,74.5991682325205,58.72740028802862,51.10232646374183,65.13442886113168,0.0,0.0,0.0,0.0,0.0,0.0,0.0,0.0
2026-04-22 18:00:00,4,475.0,2026-05-05 06:00:00,12 days 12:00:00,12.31,61.52,994.8,49.3,40.79911887004277,149.85699370208542,124.89001917434328,103.32636020386826,132.3503406673209,0.0,0.0,0.0,0.0,0.0,0.0,0.0,0.0
2026-04-22 18:00:00,4,475.0,2026-05-05 12:00:00,12 days 18:00:00,12.12,61.28,996.4,43.0,70.09916046418846,6.403115977905143,0.0,2.910489920200277,70.09916046418846,0.0,0.0,0.0,0.0,0.0,0.0,0.0,0.0
2026-04-22 18:00:00,4,475.0,2026-05-05 18:00:00,13 days 00:00:00,12.43,60.48,997.3,38.1,44.59171155494194,9.091002624847448,6.81536121799356,44.59171155494194,11.1000018617306,0.0,0.0,0.0,0.0,0.0,0.0,0.0,0.0
2026-04-22 18:00:00,0,477.0,2026-05-04 06:00:00,11 days 12:00:00,4.94,70.09,1008.2,14.4,90.97430653038938,0.0,0.0,0.0,0.0,0.0,0.0,0.0,0.0,0.0,0.0,0.0,0.0
2026-04-22 18:00:00,0,477.0,2026-05-04 12:00:00,11 days 18:00:00,5.49,69.72,1005.7,22.4,116.704542103658,0.0,0.0,0.0,0.0,0.0,0.0,0.0,0.0,0.0,0.0,0.0,0.0
2026-04-22 18:00:00,0,477.0,2026-05-04 18:00:00,12 days 00:00:00,5.34,69.5,1001.3,21.8,71.33368292011502,0.0,0.0,0.0,0.0,0.0,0.0,0.0,0.0,0.0,0.0,0.0,0.0
2026-04-22 18:00:00,0,477.0,2026-05-05 00:00:00,12 days 06:00:00,4.92,70.2,1002.9,28.6,87.3460185106067,0.0,0.0,0.0,0.0,0.0,0.0,0.0,0.0,0.0,0.0,0.0,0.0
2026-04-22 18:00:00,0,477.0,2026-05-05 06:00:00,12 days 12:00:00,4.75,69.41,1008.2,16.0,146.0978417907324,0.0,0.0,0.0,0.0,0.0,0.0,0.0,0.0,0.0,0.0,0.0,0.0
2026-04-22 18:00:00,0,477.0,2026-05-05 12:00:00,12 days 18:00:00,5.83,68.57,1004.6,20.3,84.51569432927228,0.0,0.0,0.0,0.0,0.0,0.0,0.0,0.0,0.0,0.0,0.0,0.0
2026-04-22 18:00:00,0,477.0,2026-05-05 18:00:00,13 days 00:00:00,6.33,68.39,1004.2,28.8,99.74315300259296,0.0,0.0,0.0,0.0,0.0,0.0,0.0,0.0,0.0,0.0,0.0,0.0
2026-04-22 18:00:00,7,482.0,2026-05-04 12:00:00,11 days 18:00:00,7.36,141.86,1004.9,22.2,117.90490798620752,0.0,0.0,0.0,0.0,0.0,0.0,0.0,0.0,0.0,0.0,0.0,0.0
2026-04-22 18:00:00,7,482.0,2026-05-04 18:00:00,12 days 00:00:00,7.11,141.64,1006.1,22.4,88.6300131951715,0.0,0.0,0.0,0.0,0.0,0.0,0.0,0.0,0.0,0.0,0.0,0.0
2026-04-22 18:00:00,7,482.0,2026-05-05 00:00:00,12 days 06:00:00,6.89,140.3,1004.1,30.6,113.31621920737088,0.0,0.0,0.0,0.0,0.0,0.0,0.0,0.0,0.0,0.0,0.0,0.0
2026-04-22 18:00:00,7,482.0,2026-05-05 06:00:00,12 days 12:00:00,7.02,139.3,1003.7,27.9,96.56760599103411,0.0,0.0,0.0,0.0,0.0,0.0,0.0,0.0,0.0,0.0,0.0,0.0
2026-04-22 18:00:00,7,482.0,2026-05-05 12:00:00,12 days 18:00:00,7.38,139.45,996.7,43.5,33.42647517771465,152.70284986246173,134.59456742750325,120.17030515291162,135.87455718852397,0.0,0.0,0.0,0.0,0.0,0.0,0.0,0.0
2026-04-22 18:00:00,7,482.0,2026-05-05 18:00:00,13 days 00:00:00,7.61,137.25,1007.0,23.2,111.55073349187757,0.0,0.0,0.0,0.0,0.0,0.0,0.0,0.0,0.0,0.0,0.0,0.0
2026-04-22 18:00:00,0,484.0,2026-05-02 12:00:00,9 days 18:00:00,-6.79,59.99,1009.4,16.7,115.90734938468692,0.0,0.0,0.0,0.0,0.0,0.0,0.0,0.0,0.0,0.0,0.0,0.0
2026-04-22 18:00:00,0,484.0,2026-05-02 18:00:00,10 days 00:00:00,-7.13,59.22,1006.8,18.9,118.59616965775211,0.0,0.0,0.0,0.0,0.0,0.0,0.0,0.0,0.0,0.0,0.0,0.0
2026-04-22 18:00:00,0,484.0,2026-05-03 00:00:00,10 days 06:00:00,-7.3,58.93,1003.8,19.9,95.17065874686952,0.0,0.0,0.0,0.0,0.0,0.0,0.0,0.0,0.0,0.0,0.0,0.0
2026-04-22 18:00:00,0,484.0,2026-05-03 06:00:00,10 days 12:00:00,-7.79,58.73,1002.6,24.8,64.2865656941225,0.0,0.0,0.0,0.0,0.0,0.0,0.0,0.0,0.0,0.0,0.0,0.0
2026-04-22 18:00:00,0,484.0,2026-05-03 12:00:00,10 days 18:00:00,-7.25,58.13,1004.6,22.1,103.52228653995668,0.0,0.0,0.0,0.0,0.0,0.0,0.0,0.0,0.0,0.0,0.0,0.0
2026-04-22 18:00:00,0,484.0,2026-05-03 18:00:00,11 days 00:00:00,-8.26,57.81,1007.0,20.7,75.7515061475952,0.0,0.0,0.0,0.0,0.0,0.0,0.0,0.0,0.0,0.0,0.0,0.0
2026-04-22 18:00:00,0,484.0,2026-05-04 00:00:00,11 days 06:00:00,-8.6,57.79,1002.2,27.7,101.75079604572224,0.0,0.0,0.0,0.0,0.0,0.0,0.0,0.0,0.0,0.0,0.0,0.0
2026-04-22 18:00:00,0,484.0,2026-05-04 06:00:00,11 days 12:00:00,-9.08,57.62,1002.0,33.6,70.94657343700456,0.0,0.0,0.0,0.0,0.0,0.0,0.0,0.0,0.0,0.0,0.0,0.0
2026-04-22 18:00:00,0,484.0,2026-05-04 12:00:00,11 days 18:00:00,-9.64,58.35,994.1,45.3,60.28632124224046,200.69144407235677,195.02740731231967,167.15372835659144,170.77185694242607,0.0,0.0,0.0,0.0,0.0,0.0,0.0,0.0
2026-04-22 18:00:00,0,484.0,2026-05-04 18:00:00,12 days 00:00:00,-10.44,58.46,999.9,36.6,35.17887991886421,21.27486394845641,26.708905196286054,25.073178735258608,35.17887991886421,0.0,0.0,0.0,0.0,0.0,0.0,0.0,0.0
2026-04-22 18:00:00,0,484.0,2026-05-05 00:00:00,12 days 06:00:00,-11.14,58.36,991.4,45.7,76.09057828297635,290.9843862808184,291.7893824274847,278.4458909746828,249.12207249873404,0.0,0.0,0.0,0.0,0.0,0.0,0.0,0.0
2026-04-22 18:00:00,0,484.0,2026-05-05 06:00:00,12 days 12:00:00,-11.68,58.21,996.2,42.0,52.179853099587234,135.73765788137035,147.84804437879072,130.38936276581478,121.14239127598547,0.0,0.0,0.0,0.0,0.0,0.0,0.0,0.0
2026-04-22 18:00:00,0,484.0,2026-05-05 12:00:00,12 days 18:00:00,-12.05,58.5,990.4,57.9,0.0,117.02926560635046,121.1749573843308,104.84245965621726,94.5500497070868,42.41124504912477,37.72899957231442,27.884793566090323,29.317827949802265,0.0,0.0,0.0,0.0
2026-04-22 18:00:00,0,484.0,2026-05-05 18:00:00,13 days 00:00:00,-12.49,58.52,980.6,72.4,0.0,102.6894915984679,125.784089608835,149.8390747397525,99.85902055791516,46.16354975092469,43.71044093125761,39.41108432322468,39.26633110206549,0.169267521711744,0.5956238035682233,1.7326648311286348,0.0
2026-04-22 18:00:00,1,488.0,2026-05-04 12:00:00,11 days 18:00:00,6.15,62.5,1002.7,33.8,61.4359386545304,0.0,0.0,0.0,0.0,0.0,0.0,0.0,0.0,0.0,0.0,0.0,0.0
2026-04-22 18:00:00,1,488.0,2026-05-04 18:00:00,12 days 00:00:00,6.37,62.31,994.8,48.7,56.961146329666335,208.44981516177288,199.9906918286466,172.6000858431841,185.2928762727837,0.0,0.0,0.0,0.0,0.0,0.0,0.0,0.0
2026-04-22 18:00:00,1,488.0,2026-05-05 00:00:00,12 days 06:00:00,7.26,61.87,998.5,30.5,70.2625801628388,0.0,0.0,0.0,0.0,0.0,0.0,0.0,0.0,0.0,0.0,0.0,0.0
2026-04-22 18:00:00,1,488.0,2026-05-05 06:00:00,12 days 12:00:00,6.5,61.05,1005.2,22.1,119.08617668932942,0.0,0.0,0.0,0.0,0.0,0.0,0.0,0.0,0.0,0.0,0.0,0.0
2026-04-22 18:00:00,1,488.0,2026-05-05 12:00:00,12 days 18:00:00,7.62,59.96,1000.9,28.7,75.00801560922645,0.0,0.0,0.0,0.0,0.0,0.0,0.0,0.0,0.0,0.0,0.0,0.0
2026-04-22 18:00:00,1,488.0,2026-05-05 18:00:00,13 days 00:00:00,8.08,59.17,1000.6,30.8,70.35697462798238,0.0,0.0,0.0,0.0,0.0,0.0,0.0,0.0,0.0,0.0,0.0,0.0
2026-04-22 18:00:00,1,494.0,2026-05-03 12:00:00,10 days 18:00:00,33.32,-36.43,993.6,45.7,129.44698812775073,164.166786733079,134.89363469523755,120.70929199708183,146.540984999079,0.0,0.0,0.0,0.0,0.0,0.0,0.0,0.0
2026-04-22 18:00:00,1,494.0,2026-05-03 18:00:00,11 days 00:00:00,31.56,-35.24,988.9,44.7,144.11704771192666,0.0,0.0,144.11704771192666,0.0,0.0,0.0,0.0,0.0,0.0,0.0,0.0,0.0
2026-04-22 18:00:00,1,494.0,2026-05-04 00:00:00,11 days 06:00:00,31.93,-33.72,993.1,38.1,104.55843824903022,487.20972403401873,517.2902631688528,518.2543569325321,474.6776364159542,0.0,0.0,0.0,0.0,0.0,0.0,0.0,0.0
2026-04-22 18:00:00,1,494.0,2026-05-04 06:00:00,11 days 12:00:00,32.98,-31.99,992.5,43.8,145.45520530411673,261.9120662900152,245.0102993491046,196.6769172089115,204.03887468906697,0.0,0.0,0.0,0.0,0.0,0.0,0.0,0.0
2026-04-22 18:00:00,1,494.0,2026-05-04 12:00:00,11 days 18:00:00,34.09,-30.74,986.4,44.1,74.06374557299898,278.8226681511974,286.3136372371891,271.4123627391034,253.19650382218083,0.0,0.0,0.0,0.0,0.0,0.0,0.0,0.0
2026-04-22 18:00:00,1,494.0,2026-05-04 18:00:00,12 days 00:00:00,36.53,-29.88,988.1,41.0,172.9235576661041,31.05169083734725,172.9235576661041,22.51817293880837,23.5528488112398,0.0,0.0,0.0,0.0,0.0,0.0,0.0,0.0
2026-04-22 18:00:00,1,494.0,2026-05-05 00:00:00,12 days 06:00:00,37.34,-29.45,984.7,48.4,73.22139250337773,218.4289475900508,194.18093283940811,158.56165638766993,167.6000212911715,0.0,0.0,0.0,0.0,0.0,0.0,0.0,0.0
2026-04-22 18:00:00,1,494.0,2026-05-05 06:00:00,12 days 12:00:00,38.58,-30.5,986.2,39.4,33.74867578587139,123.16309430316386,92.68093414188412,84.35568779717168,102.99165637103944,0.0,0.0,0.0,0.0,0.0,0.0,0.0,0.0
2026-04-22 18:00:00,1,494.0,2026-05-05 12:00:00,12 days 18:00:00,38.75,-32.06,989.5,43.7,74.5378076387527,130.2794559155598,91.91776969680626,83.88279099120291,105.91267193600038,0.0,0.0,0.0,0.0,0.0,0.0,0.0,0.0
2026-04-22 18:00:00,1,494.0,2026-05-05 18:00:00,13 days 00:00:00,37.96,-33.15,991.4,37.4,138.03177314759205,138.03177314759205,12.184439998973517,10.768621221420972,16.158036052870386,0.0,0.0,0.0,0.0,0.0,0.0,0.0,0.0
2026-04-22 18:00:00,1,498.0,2026-05-01 18:00:00,9 days 00:00:00,9.76,135.44,1002.9,24.7,70.2597498511648,0.0,0.0,0.0,0.0,0.0,0.0,0.0,0.0,0.0,0.0,0.0,0.0
2026-04-22 18:00:00,1,498.0,2026-05-02 00:00:00,9 days 06:00:00,10.26,134.81,1001.9,35.1,132.89800210974917,132.89800210974917,3.5902354263351963,0.0,5.189315946692505,0.0,0.0,0.0,0.0,0.0,0.0,0.0,0.0
2026-04-22 18:00:00,1,498.0,2026-05-02 06:00:00,9 days 12:00:00,10.16,134.56,1004.6,19.6,84.16911889536512,0.0,0.0,0.0,0.0,0.0,0.0,0.0,0.0,0.0,0.0,0.0,0.0
2026-04-22 18:00:00,1,498.0,2026-05-02 12:00:00,9 days 18:00:00,10.59,133.72,1002.4,33.7,34.15455529315589,0.0,0.0,0.0,0.0,0.0,0.0,0.0,0.0,0.0,0.0,0.0,0.0
2026-04-22 18:00:00,1,498.0,2026-05-02 18:00:00,10 days 00:00:00,10.77,133.29,997.6,38.2,66.84016906246923,66.84016906246923,1.3644083833812637,0.0,1.164061623742544,0.0,0.0,0.0,0.0,0.0,0.0,0.0,0.0
2026-04-22 18:00:00,1,498.0,2026-05-03 00:00:00,10 days 06:00:00,10.57,132.73,989.5,50.1,37.70076569544828,118.24315208991293,96.35696174149707,70.89984856671424,95.84006784646328,0.8612337900600893,0.0,0.0,37.70076569544828,0.0,0.0,0.0,0.0
2026-04-22 18:00:00,1,498.0,2026-05-03 06:00:00,10 days 12:00:00,10.42,132.04,990.5,52.1,29.29457120669804,169.5059104750582,135.82285160216026,109.63561338437972,131.84444858299148,29.29457120669804,0.2846331415769556,0.0,0.4952305976302122,0.0,0.0,0.0,0.0
2026-04-22 18:00:00,1,498.0,2026-05-03 12:00:00,10 days 18:00:00,10.15,131.12,957.0,92.9,12.92706020262359,124.3255009448518,93.35215496250858,84.82438756521648,120.10806159800124,65.40641161659977,50.45443227372226,40.006513041995696,60.09528376169119,33.49162175291198,26.373085964499168,22.425933445556502,29.38755855212038
2026-04-22 18:00:00,1,498.0,2026-05-03 18:00:00,11 days 00:00:00,9.69,129.91,950.7,99.3,9.779021516245288,99.15429833178383,62.42910275254733,73.03438024398821,97.31906106988929,46.06774135596122,34.38447270572712,34.30098929296415,45.74543299505464,33.02778489004997,27.043060624481058,23.691969590185018,29.91421426671456
2026-04-22 18:00:00,1,498.0,2026-05-04 00:00:00,11 days 06:00:00,9.47,129.07,932.0,119.7,0.0,247.09813687324728,223.57927068871896,205.79913492295285,231.06945057244656,151.5511178213158,134.43938943034706,115.93219512822532,131.41524665592033,74.5560936057023,66.83454491040652,56.79414341246335,65.75895201034896
2026-04-22 18:00:00,1,498.0,2026-05-04 06:00:00,11 days 12:00:00,9.41,128.47,928.6,129.6,0.0,240.5555230492976,187.326192452868,191.8894165134558,246.40968663992163,135.95298607186191,119.68363347013188,110.86362772862802,130.82339037425857,71.17450376944899,64.2095838983345,55.96239945537097,65.07637461771566
2026-04-22 18:00:00,1,498.0,2026-05-04 12:00:00,11 days 18:00:00,8.9,127.13,961.7,93.4,10.139048489999295,111.9509441216304,98.65167518698576,100.32480273352596,123.6965664342716,79.17289142485322,69.14742088830971,62.25302193931931,69.51781841833281,48.25967608736001,43.6113180011988,38.37579499912081,43.623574983100056
2026-04-22 18:00:00,1,498.0,2026-05-04 18:00:00,12 days 00:00:00,8.54,125.55,966.7,82.9,37.66367394107075,136.31194266770055,111.96780490912134,112.08354176357992,119.62501679524183,54.90752993165715,48.715385451575,44.50748980849319,53.062096935811454,37.66367394107075,30.056500077038606,25.841727320769287,30.053463402046624
2026-04-22 18:00:00,1,498.0,2026-05-05 00:00:00,12 days 06:00:00,8.71,124.56,966.9,89.7,29.63348589870176,103.03207452129584,70.38091159577822,66.84179298557534,87.02963501565768,33.819441386824664,26.06027972710188,23.94675591187248,36.25725581784586,29.63348589870176,26.06027972710188,20.922627836854176,26.151695442684943
2026-04-22 18:00:00,1,498.0,2026-05-05 06:00:00,12 days 12:00:00,8.82,122.97,967.9,84.0,16.32553542302753,116.0023793038352,102.14203387650878,121.87846907700089,124.67515772948671,74.58665353395446,70.68883674557395,67.82874462864604,70.06807542620845,40.2341607171993,37.47644354073404,33.77785137954848,36.70829213930858
2026-04-22 18:00:00,1,498.0,2026-05-05 12:00:00,12 days 18:00:00,8.63,122.24,972.8,82.4,38.24985739023808,196.00562747784176,143.45127445884543,123.28136609918826,206.75057525924137,94.64368714537876,66.56238991980146,53.04579040296671,84.82420624219112,38.24985739023808,30.022418944738217,23.3655964757232,32.71335259584469
2026-04-22 18:00:00,1,498.0,2026-05-05 18:00:00,13 days 00:00:00,8.78,120.53,969.6,84.9,28.81702818172647,128.5739525329712,94.1185324631603,65.67763763951982,110.56369762718664,65.17944445057921,46.95614402909115,32.16854357171488,51.538861635391925,28.81702818172647,15.808913816113431,11.683441152799231,17.410544475813467
2026-04-22 18:00:00,4,501.0,2026-05-04 12:00:00,11 days 18:00:00,-8.37,65.59,1007.5,16.3,71.47111888729012,0.0,0.0,0.0,0.0,0.0,0.0,0.0,0.0,0.0,0.0,0.0,0.0
2026-04-22 18:00:00,4,501.0,2026-05-04 18:00:00,12 days 00:00:00,-8.65,65.57,1004.7,19.6,131.5969834414513,0.0,0.0,0.0,0.0,0.0,0.0,0.0,0.0,0.0,0.0,0.0,0.0
2026-04-22 18:00:00,4,501.0,2026-05-05 00:00:00,12 days 06:00:00,-8.72,67.08,1001.1,26.3,72.1369152134578,0.0,0.0,0.0,0.0,0.0,0.0,0.0,0.0,0.0,0.0,0.0,0.0
2026-04-22 18:00:00,4,501.0,2026-05-05 06:00:00,12 days 12:00:00,-9.07,66.91,1005.2,30.0,69.52427208743103,0.0,0.0,0.0,0.0,0.0,0.0,0.0,0.0,0.0,0.0,0.0,0.0
2026-04-22 18:00:00,4,501.0,2026-05-05 12:00:00,12 days 18:00:00,-9.27,67.03,1002.4,26.1,117.02927396748773,0.0,0.0,0.0,0.0,0.0,0.0,0.0,0.0,0.0,0.0,0.0,0.0
2026-04-22 18:00:00,4,501.0,2026-05-05 18:00:00,13 days 00:00:00,-9.18,67.12,997.4,30.9,77.91678097165868,0.0,0.0,0.0,0.0,0.0,0.0,0.0,0.0,0.0,0.0,0.0,0.0
2026-04-22 18:00:00,0,502.0,2026-05-03 12:00:00,10 days 18:00:00,-7.82,68.77,1006.9,20.4,136.98430418260105,0.0,0.0,0.0,0.0,0.0,0.0,0.0,0.0,0.0,0.0,0.0,0.0
2026-04-22 18:00:00,0,502.0,2026-05-03 18:00:00,11 days 00:00:00,-7.83,69.1,1007.1,21.4,135.29849027024633,0.0,0.0,0.0,0.0,0.0,0.0,0.0,0.0,0.0,0.0,0.0,0.0
2026-04-22 18:00:00,0,502.0,2026-05-04 00:00:00,11 days 06:00:00,-8.61,69.56,1004.7,20.5,85.91934184489257,0.0,0.0,0.0,0.0,0.0,0.0,0.0,0.0,0.0,0.0,0.0,0.0
2026-04-22 18:00:00,0,502.0,2026-05-04 06:00:00,11 days 12:00:00,-9.48,69.54,1006.4,18.0,138.13125776298136,0.0,0.0,0.0,0.0,0.0,0.0,0.0,0.0,0.0,0.0,0.0,0.0
2026-04-22 18:00:00,0,502.0,2026-05-04 12:00:00,11 days 18:00:00,-9.93,69.74,996.8,35.2,77.59889039908242,2.8758476644242856,0.0163859473647687,0.0,77.59889039908242,0.0,0.0,0.0,0.0,0.0,0.0,0.0,0.0
2026-04-22 18:00:00,0,502.0,2026-05-04 18:00:00,12 days 00:00:00,-10.4,70.53,992.7,47.5,34.53348448577289,68.6338467526512,65.26768421001837,66.44588006641399,68.97561311399878,0.0,0.0,0.0,0.0,0.0,0.0,0.0,0.0
2026-04-22 18:00:00,0,502.0,2026-05-05 00:00:00,12 days 06:00:00,-10.84,70.74,994.1,42.1,78.31178370090913,130.58258149721198,132.93912901084397,106.18843110804868,112.19244641632896,0.0,0.0,0.0,0.0,0.0,0.0,0.0,0.0
2026-04-22 18:00:00,0,502.0,2026-05-05 06:00:00,12 days 12:00:00,-11.18,70.68,988.4,53.8,28.327232925475897,95.78619071472372,106.40016683001414,85.77627928763849,83.86055222492337,28.327232925475897,11.40639480027675,9.2960395527586,7.798407537303476,0.0,0.0,0.0,0.0
2026-04-22 18:00:00,0,502.0,2026-05-05 12:00:00,12 days 18:00:00,-11.51,70.89,976.2,67.4,19.29713874032385,133.80664065639746,123.6939886846944,114.15321033460852,118.4344441319656,72.99700909852078,67.55811405263,56.55736358605824,61.88060811063062,36.27194960565457,32.095250281139265,26.96730203672169,29.589912169289796
2026-04-22 18:00:00,0,502.0,2026-05-05 18:00:00,13 days 00:00:00,-11.91,70.48,958.6,90.4,23.371720707671106,113.36309059008526,134.44519471684902,135.6026168812678,98.52694277997624,61.37240387780435,66.8859655762367,65.85891603019245,56.272031284332485,34.36483580207606,36.29864870310538,32.53615541090823,30.942241209671952
2026-04-22 18:00:00,1,503.0,2026-05-02 18:00:00,10 days 00:00:00,-8.86,61.97,1003.2,24.0,71.99270182745589,0.0,0.0,0.0,0.0,0.0,0.0,0.0,0.0,0.0,0.0,0.0,0.0
2026-04-22 18:00:00,1,503.0,2026-05-03 00:00:00,10 days 06:00:00,-9.19,61.13,1000.8,29.7,106.85287787259178,0.0,0.0,0.0,0.0,0.0,0.0,0.0,0.0,0.0,0.0,0.0,0.0
2026-04-22 18:00:00,1,503.0,2026-05-03 06:00:00,10 days 12:00:00,-10.06,60.5,996.6,45.6,55.22483589460579,110.50881990738152,116.89689353993175,94.87201784513368,91.9388797061479,0.0,0.0,0.0,0.0,0.0,0.0,0.0,0.0
2026-04-22 18:00:00,1,503.0,2026-05-03 12:00:00,10 days 18:00:00,-10.26,60.07,997.0,35.9,69.47600828650666,69.47600828650666,3.5094095798634903,0.1672057308789591,1.4463445761445015,0.0,0.0,0.0,0.0,0.0,0.0,0.0,0.0
2026-04-22 18:00:00,1,503.0,2026-05-03 18:00:00,11 days 00:00:00,-10.5,59.81,995.0,38.0,111.49189138849252,187.3025392034762,190.53235799982068,161.16429875389224,159.70547589036215,0.0,0.0,0.0,0.0,0.0,0.0,0.0,0.0
2026-04-22 18:00:00,1,503.0,2026-05-04 00:00:00,11 days 06:00:00,-11.09,59.95,991.9,46.8,72.80880648119813,246.17866989255015,251.3362034214254,221.4224360023002,205.12696515642935,0.0,0.0,0.0,0.0,0.0,0.0,0.0,0.0
2026-04-22 18:00:00,1,503.0,2026-05-04 06:00:00,11 days 12:00:00,-11.83,59.47,986.6,54.7,53.46719769135595,280.9571011384662,280.0235069416859,237.2719956376517,241.88550933930577,106.86715132960228,98.47280508443492,79.10142595725407,87.0108630607155,0.0,0.0,0.0,0.0
2026-04-22 18:00:00,1,503.0,2026-05-04 12:00:00,11 days 18:00:00,-12.23,58.96,987.5,55.2,42.05198778992007,250.7155923797992,270.22478102966005,230.09743265607543,210.98924542363585,47.17456750656286,45.67542536293054,32.811906488266246,37.004947323499856,0.0,0.0,0.0,0.0
2026-04-22 18:00:00,1,503.0,2026-05-04 18:00:00,12 days 00:00:00,-12.69,58.67,971.3,76.6,32.70228835835613,195.2656271818984,254.7267980753809,243.5501224504184,177.13675018627376,125.57814537911368,143.9793173414051,127.3378687385728,112.7243533548102,82.17138563583569,84.85781505789421,73.61006710133665,71.19963629777484
2026-04-22 18:00:00,1,503.0,2026-05-05 00:00:00,12 days 06:00:00,-13.15,58.49,975.1,71.3,32.00432417946837,220.01997591581747,245.4705194327422,219.1712269400067,179.3911716351372,137.86862853452217,148.1813466815908,125.95106344818124,117.92957001562988,80.77079080245792,83.03535821015149,71.65592967235376,69.05253410356745
2026-04-22 18:00:00,1,503.0,2026-05-05 06:00:00,12 days 12:00:00,-13.55,58.21,969.7,82.7,39.61470927539981,193.26497617932165,249.84471071174863,218.71213930096465,158.82620333064028,114.62914585373328,128.93056435469617,115.5431998869576,96.85114581385795,71.9528162698033,76.0303999879172,65.32258601190634,62.07235587007538
2026-04-22 18:00:00,1,503.0,2026-05-05 12:00:00,12 days 18:00:00,-13.92,58.28,956.5,93.9,27.35386707090093,246.2473080810008,275.2809876336796,249.9074663737404,211.36316198037497,130.75722105923492,138.92201689817148,122.60967350805277,113.21554524627642,70.6696622076432,74.27107419398399,63.83006597487477,61.90190379823055
2026-04-22 18:00:00,1,503.0,2026-05-05 18:00:00,13 days 00:00:00,-14.14,58.26,934.7,114.1,41.559731453499154,179.60204311299944,201.98659806170605,249.820047795164,165.78446156418633,108.31780616878524,111.50781181876098,117.60663490881552,106.9244437170583,78.9389955169971,79.51810296488469,70.57960064599636,72.71273028914807
2026-04-22 18:00:00,4,512.0,2026-05-04 00:00:00,11 days 06:00:00,6.29,146.78,1006.9,17.9,99.88288861223828,0.0,0.0,0.0,0.0,0.0,0.0,0.0,0.0,0.0,0.0,0.0,0.0
2026-04-22 18:00:00,4,512.0,2026-05-04 06:00:00,11 days 12:00:00,6.7,146.5,1004.2,21.9,107.4491706810416,0.0,0.0,0.0,0.0,0.0,0.0,0.0,0.0,0.0,0.0,0.0,0.0
2026-04-22 18:00:00,4,512.0,2026-05-04 12:00:00,11 days 18:00:00,6.37,145.58,1008.2,18.2,43.20327319660089,0.0,0.0,0.0,0.0,0.0,0.0,0.0,0.0,0.0,0.0,0.0,0.0
2026-04-22 18:00:00,4,512.0,2026-05-04 18:00:00,12 days 00:00:00,6.67,145.36,1007.7,18.4,96.12843909768502,0.0,0.0,0.0,0.0,0.0,0.0,0.0,0.0,0.0,0.0,0.0,0.0
2026-04-22 18:00:00,4,512.0,2026-05-05 00:00:00,12 days 06:00:00,6.44,144.72,1004.4,22.3,121.26971909002432,0.0,0.0,0.0,0.0,0.0,0.0,0.0,0.0,0.0,0.0,0.0,0.0
2026-04-22 18:00:00,4,512.0,2026-05-05 06:00:00,12 days 12:00:00,6.61,143.6,1005.3,20.0,108.83822397198767,0.0,0.0,0.0,0.0,0.0,0.0,0.0,0.0,0.0,0.0,0.0,0.0
2026-04-22 18:00:00,4,512.0,2026-05-05 12:00:00,12 days 18:00:00,6.96,142.94,1003.7,30.6,69.50567712764901,0.0,0.0,0.0,0.0,0.0,0.0,0.0,0.0,0.0,0.0,0.0,0.0
2026-04-22 18:00:00,4,512.0,2026-05-05 18:00:00,13 days 00:00:00,7.52,142.54,997.1,39.5,60.716160807659605,0.0,0.5595752110322412,60.716160807659605,0.5745442737741335,0.0,0.0,0.0,0.0,0.0,0.0,0.0,0.0
2026-04-22 18:00:00,1,515.0,2026-05-03 00:00:00,10 days 06:00:00,8.87,130.96,1007.9,15.0,76.49328075253189,0.0,0.0,0.0,0.0,0.0,0.0,0.0,0.0,0.0,0.0,0.0,0.0
2026-04-22 18:00:00,1,515.0,2026-05-03 06:00:00,10 days 12:00:00,8.67,129.67,1006.0,18.4,125.89487723320276,0.0,0.0,0.0,0.0,0.0,0.0,0.0,0.0,0.0,0.0,0.0,0.0
2026-04-22 18:00:00,1,515.0,2026-05-03 12:00:00,10 days 18:00:00,8.74,128.68,1003.1,21.2,87.00792357252776,0.0,0.0,0.0,0.0,0.0,0.0,0.0,0.0,0.0,0.0,0.0,0.0
2026-04-22 18:00:00,1,515.0,2026-05-03 18:00:00,11 days 00:00:00,9.3,128.04,1006.9,19.3,128.75739383823685,0.0,0.0,0.0,0.0,0.0,0.0,0.0,0.0,0.0,0.0,0.0,0.0
2026-04-22 18:00:00,1,515.0,2026-05-04 00:00:00,11 days 06:00:00,9.52,126.08,1001.4,31.7,38.70058132904664,0.0,0.0,0.0,0.0,0.0,0.0,0.0,0.0,0.0,0.0,0.0,0.0
2026-04-22 18:00:00,1,515.0,2026-05-04 06:00:00,11 days 12:00:00,10.22,125.24,1004.6,16.5,73.95392426826263,0.0,0.0,0.0,0.0,0.0,0.0,0.0,0.0,0.0,0.0,0.0,0.0
2026-04-22 18:00:00,1,515.0,2026-05-04 12:00:00,11 days 18:00:00,10.04,124.09,1009.4,19.2,103.98730558268107,0.0,0.0,0.0,0.0,0.0,0.0,0.0,0.0,0.0,0.0,0.0,0.0
2026-04-22 18:00:00,1,515.0,2026-05-04 18:00:00,12 days 00:00:00,10.89,122.58,1004.0,17.8,51.88899868277812,0.0,0.0,0.0,0.0,0.0,0.0,0.0,0.0,0.0,0.0,0.0,0.0
2026-04-22 18:00:00,1,515.0,2026-05-05 00:00:00,12 days 06:00:00,11.3,121.43,1001.4,25.7,63.34330896329429,0.0,0.0,0.0,0.0,0.0,0.0,0.0,0.0,0.0,0.0,0.0,0.0
2026-04-22 18:00:00,1,515.0,2026-05-05 06:00:00,12 days 12:00:00,11.34,119.21,1001.7,30.6,73.6098712770302,0.0,0.0,0.0,0.0,0.0,0.0,0.0,0.0,0.0,0.0,0.0,0.0
2026-04-22 18:00:00,1,515.0,2026-05-05 12:00:00,12 days 18:00:00,12.05,117.41,998.9,35.6,91.61530277015596,91.61530277015596,0.0,0.5251469911864923,0.9983545026611758,0.0,0.0,0.0,0.0,0.0,0.0,0.0,0.0
2026-04-22 18:00:00,1,515.0,2026-05-05 18:00:00,13 days 00:00:00,12.11,116.49,998.8,30.7,55.54053048420498,0.0,0.0,0.0,0.0,0.0,0.0,0.0,0.0,0.0,0.0,0.0,0.0
2026-04-22 18:00:00,2,516.0,2026-05-03 06:00:00,10 days 12:00:00,-7.48,53.16,1004.2,21.9,60.68490997793056,0.0,0.0,0.0,0.0,0.0,0.0,0.0,0.0,0.0,0.0,0.0,0.0
2026-04-22 18:00:00,2,516.0,2026-05-03 12:00:00,10 days 18:00:00,-7.19,52.24,1006.4,22.0,35.92337244226032,0.0,0.0,0.0,0.0,0.0,0.0,0.0,0.0,0.0,0.0,0.0,0.0
2026-04-22 18:00:00,2,516.0,2026-05-03 18:00:00,11 days 00:00:00,-7.51,50.86,1002.4,30.4,56.98059216971457,0.0,0.0,0.0,0.0,0.0,0.0,0.0,0.0,0.0,0.0,0.0,0.0
2026-04-22 18:00:00,2,516.0,2026-05-04 00:00:00,11 days 06:00:00,-7.81,49.65,1003.8,26.3,58.55716427133541,0.0,0.0,0.0,0.0,0.0,0.0,0.0,0.0,0.0,0.0,0.0,0.0
2026-04-22 18:00:00,2,516.0,2026-05-04 06:00:00,11 days 12:00:00,-7.65,49.4,1004.7,29.6,51.78385480198243,0.0,0.0,0.0,0.0,0.0,0.0,0.0,0.0,0.0,0.0,0.0,0.0
2026-04-22 18:00:00,2,516.0,2026-05-04 12:00:00,11 days 18:00:00,-8.11,49.3,1000.8,36.5,65.7889603955839,4.4374013684626,17.297842537929636,65.7889603955839,15.044564215674736,0.0,0.0,0.0,0.0,0.0,0.0,0.0,0.0
2026-04-22 18:00:00,2,516.0,2026-05-04 18:00:00,12 days 00:00:00,-8.29,48.75,999.2,46.1,41.3532953008059,54.4084245224627,47.2311501053804,61.56285813321063,51.24419840552535,0.0,0.0,0.0,0.0,0.0,0.0,0.0,0.0
2026-04-22 18:00:00,2,516.0,2026-05-05 00:00:00,12 days 06:00:00,-8.27,48.64,992.1,59.6,40.50743824238044,263.8654712688249,270.64948885828795,248.9532479826228,228.2688013788585,0.0,0.2421351140499794,40.50743824238044,0.0,0.0,0.0,0.0,0.0
2026-04-22 18:00:00,2,516.0,2026-05-05 06:00:00,12 days 12:00:00,-8.41,48.61,982.6,64.9,22.83085461647312,58.70912512495445,77.86183241168985,91.3411760652713,52.25060985786474,31.636932408781615,28.19250633479833,23.174367922333,23.76925197409252,22.83085461647312,0.0,0.0,0.0
2026-04-22 18:00:00,2,516.0,2026-05-05 12:00:00,12 days 18:00:00,-7.56,49.02,1004.7,26.8,82.27587202541481,0.0,0.0,0.0,0.0,0.0,0.0,0.0,0.0,0.0,0.0,0.0,0.0
2026-04-22 18:00:00,2,516.0,2026-05-05 18:00:00,13 days 00:00:00,-7.24,48.76,1006.1,27.6,34.05125430829923,0.0,0.0,0.0,0.0,0.0,0.0,0.0,0.0,0.0,0.0,0.0,0.0
2026-04-22 18:00:00,5,524.0,2026-05-02 12:00:00,9 days 18:00:00,10.56,129.12,1010.7,12.6,106.260025257326,0.0,0.0,0.0,0.0,0.0,0.0,0.0,0.0,0.0,0.0,0.0,0.0
2026-04-22 18:00:00,5,524.0,2026-05-02 18:00:00,10 days 00:00:00,10.42,127.73,999.9,38.0,16.38383037140882,0.0,2.020645423011457,16.38383037140882,2.209083902889286,0.0,0.0,0.0,0.0,0.0,0.0,0.0,0.0
2026-04-22 18:00:00,5,524.0,2026-05-03 00:00:00,10 days 06:00:00,10.12,126.6,1003.4,27.3,102.22647772467984,0.0,0.0,0.0,0.0,0.0,0.0,0.0,0.0,0.0,0.0,0.0,0.0
2026-04-22 18:00:00,5,524.0,2026-05-03 06:00:00,10 days 12:00:00,10.78,125.12,1004.5,20.7,76.99165810743891,0.0,0.0,0.0,0.0,0.0,0.0,0.0,0.0,0.0,0.0,0.0,0.0
2026-04-22 18:00:00,5,524.0,2026-05-03 12:00:00,10 days 18:00:00,11.37,124.84,1005.6,26.0,49.61736275989784,0.0,0.0,0.0,0.0,0.0,0.0,0.0,0.0,0.0,0.0,0.0,0.0
2026-04-22 18:00:00,5,524.0,2026-05-03 18:00:00,11 days 00:00:00,11.44,123.42,1005.8,22.2,74.86947619782025,0.0,0.0,0.0,0.0,0.0,0.0,0.0,0.0,0.0,0.0,0.0,0.0
2026-04-22 18:00:00,5,524.0,2026-05-04 00:00:00,11 days 06:00:00,11.37,122.75,1005.0,24.0,73.55463211806384,0.0,0.0,0.0,0.0,0.0,0.0,0.0,0.0,0.0,0.0,0.0,0.0
2026-04-22 18:00:00,5,524.0,2026-05-04 06:00:00,11 days 12:00:00,11.8,121.26,1003.6,27.3,45.75518034112116,0.0,0.0,0.0,0.0,0.0,0.0,0.0,0.0,0.0,0.0,0.0,0.0
2026-04-22 18:00:00,5,524.0,2026-05-04 12:00:00,11 days 18:00:00,11.7,119.98,1003.1,27.3,56.92299565078542,0.0,0.0,0.0,0.0,0.0,0.0,0.0,0.0,0.0,0.0,0.0,0.0
2026-04-22 18:00:00,5,524.0,2026-05-04 18:00:00,12 days 00:00:00,11.92,118.8,1001.0,32.7,88.46287218376244,0.0,0.0,0.0,0.0,0.0,0.0,0.0,0.0,0.0,0.0,0.0,0.0
2026-04-22 18:00:00,5,524.0,2026-05-05 00:00:00,12 days 06:00:00,12.26,117.43,1002.0,37.7,44.87440862265297,51.75443844938926,37.2385362184186,13.37430934917678,37.76047459122651,0.0,0.0,0.0,0.0,0.0,0.0,0.0,0.0
2026-04-22 18:00:00,5,524.0,2026-05-05 06:00:00,12 days 12:00:00,12.7,116.51,1001.7,41.4,60.415312953970734,60.415312953970734,25.49980470759879,7.336608329007985,26.17488581794266,0.0,0.0,0.0,0.0,0.0,0.0,0.0,0.0
2026-04-22 18:00:00,5,524.0,2026-05-05 12:00:00,12 days 18:00:00,12.72,115.58,999.0,32.6,57.31074792086667,0.0,0.0,0.0,0.0,0.0,0.0,0.0,0.0,0.0,0.0,0.0,0.0
2026-04-22 18:00:00,5,524.0,2026-05-05 18:00:00,13 days 00:00:00,12.71,114.51,971.9,78.1,5.818213141607259,109.5339573512491,102.76743710878866,83.4460339678173,92.07640532854931,40.653621503691696,31.056630842954544,21.48894577515922,29.791781188335897,5.818213141607259,0.0,0.0,0.5692311552394507
2026-04-22 18:00:00,6,526.0,2026-05-04 06:00:00,11 days 12:00:00,-8.32,59.2,1002.6,20.3,96.1025704720822,0.0,0.0,0.0,0.0,0.0,0.0,0.0,0.0,0.0,0.0,0.0,0.0
2026-04-22 18:00:00,6,526.0,2026-05-04 12:00:00,11 days 18:00:00,-8.0,59.85,998.4,29.0,78.30686005929917,0.0,0.0,0.0,0.0,0.0,0.0,0.0,0.0,0.0,0.0,0.0,0.0
2026-04-22 18:00:00,6,526.0,2026-05-04 18:00:00,12 days 00:00:00,-8.0,58.29,1004.7,22.1,91.1098681061635,0.0,0.0,0.0,0.0,0.0,0.0,0.0,0.0,0.0,0.0,0.0,0.0
2026-04-22 18:00:00,6,526.0,2026-05-05 00:00:00,12 days 06:00:00,-8.5,58.24,1000.4,26.6,62.99560483104209,0.0,0.0,0.0,0.0,0.0,0.0,0.0,0.0,0.0,0.0,0.0,0.0
2026-04-22 18:00:00,6,526.0,2026-05-05 06:00:00,12 days 12:00:00,-8.29,57.33,1000.6,28.6,60.259959033101694,0.0,0.0,0.0,0.0,0.0,0.0,0.0,0.0,0.0,0.0,0.0,0.0
2026-04-22 18:00:00,6,526.0,2026-05-05 12:00:00,12 days 18:00:00,-7.9,56.35,993.0,42.9,63.375323650577386,63.68862755885324,63.82511203975065,49.59274417099344,55.23045466655226,0.0,0.0,0.0,0.0,0.0,0.0,0.0,0.0
2026-04-22 18:00:00,6,526.0,2026-05-05 18:00:00,13 days 00:00:00,-8.38,55.4,997.1,38.7,71.00937072901486,138.1519480675159,138.75669044148643,129.86586685722915,125.12509493394214,0.0,0.0,0.0,0.0,0.0,0.0,0.0,0.0
2026-04-22 18:00:00,1,528.0,2026-05-02 18:00:00,10 days 00:00:00,8.41,151.95,1007.0,12.8,92.2896561156521,0.0,0.0,0.0,0.0,0.0,0.0,0.0,0.0,0.0,0.0,0.0,0.0
2026-04-22 18:00:00,1,528.0,2026-05-03 00:00:00,10 days 06:00:00,9.05,150.72,1006.3,16.7,115.54476023137316,0.0,0.0,0.0,0.0,0.0,0.0,0.0,0.0,0.0,0.0,0.0,0.0
2026-04-22 18:00:00,1,528.0,2026-05-03 06:00:00,10 days 12:00:00,8.99,150.26,1002.9,21.9,130.87686642281216,0.0,0.0,0.0,0.0,0.0,0.0,0.0,0.0,0.0,0.0,0.0,0.0
2026-04-22 18:00:00,1,528.0,2026-05-03 12:00:00,10 days 18:00:00,8.82,149.76,1007.4,17.7,86.68646885364174,0.0,0.0,0.0,0.0,0.0,0.0,0.0,0.0,0.0,0.0,0.0,0.0
2026-04-22 18:00:00,1,528.0,2026-05-03 18:00:00,11 days 00:00:00,9.16,149.11,1007.3,18.4,93.51365126242877,0.0,0.0,0.0,0.0,0.0,0.0,0.0,0.0,0.0,0.0,0.0,0.0
2026-04-22 18:00:00,1,528.0,2026-05-04 00:00:00,11 days 06:00:00,9.34,148.24,1003.7,23.3,88.35739949452001,0.0,0.0,0.0,0.0,0.0,0.0,0.0,0.0,0.0,0.0,0.0,0.0
2026-04-22 18:00:00,1,528.0,2026-05-04 06:00:00,11 days 12:00:00,9.55,147.66,1005.2,22.4,103.954523872956,0.0,0.0,0.0,0.0,0.0,0.0,0.0,0.0,0.0,0.0,0.0,0.0
2026-04-22 18:00:00,1,528.0,2026-05-04 12:00:00,11 days 18:00:00,10.2,146.41,1005.8,20.5,108.5736531847346,0.0,0.0,0.0,0.0,0.0,0.0,0.0,0.0,0.0,0.0,0.0,0.0
2026-04-22 18:00:00,1,528.0,2026-05-04 18:00:00,12 days 00:00:00,10.56,145.69,1005.0,29.1,80.9812578161837,0.0,0.0,0.0,0.0,0.0,0.0,0.0,0.0,0.0,0.0,0.0,0.0
2026-04-22 18:00:00,1,528.0,2026-05-05 00:00:00,12 days 06:00:00,10.42,145.1,999.9,39.4,49.74487117097279,49.74487117097279,5.614151943561432,4.230054634199395,4.683033715212062,0.0,0.0,0.0,0.0,0.0,0.0,0.0,0.0
2026-04-22 18:00:00,1,528.0,2026-05-05 06:00:00,12 days 12:00:00,10.97,144.23,1001.2,34.1,93.5657393753762,2.6712629247602786,1.5944617644809735,1.9559057662098416,93.5657393753762,0.0,0.0,0.0,0.0,0.0,0.0,0.0,0.0
2026-04-22 18:00:00,1,528.0,2026-05-05 12:00:00,12 days 18:00:00,10.71,143.16,1001.9,34.4,43.8215469610425,43.8215469610425,0.0,0.1178958197690605,0.0220520994459079,0.0,0.0,0.0,0.0,0.0,0.0,0.0,0.0
2026-04-22 18:00:00,1,528.0,2026-05-05 18:00:00,13 days 00:00:00,11.11,142.32,1003.9,28.1,42.29423434188149,0.0,0.0,0.0,0.0,0.0,0.0,0.0,0.0,0.0,0.0,0.0,0.0
2026-04-22 18:00:00,0,530.0,2026-05-04 00:00:00,11 days 06:00:00,-8.55,67.92,1004.8,24.7,137.4206098166658,0.0,0.0,0.0,0.0,0.0,0.0,0.0,0.0,0.0,0.0,0.0,0.0
2026-04-22 18:00:00,0,530.0,2026-05-04 06:00:00,11 days 12:00:00,-9.34,68.4,1005.6,17.9,126.75881869297604,0.0,0.0,0.0,0.0,0.0,0.0,0.0,0.0,0.0,0.0,0.0,0.0
2026-04-22 18:00:00,0,530.0,2026-05-04 12:00:00,11 days 18:00:00,-8.64,67.69,1009.3,13.9,109.46910137341428,0.0,0.0,0.0,0.0,0.0,0.0,0.0,0.0,0.0,0.0,0.0,0.0
2026-04-22 18:00:00,0,530.0,2026-05-04 18:00:00,12 days 00:00:00,-9.17,66.7,1001.0,25.5,118.76771326506824,0.0,0.0,0.0,0.0,0.0,0.0,0.0,0.0,0.0,0.0,0.0,0.0
2026-04-22 18:00:00,0,530.0,2026-05-05 00:00:00,12 days 06:00:00,-9.24,66.94,1002.5,23.9,56.173454463656725,0.0,0.0,0.0,0.0,0.0,0.0,0.0,0.0,0.0,0.0,0.0,0.0
2026-04-22 18:00:00,0,530.0,2026-05-05 06:00:00,12 days 12:00:00,-9.44,66.7,997.7,31.8,68.82297423153659,0.0,0.0,0.0,0.0,0.0,0.0,0.0,0.0,0.0,0.0,0.0,0.0
2026-04-22 18:00:00,0,530.0,2026-05-05 12:00:00,12 days 18:00:00,-10.14,66.46,994.0,42.0,58.9021097019002,58.9021097019002,28.585547477214423,25.05735144413953,19.134864721946272,0.0,0.0,0.0,0.0,0.0,0.0,0.0,0.0
2026-04-22 18:00:00,0,530.0,2026-05-05 18:00:00,13 days 00:00:00,-10.51,66.21,991.2,46.2,88.23940053842057,179.96388645778325,185.87683315982625,156.3027070418516,150.32290422068763,0.0,0.0,0.0,0.0,0.0,0.0,0.0,0.0
2026-04-22 18:00:00,3,532.0,2026-05-03 18:00:00,11 days 00:00:00,7.48,150.03,1007.3,21.8,78.02487797405456,0.0,0.0,0.0,0.0,0.0,0.0,0.0,0.0,0.0,0.0,0.0,0.0
2026-04-22 18:00:00,3,532.0,2026-05-04 00:00:00,11 days 06:00:00,8.19,150.37,1002.5,25.3,63.6017286371218,0.0,0.0,0.0,0.0,0.0,0.0,0.0,0.0,0.0,0.0,0.0,0.0
2026-04-22 18:00:00,3,532.0,2026-05-04 06:00:00,11 days 12:00:00,8.28,150.25,999.1,41.5,43.212779147207925,43.212779147207925,20.72277598901387,9.03826921857911,31.6762534726006,0.0,0.0,0.0,0.0,0.0,0.0,0.0,0.0
2026-04-22 18:00:00,3,532.0,2026-05-04 12:00:00,11 days 18:00:00,7.54,149.69,1002.6,30.9,54.56342283745228,0.0,0.0,0.0,0.0,0.0,0.0,0.0,0.0,0.0,0.0,0.0,0.0
2026-04-22 18:00:00,3,532.0,2026-05-04 18:00:00,12 days 00:00:00,8.16,148.66,999.9,41.5,91.79726662015408,249.0444845211556,231.21540406173276,196.96441284488697,214.43528690511576,0.0,0.0,0.0,0.0,0.0,0.0,0.0,0.0
2026-04-22 18:00:00,3,532.0,2026-05-05 00:00:00,12 days 06:00:00,8.44,148.23,996.2,38.5,33.159908220838844,33.159908220838844,14.46347761496979,13.579414559634248,17.936141927877145,0.0,0.0,0.0,0.0,0.0,0.0,0.0,0.0
2026-04-22 18:00:00,3,532.0,2026-05-05 06:00:00,12 days 12:00:00,8.58,147.1,998.0,47.4,56.83121795711713,164.95048658615656,139.6266770671466,94.77280086476368,131.5910879078158,0.0,0.0,0.0,0.0,0.0,0.0,0.0,0.0
2026-04-22 18:00:00,3,532.0,2026-05-05 12:00:00,12 days 18:00:00,9.17,146.26,996.0,47.4,51.12203852859611,92.84941865006212,75.79751606035019,55.150086331361024,74.93449437507351,0.0,0.0,0.0,0.0,0.0,0.0,0.0,0.0
2026-04-22 18:00:00,3,532.0,2026-05-05 18:00:00,13 days 00:00:00,9.52,144.86,988.6,59.3,41.53424761264901,175.04928371523886,148.60745184634894,112.21218497321009,144.04668302230152,65.55361583699485,53.300202380103286,36.51569207759818,47.7899802332691,0.0,0.0,0.0,0.0
2026-04-22 18:00:00,3,535.0,2026-05-04 00:00:00,11 days 06:00:00,-8.09,51.46,1005.8,21.3,72.44005683819444,0.0,0.0,0.0,0.0,0.0,0.0,0.0,0.0,0.0,0.0,0.0,0.0
2026-04-22 18:00:00,3,535.0,2026-05-04 06:00:00,11 days 12:00:00,-8.52,50.28,1001.7,30.7,47.82587904040352,0.0,0.0,0.0,0.0,0.0,0.0,0.0,0.0,0.0,0.0,0.0,0.0
2026-04-22 18:00:00,3,535.0,2026-05-04 12:00:00,11 days 18:00:00,-7.95,49.66,1003.7,24.5,91.01113772633852,0.0,0.0,0.0,0.0,0.0,0.0,0.0,0.0,0.0,0.0,0.0,0.0
2026-04-22 18:00:00,3,535.0,2026-05-04 18:00:00,12 days 00:00:00,-7.74,49.32,1002.2,26.7,40.92300785836103,0.0,0.0,0.0,0.0,0.0,0.0,0.0,0.0,0.0,0.0,0.0,0.0
2026-04-22 18:00:00,3,535.0,2026-05-05 00:00:00,12 days 06:00:00,-8.91,49.14,1007.5,23.2,83.30811568082134,0.0,0.0,0.0,0.0,0.0,0.0,0.0,0.0,0.0,0.0,0.0,0.0
2026-04-22 18:00:00,3,535.0,2026-05-05 06:00:00,12 days 12:00:00,-8.84,48.75,1002.6,36.0,86.58946466773659,15.789897571648458,17.547028919668158,13.329971209818236,86.58946466773659,0.0,0.0,0.0,0.0,0.0,0.0,0.0,0.0
2026-04-22 18:00:00,3,535.0,2026-05-05 12:00:00,12 days 18:00:00,-9.0,48.26,1001.1,32.1,69.05532376018009,0.0,0.0,0.0,0.0,0.0,0.0,0.0,0.0,0.0,0.0,0.0,0.0
2026-04-22 18:00:00,3,535.0,2026-05-05 18:00:00,13 days 00:00:00,-9.01,47.85,1002.4,34.1,79.3721125583572,0.0,0.0,0.0,79.3721125583572,0.0,0.0,0.0,0.0,0.0,0.0,0.0,0.0
2026-04-22 18:00:00,1,538.0,2026-05-04 00:00:00,11 days 06:00:00,-11.2,68.21,1002.9,24.5,65.42069441781683,0.0,0.0,0.0,0.0,0.0,0.0,0.0,0.0,0.0,0.0,0.0,0.0
2026-04-22 18:00:00,1,538.0,2026-05-04 06:00:00,11 days 12:00:00,-12.35,67.79,1003.0,24.1,93.51416124346596,0.0,0.0,0.0,0.0,0.0,0.0,0.0,0.0,0.0,0.0,0.0,0.0
2026-04-22 18:00:00,1,538.0,2026-05-04 12:00:00,11 days 18:00:00,-12.98,68.04,1002.1,24.4,63.61864980120208,0.0,0.0,0.0,0.0,0.0,0.0,0.0,0.0,0.0,0.0,0.0,0.0
2026-04-22 18:00:00,1,538.0,2026-05-04 18:00:00,12 days 00:00:00,-13.26,68.31,996.0,35.6,91.63940306091824,2.85928792689418,4.649079500164427,91.63940306091824,1.2058951704629417,0.0,0.0,0.0,0.0,0.0,0.0,0.0,0.0
2026-04-22 18:00:00,1,538.0,2026-05-05 00:00:00,12 days 06:00:00,-13.61,68.09,990.6,43.8,65.86893092943632,65.86893092943632,33.52039824077083,21.46239843932402,21.26758122425894,0.0,0.0,0.0,0.0,0.0,0.0,0.0,0.0
2026-04-22 18:00:00,1,538.0,2026-05-05 06:00:00,12 days 12:00:00,-13.95,67.65,999.2,43.6,70.65148388837152,154.61653814203734,149.53989197887662,129.46671491789184,135.53568627269595,0.0,0.0,0.0,0.0,0.0,0.0,0.0,0.0
2026-04-22 18:00:00,1,538.0,2026-05-05 12:00:00,12 days 18:00:00,-14.13,67.11,998.2,34.7,55.01692204137663,101.80884490594774,115.90206822500129,85.19633466204922,79.37623266838231,0.0,0.0,0.0,0.0,0.0,0.0,0.0,0.0
2026-04-22 18:00:00,1,538.0,2026-05-05 18:00:00,13 days 00:00:00,-14.01,66.55,997.4,36.0,53.96313742607545,16.16713950602281,53.96313742607545,11.139802585775396,12.213546631647816,0.0,0.0,0.0,0.0,0.0,0.0,0.0,0.0
2026-04-22 18:00:00,2,539.0,2026-05-02 18:00:00,10 days 00:00:00,-8.46,59.86,1007.2,22.2,107.20073737139118,0.0,0.0,0.0,0.0,0.0,0.0,0.0,0.0,0.0,0.0,0.0,0.0
2026-04-22 18:00:00,2,539.0,2026-05-03 00:00:00,10 days 06:00:00,-8.54,58.35,1003.8,23.9,113.79029856373576,0.0,0.0,0.0,0.0,0.0,0.0,0.0,0.0,0.0,0.0,0.0,0.0
2026-04-22 18:00:00,2,539.0,2026-05-03 06:00:00,10 days 12:00:00,-8.87,57.19,999.5,30.1,63.92218076584603,0.0,0.0,0.0,0.0,0.0,0.0,0.0,0.0,0.0,0.0,0.0,0.0
2026-04-22 18:00:00,2,539.0,2026-05-03 12:00:00,10 days 18:00:00,-9.55,56.32,998.0,39.2,81.32738168055312,81.32738168055312,38.085249510202814,37.680328364962335,30.82419219934574,0.0,0.0,0.0,0.0,0.0,0.0,0.0,0.0
2026-04-22 18:00:00,2,539.0,2026-05-03 18:00:00,11 days 00:00:00,-9.91,55.06,1000.3,45.4,113.6677921930342,190.07040150275927,199.1684375703953,153.2974216630469,157.47480609452967,0.0,0.0,0.0,0.0,0.0,0.0,0.0,0.0
2026-04-22 18:00:00,2,539.0,2026-05-04 00:00:00,11 days 06:00:00,-10.48,53.44,993.9,43.9,43.29093261459607,210.82479023221973,224.06234575808256,193.26118061563307,183.01395399610337,0.0,0.0,0.0,0.0,0.0,0.0,0.0,0.0
2026-04-22 18:00:00,2,539.0,2026-05-04 06:00:00,11 days 12:00:00,-10.99,52.52,1000.7,38.9,78.42466181918155,231.61574036993997,249.2608689685665,220.3361848777652,207.41563739146025,0.0,0.0,0.0,0.0,0.0,0.0,0.0,0.0
2026-04-22 18:00:00,2,539.0,2026-05-04 12:00:00,11 days 18:00:00,-11.58,52.12,993.9,43.6,111.24230767331284,183.04840447020135,191.67439847862067,154.082655428024,143.39689078504975,0.0,0.0,0.0,0.0,0.0,0.0,0.0,0.0
2026-04-22 18:00:00,2,539.0,2026-05-04 18:00:00,12 days 00:00:00,-12.14,51.71,994.9,47.1,148.2717414277278,255.5876987607059,278.54053403347444,236.0656676212524,218.7366446109544,0.0,0.0,0.0,0.0,0.0,0.0,0.0,0.0
2026-04-22 18:00:00,2,539.0,2026-05-05 00:00:00,12 days 06:00:00,-12.92,52.12,989.2,50.0,59.95666741429018,331.32943817189346,318.4225379950127,284.65971863454587,296.4406999406074,0.0,0.0,0.0,0.0,0.0,0.0,0.0,0.0
2026-04-22 18:00:00,2,539.0,2026-05-05 06:00:00,12 days 12:00:00,-13.52,51.9,995.1,47.6,44.19340123563229,219.41608392843565,229.88224406390947,181.71487884079005,175.43694423746223,0.0,0.0,0.0,0.0,0.0,0.0,0.0,0.0
2026-04-22 18:00:00,2,539.0,2026-05-05 12:00:00,12 days 18:00:00,-13.98,52.3,987.3,53.9,59.161636152670816,415.1247893058797,396.3958529579909,344.3709882204581,359.0785523109115,59.161636152670816,46.77587433621756,38.8107511702444,43.409496894805656,0.0,0.0,0.0,0.0
2026-04-22 18:00:00,2,539.0,2026-05-05 18:00:00,13 days 00:00:00,-14.37,52.67,997.1,45.3,80.33017766915133,240.47180752383883,227.0845095765194,187.0007424896977,199.7964560313664,0.0,0.0,0.0,0.0,0.0,0.0,0.0,0.0
2026-04-22 18:00:00,4,539.0,2026-05-05 00:00:00,12 days 06:00:00,9.69,119.2,1009.4,12.3,72.0941292503492,0.0,0.0,0.0,0.0,0.0,0.0,0.0,0.0,0.0,0.0,0.0,0.0
2026-04-22 18:00:00,4,539.0,2026-05-05 06:00:00,12 days 12:00:00,10.88,117.25,1004.8,21.0,82.95193565192749,0.0,0.0,0.0,0.0,0.0,0.0,0.0,0.0,0.0,0.0,0.0,0.0
2026-04-22 18:00:00,4,539.0,2026-05-05 12:00:00,12 days 18:00:00,9.97,116.37,1007.3,18.1,70.10060517118603,0.0,0.0,0.0,0.0,0.0,0.0,0.0,0.0,0.0,0.0,0.0,0.0
2026-04-22 18:00:00,4,539.0,2026-05-05 18:00:00,13 days 00:00:00,10.17,114.89,1009.8,18.2,137.21171137067117,0.0,0.0,0.0,0.0,0.0,0.0,0.0,0.0,0.0,0.0,0.0,0.0
2026-04-22 18:00:00,0,542.0,2026-05-02 00:00:00,9 days 06:00:00,10.93,130.89,1010.4,17.4,106.84528620494152,0.0,0.0,0.0,0.0,0.0,0.0,0.0,0.0,0.0,0.0,0.0,0.0
2026-04-22 18:00:00,0,542.0,2026-05-02 06:00:00,9 days 12:00:00,10.04,129.87,999.8,30.3,51.99248151350459,0.0,0.0,0.0,0.0,0.0,0.0,0.0,0.0,0.0,0.0,0.0,0.0
2026-04-22 18:00:00,0,542.0,2026-05-02 12:00:00,9 days 18:00:00,10.07,129.09,998.3,35.4,54.748294648589024,54.748294648589024,0.0,0.0,0.0,0.0,0.0,0.0,0.0,0.0,0.0,0.0,0.0
2026-04-22 18:00:00,0,542.0,2026-05-02 18:00:00,10 days 00:00:00,10.29,128.2,998.0,40.9,39.12947591130541,71.77173157167351,53.29836278133656,50.496599820521176,63.89753416378099,0.0,0.0,0.0,0.0,0.0,0.0,0.0,0.0
2026-04-22 18:00:00,0,542.0,2026-05-03 00:00:00,10 days 06:00:00,10.81,127.46,999.8,43.8,33.97640255825529,141.652025682449,134.76201422734994,105.60580694163464,122.74892512119752,0.0,0.0,0.0,0.0,0.0,0.0,0.0,0.0
2026-04-22 18:00:00,0,542.0,2026-05-03 06:00:00,10 days 12:00:00,10.71,127.03,988.9,57.3,35.10324407609185,104.35591436822249,81.25832965486364,55.00081296673568,89.59240432280615,35.10324407609185,4.154628872332717,0.917674765415918,5.985933959705557,0.0,0.0,0.0,0.0
2026-04-22 18:00:00,0,542.0,2026-05-03 12:00:00,10 days 18:00:00,10.9,126.25,970.0,82.0,0.0,125.81367968000087,85.1517145043862,76.97262912694245,109.03953458267463,57.21464049248639,42.73998996152053,34.02515436595923,49.07200140626735,23.739187945783023,17.901830716813386,15.237314575922731,20.2388786146966
2026-04-22 18:00:00,0,542.0,2026-05-03 18:00:00,11 days 00:00:00,11.1,125.54,947.9,102.2,25.092173186645656,112.56082279882304,88.81788652665905,103.86626794139292,115.14654861227088,67.12728204408661,55.86206744710987,49.58155251514661,64.06039856635462,37.05994421095178,30.02570937084874,27.495341994897203,33.6146763539693
2026-04-22 18:00:00,0,542.0,2026-05-04 00:00:00,11 days 06:00:00,10.84,124.59,940.9,119.2,12.775826570932583,106.85156924220163,79.23012580284087,84.623622680845,110.72368373856315,58.7063409579622,41.96922719990146,37.704981436712806,56.75486784326812,37.13599652997375,30.01806444610729,25.296820984739615,33.85241576654305
2026-04-22 18:00:00,0,542.0,2026-05-04 06:00:00,11 days 12:00:00,11.05,123.79,977.4,71.0,0.0,157.8517191258377,119.93898187016588,96.41075777692834,136.4757264836506,85.96774787592688,70.49615612180202,53.04167132276049,73.9496358848167,44.5466849604675,37.65010594207519,29.435356924299555,37.05255401768983
2026-04-22 18:00:00,0,542.0,2026-05-04 12:00:00,11 days 18:00:00,11.04,123.05,954.1,100.9,2.794736738231883,126.34132716217948,95.3520872778483,90.5592909607744,106.59189705792386,67.52194834915198,53.54819650880347,44.17231797770077,60.77754665544947,44.82970615221374,39.70569839980438,31.64208303216811,39.55427889286664
2026-04-22 18:00:00,0,542.0,2026-05-04 18:00:00,12 days 00:00:00,11.28,121.79,956.9,96.8,16.120988953482822,105.0619907950122,74.51226064816956,85.3517711255088,114.73115589449046,68.80368493939754,54.68760915584812,46.91633020018495,63.53657865039318,43.22802375239337,37.08319413251394,31.26636468209041,38.76914233002911
2026-04-22 18:00:00,0,542.0,2026-05-05 00:00:00,12 days 06:00:00,11.37,120.62,965.8,85.6,29.554605092972945,77.41871269722972,69.12777443186309,73.95384963950545,84.46776097033491,45.563475844149295,41.62772647368987,38.241557154051016,43.75873859288694,29.554605092972945,23.6657981292766,21.01170840911276,23.982896932573805
2026-04-22 18:00:00,0,542.0,2026-05-05 06:00:00,12 days 12:00:00,11.39,119.49,967.1,86.5,7.23988367332872,112.26398062134268,66.50240918401494,69.20512512504008,103.7703910872568,37.56756166026124,30.49314015952094,26.306745356443816,35.532945796645286,22.806128799314703,19.96858747835868,17.37367523297063,21.68018557023457
2026-04-22 18:00:00,0,542.0,2026-05-05 12:00:00,12 days 18:00:00,11.4,118.4,964.5,88.7,11.486191477519393,184.95250194544607,112.347664660659,112.43575133899226,173.70614466917775,84.79314469337073,69.92095422390732,61.33157866836873,78.45805814926581,48.79551773851267,42.15544389127879,35.43525183835187,43.85861016666511
2026-04-22 18:00:00,0,542.0,2026-05-05 18:00:00,13 days 00:00:00,11.4,116.89,956.9,97.2,9.791233179665532,148.1240817066244,120.0632136470297,100.24490448435571,132.34500530033807,82.21618565989912,69.21616803846,55.28616235181366,68.63393920117427,45.767461001138216,39.42694120534145,32.24841549740981,39.73784400069028
2026-04-22 18:00:00,3,543.0,2026-05-05 00:00:00,12 days 06:00:00,-8.75,45.95,1004.0,22.9,69.10999732983319,0.0,0.0,0.0,0.0,0.0,0.0,0.0,0.0,0.0,0.0,0.0,0.0
2026-04-22 18:00:00,3,543.0,2026-05-05 06:00:00,12 days 12:00:00,-8.45,44.98,1005.6,21.0,45.40926327368933,0.0,0.0,0.0,0.0,0.0,0.0,0.0,0.0,0.0,0.0,0.0,0.0
2026-04-22 18:00:00,3,543.0,2026-05-05 12:00:00,12 days 18:00:00,-8.62,44.75,1006.3,24.2,52.292802214228615,0.0,0.0,0.0,0.0,0.0,0.0,0.0,0.0,0.0,0.0,0.0,0.0
2026-04-22 18:00:00,3,543.0,2026-05-05 18:00:00,13 days 00:00:00,-7.57,43.93,1004.1,31.7,108.98486457375633,0.0,0.0,0.0,0.0,0.0,0.0,0.0,0.0,0.0,0.0,0.0,0.0
2026-04-22 18:00:00,2,545.0,2026-05-04 18:00:00,12 days 00:00:00,6.99,73.19,999.5,26.2,131.05265447370988,0.0,0.0,0.0,0.0,0.0,0.0,0.0,0.0,0.0,0.0,0.0,0.0
2026-04-22 18:00:00,2,545.0,2026-05-05 00:00:00,12 days 06:00:00,7.45,73.28,999.8,32.4,87.87702345612028,0.0,0.0,0.0,0.0,0.0,0.0,0.0,0.0,0.0,0.0,0.0,0.0
2026-04-22 18:00:00,2,545.0,2026-05-05 06:00:00,12 days 12:00:00,8.29,73.26,995.0,38.8,47.151808736111136,116.31322063864856,106.83289401660834,83.19161277851873,89.89875267491469,0.0,0.0,0.0,0.0,0.0,0.0,0.0,0.0
2026-04-22 18:00:00,2,545.0,2026-05-05 12:00:00,12 days 18:00:00,9.42,72.84,993.6,45.2,40.118756154529606,96.74312947217244,84.11383262984953,73.84351327914763,78.35685654838011,0.0,0.0,0.0,0.0,0.0,0.0,0.0,0.0
2026-04-22 18:00:00,2,545.0,2026-05-05 18:00:00,13 days 00:00:00,9.61,72.46,995.6,47.7,91.57085204589823,244.91012717791452,232.9430255052156,193.9847362427074,201.64355846165608,0.0,0.0,0.0,0.0,0.0,0.0,0.0,0.0
2026-04-22 18:00:00,4,546.0,2026-05-03 12:00:00,10 days 18:00:00,-8.05,55.33,1001.8,25.4,65.31420278492948,0.0,0.0,0.0,0.0,0.0,0.0,0.0,0.0,0.0,0.0,0.0,0.0
2026-04-22 18:00:00,4,546.0,2026-05-03 18:00:00,11 days 00:00:00,-7.7,55.24,1003.9,21.4,48.02098796354692,0.0,0.0,0.0,0.0,0.0,0.0,0.0,0.0,0.0,0.0,0.0,0.0
2026-04-22 18:00:00,4,546.0,2026-05-04 00:00:00,11 days 06:00:00,-7.75,54.34,995.6,36.4,67.66100822981348,0.4583338594352073,67.66100822981348,3.8413156738480794,3.4785118004557063,0.0,0.0,0.0,0.0,0.0,0.0,0.0,0.0
2026-04-22 18:00:00,4,546.0,2026-05-04 06:00:00,11 days 12:00:00,-7.63,53.21,1000.8,31.6,79.63096661119107,0.0,0.0,0.0,0.0,0.0,0.0,0.0,0.0,0.0,0.0,0.0,0.0
2026-04-22 18:00:00,4,546.0,2026-05-04 12:00:00,11 days 18:00:00,-7.97,52.75,1001.0,32.9,38.52843606234685,0.0,0.0,0.0,0.0,0.0,0.0,0.0,0.0,0.0,0.0,0.0,0.0
2026-04-22 18:00:00,4,546.0,2026-05-04 18:00:00,12 days 00:00:00,-8.24,52.07,996.5,41.6,45.22572060640335,162.49233831082054,157.55392064362852,128.6053606727534,130.52523668490886,0.0,0.0,0.0,0.0,0.0,0.0,0.0,0.0
2026-04-22 18:00:00,4,546.0,2026-05-05 00:00:00,12 days 06:00:00,-8.41,52.06,984.5,58.7,15.477768174202112,347.0620923712547,343.03790007170807,329.9398312337952,338.90489918264444,159.096387500631,154.55480471582243,129.95439293320726,129.973356731732,0.0,0.0,0.0,0.0
2026-04-22 18:00:00,4,546.0,2026-05-05 06:00:00,12 days 12:00:00,-8.7,51.65,980.6,64.9,24.88547032294143,91.6648991843264,111.87155580535328,136.35743276954557,95.79599925757591,44.559835500122205,50.0522558337087,46.051210944775264,40.4177946280935,1.8117539478887064,2.3201925916288517,24.88547032294143,1.5489487502457129
2026-04-22 18:00:00,4,546.0,2026-05-05 12:00:00,12 days 18:00:00,-8.74,51.61,962.2,88.0,16.137365428728856,183.6899257841434,215.7697833330433,211.45956053705905,148.7319193718561,89.80971374763166,103.3302244191586,98.19074343264086,79.3595938892752,50.735084779757855,51.43460154436005,46.21187285821821,44.149480763090864
2026-04-22 18:00:00,4,546.0,2026-05-05 18:00:00,13 days 00:00:00,-9.06,51.49,946.6,102.6,18.53815053472764,134.64127767580342,164.10362909443134,194.37183040356092,137.62007072678037,86.61221446475886,95.4991552839242,87.81659478467533,77.86789457039434,46.25726448251415,46.15685941233943,41.73296076902261,42.45121230451255
2026-04-22 18:00:00,2,547.0,2026-05-03 18:00:00,11 days 00:00:00,8.82,70.24,1004.8,20.3,117.92530873390258,0.0,0.0,0.0,0.0,0.0,0.0,0.0,0.0,0.0,0.0,0.0,0.0
2026-04-22 18:00:00,2,547.0,2026-05-04 00:00:00,11 days 06:00:00,9.72,70.25,1003.5,21.3,72.83188525321124,0.0,0.0,0.0,0.0,0.0,0.0,0.0,0.0,0.0,0.0,0.0,0.0
2026-04-22 18:00:00,2,547.0,2026-05-04 06:00:00,11 days 12:00:00,9.88,70.69,999.1,30.5,87.85223960381919,0.0,0.0,0.0,0.0,0.0,0.0,0.0,0.0,0.0,0.0,0.0,0.0
2026-04-22 18:00:00,2,547.0,2026-05-04 12:00:00,11 days 18:00:00,10.73,70.72,1000.0,30.6,56.68003347744015,0.0,0.0,0.0,0.0,0.0,0.0,0.0,0.0,0.0,0.0,0.0,0.0
2026-04-22 18:00:00,2,547.0,2026-05-04 18:00:00,12 days 00:00:00,10.88,70.18,992.8,42.8,45.054020569632215,54.075371954844165,43.87373743713867,36.96137928463578,50.849294289900925,0.0,0.0,0.0,0.0,0.0,0.0,0.0,0.0
2026-04-22 18:00:00,2,547.0,2026-05-05 00:00:00,12 days 06:00:00,11.16,69.66,994.7,50.1,64.853719590798,123.6302853978918,100.40413126790008,78.17305299943371,98.90753756062152,1.3764308376519003,64.853719590798,0.0,0.5753014861420784,0.0,0.0,0.0,0.0
2026-04-22 18:00:00,2,547.0,2026-05-05 06:00:00,12 days 12:00:00,11.36,69.45,992.3,47.8,85.1593411658948,135.88922682628848,131.17156047526103,118.74279516564624,119.1665611329901,0.0,0.0,0.0,0.0,0.0,0.0,0.0,0.0
2026-04-22 18:00:00,2,547.0,2026-05-05 12:00:00,12 days 18:00:00,12.1,68.89,988.5,54.0,35.43315119997414,152.00607945785538,146.927871792759,131.35250224834795,138.4137452317325,10.481228023526748,35.43315119997414,7.271256687899793,9.184078107493082,0.0,0.0,0.0,0.0
2026-04-22 18:00:00,2,547.0,2026-05-05 18:00:00,13 days 00:00:00,12.67,68.54,988.2,58.2,23.022343748422703,120.76946728079297,115.51265799681792,98.26394628885612,110.11645376428116,23.022343748422703,18.134224334582417,14.37362531719493,15.316570804097886,0.0,0.0,0.0,0.0
2026-04-22 18:00:00,3,552.0,2026-05-05 00:00:00,12 days 06:00:00,-7.5,62.99,997.7,33.4,58.81454452201069,0.0,0.0,0.0,0.0,0.0,0.0,0.0,0.0,0.0,0.0,0.0,0.0
2026-04-22 18:00:00,3,552.0,2026-05-05 06:00:00,12 days 12:00:00,-7.84,63.27,1001.7,29.8,70.9595489709786,0.0,0.0,0.0,0.0,0.0,0.0,0.0,0.0,0.0,0.0,0.0,0.0
2026-04-22 18:00:00,3,552.0,2026-05-05 12:00:00,12 days 18:00:00,-7.63,63.93,1004.5,24.9,101.49287059827653,0.0,0.0,0.0,0.0,0.0,0.0,0.0,0.0,0.0,0.0,0.0,0.0
2026-04-22 18:00:00,3,552.0,2026-05-05 18:00:00,13 days 00:00:00,-8.24,63.69,1003.1,34.5,76.8666711137372,76.8666711137372,0.0,0.0,0.0,0.0,0.0,0.0,0.0,0.0,0.0,0.0,0.0
2026-04-22 18:00:00,1,553.0,2026-05-04 00:00:00,11 days 06:00:00,-7.49,66.52,1002.4,25.4,44.6514200116891,0.0,0.0,0.0,0.0,0.0,0.0,0.0,0.0,0.0,0.0,0.0,0.0
2026-04-22 18:00:00,1,553.0,2026-05-04 06:00:00,11 days 12:00:00,-8.28,66.49,1002.4,22.7,74.89235035884187,0.0,0.0,0.0,0.0,0.0,0.0,0.0,0.0,0.0,0.0,0.0,0.0
2026-04-22 18:00:00,1,553.0,2026-05-04 12:00:00,11 days 18:00:00,-8.7,65.94,1000.7,25.4,110.19370115954284,0.0,0.0,0.0,0.0,0.0,0.0,0.0,0.0,0.0,0.0,0.0,0.0
2026-04-22 18:00:00,1,553.0,2026-05-04 18:00:00,12 days 00:00:00,-9.02,66.77,997.9,25.9,113.3337390362358,0.0,0.0,0.0,0.0,0.0,0.0,0.0,0.0,0.0,0.0,0.0,0.0
2026-04-22 18:00:00,1,553.0,2026-05-05 00:00:00,12 days 06:00:00,-9.71,66.23,998.1,27.1,123.17111055477568,0.0,0.0,0.0,0.0,0.0,0.0,0.0,0.0,0.0,0.0,0.0,0.0
2026-04-22 18:00:00,1,553.0,2026-05-05 06:00:00,12 days 12:00:00,-9.4,67.01,999.1,29.6,59.36266856874479,0.0,0.0,0.0,0.0,0.0,0.0,0.0,0.0,0.0,0.0,0.0,0.0
2026-04-22 18:00:00,1,553.0,2026-05-05 12:00:00,12 days 18:00:00,-9.87,67.68,998.5,31.2,101.56535070453114,0.0,0.0,0.0,0.0,0.0,0.0,0.0,0.0,0.0,0.0,0.0,0.0
2026-04-22 18:00:00,1,553.0,2026-05-05 18:00:00,13 days 00:00:00,-10.51,67.33,998.2,28.8,73.02575171237046,0.0,0.0,0.0,0.0,0.0,0.0,0.0,0.0,0.0,0.0,0.0,0.0
2026-04-22 18:00:00,2,556.0,2026-05-04 06:00:00,11 days 12:00:00,-7.86,68.46,1004.7,19.8,124.8497131630337,0.0,0.0,0.0,0.0,0.0,0.0,0.0,0.0,0.0,0.0,0.0,0.0
2026-04-22 18:00:00,2,556.0,2026-05-04 12:00:00,11 days 18:00:00,-7.99,68.27,1003.8,24.0,102.15789435590725,0.0,0.0,0.0,0.0,0.0,0.0,0.0,0.0,0.0,0.0,0.0,0.0
2026-04-22 18:00:00,2,556.0,2026-05-04 18:00:00,12 days 00:00:00,-8.52,68.87,999.1,36.1,58.54747191002623,58.54747191002623,3.820809684576441,0.4439398519772299,0.0,0.0,0.0,0.0,0.0,0.0,0.0,0.0,0.0
2026-04-22 18:00:00,2,556.0,2026-05-05 00:00:00,12 days 06:00:00,-9.6,69.13,998.9,33.9,60.81605967667521,0.0,0.0,0.0,0.0,0.0,0.0,0.0,0.0,0.0,0.0,0.0,0.0
2026-04-22 18:00:00,2,556.0,2026-05-05 06:00:00,12 days 12:00:00,-9.81,69.09,1002.1,37.0,58.585745148277056,58.585745148277056,17.487067280356314,10.863611259249865,11.363915768659352,0.0,0.0,0.0,0.0,0.0,0.0,0.0,0.0
2026-04-22 18:00:00,2,556.0,2026-05-05 12:00:00,12 days 18:00:00,-10.1,69.29,999.1,35.8,62.53513553239088,0.0,0.0,62.53513553239088,0.0,0.0,0.0,0.0,0.0,0.0,0.0,0.0,0.0
2026-04-22 18:00:00,2,556.0,2026-05-05 18:00:00,13 days 00:00:00,-9.86,69.56,996.8,37.9,122.40915848453704,89.07166462453222,122.40915848453704,74.40043421821878,80.72808995799627,0.0,0.0,0.0,0.0,0.0,0.0,0.0,0.0
2026-04-22 18:00:00,1,560.0,2026-05-04 12:00:00,11 days 18:00:00,4.81,138.74,1006.6,22.6,66.00380253023195,0.0,0.0,0.0,0.0,0.0,0.0,0.0,0.0,0.0,0.0,0.0,0.0
2026-04-22 18:00:00,1,560.0,2026-05-04 18:00:00,12 days 00:00:00,5.02,138.16,1001.1,33.3,54.674274546791096,0.0,0.0,0.0,0.0,0.0,0.0,0.0,0.0,0.0,0.0,0.0,0.0
2026-04-22 18:00:00,1,560.0,2026-05-05 00:00:00,12 days 06:00:00,5.2,137.76,996.3,40.7,55.18840219106243,22.841458288003192,26.468333498685688,25.73505056656262,55.18840219106243,0.0,0.0,0.0,0.0,0.0,0.0,0.0,0.0
2026-04-22 18:00:00,1,560.0,2026-05-05 06:00:00,12 days 12:00:00,5.65,136.57,994.0,38.7,108.46282385513432,136.5191759189001,136.94498848027325,131.41243888287133,128.14237015927316,0.0,0.0,0.0,0.0,0.0,0.0,0.0,0.0
2026-04-22 18:00:00,1,560.0,2026-05-05 12:00:00,12 days 18:00:00,6.32,135.59,991.4,52.5,93.54030432778757,93.54030432778757,93.54030432778757,56.59257545096972,59.20518036351042,0.0,93.54030432778757,0.2247302335031911,0.0,0.0,0.0,0.0,0.0
2026-04-22 18:00:00,1,560.0,2026-05-05 18:00:00,13 days 00:00:00,6.45,134.61,1004.6,33.6,32.32790204392978,0.0,0.0,0.0,0.0,0.0,0.0,0.0,0.0,0.0,0.0,0.0,0.0
2026-04-22 18:00:00,0,561.0,2026-05-03 00:00:00,10 days 06:00:00,9.8,68.79,1004.7,27.2,74.4408662993206,0.0,0.0,0.0,0.0,0.0,0.0,0.0,0.0,0.0,0.0,0.0,0.0
2026-04-22 18:00:00,0,561.0,2026-05-03 06:00:00,10 days 12:00:00,10.07,68.56,1003.6,31.9,53.35971291348047,0.0,0.0,0.0,0.0,0.0,0.0,0.0,0.0,0.0,0.0,0.0,0.0
2026-04-22 18:00:00,0,561.0,2026-05-03 12:00:00,10 days 18:00:00,10.55,68.08,999.9,35.4,54.82544641508099,54.82544641508099,0.0,0.0,0.0,0.0,0.0,0.0,0.0,0.0,0.0,0.0,0.0
2026-04-22 18:00:00,0,561.0,2026-05-03 18:00:00,11 days 00:00:00,11.06,67.96,998.2,46.3,51.91137856919674,117.71802609992385,92.75761856770988,70.82825941365775,92.3524274271752,0.0,0.0,0.0,0.0,0.0,0.0,0.0,0.0
2026-04-22 18:00:00,0,561.0,2026-05-04 00:00:00,11 days 06:00:00,11.65,67.72,995.1,49.6,35.34107763130239,65.5443341717658,48.35919048535352,36.65485997578193,51.87089367231405,0.0,0.0,0.0,0.0,0.0,0.0,0.0,0.0
2026-04-22 18:00:00,0,561.0,2026-05-04 06:00:00,11 days 12:00:00,12.22,67.63,988.6,57.4,23.396255453114144,183.72335000837836,160.72819941523204,130.37328028813096,146.8052231260961,25.04726173362489,19.764113591470505,9.733546564185083,16.421751003146266,0.0,0.0,0.0,0.0
2026-04-22 18:00:00,0,561.0,2026-05-04 12:00:00,11 days 18:00:00,12.96,67.25,984.3,55.0,26.801316275767636,65.56191280513708,42.88249559184527,41.29083460083635,68.68774548326542,26.801316275767636,2.5131281073317098,2.034526345060547,5.963326115785437,0.0,0.0,0.0,0.0
2026-04-22 18:00:00,0,561.0,2026-05-04 18:00:00,12 days 00:00:00,13.29,67.27,996.4,55.6,33.63968120818578,115.22509492505976,103.53984833994689,88.90935845951117,103.69587876819092,0.0,0.0,33.63968120818578,0.0,0.0,0.0,0.0,0.0
2026-04-22 18:00:00,0,561.0,2026-05-05 00:00:00,12 days 06:00:00,13.12,67.33,986.7,60.8,38.86639291925037,120.49346995010924,110.91585069600733,97.22075700379143,107.05669964880066,85.97193031981271,75.14392226581367,60.615938924384906,70.67031888383175,0.0,0.0,0.0,0.0
2026-04-22 18:00:00,0,561.0,2026-05-05 06:00:00,12 days 12:00:00,13.68,67.03,976.0,83.4,38.99383840662728,139.42649085407407,119.50421348380888,137.23857586927016,146.8852877147405,66.24017359064777,67.49911188352947,60.18199637494016,67.96715699036922,39.6347344781457,38.532649495155766,32.74085415722893,39.84992607034672
2026-04-22 18:00:00,0,561.0,2026-05-05 12:00:00,12 days 18:00:00,13.88,67.01,958.0,102.5,53.86803016372709,183.21752845935987,149.13586232022314,144.6379001401701,145.3355890388138,53.86803016372709,53.86803016372709,38.80000035232096,40.23055443051263,53.86803016372709,28.918327251852077,23.302410455395847,25.819718401768007
2026-04-22 18:00:00,0,561.0,2026-05-05 18:00:00,13 days 00:00:00,14.39,67.02,942.8,102.7,25.976833459141204,147.6771969315196,125.77066486122482,129.03902945152572,155.42392883033227,62.73709555085554,54.64730238565204,43.788615325291325,55.06998223387688,28.51943939171794,27.3013330667414,20.68743352952964,27.40266706834541
2026-04-22 18:00:00,0,566.0,2026-05-03 00:00:00,10 days 06:00:00,8.12,70.76,1008.2,21.7,112.13142470499622,0.0,0.0,0.0,0.0,0.0,0.0,0.0,0.0,0.0,0.0,0.0,0.0
2026-04-22 18:00:00,0,566.0,2026-05-03 06:00:00,10 days 12:00:00,6.83,71.27,998.7,19.7,81.55346583253981,0.0,0.0,0.0,0.0,0.0,0.0,0.0,0.0,0.0,0.0,0.0,0.0
2026-04-22 18:00:00,0,566.0,2026-05-03 12:00:00,10 days 18:00:00,6.88,71.59,1001.4,25.3,76.54996676390935,0.0,0.0,0.0,0.0,0.0,0.0,0.0,0.0,0.0,0.0,0.0,0.0
2026-04-22 18:00:00,0,566.0,2026-05-03 18:00:00,11 days 00:00:00,7.32,71.64,999.9,37.6,67.9576117433831,171.34581668379926,157.8242612576206,140.03871673675962,146.51929312612538,0.0,0.0,0.0,0.0,0.0,0.0,0.0,0.0
2026-04-22 18:00:00,0,566.0,2026-05-04 00:00:00,11 days 06:00:00,7.87,71.69,1003.8,31.4,43.06931800982981,0.0,0.0,0.0,0.0,0.0,0.0,0.0,0.0,0.0,0.0,0.0,0.0
2026-04-22 18:00:00,0,566.0,2026-05-04 06:00:00,11 days 12:00:00,7.82,71.25,1001.9,27.3,72.94553227201828,0.0,0.0,0.0,0.0,0.0,0.0,0.0,0.0,0.0,0.0,0.0,0.0
2026-04-22 18:00:00,0,566.0,2026-05-04 12:00:00,11 days 18:00:00,8.28,70.91,999.2,30.0,69.5816083247859,0.0,0.0,0.0,0.0,0.0,0.0,0.0,0.0,0.0,0.0,0.0,0.0
2026-04-22 18:00:00,0,566.0,2026-05-04 18:00:00,12 days 00:00:00,8.03,70.72,1000.8,36.0,47.63784848156504,104.59679147138353,97.54903220097243,85.96903660451744,92.28802537116152,0.0,0.0,0.0,0.0,0.0,0.0,0.0,0.0
2026-04-22 18:00:00,0,566.0,2026-05-05 00:00:00,12 days 06:00:00,8.02,70.67,1002.7,26.4,58.44992200247941,0.0,0.0,0.0,0.0,0.0,0.0,0.0,0.0,0.0,0.0,0.0,0.0
2026-04-22 18:00:00,0,566.0,2026-05-05 06:00:00,12 days 12:00:00,9.13,70.48,1003.7,23.7,74.09824995088906,0.0,0.0,0.0,0.0,0.0,0.0,0.0,0.0,0.0,0.0,0.0,0.0
2026-04-22 18:00:00,0,566.0,2026-05-05 12:00:00,12 days 18:00:00,9.62,69.62,1004.1,30.9,82.35764035818676,0.0,0.0,0.0,0.0,0.0,0.0,0.0,0.0,0.0,0.0,0.0,0.0
2026-04-22 18:00:00,0,566.0,2026-05-05 18:00:00,13 days 00:00:00,10.0,69.21,1001.9,35.3,53.03570187085676,53.03570187085676,8.427560396285616,6.839307002784826,7.7206443461373695,0.0,0.0,0.0,0.0,0.0,0.0,0.0,0.0
2026-04-22 18:00:00,2,569.0,2026-05-04 00:00:00,11 days 06:00:00,7.55,63.88,1003.5,26.1,68.81571267119942,0.0,0.0,0.0,0.0,0.0,0.0,0.0,0.0,0.0,0.0,0.0,0.0
2026-04-22 18:00:00,2,569.0,2026-05-04 06:00:00,11 days 12:00:00,8.26,64.42,1003.2,23.3,60.06206488801205,0.0,0.0,0.0,0.0,0.0,0.0,0.0,0.0,0.0,0.0,0.0,0.0
2026-04-22 18:00:00,2,569.0,2026-05-04 12:00:00,11 days 18:00:00,8.23,63.96,1005.3,16.7,126.01914025012914,0.0,0.0,0.0,0.0,0.0,0.0,0.0,0.0,0.0,0.0,0.0,0.0
2026-04-22 18:00:00,2,569.0,2026-05-04 18:00:00,12 days 00:00:00,7.81,63.72,1002.7,21.9,58.35755355186494,0.0,0.0,0.0,0.0,0.0,0.0,0.0,0.0,0.0,0.0,0.0,0.0
2026-04-22 18:00:00,2,569.0,2026-05-05 00:00:00,12 days 06:00:00,8.26,63.63,1002.8,25.7,109.32309164952213,0.0,0.0,0.0,0.0,0.0,0.0,0.0,0.0,0.0,0.0,0.0,0.0
2026-04-22 18:00:00,2,569.0,2026-05-05 06:00:00,12 days 12:00:00,8.04,62.9,1002.9,25.2,96.0340421738125,0.0,0.0,0.0,0.0,0.0,0.0,0.0,0.0,0.0,0.0,0.0,0.0
2026-04-22 18:00:00,2,569.0,2026-05-05 12:00:00,12 days 18:00:00,9.03,62.42,1002.6,26.3,63.01639513002017,0.0,0.0,0.0,0.0,0.0,0.0,0.0,0.0,0.0,0.0,0.0,0.0
2026-04-22 18:00:00,2,569.0,2026-05-05 18:00:00,13 days 00:00:00,9.05,62.31,1002.0,28.8,106.87445746607192,0.0,0.0,0.0,0.0,0.0,0.0,0.0,0.0,0.0,0.0,0.0,0.0
2026-04-22 18:00:00,4,569.0,2026-05-05 00:00:00,12 days 06:00:00,-8.43,61.51,1004.7,13.2,112.0952992665578,0.0,0.0,0.0,0.0,0.0,0.0,0.0,0.0,0.0,0.0,0.0,0.0
2026-04-22 18:00:00,4,569.0,2026-05-05 06:00:00,12 days 12:00:00,-8.55,62.12,1003.8,19.5,105.45908029793308,0.0,0.0,0.0,0.0,0.0,0.0,0.0,0.0,0.0,0.0,0.0,0.0
2026-04-22 18:00:00,4,569.0,2026-05-05 12:00:00,12 days 18:00:00,-8.58,61.69,1001.9,25.6,54.66517680910792,0.0,0.0,0.0,0.0,0.0,0.0,0.0,0.0,0.0,0.0,0.0,0.0
2026-04-22 18:00:00,4,569.0,2026-05-05 18:00:00,13 days 00:00:00,-8.84,61.49,1000.5,25.2,106.460076867913,0.0,0.0,0.0,0.0,0.0,0.0,0.0,0.0,0.0,0.0,0.0,0.0
2026-04-22 18:00:00,5,570.0,2026-05-02 18:00:00,10 days 00:00:00,-7.49,64.75,1003.6,31.5,99.84914910910796,0.0,0.0,0.0,0.0,0.0,0.0,0.0,0.0,0.0,0.0,0.0,0.0
2026-04-22 18:00:00,5,570.0,2026-05-03 00:00:00,10 days 06:00:00,-7.39,64.15,1005.5,26.0,100.7946007917916,0.0,0.0,0.0,0.0,0.0,0.0,0.0,0.0,0.0,0.0,0.0,0.0
2026-04-22 18:00:00,5,570.0,2026-05-03 06:00:00,10 days 12:00:00,-8.99,62.07,1000.0,29.8,75.78452281985318,0.0,0.0,0.0,0.0,0.0,0.0,0.0,0.0,0.0,0.0,0.0,0.0
2026-04-22 18:00:00,5,570.0,2026-05-03 12:00:00,10 days 18:00:00,-8.45,59.75,1000.2,25.6,47.416599402363545,0.0,0.0,0.0,0.0,0.0,0.0,0.0,0.0,0.0,0.0,0.0,0.0
2026-04-22 18:00:00,5,570.0,2026-05-03 18:00:00,11 days 00:00:00,-8.62,58.69,1004.5,32.1,53.49293224844752,0.0,0.0,0.0,0.0,0.0,0.0,0.0,0.0,0.0,0.0,0.0,0.0
2026-04-22 18:00:00,5,570.0,2026-05-04 00:00:00,11 days 06:00:00,-8.05,58.68,1002.0,29.5,56.053631279040246,0.0,0.0,0.0,0.0,0.0,0.0,0.0,0.0,0.0,0.0,0.0,0.0
2026-04-22 18:00:00,5,570.0,2026-05-04 06:00:00,11 days 12:00:00,-9.61,57.55,1002.7,30.5,88.30318248551401,0.0,0.0,0.0,0.0,0.0,0.0,0.0,0.0,0.0,0.0,0.0,0.0
2026-04-22 18:00:00,5,570.0,2026-05-04 12:00:00,11 days 18:00:00,-9.85,56.89,996.0,36.8,57.50192253354616,60.159714010753135,69.80573519224909,51.53162862000936,43.0411841011676,0.0,0.0,0.0,0.0,0.0,0.0,0.0,0.0
2026-04-22 18:00:00,5,570.0,2026-05-04 18:00:00,12 days 00:00:00,-9.95,56.02,993.4,43.5,46.948737266874765,236.1610629386936,259.16993919289297,229.1939199304329,214.0889946715465,0.0,0.0,0.0,0.0,0.0,0.0,0.0,0.0
2026-04-22 18:00:00,5,570.0,2026-05-05 00:00:00,12 days 06:00:00,-10.28,54.6,989.7,52.4,64.47242845884773,174.68799180483364,178.74924212232804,159.54173724574835,149.8233572725282,0.0,1.0301065683061663,64.47242845884773,0.0,0.0,0.0,0.0,0.0
2026-04-22 18:00:00,5,570.0,2026-05-05 06:00:00,12 days 12:00:00,-10.68,54.65,987.5,58.3,31.442521091716657,144.7329575023382,157.48171707593988,164.4820720269594,128.2094010356458,84.66376488079207,87.07638384788058,75.4804627586735,70.66874658500598,0.0,0.0,0.0,0.0
2026-04-22 18:00:00,5,570.0,2026-05-05 12:00:00,12 days 18:00:00,-11.21,54.58,971.0,82.9,13.533072128116808,298.9554885988211,335.0806066114666,308.3184718284899,246.78110673845327,158.2952758317839,170.68394549660178,157.69437505924947,138.86140532076132,84.2596048278238,86.5523235520776,75.17540764201225,73.41181508494711
2026-04-22 18:00:00,5,570.0,2026-05-05 18:00:00,13 days 00:00:00,-11.43,54.55,979.5,74.2,22.446506408595408,184.7825697957698,216.51285083484944,215.72245210164405,177.85075840681446,103.41628515859044,111.60718879367164,108.63879316646214,94.79020207257742,53.45933000097293,54.3856871227698,48.91572394341031,47.50076956216161
2026-04-22 18:00:00,7,570.0,2026-05-04 18:00:00,12 days 00:00:00,8.8,67.81,1005.1,23.3,74.84510768562939,0.0,0.0,0.0,0.0,0.0,0.0,0.0,0.0,0.0,0.0,0.0,0.0
2026-04-22 18:00:00,7,570.0,2026-05-05 00:00:00,12 days 06:00:00,9.03,67.27,1005.6,30.4,67.7774482605609,0.0,0.0,0.0,0.0,0.0,0.0,0.0,0.0,0.0,0.0,0.0,0.0
2026-04-22 18:00:00,7,570.0,2026-05-05 06:00:00,12 days 12:00:00,10.77,67.61,1001.4,29.6,71.73288496391787,0.0,0.0,0.0,0.0,0.0,0.0,0.0,0.0,0.0,0.0,0.0,0.0
2026-04-22 18:00:00,7,570.0,2026-05-05 12:00:00,12 days 18:00:00,12.61,67.29,994.5,46.3,86.60183434332345,216.3177739715893,197.3306689474398,150.8653992027401,170.9529909800496,0.0,0.0,0.0,0.0,0.0,0.0,0.0,0.0
2026-04-22 18:00:00,7,570.0,2026-05-05 18:00:00,13 days 00:00:00,13.36,67.36,993.8,48.0,88.4334540321671,182.27763133303463,170.43442893875294,116.6267670308972,137.68101070544338,0.0,0.0,0.0,0.0,0.0,0.0,0.0,0.0
2026-04-22 18:00:00,5,572.0,2026-05-05 00:00:00,12 days 06:00:00,4.69,66.64,1005.7,19.8,77.27749826449605,0.0,0.0,0.0,0.0,0.0,0.0,0.0,0.0,0.0,0.0,0.0,0.0
2026-04-22 18:00:00,5,572.0,2026-05-05 06:00:00,12 days 12:00:00,4.41,66.67,1001.3,28.0,86.33005152516768,0.0,0.0,0.0,0.0,0.0,0.0,0.0,0.0,0.0,0.0,0.0,0.0
2026-04-22 18:00:00,5,572.0,2026-05-05 12:00:00,12 days 18:00:00,5.71,66.75,996.9,43.2,60.95424712581816,10.800444707312412,60.95424712581816,5.512421639759904,4.466999699669194,0.0,0.0,0.0,0.0,0.0,0.0,0.0,0.0
2026-04-22 18:00:00,5,572.0,2026-05-05 18:00:00,13 days 00:00:00,5.88,67.05,1003.7,30.6,79.12002360727514,0.0,0.0,0.0,0.0,0.0,0.0,0.0,0.0,0.0,0.0,0.0,0.0
2026-04-22 18:00:00,5,574.0,2026-05-03 06:00:00,10 days 12:00:00,11.09,138.07,1008.3,16.8,70.9846247630179,0.0,0.0,0.0,0.0,0.0,0.0,0.0,0.0,0.0,0.0,0.0,0.0
2026-04-22 18:00:00,5,574.0,2026-05-03 12:00:00,10 days 18:00:00,11.48,138.07,1003.9,23.2,144.10297976547298,0.0,0.0,0.0,0.0,0.0,0.0,0.0,0.0,0.0,0.0,0.0,0.0
2026-04-22 18:00:00,5,574.0,2026-05-03 18:00:00,11 days 00:00:00,12.09,137.62,1006.6,23.4,116.15168850757556,0.0,0.0,0.0,0.0,0.0,0.0,0.0,0.0,0.0,0.0,0.0,0.0
2026-04-22 18:00:00,5,574.0,2026-05-04 00:00:00,11 days 06:00:00,11.66,136.87,1001.0,30.1,54.34623466037047,0.0,0.0,0.0,0.0,0.0,0.0,0.0,0.0,0.0,0.0,0.0,0.0
2026-04-22 18:00:00,5,574.0,2026-05-04 06:00:00,11 days 12:00:00,11.66,136.05,998.8,33.9,57.88343600097823,0.0,0.0,0.0,0.0,0.0,0.0,0.0,0.0,0.0,0.0,0.0,0.0
2026-04-22 18:00:00,5,574.0,2026-05-04 12:00:00,11 days 18:00:00,12.43,135.42,995.4,47.1,42.32181707382544,95.09062879233744,77.18329474547673,48.0178701405938,69.61397465580983,0.0,0.0,0.0,0.0,0.0,0.0,0.0,0.0
2026-04-22 18:00:00,5,574.0,2026-05-04 18:00:00,12 days 00:00:00,12.09,134.39,985.2,62.1,27.947665186285462,103.03764507772568,84.02103861158942,67.42096591198573,85.3027948280835,41.19912945919842,36.19096995746587,29.40627559910679,34.266688916797534,0.0,0.0,0.0,0.0
2026-04-22 18:00:00,5,574.0,2026-05-05 00:00:00,12 days 06:00:00,12.61,133.67,984.0,71.5,26.85931882579965,134.93674651192535,88.13817916631595,56.10365847368294,118.91383449242866,65.93532894426731,45.95437550375511,29.125443355179208,52.713374715605326,26.85931882579965,7.489304215676015,4.703887935132931,11.482626738826385
2026-04-22 18:00:00,5,574.0,2026-05-05 06:00:00,12 days 12:00:00,13.18,132.7,993.5,55.2,23.496689417001363,146.56779763982138,133.98925619943202,113.29019490521416,126.79366870980806,52.13954072237246,46.5128053727131,32.994659271694644,38.27399703202241,0.0,0.0,0.0,0.0
2026-04-22 18:00:00,5,574.0,2026-05-05 12:00:00,12 days 18:00:00,13.36,131.97,977.2,68.7,5.277667747279452,130.99708898566746,107.15360306309115,87.63340308006218,109.53359578013648,56.78571270592022,46.63314871284035,35.418639772530355,44.31189216751352,5.277667747279452,1.1004819750872628,0.5937176607421577,2.2768433589556096
2026-04-22 18:00:00,5,574.0,2026-05-05 18:00:00,13 days 00:00:00,13.8,130.92,961.8,96.0,13.804515261095847,124.71358250657252,97.79360394575409,79.94510908532547,106.18502390863858,57.95411489552098,47.77916993542049,34.91733122417433,48.57336192931741,35.07224536040084,29.69486370865203,23.63799585627393,31.397313471545743
2026-04-22 18:00:00,7,574.0,2026-05-04 06:00:00,11 days 12:00:00,-8.85,56.93,1002.1,24.6,87.57385584365363,0.0,0.0,0.0,0.0,0.0,0.0,0.0,0.0,0.0,0.0,0.0,0.0
2026-04-22 18:00:00,7,574.0,2026-05-04 12:00:00,11 days 18:00:00,-9.13,56.15,1005.5,19.6,73.08558722268904,0.0,0.0,0.0,0.0,0.0,0.0,0.0,0.0,0.0,0.0,0.0,0.0
2026-04-22 18:00:00,7,574.0,2026-05-04 18:00:00,12 days 00:00:00,-9.05,55.15,1005.4,26.8,120.23896550930768,0.0,0.0,0.0,0.0,0.0,0.0,0.0,0.0,0.0,0.0,0.0,0.0
2026-04-22 18:00:00,7,574.0,2026-05-05 00:00:00,12 days 06:00:00,-9.13,54.92,1000.4,29.5,64.98974869967378,0.0,0.0,0.0,0.0,0.0,0.0,0.0,0.0,0.0,0.0,0.0,0.0
2026-04-22 18:00:00,7,574.0,2026-05-05 06:00:00,12 days 12:00:00,-9.3,54.25,999.9,33.8,98.77716810078228,0.0,0.0,0.0,0.0,0.0,0.0,0.0,0.0,0.0,0.0,0.0,0.0
2026-04-22 18:00:00,7,574.0,2026-05-05 12:00:00,12 days 18:00:00,-9.58,54.08,997.0,37.4,46.58311772261642,20.53595973363382,46.58311772261642,14.892414696555695,12.06366195101046,0.0,0.0,0.0,0.0,0.0,0.0,0.0,0.0
2026-04-22 18:00:00,7,574.0,2026-05-05 18:00:00,13 days 00:00:00,-9.67,53.11,1001.7,34.3,50.71777782821422,50.71777782821422,18.265023600764223,12.14915238333448,14.711671482730452,0.0,0.0,0.0,0.0,0.0,0.0,0.0,0.0
2026-04-22 18:00:00,1,577.0,2026-05-05 00:00:00,12 days 06:00:00,-8.77,63.81,1002.5,24.9,114.0031436792732,0.0,0.0,0.0,0.0,0.0,0.0,0.0,0.0,0.0,0.0,0.0,0.0
2026-04-22 18:00:00,1,577.0,2026-05-05 06:00:00,12 days 12:00:00,-9.1,63.22,1004.7,14.8,121.99688205373198,0.0,0.0,0.0,0.0,0.0,0.0,0.0,0.0,0.0,0.0,0.0,0.0
2026-04-22 18:00:00,1,577.0,2026-05-05 12:00:00,12 days 18:00:00,-9.2,63.49,1000.8,28.1,83.80030712539613,0.0,0.0,0.0,0.0,0.0,0.0,0.0,0.0,0.0,0.0,0.0,0.0
2026-04-22 18:00:00,1,577.0,2026-05-05 18:00:00,13 days 00:00:00,-9.44,63.74,1001.5,28.8,74.14605341326816,0.0,0.0,0.0,0.0,0.0,0.0,0.0,0.0,0.0,0.0,0.0,0.0
2026-04-22 18:00:00,6,578.0,2026-05-04 18:00:00,12 days 00:00:00,7.09,64.84,997.5,39.8,62.90347657467347,139.00476655729247,124.88605226792116,104.0114275331835,118.86235302903076,0.0,0.0,0.0,0.0,0.0,0.0,0.0,0.0
2026-04-22 18:00:00,6,578.0,2026-05-05 00:00:00,12 days 06:00:00,7.44,64.41,1002.4,28.8,124.2006398551635,0.0,0.0,0.0,0.0,0.0,0.0,0.0,0.0,0.0,0.0,0.0,0.0
2026-04-22 18:00:00,6,578.0,2026-05-05 06:00:00,12 days 12:00:00,7.34,64.87,1003.5,29.7,75.73655864872346,0.0,0.0,0.0,0.0,0.0,0.0,0.0,0.0,0.0,0.0,0.0,0.0
2026-04-22 18:00:00,6,578.0,2026-05-05 12:00:00,12 days 18:00:00,7.5,64.45,1000.5,43.7,59.32443986532544,77.7438129704349,68.98822161819706,57.66088004408322,72.0174134159321,0.0,0.0,0.0,0.0,0.0,0.0,0.0,0.0
2026-04-22 18:00:00,6,578.0,2026-05-05 18:00:00,13 days 00:00:00,7.39,64.35,994.7,43.5,58.06856292882899,174.30170558484096,161.44075175993953,135.1207498950065,148.58457282910462,0.0,0.0,0.0,0.0,0.0,0.0,0.0,0.0
2026-04-22 18:00:00,7,582.0,2026-05-04 00:00:00,11 days 06:00:00,9.98,145.1,1008.3,23.0,87.97421885645177,0.0,0.0,0.0,0.0,0.0,0.0,0.0,0.0,0.0,0.0,0.0,0.0
2026-04-22 18:00:00,7,582.0,2026-05-04 06:00:00,11 days 12:00:00,9.66,144.78,1003.7,21.9,91.05312470963,0.0,0.0,0.0,0.0,0.0,0.0,0.0,0.0,0.0,0.0,0.0,0.0
2026-04-22 18:00:00,7,582.0,2026-05-04 12:00:00,11 days 18:00:00,9.79,144.1,1003.6,29.9,45.21626617413352,0.0,0.0,0.0,0.0,0.0,0.0,0.0,0.0,0.0,0.0,0.0,0.0
2026-04-22 18:00:00,7,582.0,2026-05-04 18:00:00,12 days 00:00:00,9.88,142.82,1005.3,22.7,103.90442013441049,0.0,0.0,0.0,0.0,0.0,0.0,0.0,0.0,0.0,0.0,0.0,0.0
2026-04-22 18:00:00,7,582.0,2026-05-05 00:00:00,12 days 06:00:00,9.64,142.04,997.7,41.5,62.15033045262308,119.3493694885384,102.10119969035608,69.99318978503285,95.60595656081615,0.0,0.0,0.0,0.0,0.0,0.0,0.0,0.0
2026-04-22 18:00:00,7,582.0,2026-05-05 06:00:00,12 days 12:00:00,10.34,141.34,998.4,42.1,61.77348758892144,61.77348758892144,45.39956001074313,26.57753315278197,42.305220154581015,0.0,0.0,0.0,0.0,0.0,0.0,0.0,0.0
2026-04-22 18:00:00,7,582.0,2026-05-05 12:00:00,12 days 18:00:00,10.32,140.87,988.5,59.5,18.15332739369014,99.1863261125994,77.03886106903067,48.56178129938591,82.18744614074785,34.81685453513226,27.62590020165496,16.562251796888468,25.704690443220176,0.0,0.0,0.0,0.0
2026-04-22 18:00:00,7,582.0,2026-05-05 18:00:00,13 days 00:00:00,10.64,140.19,984.6,67.0,34.79723796742848,118.29829523663642,99.341994622836,66.09234326563524,94.42449239250055,57.51625127274608,47.73416448711304,33.31851972322487,47.19640613275928,34.79723796742848,23.9201430802813,19.05047518443252,24.25353303132831
2026-04-22 18:00:00,3,583.0,2026-05-01 06:00:00,8 days 12:00:00,10.05,134.92,1008.5,22.9,92.51042341968054,0.0,0.0,0.0,0.0,0.0,0.0,0.0,0.0,0.0,0.0,0.0,0.0
2026-04-22 18:00:00,3,583.0,2026-05-01 12:00:00,8 days 18:00:00,10.31,134.72,1005.6,24.0,73.35445920645691,0.0,0.0,0.0,0.0,0.0,0.0,0.0,0.0,0.0,0.0,0.0,0.0
2026-04-22 18:00:00,3,583.0,2026-05-01 18:00:00,9 days 00:00:00,10.94,133.82,1003.6,28.7,53.07304182572612,0.0,0.0,0.0,0.0,0.0,0.0,0.0,0.0,0.0,0.0,0.0,0.0
2026-04-22 18:00:00,3,583.0,2026-05-02 00:00:00,9 days 06:00:00,10.73,133.62,1006.6,20.9,79.72800969530962,0.0,0.0,0.0,0.0,0.0,0.0,0.0,0.0,0.0,0.0,0.0,0.0
2026-04-22 18:00:00,3,583.0,2026-05-02 06:00:00,9 days 12:00:00,10.32,133.6,1005.8,26.3,104.54043326683684,0.0,0.0,0.0,0.0,0.0,0.0,0.0,0.0,0.0,0.0,0.0,0.0
2026-04-22 18:00:00,3,583.0,2026-05-02 12:00:00,9 days 18:00:00,11.12,132.64,1004.3,23.9,54.4869946548618,0.0,0.0,0.0,0.0,0.0,0.0,0.0,0.0,0.0,0.0,0.0,0.0
2026-04-22 18:00:00,3,583.0,2026-05-02 18:00:00,10 days 00:00:00,10.86,131.95,1003.7,26.6,101.25333338676435,0.0,0.0,0.0,0.0,0.0,0.0,0.0,0.0,0.0,0.0,0.0,0.0
2026-04-22 18:00:00,3,583.0,2026-05-03 00:00:00,10 days 06:00:00,11.28,131.33,1005.1,25.1,81.49083944427908,0.0,0.0,0.0,0.0,0.0,0.0,0.0,0.0,0.0,0.0,0.0,0.0
2026-04-22 18:00:00,3,583.0,2026-05-03 06:00:00,10 days 12:00:00,11.34,130.76,1000.3,29.4,46.23039814600212,0.0,0.0,0.0,0.0,0.0,0.0,0.0,0.0,0.0,0.0,0.0,0.0
2026-04-22 18:00:00,3,583.0,2026-05-03 12:00:00,10 days 18:00:00,11.56,130.25,1003.7,25.9,94.78749646377346,0.0,0.0,0.0,0.0,0.0,0.0,0.0,0.0,0.0,0.0,0.0,0.0
2026-04-22 18:00:00,3,583.0,2026-05-03 18:00:00,11 days 00:00:00,11.84,129.48,1000.8,32.6,89.94537802023099,0.0,0.0,0.0,0.0,0.0,0.0,0.0,0.0,0.0,0.0,0.0,0.0
2026-04-22 18:00:00,3,583.0,2026-05-04 00:00:00,11 days 06:00:00,12.13,128.7,1002.8,28.8,92.2333070747922,0.0,0.0,0.0,0.0,0.0,0.0,0.0,0.0,0.0,0.0,0.0,0.0
2026-04-22 18:00:00,3,583.0,2026-05-04 06:00:00,11 days 12:00:00,12.5,127.84,1001.7,34.2,72.12679238023793,72.12679238023793,0.0,0.0,0.0,0.0,0.0,0.0,0.0,0.0,0.0,0.0,0.0
2026-04-22 18:00:00,3,583.0,2026-05-04 12:00:00,11 days 18:00:00,12.82,127.41,1001.6,37.8,82.95144307128095,1.1140778081997582,3.4622002320949963,82.95144307128095,1.6991393612195091,0.0,0.0,0.0,0.0,0.0,0.0,0.0,0.0
2026-04-22 18:00:00,3,583.0,2026-05-04 18:00:00,12 days 00:00:00,13.87,126.55,1005.1,28.6,117.39008363997256,0.0,0.0,0.0,0.0,0.0,0.0,0.0,0.0,0.0,0.0,0.0,0.0
2026-04-22 18:00:00,3,583.0,2026-05-05 00:00:00,12 days 06:00:00,13.82,125.49,1005.7,26.8,93.43550277757588,0.0,0.0,0.0,0.0,0.0,0.0,0.0,0.0,0.0,0.0,0.0,0.0
2026-04-22 18:00:00,3,583.0,2026-05-05 06:00:00,12 days 12:00:00,14.31,124.56,1002.8,29.0,62.84018121255963,0.0,0.0,0.0,0.0,0.0,0.0,0.0,0.0,0.0,0.0,0.0,0.0
2026-04-22 18:00:00,3,583.0,2026-05-05 12:00:00,12 days 18:00:00,14.73,123.33,1008.8,18.9,56.43607030282681,0.0,0.0,0.0,0.0,0.0,0.0,0.0,0.0,0.0,0.0,0.0,0.0
2026-04-22 18:00:00,4,583.0,2026-05-04 00:00:00,11 days 06:00:00,-8.63,66.28,1002.4,22.5,102.7494706981615,0.0,0.0,0.0,0.0,0.0,0.0,0.0,0.0,0.0,0.0,0.0,0.0
2026-04-22 18:00:00,4,583.0,2026-05-04 06:00:00,11 days 12:00:00,-8.67,66.17,1001.8,27.0,95.85281835992794,0.0,0.0,0.0,0.0,0.0,0.0,0.0,0.0,0.0,0.0,0.0,0.0
2026-04-22 18:00:00,4,583.0,2026-05-04 12:00:00,11 days 18:00:00,-9.73,66.25,997.5,33.3,88.0590008800713,0.0,0.0,0.0,0.0,0.0,0.0,0.0,0.0,0.0,0.0,0.0,0.0
2026-04-22 18:00:00,4,583.0,2026-05-04 18:00:00,12 days 00:00:00,-9.98,65.94,1000.2,28.5,119.51775368839992,0.0,0.0,0.0,0.0,0.0,0.0,0.0,0.0,0.0,0.0,0.0,0.0
2026-04-22 18:00:00,4,583.0,2026-05-05 00:00:00,12 days 06:00:00,-10.43,65.71,995.9,36.1,133.5843625518251,135.1076161656747,127.73008806225836,107.8451017076416,109.59533202089789,0.0,0.0,0.0,0.0,0.0,0.0,0.0,0.0
2026-04-22 18:00:00,4,583.0,2026-05-05 06:00:00,12 days 12:00:00,-11.41,65.78,1001.7,33.3,72.71506015160912,0.0,0.0,0.0,0.0,0.0,0.0,0.0,0.0,0.0,0.0,0.0,0.0
2026-04-22 18:00:00,4,583.0,2026-05-05 12:00:00,12 days 18:00:00,-12.37,65.43,997.5,33.7,55.603407904341,0.0,0.0,0.0,0.0,0.0,0.0,0.0,0.0,0.0,0.0,0.0,0.0
2026-04-22 18:00:00,4,583.0,2026-05-05 18:00:00,13 days 00:00:00,-12.83,65.21,1000.4,38.4,62.45206889080474,64.94526010224794,66.9410932281957,60.914484606249744,57.279468553383424,0.0,0.0,0.0,0.0,0.0,0.0,0.0,0.0
2026-04-22 18:00:00,1,589.0,2026-05-04 18:00:00,12 days 00:00:00,-8.07,66.5,1001.3,24.5,116.94298957857416,0.0,0.0,0.0,0.0,0.0,0.0,0.0,0.0,0.0,0.0,0.0,0.0
2026-04-22 18:00:00,1,589.0,2026-05-05 00:00:00,12 days 06:00:00,-8.23,66.75,1000.3,29.3,57.67981083346233,0.0,0.0,0.0,0.0,0.0,0.0,0.0,0.0,0.0,0.0,0.0,0.0
2026-04-22 18:00:00,1,589.0,2026-05-05 06:00:00,12 days 12:00:00,-7.99,67.1,999.6,32.8,59.68446149474914,0.0,0.0,0.0,0.0,0.0,0.0,0.0,0.0,0.0,0.0,0.0,0.0
2026-04-22 18:00:00,1,589.0,2026-05-05 12:00:00,12 days 18:00:00,-8.37,67.21,999.1,36.3,56.67995311539004,56.67995311539004,0.0,0.0,0.0,0.0,0.0,0.0,0.0,0.0,0.0,0.0,0.0
2026-04-22 18:00:00,1,589.0,2026-05-05 18:00:00,13 days 00:00:00,-8.18,66.8,990.0,48.6,42.96932778019989,153.88999930094957,168.89343134518816,155.95547664403466,142.44682623717654,0.0,0.0,0.0,0.0,0.0,0.0,0.0,0.0
2026-04-22 18:00:00,3,594.0,2026-05-02 18:00:00,10 days 00:00:00,-6.83,59.48,1003.8,26.4,60.768851046623496,0.0,0.0,0.0,0.0,0.0,0.0,0.0,0.0,0.0,0.0,0.0,0.0
2026-04-22 18:00:00,3,594.0,2026-05-03 00:00:00,10 days 06:00:00,-7.63,58.79,999.7,28.8,67.83393797501869,0.0,0.0,0.0,0.0,0.0,0.0,0.0,0.0,0.0,0.0,0.0,0.0
2026-04-22 18:00:00,3,594.0,2026-05-03 06:00:00,10 days 12:00:00,-8.18,58.53,999.6,29.6,119.2827986155489,0.0,0.0,0.0,0.0,0.0,0.0,0.0,0.0,0.0,0.0,0.0,0.0
2026-04-22 18:00:00,3,594.0,2026-05-03 12:00:00,10 days 18:00:00,-8.62,58.09,999.8,34.7,98.81511326491528,0.0,98.81511326491528,0.0,0.0,0.0,0.0,0.0,0.0,0.0,0.0,0.0,0.0
2026-04-22 18:00:00,3,594.0,2026-05-03 18:00:00,11 days 00:00:00,-8.81,56.81,998.7,31.9,65.94563157991041,0.0,0.0,0.0,0.0,0.0,0.0,0.0,0.0,0.0,0.0,0.0,0.0
2026-04-22 18:00:00,3,594.0,2026-05-04 00:00:00,11 days 06:00:00,-9.14,56.49,998.9,32.5,71.85309714624839,0.0,0.0,0.0,0.0,0.0,0.0,0.0,0.0,0.0,0.0,0.0,0.0
2026-04-22 18:00:00,3,594.0,2026-05-04 06:00:00,11 days 12:00:00,-9.63,55.01,999.0,32.8,96.10135228180076,0.0,0.0,0.0,0.0,0.0,0.0,0.0,0.0,0.0,0.0,0.0,0.0
2026-04-22 18:00:00,3,594.0,2026-05-04 12:00:00,11 days 18:00:00,-9.9,54.06,1000.6,32.4,84.94101834330698,0.0,0.0,0.0,0.0,0.0,0.0,0.0,0.0,0.0,0.0,0.0,0.0
2026-04-22 18:00:00,3,594.0,2026-05-04 18:00:00,12 days 00:00:00,-10.28,53.25,1002.3,34.0,48.26848930482436,0.0,0.0,0.0,0.0,0.0,0.0,0.0,0.0,0.0,0.0,0.0,0.0
2026-04-22 18:00:00,3,594.0,2026-05-05 00:00:00,12 days 06:00:00,-10.68,52.03,997.0,36.9,59.46337160052459,74.84449761764756,82.69953914019257,72.89448580265417,64.5551061082079,0.0,0.0,0.0,0.0,0.0,0.0,0.0,0.0
2026-04-22 18:00:00,3,594.0,2026-05-05 06:00:00,12 days 12:00:00,-11.07,50.86,992.9,46.3,39.007881373729866,138.66967891975304,148.94924485304247,128.9059821323745,120.7088640978898,0.0,0.0,0.0,0.0,0.0,0.0,0.0,0.0
2026-04-22 18:00:00,3,594.0,2026-05-05 12:00:00,12 days 18:00:00,-11.47,49.72,978.9,58.1,58.43859559563311,216.87743224017171,240.2759856681829,210.6576743758719,181.9310384590217,0.0,2.239246159864922,58.43859559563311,0.6186931004649464,0.0,0.0,0.0,0.0
2026-04-22 18:00:00,3,594.0,2026-05-05 18:00:00,13 days 00:00:00,-11.95,48.44,991.4,51.8,46.28715287316452,161.38157170757478,173.9515000194599,160.2403010095427,150.89653418607622,2.0167498667754904,1.4331447595745832,46.28715287316452,0.6880390677011962,0.0,0.0,0.0,0.0
2026-04-22 18:00:00,1,595.0,2026-05-01 00:00:00,8 days 06:00:00,-7.55,63.6,1002.3,28.5,61.39833927619448,0.0,0.0,0.0,0.0,0.0,0.0,0.0,0.0,0.0,0.0,0.0,0.0
2026-04-22 18:00:00,1,595.0,2026-05-01 06:00:00,8 days 12:00:00,-7.84,63.8,1006.6,20.8,166.67343300367338,0.0,0.0,0.0,0.0,0.0,0.0,0.0,0.0,0.0,0.0,0.0,0.0
2026-04-22 18:00:00,1,595.0,2026-05-01 12:00:00,8 days 18:00:00,-8.3,62.08,1000.0,24.3,69.51774198972852,0.0,0.0,0.0,0.0,0.0,0.0,0.0,0.0,0.0,0.0,0.0,0.0
2026-04-22 18:00:00,1,595.0,2026-05-01 18:00:00,9 days 00:00:00,-8.77,62.35,1004.4,23.3,76.47791475001105,0.0,0.0,0.0,0.0,0.0,0.0,0.0,0.0,0.0,0.0,0.0,0.0
2026-04-22 18:00:00,1,595.0,2026-05-02 00:00:00,9 days 06:00:00,-8.81,60.89,1001.4,35.7,91.07777278261663,91.07777278261663,0.0,0.0,3.2764970002249374,0.0,0.0,0.0,0.0,0.0,0.0,0.0,0.0
2026-04-22 18:00:00,1,595.0,2026-05-02 06:00:00,9 days 12:00:00,-9.28,59.94,1004.9,21.5,80.20093910402306,0.0,0.0,0.0,0.0,0.0,0.0,0.0,0.0,0.0,0.0,0.0,0.0
2026-04-22 18:00:00,1,595.0,2026-05-02 12:00:00,9 days 18:00:00,-9.46,59.35,1001.8,35.9,128.5399945663613,128.5399945663613,0.5679643553276585,0.5935296038743958,1.3093965997505697,0.0,0.0,0.0,0.0,0.0,0.0,0.0,0.0
2026-04-22 18:00:00,1,595.0,2026-05-02 18:00:00,10 days 00:00:00,-9.58,58.38,999.8,32.3,68.46486472556288,0.0,0.0,0.0,0.0,0.0,0.0,0.0,0.0,0.0,0.0,0.0,0.0
2026-04-22 18:00:00,1,595.0,2026-05-03 00:00:00,10 days 06:00:00,-9.74,57.39,990.6,49.6,81.8958278871372,162.97662947137772,165.89053813355554,144.42089721745035,146.4049811172294,0.0,0.0,0.0,0.0,0.0,0.0,0.0,0.0
2026-04-22 18:00:00,1,595.0,2026-05-03 06:00:00,10 days 12:00:00,-10.4,56.62,1001.6,36.3,121.02376752749316,4.646189782261152,121.02376752749316,0.9794420892096524,3.6023917969707004,0.0,0.0,0.0,0.0,0.0,0.0,0.0,0.0
2026-04-22 18:00:00,1,595.0,2026-05-03 12:00:00,10 days 18:00:00,-10.51,55.89,1000.2,28.1,46.723687767132176,0.0,0.0,0.0,0.0,0.0,0.0,0.0,0.0,0.0,0.0,0.0,0.0
2026-04-22 18:00:00,1,595.0,2026-05-03 18:00:00,11 days 00:00:00,-10.86,54.86,998.5,34.0,65.27908948340746,0.0279442130684628,65.27908948340746,1.7224271553261097,1.959122560068984,0.0,0.0,0.0,0.0,0.0,0.0,0.0,0.0
2026-04-22 18:00:00,1,595.0,2026-05-04 00:00:00,11 days 06:00:00,-10.49,53.86,990.7,46.5,120.89806628136864,243.3271754652511,257.4550103572805,221.27019128960373,208.1671303031372,0.0,0.0,0.0,0.0,0.0,0.0,0.0,0.0
2026-04-22 18:00:00,1,595.0,2026-05-04 06:00:00,11 days 12:00:00,-11.07,52.89,986.7,62.0,55.41966947398544,234.0578221201287,261.82811564197107,243.65846771805212,207.15362905584044,114.37129076774204,113.28059846412724,95.43239440775368,94.38049778139155,0.0,0.0,0.0,0.0
2026-04-22 18:00:00,1,595.0,2026-05-04 12:00:00,11 days 18:00:00,-11.25,51.88,975.9,75.3,17.019263988580242,164.60925926575527,207.98350833754017,206.99403149794165,149.54262320480785,115.83568862095092,128.3105793943634,113.82112255120668,101.83553031007628,52.42640526906254,55.959246966300704,49.38678983900009,45.62240620934284
2026-04-22 18:00:00,1,595.0,2026-05-04 18:00:00,12 days 00:00:00,-11.49,50.9,960.4,95.6,43.13520690867001,227.9385544451805,288.4623642222696,267.1331842719041,217.0513924481926,116.53918889296874,123.77074119733076,113.83366375765092,103.28321058627282,49.14104430476908,52.44280429548319,46.20279347326584,44.25036736769242
2026-04-22 18:00:00,1,595.0,2026-05-05 00:00:00,12 days 06:00:00,-11.79,49.48,978.8,80.0,14.405281705532545,282.42305204775363,320.3376679250041,302.20843553050463,253.08457389966344,185.4915641882995,195.23419758757345,172.80305709761598,163.0092580436837,77.99576102848621,82.7303391841593,73.5131010798347,68.2809433248651
2026-04-22 18:00:00,1,595.0,2026-05-05 06:00:00,12 days 12:00:00,-12.51,48.26,974.5,95.5,12.735901742285456,117.26490672857692,172.71853546407917,188.7769117683161,104.83028575733528,76.7846618705581,99.52364115325936,89.58669063124663,72.06003380180593,72.45945126035977,75.19174939712393,65.46556785112855,63.22181508051418
2026-04-22 18:00:00,1,595.0,2026-05-05 12:00:00,12 days 18:00:00,-12.95,47.31,975.3,91.7,28.24959211282446,205.2770539675395,223.78547252939543,221.2366390846873,170.63451026113563,124.45481724856648,138.71524046811038,122.96415221803272,109.63880732337796,79.44822190721355,82.66905952953589,71.92601617325774,69.95858409810458
2026-04-22 18:00:00,1,595.0,2026-05-05 18:00:00,13 days 00:00:00,-13.11,46.21,972.5,87.2,25.53663279695212,159.5324786904423,197.89889973825396,208.4983475338736,138.73202743164848,83.50892853665437,90.16775992997329,87.76199812268567,75.28935669872078,29.11526501777973,31.427618180893035,27.26553506071474,25.99841451361641
2026-04-22 18:00:00,1,596.0,2026-04-30 18:00:00,8 days 00:00:00,7.38,140.61,1009.6,14.3,132.2766003083592,0.0,0.0,0.0,0.0,0.0,0.0,0.0,0.0,0.0,0.0,0.0,0.0
2026-04-22 18:00:00,1,596.0,2026-05-01 00:00:00,8 days 06:00:00,7.74,139.9,1009.3,15.6,73.77805265842704,0.0,0.0,0.0,0.0,0.0,0.0,0.0,0.0,0.0,0.0,0.0,0.0
2026-04-22 18:00:00,1,596.0,2026-05-01 06:00:00,8 days 12:00:00,7.88,139.66,1004.8,23.6,68.15445995433839,0.0,0.0,0.0,0.0,0.0,0.0,0.0,0.0,0.0,0.0,0.0,0.0
2026-04-22 18:00:00,1,596.0,2026-05-01 12:00:00,8 days 18:00:00,8.35,138.21,1003.4,24.0,43.67073337830704,0.0,0.0,0.0,0.0,0.0,0.0,0.0,0.0,0.0,0.0,0.0,0.0
2026-04-22 18:00:00,1,596.0,2026-05-01 18:00:00,9 days 00:00:00,8.1,138.34,1005.1,18.5,132.537266145318,0.0,0.0,0.0,0.0,0.0,0.0,0.0,0.0,0.0,0.0,0.0,0.0
2026-04-22 18:00:00,1,596.0,2026-05-02 00:00:00,9 days 06:00:00,7.24,137.07,1005.1,20.1,77.81491544567848,0.0,0.0,0.0,0.0,0.0,0.0,0.0,0.0,0.0,0.0,0.0,0.0
2026-04-22 18:00:00,1,596.0,2026-05-02 06:00:00,9 days 12:00:00,8.07,136.55,1006.3,21.0,111.7523452819684,0.0,0.0,0.0,0.0,0.0,0.0,0.0,0.0,0.0,0.0,0.0,0.0
2026-04-22 18:00:00,1,596.0,2026-05-02 12:00:00,9 days 18:00:00,8.03,135.84,1002.8,22.8,100.31760915876067,0.0,0.0,0.0,0.0,0.0,0.0,0.0,0.0,0.0,0.0,0.0,0.0
2026-04-22 18:00:00,1,596.0,2026-05-02 18:00:00,10 days 00:00:00,8.1,135.33,1004.5,24.0,94.26879980210173,0.0,0.0,0.0,0.0,0.0,0.0,0.0,0.0,0.0,0.0,0.0,0.0
2026-04-22 18:00:00,1,596.0,2026-05-03 00:00:00,10 days 06:00:00,8.55,134.73,1003.5,25.5,67.30318743720903,0.0,0.0,0.0,0.0,0.0,0.0,0.0,0.0,0.0,0.0,0.0,0.0
2026-04-22 18:00:00,1,596.0,2026-05-03 06:00:00,10 days 12:00:00,8.88,134.08,1004.3,26.4,81.81070708952214,0.0,0.0,0.0,0.0,0.0,0.0,0.0,0.0,0.0,0.0,0.0,0.0
2026-04-22 18:00:00,1,596.0,2026-05-03 12:00:00,10 days 18:00:00,9.2,133.4,1006.2,24.9,39.8646709535004,0.0,0.0,0.0,0.0,0.0,0.0,0.0,0.0,0.0,0.0,0.0,0.0
2026-04-22 18:00:00,1,596.0,2026-05-03 18:00:00,11 days 00:00:00,9.78,132.66,1008.7,19.5,99.33502114644337,0.0,0.0,0.0,0.0,0.0,0.0,0.0,0.0,0.0,0.0,0.0,0.0
2026-04-22 18:00:00,1,596.0,2026-05-04 00:00:00,11 days 06:00:00,9.72,130.98,1000.9,32.4,117.0453193835122,0.0,0.0,0.0,0.0,0.0,0.0,0.0,0.0,0.0,0.0,0.0,0.0
2026-04-22 18:00:00,1,596.0,2026-05-04 06:00:00,11 days 12:00:00,10.45,129.07,1000.9,36.1,67.87204210138442,67.87204210138442,6.8361993775035295,2.0759712791841096,11.282037161236174,0.0,0.0,0.0,0.0,0.0,0.0,0.0,0.0
2026-04-22 18:00:00,1,596.0,2026-05-04 12:00:00,11 days 18:00:00,10.96,128.17,1000.6,32.8,53.661586714326695,0.0,0.0,0.0,0.0,0.0,0.0,0.0,0.0,0.0,0.0,0.0,0.0
2026-04-22 18:00:00,1,596.0,2026-05-04 18:00:00,12 days 00:00:00,11.27,127.04,1001.1,34.2,106.40430794243132,0.0,0.0,106.40430794243132,0.0,0.0,0.0,0.0,0.0,0.0,0.0,0.0,0.0
2026-04-22 18:00:00,1,596.0,2026-05-05 00:00:00,12 days 06:00:00,11.18,125.01,1001.6,30.2,67.70345873243012,0.0,0.0,0.0,0.0,0.0,0.0,0.0,0.0,0.0,0.0,0.0,0.0
2026-04-22 18:00:00,1,596.0,2026-05-05 06:00:00,12 days 12:00:00,11.36,123.64,1002.8,32.7,59.90542558039158,0.0,0.0,0.0,0.0,0.0,0.0,0.0,0.0,0.0,0.0,0.0,0.0
2026-04-22 18:00:00,1,596.0,2026-05-05 12:00:00,12 days 18:00:00,11.63,122.0,1001.5,27.8,73.5434208131294,0.0,0.0,0.0,0.0,0.0,0.0,0.0,0.0,0.0,0.0,0.0,0.0
2026-04-22 18:00:00,1,596.0,2026-05-05 18:00:00,13 days 00:00:00,11.01,121.16,1000.6,35.2,100.35555995533514,3.2156004329628445,5.558550105327271,100.35555995533514,4.331775320785596,0.0,0.0,0.0,0.0,0.0,0.0,0.0,0.0
2026-04-22 18:00:00,0,600.0,2026-05-01 18:00:00,9 days 00:00:00,8.27,67.22,1008.9,15.6,102.82500378021328,0.0,0.0,0.0,0.0,0.0,0.0,0.0,0.0,0.0,0.0,0.0,0.0
2026-04-22 18:00:00,0,600.0,2026-05-02 00:00:00,9 days 06:00:00,8.23,67.58,1007.7,18.6,73.54371905960616,0.0,0.0,0.0,0.0,0.0,0.0,0.0,0.0,0.0,0.0,0.0,0.0
2026-04-22 18:00:00,0,600.0,2026-05-02 06:00:00,9 days 12:00:00,8.92,67.59,1001.1,26.4,65.57046462038866,0.0,0.0,0.0,0.0,0.0,0.0,0.0,0.0,0.0,0.0,0.0,0.0
2026-04-22 18:00:00,0,600.0,2026-05-02 12:00:00,9 days 18:00:00,9.05,66.98,1004.8,23.5,90.95552804091828,0.0,0.0,0.0,0.0,0.0,0.0,0.0,0.0,0.0,0.0,0.0,0.0
2026-04-22 18:00:00,0,600.0,2026-05-02 18:00:00,10 days 00:00:00,8.69,67.87,1001.4,28.8,63.45182121509049,0.0,0.0,0.0,0.0,0.0,0.0,0.0,0.0,0.0,0.0,0.0,0.0
2026-04-22 18:00:00,0,600.0,2026-05-03 00:00:00,10 days 06:00:00,9.02,68.16,1003.1,29.5,62.4318484235826,0.0,0.0,0.0,0.0,0.0,0.0,0.0,0.0,0.0,0.0,0.0,0.0
2026-04-22 18:00:00,0,600.0,2026-05-03 06:00:00,10 days 12:00:00,9.42,68.04,997.1,35.6,86.65548405608354,86.65548405608354,17.02533357829897,9.41340326020056,15.56599789898616,0.0,0.0,0.0,0.0,0.0,0.0,0.0,0.0
2026-04-22 18:00:00,0,600.0,2026-05-03 12:00:00,10 days 18:00:00,10.29,67.6,969.0,75.3,0.0,119.0549602800239,113.79558988840412,92.04558063373028,106.77138571887592,50.41755458464969,42.16795505879591,31.318480254097366,38.45342238941176,9.693850112912274,7.772959145487868,5.564297691080165,8.064090736567106
2026-04-22 18:00:00,0,600.0,2026-05-03 18:00:00,11 days 00:00:00,10.44,67.94,993.1,50.1,90.7763706219555,244.0802068432858,228.42121743153712,198.35877045889637,210.9897467211378,0.0,0.0,90.7763706219555,0.0,0.0,0.0,0.0,0.0
2026-04-22 18:00:00,0,600.0,2026-05-04 00:00:00,11 days 06:00:00,10.43,67.65,993.8,51.1,63.96129809390508,166.71336778283631,154.5337514069526,128.01858421870173,143.28204892321983,63.96129809390508,60.736851370842814,47.6153171781379,47.60451790799184,0.0,0.0,0.0,0.0
2026-04-22 18:00:00,0,600.0,2026-05-04 06:00:00,11 days 12:00:00,10.8,67.27,988.3,59.9,18.381704313807177,121.9267568575426,108.28573746377424,103.50917373294897,126.6395798758806,67.11223236319506,58.72247931231095,50.77011742729189,61.86434723978459,0.0,0.0,0.0,0.0
2026-04-22 18:00:00,0,600.0,2026-05-04 12:00:00,11 days 18:00:00,10.88,66.24,989.0,53.4,48.21758334429154,163.3016276499055,123.84043776385744,91.17247455888514,145.68658246222685,48.21758334429154,26.53317443348821,20.919103369004084,25.11831164579002,0.0,0.0,0.0,0.0
2026-04-22 18:00:00,0,600.0,2026-05-04 18:00:00,12 days 00:00:00,10.94,65.6,987.9,59.9,35.48978168547079,183.65186040026668,162.33612436911386,154.95245538598084,166.2092766501588,76.66335461920744,65.99592702444411,51.80447756601255,60.15761298248253,0.0,0.0,0.0,0.0
2026-04-22 18:00:00,0,600.0,2026-05-05 00:00:00,12 days 06:00:00,11.03,65.32,985.7,56.6,57.71779418564778,201.5942018047409,185.3275416881255,173.15480992884483,186.07372367198545,57.71779418564778,12.248162819059692,9.547288318426553,9.903340242650462,0.0,0.0,0.0,0.0
2026-04-22 18:00:00,0,600.0,2026-05-05 06:00:00,12 days 12:00:00,11.55,64.68,990.9,54.7,25.01143168164465,216.42365929546543,187.81849060602585,174.70640135925245,195.95489470875992,99.71251815376051,87.24457377837236,69.65434996688705,85.13386783513243,0.0,0.0,0.0,0.0
2026-04-22 18:00:00,0,600.0,2026-05-05 12:00:00,12 days 18:00:00,12.31,63.24,980.6,68.7,19.515843932523207,161.4062862149841,140.2644712875182,126.96687550425742,150.61503189003068,68.48819051947697,56.11924384831262,40.539756700441686,54.020585046378336,19.515843932523207,3.158008122041128,1.5534556721387571,4.55909904626359
2026-04-22 18:00:00,0,600.0,2026-05-05 18:00:00,13 days 00:00:00,12.72,62.36,983.7,66.4,18.31746776241539,150.48523073407597,138.54227052721723,133.84548805791576,142.90650957019758,59.68443178671256,50.26890700156781,41.537884831766846,50.569017943366745,18.31746776241539,5.346095876955896,4.1247458831604185,6.791520928335727
2026-04-22 18:00:00,3,601.0,2026-05-05 00:00:00,12 days 06:00:00,-8.56,63.69,1004.9,16.9,135.3270438627677,0.0,0.0,0.0,0.0,0.0,0.0,0.0,0.0,0.0,0.0,0.0,0.0
2026-04-22 18:00:00,3,601.0,2026-05-05 06:00:00,12 days 12:00:00,-9.24,63.38,1001.9,25.4,67.17139280674438,0.0,0.0,0.0,0.0,0.0,0.0,0.0,0.0,0.0,0.0,0.0,0.0
2026-04-22 18:00:00,3,601.0,2026-05-05 12:00:00,12 days 18:00:00,-9.55,63.63,1000.3,25.5,113.00792638733012,0.0,0.0,0.0,0.0,0.0,0.0,0.0,0.0,0.0,0.0,0.0,0.0
2026-04-22 18:00:00,3,601.0,2026-05-05 18:00:00,13 days 00:00:00,-9.89,62.67,1006.1,19.3,106.50070758261153,0.0,0.0,0.0,0.0,0.0,0.0,0.0,0.0,0.0,0.0,0.0,0.0
2026-04-22 18:00:00,2,602.0,2026-05-03 00:00:00,10 days 06:00:00,-9.38,70.48,1004.3,21.2,73.67017280306797,0.0,0.0,0.0,0.0,0.0,0.0,0.0,0.0,0.0,0.0,0.0,0.0
2026-04-22 18:00:00,2,602.0,2026-05-03 06:00:00,10 days 12:00:00,-10.12,70.32,1004.2,20.2,76.63232735916512,0.0,0.0,0.0,0.0,0.0,0.0,0.0,0.0,0.0,0.0,0.0,0.0
2026-04-22 18:00:00,2,602.0,2026-05-03 12:00:00,10 days 18:00:00,-9.97,69.98,1004.9,23.3,119.85412637943207,0.0,0.0,0.0,0.0,0.0,0.0,0.0,0.0,0.0,0.0,0.0,0.0
2026-04-22 18:00:00,2,602.0,2026-05-03 18:00:00,11 days 00:00:00,-10.3,70.05,1002.5,26.7,84.07137857745889,0.0,0.0,0.0,0.0,0.0,0.0,0.0,0.0,0.0,0.0,0.0,0.0
2026-04-22 18:00:00,2,602.0,2026-05-04 00:00:00,11 days 06:00:00,-10.24,70.47,1001.5,34.5,74.28267622079005,211.84950840011263,200.83339571498183,163.71432244653016,180.75333271137197,0.0,0.0,0.0,0.0,0.0,0.0,0.0,0.0
2026-04-22 18:00:00,2,602.0,2026-05-04 06:00:00,11 days 12:00:00,-10.33,70.21,1003.1,33.6,48.922752132985664,0.0,0.0,0.0,0.0,0.0,0.0,0.0,0.0,0.0,0.0,0.0,0.0
2026-04-22 18:00:00,2,602.0,2026-05-04 12:00:00,11 days 18:00:00,-10.87,70.43,995.1,38.0,58.08165451223272,58.08165451223272,17.804918368991597,18.00162346861817,19.15826772592383,0.0,0.0,0.0,0.0,0.0,0.0,0.0,0.0
2026-04-22 18:00:00,2,602.0,2026-05-04 18:00:00,12 days 00:00:00,-11.1,70.17,995.4,47.0,43.03545073700819,126.97700683658336,122.00126985811087,109.44822862318648,116.43042937249966,0.0,0.0,0.0,0.0,0.0,0.0,0.0,0.0
2026-04-22 18:00:00,2,602.0,2026-05-05 00:00:00,12 days 06:00:00,-11.32,70.13,995.6,43.3,103.80354045067864,192.33672737441088,195.23903971161693,164.03796546207235,160.19167755326225,0.0,0.0,0.0,0.0,0.0,0.0,0.0,0.0
2026-04-22 18:00:00,2,602.0,2026-05-05 06:00:00,12 days 12:00:00,-10.99,69.98,995.2,39.3,68.33415464827615,204.5949818108837,208.8800480160386,175.47942907504844,175.0502313584428,0.0,0.0,0.0,0.0,0.0,0.0,0.0,0.0
2026-04-22 18:00:00,2,602.0,2026-05-05 12:00:00,12 days 18:00:00,-11.49,70.24,998.1,40.6,117.91613538910096,190.6176247706302,182.64721698662007,140.230642928479,140.0931231959398,0.0,0.0,0.0,0.0,0.0,0.0,0.0,0.0
2026-04-22 18:00:00,2,602.0,2026-05-05 18:00:00,13 days 00:00:00,-11.45,69.95,998.3,45.1,50.94779260635006,132.0035369532088,129.25046796330068,117.17220144974485,114.30452829038543,0.0,0.0,0.0,0.0,0.0,0.0,0.0,0.0
2026-04-22 18:00:00,1,603.0,2026-05-03 18:00:00,11 days 00:00:00,5.56,146.26,1005.5,20.4,60.26117954792468,0.0,0.0,0.0,0.0,0.0,0.0,0.0,0.0,0.0,0.0,0.0,0.0
2026-04-22 18:00:00,1,603.0,2026-05-04 00:00:00,11 days 06:00:00,5.64,145.35,1006.1,19.6,79.44947733376355,0.0,0.0,0.0,0.0,0.0,0.0,0.0,0.0,0.0,0.0,0.0,0.0
2026-04-22 18:00:00,1,603.0,2026-05-04 06:00:00,11 days 12:00:00,5.45,144.68,1003.8,28.3,52.75526524477896,0.0,0.0,0.0,0.0,0.0,0.0,0.0,0.0,0.0,0.0,0.0,0.0
2026-04-22 18:00:00,1,603.0,2026-05-04 12:00:00,11 days 18:00:00,5.38,143.98,1001.8,37.5,39.55419033138445,0.0,0.0,0.0838755173051026,39.55419033138445,0.0,0.0,0.0,0.0,0.0,0.0,0.0,0.0
2026-04-22 18:00:00,1,603.0,2026-05-04 18:00:00,12 days 00:00:00,5.32,143.36,999.7,44.3,62.20039855356944,90.16590808719896,80.52965413767745,69.52515787352948,84.43922182711678,0.0,0.0,0.0,0.0,0.0,0.0,0.0,0.0
2026-04-22 18:00:00,1,603.0,2026-05-05 00:00:00,12 days 06:00:00,5.72,142.65,998.6,51.0,34.792006366068165,114.7709809731386,97.52846519209216,82.48610641163785,96.7995570444613,0.0,0.0,34.792006366068165,0.0,0.0,0.0,0.0,0.0
2026-04-22 18:00:00,1,603.0,2026-05-05 06:00:00,12 days 12:00:00,5.87,141.81,992.6,48.2,41.725045085882655,39.73925168799655,28.972592946692515,38.86919563878386,44.43265333019261,0.0,0.0,0.0,0.0,0.0,0.0,0.0,0.0
2026-04-22 18:00:00,1,603.0,2026-05-05 12:00:00,12 days 18:00:00,6.27,140.87,992.0,52.4,43.39175393539789,135.83520794984997,119.59931737266476,107.9534496250432,132.5288601989581,0.0,0.0,0.0,43.39175393539789,0.0,0.0,0.0,0.0
2026-04-22 18:00:00,1,603.0,2026-05-05 18:00:00,13 days 00:00:00,6.63,139.96,987.3,61.0,27.276733962682584,109.06714836655716,88.4607558332414,91.05663623306984,116.34001669254148,41.14444387936438,32.62454050626922,26.01028785321976,35.6422238291412,0.0,0.0,0.0,0.0
2026-04-22 18:00:00,0,605.0,2026-05-02 18:00:00,10 days 00:00:00,10.84,127.21,1007.0,17.1,130.6935477462694,0.0,0.0,0.0,0.0,0.0,0.0,0.0,0.0,0.0,0.0,0.0,0.0
2026-04-22 18:00:00,0,605.0,2026-05-03 00:00:00,10 days 06:00:00,11.78,126.68,999.9,37.3,56.27844950011191,56.27844950011191,23.21618367863709,6.869668244077751,26.94459602816795,0.0,0.0,0.0,0.0,0.0,0.0,0.0,0.0
2026-04-22 18:00:00,0,605.0,2026-05-03 06:00:00,10 days 12:00:00,11.97,125.96,1004.1,26.6,95.16508461929388,0.0,0.0,0.0,0.0,0.0,0.0,0.0,0.0,0.0,0.0,0.0,0.0
2026-04-22 18:00:00,0,605.0,2026-05-03 12:00:00,10 days 18:00:00,12.23,124.81,1002.0,28.3,65.86598594440841,0.0,0.0,0.0,0.0,0.0,0.0,0.0,0.0,0.0,0.0,0.0,0.0
2026-04-22 18:00:00,0,605.0,2026-05-03 18:00:00,11 days 00:00:00,12.45,123.91,995.7,42.5,34.31032928169682,51.30813781992218,39.82053801346306,16.766609832314856,40.55840070558318,0.0,0.0,0.0,0.0,0.0,0.0,0.0,0.0
2026-04-22 18:00:00,0,605.0,2026-05-04 00:00:00,11 days 06:00:00,12.59,122.99,995.8,52.6,18.20934943704745,70.37914568527069,36.62287035040537,24.406216451305585,59.010108351980094,25.721235629905834,17.326867972658597,9.427868242772265,19.868079453529734,0.0,0.0,0.0,0.0
2026-04-22 18:00:00,0,605.0,2026-05-04 06:00:00,11 days 12:00:00,12.46,121.69,976.1,79.5,15.817031165397978,120.84834496226615,87.02784310458682,75.2775096506453,116.75735731743532,65.56311533078548,46.23718580782198,39.38945576967768,57.19565227777906,30.93009579873917,24.50692844727075,20.263187955538367,26.42658434365836
2026-04-22 18:00:00,0,605.0,2026-05-04 12:00:00,11 days 18:00:00,12.67,120.45,990.4,61.9,27.195781049072554,96.86207189211576,75.20146309223338,45.63030096342885,70.37355776162678,27.326411951790803,20.530433509803466,12.00247800890817,18.961580487406746,0.0,0.0,0.0,0.0
2026-04-22 18:00:00,0,605.0,2026-05-04 18:00:00,12 days 00:00:00,12.42,119.69,986.2,54.9,18.19264901131301,97.76365519501528,79.8905740579539,60.99788029185729,85.44279972446856,18.19264901131301,12.07368053476789,7.18732512420451,12.910140474545784,0.0,0.0,0.0,0.0
2026-04-22 18:00:00,0,605.0,2026-05-05 00:00:00,12 days 06:00:00,12.53,118.16,989.5,58.4,19.464937772202475,97.69602247657464,61.986246272651954,48.38416413895179,88.83841800892172,28.067561780057105,18.59775125372732,13.180035568906876,21.937126188902493,0.0,0.0,0.0,0.0
2026-04-22 18:00:00,0,605.0,2026-05-05 06:00:00,12 days 12:00:00,12.92,117.76,994.9,49.6,32.05910682295562,35.02427883720051,16.738716480611917,0.0,24.075061425568407,0.0,0.0,0.0,0.0,0.0,0.0,0.0,0.0
2026-04-22 18:00:00,0,605.0,2026-05-05 12:00:00,12 days 18:00:00,13.14,116.52,995.2,48.8,41.27608529705333,104.65456966908692,85.1812861350636,44.35873158767974,78.06021701018864,0.0,0.0,0.0,0.0,0.0,0.0,0.0,0.0
2026-04-22 18:00:00,0,605.0,2026-05-05 18:00:00,13 days 00:00:00,13.39,115.39,993.8,51.7,39.34459754384406,120.5549319934212,80.69307520895234,53.25121480208027,103.90884820557258,39.34459754384406,25.60193103633637,17.515976463344423,28.447834610347705,0.0,0.0,0.0,0.0
2026-04-22 18:00:00,4,609.0,2026-05-04 12:00:00,11 days 18:00:00,3.74,68.65,1004.6,22.3,115.38412655902464,0.0,0.0,0.0,0.0,0.0,0.0,0.0,0.0,0.0,0.0,0.0,0.0
2026-04-22 18:00:00,4,609.0,2026-05-04 18:00:00,12 days 00:00:00,4.77,68.08,1004.5,25.3,62.09392135828436,0.0,0.0,0.0,0.0,0.0,0.0,0.0,0.0,0.0,0.0,0.0,0.0
2026-04-22 18:00:00,4,609.0,2026-05-05 00:00:00,12 days 06:00:00,5.19,68.02,996.4,44.2,53.36724186024093,53.36724186024093,32.78944027632248,24.47420569570997,37.34582858521003,0.0,0.0,0.0,0.0,0.0,0.0,0.0,0.0
2026-04-22 18:00:00,4,609.0,2026-05-05 06:00:00,12 days 12:00:00,6.21,67.59,997.8,51.8,37.63189065801616,146.00946694568424,145.69294898598227,138.09726397819747,137.2924106630369,0.0,0.0,37.63189065801616,0.544189716550622,0.0,0.0,0.0,0.0
2026-04-22 18:00:00,4,609.0,2026-05-05 12:00:00,12 days 18:00:00,7.55,66.94,986.0,55.1,26.27629668645376,107.69803402725056,121.82333652628864,110.23848221032218,97.40633101229054,19.08496917197043,26.27629668645376,15.251674681606293,13.506175287253974,0.0,0.0,0.0,0.0
2026-04-22 18:00:00,4,609.0,2026-05-05 18:00:00,13 days 00:00:00,8.07,66.15,992.3,45.4,59.80723144858688,141.79655377093937,122.70167749181245,115.84505482972725,146.5780449749392,0.0,0.0,0.0,0.0,0.0,0.0,0.0,0.0
2026-04-22 18:00:00,0,613.0,2026-05-03 00:00:00,10 days 06:00:00,7.13,147.7,1003.3,21.8,100.6817844977994,0.0,0.0,0.0,0.0,0.0,0.0,0.0,0.0,0.0,0.0,0.0,0.0
2026-04-22 18:00:00,0,613.0,2026-05-03 06:00:00,10 days 12:00:00,7.37,146.61,1007.1,18.3,120.96291320789176,0.0,0.0,0.0,0.0,0.0,0.0,0.0,0.0,0.0,0.0,0.0,0.0
2026-04-22 18:00:00,0,613.0,2026-05-03 12:00:00,10 days 18:00:00,7.32,145.94,1004.3,27.1,70.20460140114531,0.0,0.0,0.0,0.0,0.0,0.0,0.0,0.0,0.0,0.0,0.0,0.0
2026-04-22 18:00:00,0,613.0,2026-05-03 18:00:00,11 days 00:00:00,6.98,145.7,998.8,33.9,49.08878650383042,0.0,0.0,0.0,0.0,0.0,0.0,0.0,0.0,0.0,0.0,0.0,0.0
2026-04-22 18:00:00,0,613.0,2026-05-04 00:00:00,11 days 06:00:00,7.3,144.82,1002.9,32.6,86.32803596263668,0.0,0.0,0.0,0.0,0.0,0.0,0.0,0.0,0.0,0.0,0.0,0.0
2026-04-22 18:00:00,0,613.0,2026-05-04 06:00:00,11 days 12:00:00,7.6,144.14,994.3,34.6,59.10254628966918,109.96709708254436,102.44219495870036,84.16472021179982,89.04645298102369,0.0,0.0,0.0,0.0,0.0,0.0,0.0,0.0
2026-04-22 18:00:00,0,613.0,2026-05-04 12:00:00,11 days 18:00:00,8.23,143.28,1002.2,43.8,41.25625338731133,98.2190582545082,73.44896001478804,44.936706889893024,79.49585906500478,0.0,0.0,0.0,0.0,0.0,0.0,0.0,0.0
2026-04-22 18:00:00,0,613.0,2026-05-04 18:00:00,12 days 00:00:00,8.33,142.14,994.7,51.4,57.48475865599342,68.78654522335648,53.93366417550939,35.17854181993408,53.51546469191236,57.48475865599342,0.0,0.0,2.083064116084026,0.0,0.0,0.0,0.0
2026-04-22 18:00:00,0,613.0,2026-05-05 00:00:00,12 days 06:00:00,8.32,141.19,983.5,70.1,27.48280696646721,168.2687085534389,124.5562106195638,95.5736057978017,149.31492314661807,74.155356070292,51.52951637783515,38.67548064061753,56.854431276448025,27.48280696646721,5.364929789656888,3.0890780671132365,7.527054901178663
2026-04-22 18:00:00,0,613.0,2026-05-05 06:00:00,12 days 12:00:00,8.54,140.31,975.6,77.8,3.6868769491199664,163.5600885863751,121.9971569254118,101.02755405914476,152.9497778665844,102.68391400872632,82.39896427037354,65.48097446762985,87.62481670247924,38.24385678516591,30.41428790635951,25.55622272442899,32.32073727469979
2026-04-22 18:00:00,0,613.0,2026-05-05 12:00:00,12 days 18:00:00,9.13,139.47,947.6,112.8,28.7921203852052,199.1844685207065,190.4290476010134,183.3867595219376,185.29257279442612,112.03326663317416,96.70673801362778,87.69544507754418,99.81312153619496,64.53043961001487,55.95218060195739,50.38404453724478,56.98248562508526
2026-04-22 18:00:00,0,613.0,2026-05-05 18:00:00,13 days 00:00:00,9.41,138.56,988.2,60.3,68.79236965713471,287.22032276657785,291.53742186323655,257.5812849962964,238.3174111544417,68.79236965713471,29.29152079997668,23.048972426703795,23.109567993788133,0.0,0.0,0.0,0.0
2026-04-22 18:00:00,4,619.0,2026-05-02 18:00:00,10 days 00:00:00,-8.23,59.75,1005.5,24.2,104.4803934675659,0.0,0.0,0.0,0.0,0.0,0.0,0.0,0.0,0.0,0.0,0.0,0.0
2026-04-22 18:00:00,4,619.0,2026-05-03 00:00:00,10 days 06:00:00,-7.28,59.07,1003.1,25.0,146.822529907125,0.0,0.0,0.0,0.0,0.0,0.0,0.0,0.0,0.0,0.0,0.0,0.0
2026-04-22 18:00:00,4,619.0,2026-05-03 06:00:00,10 days 12:00:00,-8.41,58.48,1000.6,28.7,103.80118281266866,0.0,0.0,0.0,0.0,0.0,0.0,0.0,0.0,0.0,0.0,0.0,0.0
2026-04-22 18:00:00,4,619.0,2026-05-03 12:00:00,10 days 18:00:00,-9.06,58.01,998.8,30.0,81.6975492268528,0.0,0.0,0.0,0.0,0.0,0.0,0.0,0.0,0.0,0.0,0.0,0.0
2026-04-22 18:00:00,4,619.0,2026-05-03 18:00:00,11 days 00:00:00,-9.64,56.88,997.9,31.3,81.51011818238791,0.0,0.0,0.0,0.0,0.0,0.0,0.0,0.0,0.0,0.0,0.0,0.0
2026-04-22 18:00:00,4,619.0,2026-05-04 00:00:00,11 days 06:00:00,-10.07,57.29,994.5,39.6,109.06500018989676,39.50111787168952,109.06500018989676,38.464353769309405,31.69554497502615,0.0,0.0,0.0,0.0,0.0,0.0,0.0,0.0
2026-04-22 18:00:00,4,619.0,2026-05-04 06:00:00,11 days 12:00:00,-11.21,56.98,993.6,40.0,71.27010771223435,31.072497182738992,71.27010771223435,30.008979386674497,24.07575029062076,0.0,0.0,0.0,0.0,0.0,0.0,0.0,0.0
2026-04-22 18:00:00,4,619.0,2026-05-04 12:00:00,11 days 18:00:00,-11.62,56.58,993.2,48.0,43.9579232245523,95.9435073169891,99.80989949671776,79.44923857948889,76.48225788643953,0.0,0.0,0.0,0.0,0.0,0.0,0.0,0.0
2026-04-22 18:00:00,4,619.0,2026-05-04 18:00:00,12 days 00:00:00,-12.37,56.12,996.5,40.7,44.1522640010497,0.507014352115446,44.1522640010497,6.662198416048485,0.0,0.0,0.0,0.0,0.0,0.0,0.0,0.0,0.0
2026-04-22 18:00:00,4,619.0,2026-05-05 00:00:00,12 days 06:00:00,-13.09,55.33,990.2,50.1,58.63693078762614,149.32510772948294,163.24203357887296,134.16605854865475,117.65389708858976,6.470262891441265,58.63693078762614,5.178410510271278,4.808249006195937,0.0,0.0,0.0,0.0
2026-04-22 18:00:00,4,619.0,2026-05-05 06:00:00,12 days 12:00:00,-13.58,54.61,993.5,50.3,27.58610999333533,157.0635262658463,179.82793373892815,144.92002094635103,136.742661364517,27.58610999333533,19.294574618953508,13.036520745862802,13.48014213118267,0.0,0.0,0.0,0.0
2026-04-22 18:00:00,4,619.0,2026-05-05 12:00:00,12 days 18:00:00,-14.04,54.06,987.2,60.0,50.35887792593198,227.9529098527456,254.0323662682489,224.47235467695523,191.7299494331324,110.40424646193748,104.70901962917912,84.63413682454224,88.53754604074386,0.0,0.0,0.0,0.0
2026-04-22 18:00:00,4,619.0,2026-05-05 18:00:00,13 days 00:00:00,-14.49,53.43,972.4,75.2,21.810947488738748,142.5531089974049,200.4618285065629,195.3853566446116,125.83466479377498,84.66016135089203,96.4549167729662,88.08803477978667,70.06290052859572,40.21948076362011,43.40677755608423,38.72719699269403,34.11939127986197
2026-04-22 18:00:00,1,621.0,2026-05-04 06:00:00,11 days 12:00:00,4.71,66.24,1007.2,14.5,90.19246595240608,0.0,0.0,0.0,0.0,0.0,0.0,0.0,0.0,0.0,0.0,0.0,0.0
2026-04-22 18:00:00,1,621.0,2026-05-04 12:00:00,11 days 18:00:00,4.81,65.56,1000.1,25.8,112.28226947107991,0.0,0.0,0.0,0.0,0.0,0.0,0.0,0.0,0.0,0.0,0.0,0.0
2026-04-22 18:00:00,1,621.0,2026-05-04 18:00:00,12 days 00:00:00,4.6,64.97,999.5,30.0,84.8307376750522,0.0,0.0,0.0,0.0,0.0,0.0,0.0,0.0,0.0,0.0,0.0,0.0
2026-04-22 18:00:00,1,621.0,2026-05-05 00:00:00,12 days 06:00:00,5.22,65.55,998.5,31.4,98.17783066009876,0.0,0.0,0.0,0.0,0.0,0.0,0.0,0.0,0.0,0.0,0.0,0.0
2026-04-22 18:00:00,1,621.0,2026-05-05 06:00:00,12 days 12:00:00,5.47,65.09,990.6,47.6,53.06163555246579,200.04320465793515,203.72142228649733,165.36743668847333,164.48700926678117,0.0,0.0,0.0,0.0,0.0,0.0,0.0,0.0
2026-04-22 18:00:00,1,621.0,2026-05-05 12:00:00,12 days 18:00:00,6.4,65.0,992.8,51.5,23.96382290375363,173.19181569838713,166.1403475562663,136.86174898495534,141.47203230961344,23.96382290375363,12.052775461219875,6.553943639224794,8.253648437638375,0.0,0.0,0.0,0.0
2026-04-22 18:00:00,1,621.0,2026-05-05 18:00:00,13 days 00:00:00,7.13,64.55,982.0,65.9,63.1063481767203,217.41460857586367,200.53532388535416,187.15411495478685,205.14221895845083,103.77448412147528,91.04889429732546,76.54054550584061,80.84147749960582,63.1063481767203,5.506160513671119,4.590389763353255,5.27432493192496
2026-04-22 18:00:00,2,621.0,2026-05-05 00:00:00,12 days 06:00:00,6.64,143.49,1003.2,27.6,145.77553457342583,0.0,0.0,0.0,0.0,0.0,0.0,0.0,0.0,0.0,0.0,0.0,0.0
2026-04-22 18:00:00,2,621.0,2026-05-05 06:00:00,12 days 12:00:00,6.0,143.74,1000.1,24.0,105.99024724711492,0.0,0.0,0.0,0.0,0.0,0.0,0.0,0.0,0.0,0.0,0.0,0.0
2026-04-22 18:00:00,2,621.0,2026-05-05 12:00:00,12 days 18:00:00,5.56,142.36,1001.7,28.6,71.51638477209997,0.0,0.0,0.0,0.0,0.0,0.0,0.0,0.0,0.0,0.0,0.0,0.0
2026-04-22 18:00:00,2,621.0,2026-05-05 18:00:00,13 days 00:00:00,5.81,141.63,1000.7,36.6,72.18276137809121,0.0,0.0,0.0,72.18276137809121,0.0,0.0,0.0,0.0,0.0,0.0,0.0,0.0
2026-04-22 18:00:00,3,631.0,2026-05-04 00:00:00,11 days 06:00:00,8.3,64.83,1007.5,18.2,126.40170201999756,0.0,0.0,0.0,0.0,0.0,0.0,0.0,0.0,0.0,0.0,0.0,0.0
2026-04-22 18:00:00,3,631.0,2026-05-04 06:00:00,11 days 12:00:00,8.91,65.3,1003.6,19.3,115.23870083720614,0.0,0.0,0.0,0.0,0.0,0.0,0.0,0.0,0.0,0.0,0.0,0.0
2026-04-22 18:00:00,3,631.0,2026-05-04 12:00:00,11 days 18:00:00,9.2,64.95,1003.1,23.3,153.48212727774637,0.0,0.0,0.0,0.0,0.0,0.0,0.0,0.0,0.0,0.0,0.0,0.0
2026-04-22 18:00:00,3,631.0,2026-05-04 18:00:00,12 days 00:00:00,10.3,64.37,1003.0,25.3,104.34088439898848,0.0,0.0,0.0,0.0,0.0,0.0,0.0,0.0,0.0,0.0,0.0,0.0
2026-04-22 18:00:00,3,631.0,2026-05-05 00:00:00,12 days 06:00:00,10.87,63.62,1005.3,23.1,117.9978580867259,0.0,0.0,0.0,0.0,0.0,0.0,0.0,0.0,0.0,0.0,0.0,0.0
2026-04-22 18:00:00,3,631.0,2026-05-05 06:00:00,12 days 12:00:00,11.23,62.85,1002.7,27.6,77.04663235624461,0.0,0.0,0.0,0.0,0.0,0.0,0.0,0.0,0.0,0.0,0.0,0.0
2026-04-22 18:00:00,3,631.0,2026-05-05 12:00:00,12 days 18:00:00,11.91,62.11,995.8,45.3,60.50034544786276,104.95581060197986,81.08504683134672,64.64338399459854,86.72981635373348,0.0,0.0,0.0,0.0,0.0,0.0,0.0,0.0
2026-04-22 18:00:00,3,631.0,2026-05-05 18:00:00,13 days 00:00:00,12.04,60.94,993.8,43.7,45.60152617453038,71.75087447619063,53.13340960018356,38.5525592547076,60.17976971189689,0.0,0.0,0.0,0.0,0.0,0.0,0.0,0.0
2026-04-22 18:00:00,3,634.0,2026-05-04 00:00:00,11 days 06:00:00,10.83,126.92,1003.1,23.0,110.7883330551018,0.0,0.0,0.0,0.0,0.0,0.0,0.0,0.0,0.0,0.0,0.0,0.0
2026-04-22 18:00:00,3,634.0,2026-05-04 06:00:00,11 days 12:00:00,10.22,126.1,1000.8,31.3,46.80881533871185,0.0,0.0,0.0,0.0,0.0,0.0,0.0,0.0,0.0,0.0,0.0,0.0
2026-04-22 18:00:00,3,634.0,2026-05-04 12:00:00,11 days 18:00:00,10.56,125.18,1008.0,16.0,51.48253867485136,0.0,0.0,0.0,0.0,0.0,0.0,0.0,0.0,0.0,0.0,0.0,0.0
2026-04-22 18:00:00,3,634.0,2026-05-04 18:00:00,12 days 00:00:00,10.82,124.35,1005.7,35.0,66.34428022926114,64.36909825232266,66.34428022926114,44.38655506217504,55.46799816864648,0.0,0.0,0.0,0.0,0.0,0.0,0.0,0.0
2026-04-22 18:00:00,3,634.0,2026-05-05 00:00:00,12 days 06:00:00,10.14,123.73,1006.6,20.2,90.7355780935017,0.0,0.0,0.0,0.0,0.0,0.0,0.0,0.0,0.0,0.0,0.0,0.0
2026-04-22 18:00:00,3,634.0,2026-05-05 06:00:00,12 days 12:00:00,10.54,122.76,1000.3,35.3,30.488025885367453,72.9604548030622,57.16773971002015,43.57707512440731,55.86641989737619,0.0,0.0,0.0,0.0,0.0,0.0,0.0,0.0
2026-04-22 18:00:00,3,634.0,2026-05-05 12:00:00,12 days 18:00:00,9.92,121.89,1006.3,19.7,78.58267896892502,0.0,0.0,0.0,0.0,0.0,0.0,0.0,0.0,0.0,0.0,0.0,0.0
2026-04-22 18:00:00,3,634.0,2026-05-05 18:00:00,13 days 00:00:00,9.63,120.97,1005.3,19.9,53.41949011837879,0.0,0.0,0.0,0.0,0.0,0.0,0.0,0.0,0.0,0.0,0.0,0.0
2026-04-22 18:00:00,3,643.0,2026-05-04 06:00:00,11 days 12:00:00,-9.65,55.11,1003.3,24.9,72.93331653777172,0.0,0.0,0.0,0.0,0.0,0.0,0.0,0.0,0.0,0.0,0.0,0.0
2026-04-22 18:00:00,3,643.0,2026-05-04 12:00:00,11 days 18:00:00,-10.11,53.83,1005.3,27.6,154.46349253828967,0.0,0.0,0.0,0.0,0.0,0.0,0.0,0.0,0.0,0.0,0.0,0.0
2026-04-22 18:00:00,3,643.0,2026-05-04 18:00:00,12 days 00:00:00,-9.94,52.78,1003.5,27.2,78.51197398783268,0.0,0.0,0.0,0.0,0.0,0.0,0.0,0.0,0.0,0.0,0.0,0.0
2026-04-22 18:00:00,3,643.0,2026-05-05 00:00:00,12 days 06:00:00,-10.44,51.88,1003.7,27.1,61.2040965198828,0.0,0.0,0.0,0.0,0.0,0.0,0.0,0.0,0.0,0.0,0.0,0.0
2026-04-22 18:00:00,3,643.0,2026-05-05 06:00:00,12 days 12:00:00,-10.99,51.71,1002.0,35.7,62.87158411579561,0.9306282851326309,62.87158411579561,2.5205811783694942,2.2983561962491006,0.0,0.0,0.0,0.0,0.0,0.0,0.0,0.0
2026-04-22 18:00:00,3,643.0,2026-05-05 12:00:00,12 days 18:00:00,-11.61,51.9,1001.8,27.6,73.27147483304853,0.0,0.0,0.0,0.0,0.0,0.0,0.0,0.0,0.0,0.0,0.0,0.0
2026-04-22 18:00:00,3,643.0,2026-05-05 18:00:00,13 days 00:00:00,-12.47,52.16,1003.3,32.5,124.34628627500236,0.0,0.0,0.0,0.0,0.0,0.0,0.0,0.0,0.0,0.0,0.0,0.0
2026-04-22 18:00:00,1,646.0,2026-05-03 06:00:00,10 days 12:00:00,-5.65,56.9,1002.4,25.2,121.56752375400951,0.0,0.0,0.0,0.0,0.0,0.0,0.0,0.0,0.0,0.0,0.0,0.0
2026-04-22 18:00:00,1,646.0,2026-05-03 12:00:00,10 days 18:00:00,-5.96,56.02,1004.5,22.0,98.8344516869954,0.0,0.0,0.0,0.0,0.0,0.0,0.0,0.0,0.0,0.0,0.0,0.0
2026-04-22 18:00:00,1,646.0,2026-05-03 18:00:00,11 days 00:00:00,-6.29,55.01,1003.4,22.6,80.28436593575964,0.0,0.0,0.0,0.0,0.0,0.0,0.0,0.0,0.0,0.0,0.0,0.0
2026-04-22 18:00:00,1,646.0,2026-05-04 00:00:00,11 days 06:00:00,-6.54,54.57,1000.7,30.3,90.62588099489088,0.0,0.0,0.0,0.0,0.0,0.0,0.0,0.0,0.0,0.0,0.0,0.0
2026-04-22 18:00:00,1,646.0,2026-05-04 06:00:00,11 days 12:00:00,-7.23,53.77,995.9,30.4,45.131504403093786,0.0,0.0,0.0,0.0,0.0,0.0,0.0,0.0,0.0,0.0,0.0,0.0
2026-04-22 18:00:00,1,646.0,2026-05-04 12:00:00,11 days 18:00:00,-7.18,53.04,993.8,35.4,41.727966540770616,0.0,0.0,41.727966540770616,0.0,0.0,0.0,0.0,0.0,0.0,0.0,0.0,0.0
2026-04-22 18:00:00,1,646.0,2026-05-04 18:00:00,12 days 00:00:00,-7.29,52.05,997.6,37.4,134.34556622951945,211.2752154133778,225.3387423401523,177.76020333293303,170.97138850779947,0.0,0.0,0.0,0.0,0.0,0.0,0.0,0.0
2026-04-22 18:00:00,1,646.0,2026-05-05 00:00:00,12 days 06:00:00,-7.66,51.37,992.5,46.9,57.54959042188821,193.4669330039233,210.63587281026287,173.2044191312599,157.20792426687515,0.0,0.0,0.0,0.0,0.0,0.0,0.0,0.0
2026-04-22 18:00:00,1,646.0,2026-05-05 06:00:00,12 days 12:00:00,-7.92,50.67,981.5,52.2,68.48591037621793,341.29211459782374,381.03971130616617,349.92240223922454,324.8312766929435,179.46732482521793,179.4809341996833,143.20114479624607,143.09501420640768,0.0,0.0,0.0,0.0
2026-04-22 18:00:00,1,646.0,2026-05-05 12:00:00,12 days 18:00:00,-8.32,50.18,989.4,51.6,33.110455764943026,299.37529440846083,369.8926319126604,352.3274845973865,281.8791768488427,135.92979982944237,144.01842461067918,121.45832590626333,111.9256425534345,0.0,0.0,0.0,0.0
2026-04-22 18:00:00,1,646.0,2026-05-05 18:00:00,13 days 00:00:00,-8.72,49.73,980.1,56.0,30.06757654879973,270.96883555218506,308.0985142282014,303.4648151124908,246.4609541049702,155.912171411668,164.87629737935458,151.11332605143835,137.01754982356815,0.0,0.0,0.0,0.0
2026-04-22 18:00:00,2,646.0,2026-05-04 18:00:00,12 days 00:00:00,6.37,68.49,999.2,23.4,124.69999848395108,0.0,0.0,0.0,0.0,0.0,0.0,0.0,0.0,0.0,0.0,0.0,0.0
2026-04-22 18:00:00,2,646.0,2026-05-05 00:00:00,12 days 06:00:00,6.78,68.82,1006.0,27.3,154.21424423276926,0.0,0.0,0.0,0.0,0.0,0.0,0.0,0.0,0.0,0.0,0.0,0.0
2026-04-22 18:00:00,2,646.0,2026-05-05 06:00:00,12 days 12:00:00,7.93,67.7,999.4,28.5,57.00039680338628,0.0,0.0,0.0,0.0,0.0,0.0,0.0,0.0,0.0,0.0,0.0,0.0
2026-04-22 18:00:00,2,646.0,2026-05-05 12:00:00,12 days 18:00:00,8.1,68.26,1002.6,28.7,74.55899494561197,0.0,0.0,0.0,0.0,0.0,0.0,0.0,0.0,0.0,0.0,0.0,0.0
2026-04-22 18:00:00,2,646.0,2026-05-05 18:00:00,13 days 00:00:00,9.13,67.84,1002.5,26.4,53.887022864955405,0.0,0.0,0.0,0.0,0.0,0.0,0.0,0.0,0.0,0.0,0.0,0.0
2026-04-22 18:00:00,3,648.0,2026-05-02 12:00:00,9 days 18:00:00,-9.53,63.51,1005.7,17.9,67.15777319071799,0.0,0.0,0.0,0.0,0.0,0.0,0.0,0.0,0.0,0.0,0.0,0.0
2026-04-22 18:00:00,3,648.0,2026-05-02 18:00:00,10 days 00:00:00,-9.2,62.48,1003.4,23.2,51.01206252457747,0.0,0.0,0.0,0.0,0.0,0.0,0.0,0.0,0.0,0.0,0.0,0.0
2026-04-22 18:00:00,3,648.0,2026-05-03 00:00:00,10 days 06:00:00,-9.47,61.81,1002.4,25.3,78.1944353946183,0.0,0.0,0.0,0.0,0.0,0.0,0.0,0.0,0.0,0.0,0.0,0.0
2026-04-22 18:00:00,3,648.0,2026-05-03 06:00:00,10 days 12:00:00,-9.68,61.73,1001.6,29.6,47.13112413934551,0.0,0.0,0.0,0.0,0.0,0.0,0.0,0.0,0.0,0.0,0.0,0.0
2026-04-22 18:00:00,3,648.0,2026-05-03 12:00:00,10 days 18:00:00,-9.45,61.57,1001.4,32.4,60.740959495497634,0.0,0.0,0.0,0.0,0.0,0.0,0.0,0.0,0.0,0.0,0.0,0.0
2026-04-22 18:00:00,3,648.0,2026-05-03 18:00:00,11 days 00:00:00,-8.74,61.25,1000.5,31.1,52.34575616984828,0.0,0.0,0.0,0.0,0.0,0.0,0.0,0.0,0.0,0.0,0.0,0.0
2026-04-22 18:00:00,3,648.0,2026-05-04 00:00:00,11 days 06:00:00,-8.98,61.93,999.1,33.8,46.57552087108641,0.0,0.0,0.0,0.0,0.0,0.0,0.0,0.0,0.0,0.0,0.0,0.0
2026-04-22 18:00:00,3,648.0,2026-05-04 06:00:00,11 days 12:00:00,-9.04,62.29,999.3,35.5,136.28559914918907,147.48262591894957,143.76379150964848,132.36776593793508,127.68168042331436,0.0,0.0,0.0,0.0,0.0,0.0,0.0,0.0
2026-04-22 18:00:00,3,648.0,2026-05-04 12:00:00,11 days 18:00:00,-9.28,63.0,997.5,45.0,51.41485589309517,82.47330245254525,65.58346551858806,55.59699186037691,65.58666200504943,0.0,0.0,0.0,0.0,0.0,0.0,0.0,0.0
2026-04-22 18:00:00,3,648.0,2026-05-04 18:00:00,12 days 00:00:00,-9.83,63.77,993.8,51.8,95.6652645601415,225.9278055849079,199.8062005508074,156.78284296845578,191.00427966387167,95.6652645601415,16.26526130701786,12.222670105900873,14.258518106408694,0.0,0.0,0.0,0.0
2026-04-22 18:00:00,3,648.0,2026-05-05 00:00:00,12 days 06:00:00,-10.65,64.91,993.2,44.8,51.81543081140195,51.81543081140195,41.43340144169906,29.55957850381464,42.14638100964944,0.0,0.0,0.0,0.0,0.0,0.0,0.0,0.0
2026-04-22 18:00:00,3,648.0,2026-05-05 06:00:00,12 days 12:00:00,-11.1,65.11,985.1,61.4,24.65229121802648,119.42145691711175,119.95577778735436,112.49373642055912,97.71299047316027,38.83013701910672,37.52464787965481,30.19788655835157,29.30671489401641,0.0,0.0,0.0,0.0
2026-04-22 18:00:00,3,648.0,2026-05-05 12:00:00,12 days 18:00:00,-11.79,65.37,984.3,64.2,38.77075394263625,170.08025131054637,172.29919410903676,144.21724481860565,140.0050780639358,60.61239942141288,58.701804053808246,44.34454819952771,46.14056783618207,38.77075394263625,0.0,0.0,0.0
2026-04-22 18:00:00,3,648.0,2026-05-05 18:00:00,13 days 00:00:00,-12.17,65.61,990.5,50.2,35.54828295005275,145.5848629494492,138.1594050586126,118.5566302301484,117.43431537575135,35.54828295005275,25.51425490568161,20.592551023623663,20.840245756701314,0.0,0.0,0.0,0.0
2026-04-22 18:00:00,7,649.0,2026-05-05 00:00:00,12 days 06:00:00,11.82,121.74,1007.8,17.6,139.41079575674283,0.0,0.0,0.0,0.0,0.0,0.0,0.0,0.0,0.0,0.0,0.0,0.0
2026-04-22 18:00:00,7,649.0,2026-05-05 06:00:00,12 days 12:00:00,12.23,120.55,1003.6,26.6,35.08935492838877,0.0,0.0,0.0,0.0,0.0,0.0,0.0,0.0,0.0,0.0,0.0,0.0
2026-04-22 18:00:00,7,649.0,2026-05-05 12:00:00,12 days 18:00:00,12.65,119.27,1006.4,19.2,58.07273913274116,0.0,0.0,0.0,0.0,0.0,0.0,0.0,0.0,0.0,0.0,0.0,0.0
2026-04-22 18:00:00,7,649.0,2026-05-05 18:00:00,13 days 00:00:00,13.13,118.06,1005.6,18.0,54.01690681582507,0.0,0.0,0.0,0.0,0.0,0.0,0.0,0.0,0.0,0.0,0.0,0.0
2026-04-22 18:00:00,3,655.0,2026-04-30 00:00:00,7 days 06:00:00,-8.59,67.54,1005.3,25.5,123.68068540380406,0.0,0.0,0.0,0.0,0.0,0.0,0.0,0.0,0.0,0.0,0.0,0.0
2026-04-22 18:00:00,3,655.0,2026-04-30 06:00:00,7 days 12:00:00,-8.63,66.43,1005.2,22.2,89.1279222025918,0.0,0.0,0.0,0.0,0.0,0.0,0.0,0.0,0.0,0.0,0.0,0.0
2026-04-22 18:00:00,3,655.0,2026-04-30 12:00:00,7 days 18:00:00,-9.59,65.65,1001.4,25.0,66.24593429200459,0.0,0.0,0.0,0.0,0.0,0.0,0.0,0.0,0.0,0.0,0.0,0.0
2026-04-22 18:00:00,3,655.0,2026-04-30 18:00:00,8 days 00:00:00,-9.17,64.83,1007.4,22.7,107.21290826732866,0.0,0.0,0.0,0.0,0.0,0.0,0.0,0.0,0.0,0.0,0.0,0.0
2026-04-22 18:00:00,3,655.0,2026-05-01 00:00:00,8 days 06:00:00,-9.32,63.83,1002.2,29.9,63.766825959238645,0.0,0.0,0.0,0.0,0.0,0.0,0.0,0.0,0.0,0.0,0.0,0.0
2026-04-22 18:00:00,3,655.0,2026-05-01 06:00:00,8 days 12:00:00,-9.41,62.89,998.1,37.7,34.78724939326373,0.0,11.434048836812464,34.78724939326373,2.5338006088756977,0.0,0.0,0.0,0.0,0.0,0.0,0.0,0.0
2026-04-22 18:00:00,3,655.0,2026-05-01 12:00:00,8 days 18:00:00,-9.46,61.85,994.7,39.3,27.27162472154665,0.0,10.173973553779907,27.27162472154665,1.7543223555667564,0.0,0.0,0.0,0.0,0.0,0.0,0.0,0.0
2026-04-22 18:00:00,3,655.0,2026-05-01 18:00:00,9 days 00:00:00,-9.61,60.67,989.1,54.5,33.578516383262695,128.82829237684803,142.7337516836548,142.3066709935033,129.245628147495,31.070665132279508,33.578516383262695,27.96026332693085,27.382628916742725,0.0,0.0,0.0,0.0
2026-04-22 18:00:00,3,655.0,2026-05-02 00:00:00,9 days 06:00:00,-9.11,59.3,993.1,53.8,47.62625901770724,181.13461486877517,221.7982709975512,203.5228458256105,175.9982735581932,76.51189328981991,75.07162162458451,65.687028690628,62.52367938325058,0.0,0.0,0.0,0.0
2026-04-22 18:00:00,3,655.0,2026-05-02 06:00:00,9 days 12:00:00,-9.29,57.99,984.0,71.3,50.11991185129341,85.53457693654428,98.98896385557282,101.69734384340332,93.18603773575552,24.525527308448943,50.11991185129341,50.11991185129341,21.600334137026717,0.0540304441674048,0.8788492558391776,50.11991185129341,0.2472946340876833
2026-04-22 18:00:00,3,655.0,2026-05-02 12:00:00,9 days 18:00:00,-9.54,57.22,967.5,98.5,0.0,111.99231483307236,159.9786804067261,168.02415006044413,123.81186892998112,91.50876317930646,111.0294591043793,103.25392333461969,82.31779880057951,73.09968652474771,76.66255860979705,69.03403292033317,64.94085541205857
2026-04-22 18:00:00,3,655.0,2026-05-02 18:00:00,10 days 00:00:00,-9.47,56.36,981.0,76.5,9.171407517286193,96.12608045220549,146.96804515362413,153.10005414655058,105.21220386494534,68.6536664275024,82.85130712844102,76.94517899651207,61.39268912040332,24.36944434714907,29.68305940031336,26.10934280999777,21.644355332291106
2026-04-22 18:00:00,3,655.0,2026-05-03 00:00:00,10 days 06:00:00,-9.36,54.74,961.9,94.9,15.103136645172563,73.80722144304892,122.34876290780872,134.6572040606477,67.52514185106885,60.64584727742192,72.36850760511423,72.07366852816259,50.44514287340782,33.93204556648175,37.94969210646694,34.080150423157946,30.99019427326423
2026-04-22 18:00:00,3,655.0,2026-05-03 06:00:00,10 days 12:00:00,-9.25,53.68,952.6,115.4,51.14066525283158,157.34126466592244,199.0298541819755,192.9869671603376,184.2057524598669,89.10361813842955,93.18420366889322,92.02570694044306,86.9688143600843,53.66196783909159,55.10703163492233,48.83143757349136,49.824136873524274
2026-04-22 18:00:00,3,655.0,2026-05-03 12:00:00,10 days 18:00:00,-9.0,52.02,984.5,65.9,34.66389021197341,233.47618318994347,269.5842874820877,236.4531727805158,216.3432048799696,52.763509958110426,53.70960928220596,43.17916478842223,41.41039293496484,0.0,34.66389021197341,0.9684140781609762,0.0
2026-04-22 18:00:00,3,655.0,2026-05-03 18:00:00,11 days 00:00:00,-8.65,50.74,977.2,85.0,39.03417159980234,201.1672230058457,252.92979458216504,265.37576165785185,200.29774609272067,127.15873696451864,152.65646522308128,141.4186064017514,118.73222333650445,78.31624332304315,84.00872163157172,74.74164327315447,69.3276097980292
2026-04-22 18:00:00,3,655.0,2026-05-04 00:00:00,11 days 06:00:00,-8.76,49.87,966.5,95.8,30.278186022945253,193.85732601779983,292.69326337471216,300.0833560652373,205.3035752537624,135.28114349464187,168.79072835351036,162.6528980938104,125.97890394768824,98.47547444869966,108.02106751038278,96.04619597520838,87.39862260857373
2026-04-22 18:00:00,3,655.0,2026-05-04 06:00:00,11 days 12:00:00,-9.06,48.8,966.4,98.7,26.27554208816629,160.56284652967963,215.6671192880313,237.68116079712868,146.75804245775075,100.49096058972256,131.1841476936891,126.41017284580414,93.83031084991578,87.6135881451716,95.74571211500418,87.21479994599565,77.6086117025005
2026-04-22 18:00:00,3,655.0,2026-05-04 12:00:00,11 days 18:00:00,-9.32,47.97,971.8,87.2,41.89845618456759,119.22546844249148,188.2108655092274,196.8766866421656,122.99998912363029,92.0646800036462,108.60212411760628,92.12339272645032,81.22298507445697,32.546649566649094,41.89845618456759,33.04283933957197,27.469244118925488
2026-04-22 18:00:00,3,655.0,2026-05-04 18:00:00,12 days 00:00:00,-9.43,47.07,975.8,90.2,33.25021347384618,148.659447174159,211.15959407045116,210.41633677557851,159.3842063363208,101.59410410601616,117.42088266315588,109.07647068243244,90.2469050500203,39.55779991194199,44.68411999596727,41.17508143046244,35.29729291210697
2026-04-22 18:00:00,3,655.0,2026-05-05 00:00:00,12 days 06:00:00,-9.53,46.08,975.1,76.2,25.14098981284917,273.5403476554267,324.15256508252406,326.1661056375281,272.11859201402723,153.27622866000667,171.13243413871237,154.51060759657304,135.2369185985719,60.97076028534305,69.07258139999742,62.07370694381849,54.19804182609085
2026-04-22 18:00:00,3,655.0,2026-05-05 06:00:00,12 days 12:00:00,-9.71,45.42,964.1,100.6,24.66659834357848,160.4171322766216,252.8183125292996,252.7058197692477,175.04547419121857,119.91320360121615,152.59551782480997,144.97987647462148,109.7655722638473,83.06743345665159,90.1171070322466,81.81942430736234,73.01112336390511
2026-04-22 18:00:00,3,655.0,2026-05-05 12:00:00,12 days 18:00:00,-10.18,44.77,961.9,96.4,19.507331648874803,204.97762343884483,276.2055492707281,270.8757736715446,181.20699042759097,127.73346260277104,151.90595974309204,142.29590062117964,105.49641288113445,57.29097952288959,67.9992164264173,62.62958978752175,49.47338449202933
2026-04-22 18:00:00,3,655.0,2026-05-05 18:00:00,13 days 00:00:00,-10.73,44.06,944.9,118.4,38.34674093787053,219.3914860864637,261.89181533193107,259.9572950351581,205.7079136426056,114.31291254104372,133.74579466857386,118.18883432297866,103.71395676543492,56.36429276692123,59.3762618937538,53.09530487214938,50.58448126921677
2026-04-22 18:00:00,1,656.0,2026-05-03 18:00:00,11 days 00:00:00,-6.92,70.05,1003.3,22.1,122.67629089754617,0.0,0.0,0.0,0.0,0.0,0.0,0.0,0.0,0.0,0.0,0.0,0.0
2026-04-22 18:00:00,1,656.0,2026-05-04 00:00:00,11 days 06:00:00,-6.21,70.3,1006.0,19.8,64.58731015167216,0.0,0.0,0.0,0.0,0.0,0.0,0.0,0.0,0.0,0.0,0.0,0.0
2026-04-22 18:00:00,1,656.0,2026-05-04 06:00:00,11 days 12:00:00,-8.02,71.23,1002.2,20.4,98.42573151070587,0.0,0.0,0.0,0.0,0.0,0.0,0.0,0.0,0.0,0.0,0.0,0.0
2026-04-22 18:00:00,1,656.0,2026-05-04 12:00:00,11 days 18:00:00,-8.21,71.48,995.5,39.9,51.96299673192924,57.51378088520102,52.09946353379102,39.075559195357656,44.49944206619191,0.0,0.0,0.0,0.0,0.0,0.0,0.0,0.0
2026-04-22 18:00:00,1,656.0,2026-05-04 18:00:00,12 days 00:00:00,-8.74,71.06,1002.4,26.1,92.86509937149958,0.0,0.0,0.0,0.0,0.0,0.0,0.0,0.0,0.0,0.0,0.0,0.0
2026-04-22 18:00:00,1,656.0,2026-05-05 00:00:00,12 days 06:00:00,-9.28,71.34,1002.5,22.9,106.72270411012514,0.0,0.0,0.0,0.0,0.0,0.0,0.0,0.0,0.0,0.0,0.0,0.0
2026-04-22 18:00:00,1,656.0,2026-05-05 06:00:00,12 days 12:00:00,-9.47,71.37,1001.3,28.6,101.95523154983118,0.0,0.0,0.0,0.0,0.0,0.0,0.0,0.0,0.0,0.0,0.0,0.0
2026-04-22 18:00:00,1,656.0,2026-05-05 12:00:00,12 days 18:00:00,-9.59,71.99,1000.7,29.9,47.29705885444319,0.0,0.0,0.0,0.0,0.0,0.0,0.0,0.0,0.0,0.0,0.0,0.0
2026-04-22 18:00:00,1,656.0,2026-05-05 18:00:00,13 days 00:00:00,-10.16,72.54,997.4,37.9,55.6578258484369,153.92361499375622,151.18755991831682,133.53001971480813,133.42693421504185,0.0,0.0,0.0,0.0,0.0,0.0,0.0,0.0
2026-04-22 18:00:00,1,657.0,2026-05-04 06:00:00,11 days 12:00:00,-8.03,49.97,1000.5,28.2,62.844171018552544,0.0,0.0,0.0,0.0,0.0,0.0,0.0,0.0,0.0,0.0,0.0,0.0
2026-04-22 18:00:00,1,657.0,2026-05-04 12:00:00,11 days 18:00:00,-7.96,49.38,1002.9,23.1,41.31423967146275,0.0,0.0,0.0,0.0,0.0,0.0,0.0,0.0,0.0,0.0,0.0,0.0
2026-04-22 18:00:00,1,657.0,2026-05-04 18:00:00,12 days 00:00:00,-8.85,49.63,1002.6,29.8,40.64254630349473,0.0,0.0,0.0,0.0,0.0,0.0,0.0,0.0,0.0,0.0,0.0,0.0
2026-04-22 18:00:00,1,657.0,2026-05-05 00:00:00,12 days 06:00:00,-8.76,49.12,1006.8,28.5,51.67786771447988,0.0,0.0,0.0,0.0,0.0,0.0,0.0,0.0,0.0,0.0,0.0,0.0
2026-04-22 18:00:00,1,657.0,2026-05-05 06:00:00,12 days 12:00:00,-9.99,49.17,1001.0,36.9,57.62855717850388,57.62855717850388,0.0,0.0,0.0,0.0,0.0,0.0,0.0,0.0,0.0,0.0,0.0
2026-04-22 18:00:00,1,657.0,2026-05-05 12:00:00,12 days 18:00:00,-10.54,49.01,998.8,41.3,88.58816199454645,237.3595747877843,226.9167382899577,189.7183249182899,193.80866427152773,0.0,0.0,0.0,0.0,0.0,0.0,0.0,0.0
2026-04-22 18:00:00,1,657.0,2026-05-05 18:00:00,13 days 00:00:00,-10.55,48.79,999.7,38.8,62.07771158308671,122.03709859115054,114.17324229178662,89.8985610468837,99.97950866165036,0.0,0.0,0.0,0.0,0.0,0.0,0.0,0.0
2026-04-22 18:00:00,1,658.0,2026-05-02 00:00:00,9 days 06:00:00,-6.35,58.84,1008.3,27.6,89.2963150449336,0.0,0.0,0.0,0.0,0.0,0.0,0.0,0.0,0.0,0.0,0.0,0.0
2026-04-22 18:00:00,1,658.0,2026-05-02 06:00:00,9 days 12:00:00,-8.37,59.07,1003.6,27.5,101.6774473678911,0.0,0.0,0.0,0.0,0.0,0.0,0.0,0.0,0.0,0.0,0.0,0.0
2026-04-22 18:00:00,1,658.0,2026-05-02 12:00:00,9 days 18:00:00,-7.43,58.58,1007.6,21.9,113.03253797269304,0.0,0.0,0.0,0.0,0.0,0.0,0.0,0.0,0.0,0.0,0.0,0.0
2026-04-22 18:00:00,1,658.0,2026-05-02 18:00:00,10 days 00:00:00,-7.74,58.05,1001.4,31.1,106.19692647063653,0.0,0.0,0.0,0.0,0.0,0.0,0.0,0.0,0.0,0.0,0.0,0.0
2026-04-22 18:00:00,1,658.0,2026-05-03 00:00:00,10 days 06:00:00,-8.42,57.34,988.7,46.2,69.08517163076155,153.25797486661585,163.82971756125775,131.4388865022092,125.17612086608104,0.0,0.0,0.0,0.0,0.0,0.0,0.0,0.0
2026-04-22 18:00:00,1,658.0,2026-05-03 06:00:00,10 days 12:00:00,-8.61,56.92,1002.1,34.9,57.79365898532029,0.0,0.0,57.79365898532029,0.0,0.0,0.0,0.0,0.0,0.0,0.0,0.0,0.0
2026-04-22 18:00:00,1,658.0,2026-05-03 12:00:00,10 days 18:00:00,-9.05,56.2,983.6,54.2,50.05700717045399,177.55836139025212,205.04694358728065,169.48291721307334,136.7066604492516,0.0,50.05700717045399,0.4526250788171051,0.0,0.0,0.0,0.0,0.0
2026-04-22 18:00:00,1,658.0,2026-05-03 18:00:00,11 days 00:00:00,-9.64,55.75,988.8,54.3,58.55723798288487,190.2590214705673,216.998445457946,175.051639317953,152.01788842361276,1.643687168631616,58.55723798288487,1.6471789128002237,0.0525003216224606,0.0,0.0,0.0,0.0
2026-04-22 18:00:00,1,658.0,2026-05-04 00:00:00,11 days 06:00:00,-10.52,55.35,983.0,62.8,24.267099062197865,165.50966613940545,200.6124785660872,181.1240419057877,142.9249285415657,84.11170903461743,86.82330373219035,73.79126564017773,67.71408054248187,0.0,0.0,0.0,0.0
2026-04-22 18:00:00,1,658.0,2026-05-04 06:00:00,11 days 12:00:00,-10.89,54.42,984.6,59.9,53.66855089788007,189.00558106462967,236.59315887953596,233.52176620808768,176.08014338743584,94.4717104800656,102.98336545928966,96.80256712650367,81.95533184747102,0.0,0.0,0.0,0.0
2026-04-22 18:00:00,1,658.0,2026-05-04 12:00:00,11 days 18:00:00,-11.62,53.66,979.0,72.6,43.250455576078856,200.2106307458078,251.7314954527369,239.43282427726444,168.70565888955463,100.67043919133884,117.3030226725782,111.8116437468278,88.43230289857028,53.45939371687695,55.78216439097874,49.24310780910385,46.18585948828738
2026-04-22 18:00:00,1,658.0,2026-05-04 18:00:00,12 days 00:00:00,-11.77,52.66,967.5,86.4,51.712668834836045,220.20416720352304,244.8511868805848,213.7418431582579,193.22126892812383,112.95423034976642,118.09591293885433,98.21557050038729,95.40177880097389,55.43981075685551,55.61373101753972,47.83470740953797,47.48278853698311
2026-04-22 18:00:00,1,658.0,2026-05-05 00:00:00,12 days 06:00:00,-12.23,52.01,971.8,78.0,28.818666661874985,236.20216233877423,295.53107332929886,302.8541572673098,226.12766359048064,148.1490100009534,172.65760383850613,165.27232353817536,136.65124389498658,77.36514202789573,86.57761081667175,76.64313991855592,72.31495293439467
2026-04-22 18:00:00,1,658.0,2026-05-05 06:00:00,12 days 12:00:00,-12.27,51.17,954.6,102.5,42.24614743496311,255.36814086691035,259.9608266247035,233.067606895706,252.82902525362775,146.84335379994462,147.0728470718485,129.10183502336872,139.4966553546568,77.80250502100753,77.67977997537209,68.69682378942146,72.0465746546263
2026-04-22 18:00:00,1,658.0,2026-05-05 12:00:00,12 days 18:00:00,-12.7,50.67,965.5,86.1,24.083786462710115,239.32460080365695,290.090598977093,277.388283729587,209.0652167761345,136.72852527609254,160.68927174857748,150.30735814291614,123.93494729013374,79.03430356998437,82.72392004069165,72.53524410873918,69.77381614541244
2026-04-22 18:00:00,1,658.0,2026-05-05 18:00:00,13 days 00:00:00,-12.9,50.08,966.5,82.3,99.42214316201677,183.33955130168127,216.11219752787872,232.6824805325423,161.77934351057144,105.25973164692118,133.4827028563001,131.53692271283174,98.93239400325218,64.5190542644807,99.42214316201677,63.554180837602175,58.34553199876679
2026-04-22 18:00:00,4,663.0,2026-05-02 06:00:00,9 days 12:00:00,10.95,134.25,1007.0,19.1,81.82722956031215,0.0,0.0,0.0,0.0,0.0,0.0,0.0,0.0,0.0,0.0,0.0,0.0
2026-04-22 18:00:00,4,663.0,2026-05-02 12:00:00,9 days 18:00:00,11.5,133.86,1004.6,21.3,105.98331536733778,0.0,0.0,0.0,0.0,0.0,0.0,0.0,0.0,0.0,0.0,0.0,0.0
2026-04-22 18:00:00,4,663.0,2026-05-02 18:00:00,10 days 00:00:00,12.08,133.19,1005.8,20.9,75.32988136307779,0.0,0.0,0.0,0.0,0.0,0.0,0.0,0.0,0.0,0.0,0.0,0.0
2026-04-22 18:00:00,4,663.0,2026-05-03 00:00:00,10 days 06:00:00,12.6,131.96,1003.6,22.5,96.3478674844611,0.0,0.0,0.0,0.0,0.0,0.0,0.0,0.0,0.0,0.0,0.0,0.0
2026-04-22 18:00:00,4,663.0,2026-05-03 06:00:00,10 days 12:00:00,12.79,131.91,1007.1,20.9,122.58019068065116,0.0,0.0,0.0,0.0,0.0,0.0,0.0,0.0,0.0,0.0,0.0,0.0
2026-04-22 18:00:00,4,663.0,2026-05-03 12:00:00,10 days 18:00:00,13.16,131.27,1004.5,21.8,65.81445175972316,0.0,0.0,0.0,0.0,0.0,0.0,0.0,0.0,0.0,0.0,0.0,0.0
2026-04-22 18:00:00,4,663.0,2026-05-03 18:00:00,11 days 00:00:00,13.9,130.9,997.2,41.6,46.699069502361695,46.699069502361695,7.318380482970141,0.0870767115298178,5.330934471711906,0.0,0.0,0.0,0.0,0.0,0.0,0.0,0.0
2026-04-22 18:00:00,4,663.0,2026-05-04 00:00:00,11 days 06:00:00,13.81,130.43,999.6,39.6,40.36740098901018,40.36740098901018,2.744210106996709,0.0,1.6659274379582865,0.0,0.0,0.0,0.0,0.0,0.0,0.0,0.0
2026-04-22 18:00:00,4,663.0,2026-05-04 06:00:00,11 days 12:00:00,13.74,129.92,1002.7,31.7,57.46562664170301,0.0,0.0,0.0,0.0,0.0,0.0,0.0,0.0,0.0,0.0,0.0,0.0
2026-04-22 18:00:00,4,663.0,2026-05-04 12:00:00,11 days 18:00:00,13.96,129.19,1001.4,36.2,68.5124375730089,68.5124375730089,0.0,0.0,0.0,0.0,0.0,0.0,0.0,0.0,0.0,0.0,0.0
2026-04-22 18:00:00,4,663.0,2026-05-04 18:00:00,12 days 00:00:00,13.97,128.5,998.7,34.1,62.19636863538874,62.19636863538874,0.9282946846431486,0.0,3.038891767743255,0.0,0.0,0.0,0.0,0.0,0.0,0.0,0.0
2026-04-22 18:00:00,4,663.0,2026-05-05 00:00:00,12 days 06:00:00,14.05,127.69,1003.5,31.0,64.76004819341537,0.0,0.0,0.0,0.0,0.0,0.0,0.0,0.0,0.0,0.0,0.0,0.0
2026-04-22 18:00:00,4,663.0,2026-05-05 06:00:00,12 days 12:00:00,13.97,126.54,998.7,38.8,22.436244905027536,22.436244905027536,0.5781688035246102,3.775600425620736,4.408487191585982,0.0,0.0,0.0,0.0,0.0,0.0,0.0,0.0
2026-04-22 18:00:00,4,663.0,2026-05-05 12:00:00,12 days 18:00:00,13.85,125.56,993.8,56.4,24.00088953772873,93.84798380444202,74.02868092922098,57.40898948867636,87.48139752266435,46.54154324770119,37.71009069448032,25.97168319669051,38.14042967557572,0.0,0.0,0.0,0.0
2026-04-22 18:00:00,4,663.0,2026-05-05 18:00:00,13 days 00:00:00,13.72,124.45,980.6,76.3,14.130649819604477,80.57336387806549,62.15331155464483,52.210014641938656,77.14690786052573,43.43845167184276,26.45464267394848,14.284755101202276,35.69225357882957,19.71653667280208,9.88769431862118,5.371860422778299,15.966654636133162
2026-04-22 18:00:00,9,664.0,2026-05-03 18:00:00,11 days 00:00:00,5.99,71.21,1005.6,22.9,100.6712292823786,0.0,0.0,0.0,0.0,0.0,0.0,0.0,0.0,0.0,0.0,0.0,0.0
2026-04-22 18:00:00,9,664.0,2026-05-04 00:00:00,11 days 06:00:00,6.13,70.8,1001.4,20.5,122.14401352820904,0.0,0.0,0.0,0.0,0.0,0.0,0.0,0.0,0.0,0.0,0.0,0.0
2026-04-22 18:00:00,9,664.0,2026-05-04 06:00:00,11 days 12:00:00,6.55,70.86,1001.0,23.6,130.63544152366438,0.0,0.0,0.0,0.0,0.0,0.0,0.0,0.0,0.0,0.0,0.0,0.0
2026-04-22 18:00:00,9,664.0,2026-05-04 12:00:00,11 days 18:00:00,6.83,70.53,1003.5,22.1,110.04525822931151,0.0,0.0,0.0,0.0,0.0,0.0,0.0,0.0,0.0,0.0,0.0,0.0
2026-04-22 18:00:00,9,664.0,2026-05-04 18:00:00,12 days 00:00:00,7.06,69.94,1004.6,27.2,76.51238341992372,0.0,0.0,0.0,0.0,0.0,0.0,0.0,0.0,0.0,0.0,0.0,0.0
2026-04-22 18:00:00,9,664.0,2026-05-05 00:00:00,12 days 06:00:00,7.11,69.36,991.8,46.5,74.74771476900209,119.02946172355058,101.24475519799742,114.6761564464899,111.89622523839508,0.0,0.0,0.0,0.0,0.0,0.0,0.0,0.0
2026-04-22 18:00:00,9,664.0,2026-05-05 06:00:00,12 days 12:00:00,7.84,68.91,999.3,35.0,45.84373621611245,72.70703395890766,64.97486899588093,85.26003572166405,75.87891804573195,0.0,0.0,0.0,0.0,0.0,0.0,0.0,0.0
2026-04-22 18:00:00,9,664.0,2026-05-05 12:00:00,12 days 18:00:00,8.21,67.97,992.0,41.4,74.40104868623538,164.04613330990708,170.7594235751295,165.25518902781778,157.92717511039606,0.0,0.0,0.0,0.0,0.0,0.0,0.0,0.0
2026-04-22 18:00:00,9,664.0,2026-05-05 18:00:00,13 days 00:00:00,7.67,67.08,999.3,27.3,50.31953431116373,0.0,0.0,0.0,0.0,0.0,0.0,0.0,0.0,0.0,0.0,0.0,0.0
2026-04-22 18:00:00,7,667.0,2026-05-04 12:00:00,11 days 18:00:00,6.98,139.55,1002.6,25.0,95.51473853648996,0.0,0.0,0.0,0.0,0.0,0.0,0.0,0.0,0.0,0.0,0.0,0.0
2026-04-22 18:00:00,7,667.0,2026-05-04 18:00:00,12 days 00:00:00,7.67,137.81,1004.8,20.1,78.18718802139895,0.0,0.0,0.0,0.0,0.0,0.0,0.0,0.0,0.0,0.0,0.0,0.0
2026-04-22 18:00:00,7,667.0,2026-05-05 00:00:00,12 days 06:00:00,8.19,136.1,1007.1,27.6,152.090710737143,0.0,0.0,0.0,0.0,0.0,0.0,0.0,0.0,0.0,0.0,0.0,0.0
2026-04-22 18:00:00,7,667.0,2026-05-05 06:00:00,12 days 12:00:00,7.72,134.28,1008.0,16.8,84.2162919486471,0.0,0.0,0.0,0.0,0.0,0.0,0.0,0.0,0.0,0.0,0.0,0.0
2026-04-22 18:00:00,7,667.0,2026-05-05 12:00:00,12 days 18:00:00,7.77,133.1,1005.3,19.2,71.91259660819088,0.0,0.0,0.0,0.0,0.0,0.0,0.0,0.0,0.0,0.0,0.0,0.0
2026-04-22 18:00:00,7,667.0,2026-05-05 18:00:00,13 days 00:00:00,8.26,130.74,1004.8,22.9,50.71718381811799,0.0,0.0,0.0,0.0,0.0,0.0,0.0,0.0,0.0,0.0,0.0,0.0
2026-04-22 18:00:00,3,668.0,2026-05-04 18:00:00,12 days 00:00:00,7.05,136.18,1008.5,11.7,185.6992671216296,0.0,0.0,0.0,0.0,0.0,0.0,0.0,0.0,0.0,0.0,0.0,0.0
2026-04-22 18:00:00,3,668.0,2026-05-05 00:00:00,12 days 06:00:00,8.93,134.62,1007.2,18.3,99.4683451755122,0.0,0.0,0.0,0.0,0.0,0.0,0.0,0.0,0.0,0.0,0.0,0.0
2026-04-22 18:00:00,3,668.0,2026-05-05 06:00:00,12 days 12:00:00,9.9,133.17,1004.7,24.7,45.86411835750853,0.0,0.0,0.0,0.0,0.0,0.0,0.0,0.0,0.0,0.0,0.0,0.0
2026-04-22 18:00:00,3,668.0,2026-05-05 12:00:00,12 days 18:00:00,10.28,132.04,1007.2,18.2,100.57953238587612,0.0,0.0,0.0,0.0,0.0,0.0,0.0,0.0,0.0,0.0,0.0,0.0
2026-04-22 18:00:00,3,668.0,2026-05-05 18:00:00,13 days 00:00:00,10.79,130.73,999.6,26.0,77.59257023054955,0.0,0.0,0.0,0.0,0.0,0.0,0.0,0.0,0.0,0.0,0.0,0.0
2026-04-22 18:00:00,2,669.0,2026-05-01 12:00:00,8 days 18:00:00,10.75,144.25,1005.4,22.4,80.90663290741578,0.0,0.0,0.0,0.0,0.0,0.0,0.0,0.0,0.0,0.0,0.0,0.0
2026-04-22 18:00:00,2,669.0,2026-05-01 18:00:00,9 days 00:00:00,10.89,143.88,1004.2,22.1,85.48634582290676,0.0,0.0,0.0,0.0,0.0,0.0,0.0,0.0,0.0,0.0,0.0,0.0
2026-04-22 18:00:00,2,669.0,2026-05-02 00:00:00,9 days 06:00:00,11.3,144.16,1006.6,21.3,64.87537769990718,0.0,0.0,0.0,0.0,0.0,0.0,0.0,0.0,0.0,0.0,0.0,0.0
2026-04-22 18:00:00,2,669.0,2026-05-02 06:00:00,9 days 12:00:00,11.29,143.64,1002.6,32.1,95.76750738944828,0.0,0.0,0.0,0.0,0.0,0.0,0.0,0.0,0.0,0.0,0.0,0.0
2026-04-22 18:00:00,2,669.0,2026-05-02 12:00:00,9 days 18:00:00,11.15,143.12,1002.1,27.4,87.45492395005965,0.0,0.0,0.0,0.0,0.0,0.0,0.0,0.0,0.0,0.0,0.0,0.0
2026-04-22 18:00:00,2,669.0,2026-05-02 18:00:00,10 days 00:00:00,11.46,142.82,1003.2,30.8,48.80137078168116,0.0,0.0,0.0,0.0,0.0,0.0,0.0,0.0,0.0,0.0,0.0,0.0
2026-04-22 18:00:00,2,669.0,2026-05-03 00:00:00,10 days 06:00:00,11.54,142.38,999.8,41.5,55.16074760554535,75.07955911633313,57.19005152370076,31.19241485474693,56.82306218280036,0.0,0.0,0.0,0.0,0.0,0.0,0.0,0.0
2026-04-22 18:00:00,2,669.0,2026-05-03 06:00:00,10 days 12:00:00,11.62,141.71,1002.0,35.4,48.212388318959725,51.34319688416487,32.2870454970052,13.061830420570352,38.85304792563317,0.0,0.0,0.0,0.0,0.0,0.0,0.0,0.0
2026-04-22 18:00:00,2,669.0,2026-05-03 12:00:00,10 days 18:00:00,11.18,141.01,1001.4,38.0,71.84847482188553,71.84847482188553,33.58390600771902,20.60200085715644,43.41203739442304,0.0,0.0,0.0,0.0,0.0,0.0,0.0,0.0
2026-04-22 18:00:00,2,669.0,2026-05-03 18:00:00,11 days 00:00:00,11.25,140.59,997.8,39.2,29.55272049968682,29.55272049968682,0.0,0.0,0.0,0.0,0.0,0.0,0.0,0.0,0.0,0.0,0.0
2026-04-22 18:00:00,2,669.0,2026-05-04 00:00:00,11 days 06:00:00,11.35,140.84,997.4,51.4,29.38602032786821,52.07645323626482,48.48211848547427,24.078637693564872,44.90999075465649,29.38602032786821,17.086466083564023,12.464735063070146,15.251844742553857,0.0,0.0,0.0,0.0
2026-04-22 18:00:00,2,669.0,2026-05-04 06:00:00,11 days 12:00:00,11.46,140.15,986.2,62.8,13.50062909624392,116.30239297618635,78.39051546118843,48.6939568940366,92.20295592277417,46.744552531830045,32.25189255449645,19.06848749532476,33.13354045157357,0.0,0.0,0.0,0.0
2026-04-22 18:00:00,2,669.0,2026-05-04 12:00:00,11 days 18:00:00,11.78,139.59,974.3,82.8,0.0,94.17447787540183,56.38860479436645,42.87403983155932,98.3295400128922,51.81599832853185,38.70005234828817,29.12766390075732,49.83647563295499,25.73210342152215,20.24914483379815,17.054138349223006,24.38873951073603
2026-04-22 18:00:00,2,669.0,2026-05-04 18:00:00,12 days 00:00:00,11.51,138.79,977.9,72.8,24.25486283534985,149.56999040965124,125.228624053456,124.0614301742452,142.91981473749448,88.20272577104157,69.17040210083607,59.96587340729777,72.71653177888184,24.25486283534985,19.85753124666236,17.172415987388842,20.661861954181266
2026-04-22 18:00:00,2,669.0,2026-05-05 00:00:00,12 days 06:00:00,11.76,138.3,968.7,83.0,0.0,173.49459427489228,151.7894623793977,137.75608401238685,159.3821020217259,91.99342090461356,79.78337836509697,68.41226645689186,82.33410968905669,39.59376484962208,33.36433731428687,29.907615411077288,35.16829142456227
2026-04-22 18:00:00,2,669.0,2026-05-05 06:00:00,12 days 12:00:00,11.57,137.02,989.1,56.6,28.737660660176218,121.07804051748673,88.57991598357839,66.25095558272085,93.23503810800322,28.737660660176218,3.9797307862111193,0.0,7.538166667912625,0.0,0.0,0.0,0.0
2026-04-22 18:00:00,2,669.0,2026-05-05 12:00:00,12 days 18:00:00,11.41,136.3,984.2,72.1,0.0,89.59958639413853,43.85548875184426,30.054779842296192,90.1241432650338,39.51306970966791,23.506362473483208,14.967895675683025,32.72586831599841,1.2893287541178866,0.0,0.0,0.7457087471100872
2026-04-22 18:00:00,2,669.0,2026-05-05 18:00:00,13 days 00:00:00,11.24,135.43,990.9,57.4,27.840415125022847,132.36515073664066,91.4444345047766,74.26933138591687,111.34052118700409,34.83718074504158,23.007835195681707,13.077301933192222,27.27458145992011,0.0,0.0,0.0,0.0
2026-04-22 18:00:00,1,670.0,2026-05-03 00:00:00,10 days 06:00:00,7.78,67.81,1004.0,22.4,91.89397047178772,0.0,0.0,0.0,0.0,0.0,0.0,0.0,0.0,0.0,0.0,0.0,0.0
2026-04-22 18:00:00,1,670.0,2026-05-03 06:00:00,10 days 12:00:00,8.18,67.65,1003.5,20.0,80.39495492254423,0.0,0.0,0.0,0.0,0.0,0.0,0.0,0.0,0.0,0.0,0.0,0.0
2026-04-22 18:00:00,1,670.0,2026-05-03 12:00:00,10 days 18:00:00,8.6,67.24,1002.2,28.8,95.17333911658432,0.0,0.0,0.0,0.0,0.0,0.0,0.0,0.0,0.0,0.0,0.0,0.0
2026-04-22 18:00:00,1,670.0,2026-05-03 18:00:00,11 days 00:00:00,8.59,67.36,1001.7,31.5,51.30295223810263,0.0,0.0,0.0,0.0,0.0,0.0,0.0,0.0,0.0,0.0,0.0,0.0
2026-04-22 18:00:00,1,670.0,2026-05-04 00:00:00,11 days 06:00:00,8.66,66.32,996.9,42.5,45.23434654530026,76.99928893602527,59.609417050430935,46.76444061675359,60.54823418834396,0.0,0.0,0.0,0.0,0.0,0.0,0.0,0.0
2026-04-22 18:00:00,1,670.0,2026-05-04 06:00:00,11 days 12:00:00,8.72,66.05,993.8,44.8,58.68813443990572,59.40149167218212,43.591119106170986,27.51653921092331,44.344332401222935,0.0,0.0,0.0,0.0,0.0,0.0,0.0,0.0
2026-04-22 18:00:00,1,670.0,2026-05-04 12:00:00,11 days 18:00:00,8.87,65.48,972.4,80.6,26.59640718407693,184.4350888128136,144.39070178361777,152.01007039665822,173.57458187884964,92.24975848779464,88.21106295454727,77.88507187751945,83.85474935229948,57.97234832640217,54.64535395685472,46.92142034325335,50.6537160102002
2026-04-22 18:00:00,1,670.0,2026-05-04 18:00:00,12 days 00:00:00,9.21,65.07,970.5,82.5,0.0,114.91036379583528,97.66287002748004,108.78422896406876,117.7986924203076,63.773932208899225,59.89449042929169,55.294754026589096,57.50931739680109,34.19882349925723,32.03726732682891,27.246082699349103,29.69855818877985
2026-04-22 18:00:00,1,670.0,2026-05-05 00:00:00,12 days 06:00:00,9.44,64.72,965.0,89.8,23.152743956107532,192.91096589364935,164.6460381792682,174.38839285784024,198.65757020861807,90.4607286562379,79.67929010561981,81.2936716102874,89.14410280149797,52.83344639560525,51.22981855168995,44.14724509993046,48.335140918957215
2026-04-22 18:00:00,1,670.0,2026-05-05 06:00:00,12 days 12:00:00,9.5,64.44,962.5,87.5,7.7428045324700605,204.34422332628245,182.95701562280485,178.48252377840913,183.54107886382295,94.02429488564135,95.5970394342957,93.90190676333326,86.20755518873128,61.64789156911864,58.55936496314281,51.40414821487241,53.15356810838787
2026-04-22 18:00:00,1,670.0,2026-05-05 12:00:00,12 days 18:00:00,9.93,63.54,955.7,100.0,31.21732209269858,175.0441654759789,142.43685436664887,167.52459658384564,168.58658760987285,100.96548043462546,94.30153155160416,89.72476389298933,92.83868083197537,60.51248546897079,55.57073130383717,48.18324754633884,53.5075102442966
2026-04-22 18:00:00,1,670.0,2026-05-05 18:00:00,13 days 00:00:00,10.17,62.52,942.2,116.8,7.981580810025212,177.299361240636,148.1445288159074,188.79441030967865,190.27483412937764,95.4160205175464,90.03611345759829,92.51492221758387,93.75914650724036,56.21348405520856,51.8980761430484,46.84245484669093,51.41686478720286
2026-04-22 18:00:00,4,671.0,2026-05-05 00:00:00,12 days 06:00:00,-7.46,65.57,1003.0,29.8,69.27902316447926,0.0,0.0,0.0,0.0,0.0,0.0,0.0,0.0,0.0,0.0,0.0,0.0
2026-04-22 18:00:00,4,671.0,2026-05-05 06:00:00,12 days 12:00:00,-7.18,66.18,999.5,29.1,55.620792602525576,0.0,0.0,0.0,0.0,0.0,0.0,0.0,0.0,0.0,0.0,0.0,0.0
2026-04-22 18:00:00,4,671.0,2026-05-05 12:00:00,12 days 18:00:00,-7.27,66.92,1008.2,26.7,129.77560114267607,0.0,0.0,0.0,0.0,0.0,0.0,0.0,0.0,0.0,0.0,0.0,0.0
2026-04-22 18:00:00,4,671.0,2026-05-05 18:00:00,13 days 00:00:00,-7.6,67.42,1002.8,29.0,66.7508199020684,0.0,0.0,0.0,0.0,0.0,0.0,0.0,0.0,0.0,0.0,0.0,0.0
2026-04-22 18:00:00,4,673.0,2026-05-04 12:00:00,11 days 18:00:00,5.78,68.06,1005.3,22.2,94.51645495598127,0.0,0.0,0.0,0.0,0.0,0.0,0.0,0.0,0.0,0.0,0.0,0.0
2026-04-22 18:00:00,4,673.0,2026-05-04 18:00:00,12 days 00:00:00,6.27,67.78,1000.3,31.0,79.73878861716982,0.0,0.0,0.0,0.0,0.0,0.0,0.0,0.0,0.0,0.0,0.0,0.0
2026-04-22 18:00:00,4,673.0,2026-05-05 00:00:00,12 days 06:00:00,6.37,66.8,991.4,40.2,56.92756066833199,102.6972126122836,123.87283753212012,125.7114296980706,111.47448723952084,0.0,0.0,0.0,0.0,0.0,0.0,0.0,0.0
2026-04-22 18:00:00,4,673.0,2026-05-05 06:00:00,12 days 12:00:00,6.59,66.18,1003.4,36.1,57.47717375780282,57.47717375780282,22.12069795646532,19.151943270365543,24.474475469887167,0.0,0.0,0.0,0.0,0.0,0.0,0.0,0.0
2026-04-22 18:00:00,4,673.0,2026-05-05 12:00:00,12 days 18:00:00,6.79,65.9,994.0,51.1,28.43124054080976,157.39114726032534,126.7714899180601,111.27081284621975,138.7800694340358,33.256328148740366,27.435857234182528,20.10661824393108,25.49269186992204,0.0,0.0,0.0,0.0
2026-04-22 18:00:00,4,673.0,2026-05-05 18:00:00,13 days 00:00:00,7.49,65.77,995.3,47.3,46.50879976312713,153.83408316948783,131.3532906150634,112.24000694569584,130.52404176329276,0.0,0.0,0.0,0.0,0.0,0.0,0.0,0.0
2026-04-22 18:00:00,5,673.0,2026-05-04 18:00:00,12 days 00:00:00,-8.55,60.11,1003.8,19.6,114.8267634750195,0.0,0.0,0.0,0.0,0.0,0.0,0.0,0.0,0.0,0.0,0.0,0.0
2026-04-22 18:00:00,5,673.0,2026-05-05 00:00:00,12 days 06:00:00,-9.08,61.16,1002.0,24.6,118.8171296823022,0.0,0.0,0.0,0.0,0.0,0.0,0.0,0.0,0.0,0.0,0.0,0.0
2026-04-22 18:00:00,5,673.0,2026-05-05 06:00:00,12 days 12:00:00,-10.0,61.03,1001.2,24.8,56.62164776430858,0.0,0.0,0.0,0.0,0.0,0.0,0.0,0.0,0.0,0.0,0.0,0.0
2026-04-22 18:00:00,5,673.0,2026-05-05 12:00:00,12 days 18:00:00,-10.62,61.45,999.3,29.2,98.98439142106554,0.0,0.0,0.0,0.0,0.0,0.0,0.0,0.0,0.0,0.0,0.0,0.0
2026-04-22 18:00:00,5,673.0,2026-05-05 18:00:00,13 days 00:00:00,-11.11,61.3,1000.2,28.6,70.17839630823437,0.0,0.0,0.0,0.0,0.0,0.0,0.0,0.0,0.0,0.0,0.0,0.0
2026-04-22 18:00:00,3,676.0,2026-05-03 12:00:00,10 days 18:00:00,9.21,132.66,1006.4,19.4,77.33411802706635,0.0,0.0,0.0,0.0,0.0,0.0,0.0,0.0,0.0,0.0,0.0,0.0
2026-04-22 18:00:00,3,676.0,2026-05-03 18:00:00,11 days 00:00:00,9.08,131.6,1008.7,18.0,85.30254085946827,0.0,0.0,0.0,0.0,0.0,0.0,0.0,0.0,0.0,0.0,0.0,0.0
2026-04-22 18:00:00,3,676.0,2026-05-04 00:00:00,11 days 06:00:00,9.4,130.48,1003.7,22.5,99.24638857538368,0.0,0.0,0.0,0.0,0.0,0.0,0.0,0.0,0.0,0.0,0.0,0.0
2026-04-22 18:00:00,3,676.0,2026-05-04 06:00:00,11 days 12:00:00,9.27,129.96,1006.3,27.9,106.7802159277532,0.0,0.0,0.0,0.0,0.0,0.0,0.0,0.0,0.0,0.0,0.0,0.0
2026-04-22 18:00:00,3,676.0,2026-05-04 12:00:00,11 days 18:00:00,9.85,128.78,1002.1,36.8,93.22467000928212,93.22467000928212,48.188133640580446,36.45469269948126,46.07115514100753,0.0,0.0,0.0,0.0,0.0,0.0,0.0,0.0
2026-04-22 18:00:00,3,676.0,2026-05-04 18:00:00,12 days 00:00:00,9.89,128.04,1003.0,34.8,73.39576323288794,0.9776539506317166,0.0,73.39576323288794,7.055174470193998,0.0,0.0,0.0,0.0,0.0,0.0,0.0,0.0
2026-04-22 18:00:00,3,676.0,2026-05-05 00:00:00,12 days 06:00:00,10.17,126.88,998.2,42.6,24.125128879548672,80.46490842385117,49.9742931419091,24.077060302471025,62.50041349935728,0.0,0.0,0.0,0.0,0.0,0.0,0.0,0.0
2026-04-22 18:00:00,3,676.0,2026-05-05 06:00:00,12 days 12:00:00,10.29,125.8,993.0,47.8,38.0140891994871,65.58364560735271,50.28498812934821,33.9826803805393,59.83013422364832,0.0,0.0,0.0,0.0,0.0,0.0,0.0,0.0
2026-04-22 18:00:00,3,676.0,2026-05-05 12:00:00,12 days 18:00:00,10.94,125.02,995.0,51.1,28.795585298765864,89.47373040444728,74.83273072643951,45.20036017724938,74.23075572915106,28.795585298765864,4.21223543085471,1.3166493348591972,5.014255379515511,0.0,0.0,0.0,0.0
2026-04-22 18:00:00,3,676.0,2026-05-05 18:00:00,13 days 00:00:00,10.72,124.0,988.9,59.0,14.961511920100406,41.00061685473771,28.21555085973576,28.579038589141344,34.62609468661324,18.40491751985324,12.40911202600303,6.496223544051124,12.56214014163827,0.0,0.0,0.0,0.0
2026-04-22 18:00:00,4,676.0,2026-05-04 06:00:00,11 days 12:00:00,-9.6,60.65,1005.3,22.4,92.09110291109704,0.0,0.0,0.0,0.0,0.0,0.0,0.0,0.0,0.0,0.0,0.0,0.0
2026-04-22 18:00:00,4,676.0,2026-05-04 12:00:00,11 days 18:00:00,-10.12,60.99,1006.0,22.2,131.50686991359652,0.0,0.0,0.0,0.0,0.0,0.0,0.0,0.0,0.0,0.0,0.0,0.0
2026-04-22 18:00:00,4,676.0,2026-05-04 18:00:00,12 days 00:00:00,-9.75,60.4,1006.6,19.6,97.59102387451529,0.0,0.0,0.0,0.0,0.0,0.0,0.0,0.0,0.0,0.0,0.0,0.0
2026-04-22 18:00:00,4,676.0,2026-05-05 00:00:00,12 days 06:00:00,-9.67,61.05,1007.2,23.6,109.24989866716597,0.0,0.0,0.0,0.0,0.0,0.0,0.0,0.0,0.0,0.0,0.0,0.0
2026-04-22 18:00:00,4,676.0,2026-05-05 06:00:00,12 days 12:00:00,-10.83,61.14,1001.5,23.0,145.1602166525146,0.0,0.0,0.0,0.0,0.0,0.0,0.0,0.0,0.0,0.0,0.0,0.0
2026-04-22 18:00:00,4,676.0,2026-05-05 12:00:00,12 days 18:00:00,-11.17,61.52,1003.4,30.2,77.89985927497764,0.0,0.0,0.0,0.0,0.0,0.0,0.0,0.0,0.0,0.0,0.0,0.0
2026-04-22 18:00:00,4,676.0,2026-05-05 18:00:00,13 days 00:00:00,-11.45,61.82,1001.2,31.5,64.7154261098253,0.0,0.0,0.0,0.0,0.0,0.0,0.0,0.0,0.0,0.0,0.0,0.0
2026-04-22 18:00:00,1,678.0,2026-05-04 00:00:00,11 days 06:00:00,3.98,72.39,1003.3,18.9,56.5605644185582,0.0,0.0,0.0,0.0,0.0,0.0,0.0,0.0,0.0,0.0,0.0,0.0
2026-04-22 18:00:00,1,678.0,2026-05-04 06:00:00,11 days 12:00:00,4.36,71.65,1002.3,24.0,87.07501799609159,0.0,0.0,0.0,0.0,0.0,0.0,0.0,0.0,0.0,0.0,0.0,0.0
2026-04-22 18:00:00,1,678.0,2026-05-04 12:00:00,11 days 18:00:00,5.02,72.15,1002.6,26.6,131.47760526579088,0.0,0.0,0.0,0.0,0.0,0.0,0.0,0.0,0.0,0.0,0.0,0.0
2026-04-22 18:00:00,1,678.0,2026-05-04 18:00:00,12 days 00:00:00,5.97,71.91,1004.7,23.1,69.09260310021702,0.0,0.0,0.0,0.0,0.0,0.0,0.0,0.0,0.0,0.0,0.0,0.0
2026-04-22 18:00:00,1,678.0,2026-05-05 00:00:00,12 days 06:00:00,6.46,71.16,1004.4,22.8,100.559727598507,0.0,0.0,0.0,0.0,0.0,0.0,0.0,0.0,0.0,0.0,0.0,0.0
2026-04-22 18:00:00,1,678.0,2026-05-05 06:00:00,12 days 12:00:00,7.53,72.24,1005.5,23.4,85.30050161391802,0.0,0.0,0.0,0.0,0.0,0.0,0.0,0.0,0.0,0.0,0.0,0.0
2026-04-22 18:00:00,1,678.0,2026-05-05 12:00:00,12 days 18:00:00,7.87,72.42,997.7,36.6,70.41295399360361,65.51570852287952,70.41295399360361,45.40913307625237,52.232172899613374,0.0,0.0,0.0,0.0,0.0,0.0,0.0,0.0
2026-04-22 18:00:00,1,678.0,2026-05-05 18:00:00,13 days 00:00:00,8.49,72.85,1000.1,36.3,83.61647485478404,190.7815772588721,191.1931589101212,162.4480184969236,164.49512553525898,0.0,0.0,0.0,0.0,0.0,0.0,0.0,0.0
2026-04-22 18:00:00,2,680.0,2026-05-04 12:00:00,11 days 18:00:00,7.99,148.99,1008.4,17.7,72.06555788732207,0.0,0.0,0.0,0.0,0.0,0.0,0.0,0.0,0.0,0.0,0.0,0.0
2026-04-22 18:00:00,2,680.0,2026-05-04 18:00:00,12 days 00:00:00,7.36,148.33,1003.9,21.4,70.85422680356812,0.0,0.0,0.0,0.0,0.0,0.0,0.0,0.0,0.0,0.0,0.0,0.0
2026-04-22 18:00:00,2,680.0,2026-05-05 00:00:00,12 days 06:00:00,7.65,147.08,1004.6,31.6,47.113726043430304,0.0,0.0,0.0,0.0,0.0,0.0,0.0,0.0,0.0,0.0,0.0,0.0
2026-04-22 18:00:00,2,680.0,2026-05-05 06:00:00,12 days 12:00:00,8.0,146.26,994.4,46.3,26.50108711380735,60.22909420824451,36.87546961134428,24.845682535262597,51.56534963288036,0.0,0.0,0.0,0.0,0.0,0.0,0.0,0.0
2026-04-22 18:00:00,2,680.0,2026-05-05 12:00:00,12 days 18:00:00,7.8,145.35,999.2,35.6,58.70917775806353,12.983071463474532,4.242819448155675,2.5117915071244408,58.70917775806353,0.0,0.0,0.0,0.0,0.0,0.0,0.0,0.0
2026-04-22 18:00:00,2,680.0,2026-05-05 18:00:00,13 days 00:00:00,7.7,144.51,985.0,62.1,24.77604195038959,40.24729415385622,28.202589601709413,25.214599514757044,35.17836865765799,24.77604195038959,5.5310816436020085,3.416216259509559,5.238160314667788,0.0,0.0,0.0,0.0
2026-04-22 18:00:00,0,682.0,2026-05-02 06:00:00,9 days 12:00:00,6.43,150.75,1004.0,28.0,78.8574861994643,0.0,0.0,0.0,0.0,0.0,0.0,0.0,0.0,0.0,0.0,0.0,0.0
2026-04-22 18:00:00,0,682.0,2026-05-02 12:00:00,9 days 18:00:00,6.1,150.22,1007.0,20.0,124.360249717592,0.0,0.0,0.0,0.0,0.0,0.0,0.0,0.0,0.0,0.0,0.0,0.0
2026-04-22 18:00:00,0,682.0,2026-05-02 18:00:00,10 days 00:00:00,6.37,150.69,1005.5,17.7,112.47633757114512,0.0,0.0,0.0,0.0,0.0,0.0,0.0,0.0,0.0,0.0,0.0,0.0
2026-04-22 18:00:00,0,682.0,2026-05-03 00:00:00,10 days 06:00:00,6.2,150.22,1004.2,25.3,88.22920260107327,0.0,0.0,0.0,0.0,0.0,0.0,0.0,0.0,0.0,0.0,0.0,0.0
2026-04-22 18:00:00,0,682.0,2026-05-03 06:00:00,10 days 12:00:00,5.81,149.99,1002.3,27.5,67.03010749802911,0.0,0.0,0.0,0.0,0.0,0.0,0.0,0.0,0.0,0.0,0.0,0.0
2026-04-22 18:00:00,0,682.0,2026-05-03 12:00:00,10 days 18:00:00,5.4,149.91,1001.3,36.1,50.55522014713221,50.55522014713221,0.0,0.0,0.0,0.0,0.0,0.0,0.0,0.0,0.0,0.0,0.0
2026-04-22 18:00:00,0,682.0,2026-05-03 18:00:00,11 days 00:00:00,5.67,149.69,993.3,47.5,38.97175758458323,154.17950811286158,142.36019405654434,139.6934181204179,147.8746653596349,0.0,0.0,0.0,0.0,0.0,0.0,0.0,0.0
2026-04-22 18:00:00,0,682.0,2026-05-04 00:00:00,11 days 06:00:00,5.06,149.62,993.0,47.5,30.618477834131987,122.1295956116936,103.76608896801834,86.12429633874362,103.87928116712558,0.0,0.0,0.0,0.0,0.0,0.0,0.0,0.0
2026-04-22 18:00:00,0,682.0,2026-05-04 06:00:00,11 days 12:00:00,5.42,149.36,987.5,60.6,25.91795396302912,218.0798816124021,196.51289885279903,178.75991969150647,190.3542819061996,95.74827448674708,89.40568679083884,71.58920235136,76.82871169407358,0.0,0.0,0.0,0.0
2026-04-22 18:00:00,0,682.0,2026-05-04 12:00:00,11 days 18:00:00,5.21,148.66,983.7,63.9,14.794190053714471,101.30760796742167,68.86475348260586,49.4607695746821,86.1816781302023,34.08758070348466,25.87048665210829,16.94975514203359,26.71013451910388,0.0,0.0,0.0,0.0
2026-04-22 18:00:00,0,682.0,2026-05-04 18:00:00,12 days 00:00:00,5.51,148.04,981.6,72.5,17.212600894635052,81.07665486703235,38.98539135837122,31.05465220399992,76.88693059634447,31.526885495426427,18.433753432873043,13.51554845080748,25.04064114170218,17.212600894635052,1.711145194878144,0.3748723704905831,3.500581751723662
2026-04-22 18:00:00,0,682.0,2026-05-05 00:00:00,12 days 06:00:00,5.32,147.28,976.6,78.0,0.0,140.69785751026933,106.323350300022,106.84756350179862,144.75489806848344,68.34924662092656,53.83589438222896,47.34688523778725,62.82130033854422,32.26830587651168,26.903529815777368,23.57324360369832,29.19699499923288
2026-04-22 18:00:00,0,682.0,2026-05-05 06:00:00,12 days 12:00:00,5.71,146.41,955.8,96.2,14.117893302178707,183.11278948863887,142.0617799983802,145.90160124178064,166.1642405172938,97.86112001758966,88.78943112758675,79.87177982783093,87.66226444947672,55.46895441709118,50.80752936968928,42.88023600910024,48.73988651733134
2026-04-22 18:00:00,0,682.0,2026-05-05 12:00:00,12 days 18:00:00,5.61,145.62,966.7,88.6,18.021075081974143,177.47063950529505,137.57656400263622,134.01142317823025,170.36151901138908,91.34483313968522,78.3802464012913,66.02935242690666,81.79890495390107,44.43859133962472,38.30327123374612,32.63000048059051,39.08077535313285
2026-04-22 18:00:00,0,682.0,2026-05-05 18:00:00,13 days 00:00:00,5.6,144.93,952.7,100.7,4.968631663965092,124.0718197657718,70.25592098928561,105.51528068372384,141.31360658195678,58.86794300261722,47.57323304466959,45.7516681349048,57.88594078453795,33.55775278995798,27.69622182371142,24.988432400249145,30.244964369959845
2026-04-22 18:00:00,4,683.0,2026-05-04 06:00:00,11 days 12:00:00,5.95,150.75,1005.6,21.0,109.1922145906641,0.0,0.0,0.0,0.0,0.0,0.0,0.0,0.0,0.0,0.0,0.0,0.0
2026-04-22 18:00:00,4,683.0,2026-05-04 12:00:00,11 days 18:00:00,6.13,150.53,1007.9,17.7,102.59245441873205,0.0,0.0,0.0,0.0,0.0,0.0,0.0,0.0,0.0,0.0,0.0,0.0
2026-04-22 18:00:00,4,683.0,2026-05-04 18:00:00,12 days 00:00:00,6.68,149.68,1003.7,23.3,65.8585762138895,0.0,0.0,0.0,0.0,0.0,0.0,0.0,0.0,0.0,0.0,0.0,0.0
2026-04-22 18:00:00,4,683.0,2026-05-05 00:00:00,12 days 06:00:00,7.29,148.71,1002.1,30.0,35.19268322507665,0.0,0.0,0.0,0.0,0.0,0.0,0.0,0.0,0.0,0.0,0.0,0.0
2026-04-22 18:00:00,4,683.0,2026-05-05 06:00:00,12 days 12:00:00,7.28,147.65,1002.3,23.3,72.49694864939926,0.0,0.0,0.0,0.0,0.0,0.0,0.0,0.0,0.0,0.0,0.0,0.0
2026-04-22 18:00:00,4,683.0,2026-05-05 12:00:00,12 days 18:00:00,7.64,146.91,1005.9,23.3,67.22181472383824,0.0,0.0,0.0,0.0,0.0,0.0,0.0,0.0,0.0,0.0,0.0,0.0
2026-04-22 18:00:00,4,683.0,2026-05-05 18:00:00,13 days 00:00:00,8.52,145.48,1006.8,22.6,108.83393546881848,0.0,0.0,0.0,0.0,0.0,0.0,0.0,0.0,0.0,0.0,0.0,0.0
2026-04-22 18:00:00,0,688.0,2026-05-04 12:00:00,11 days 18:00:00,-6.72,51.9,1004.4,26.6,81.98785279710137,0.0,0.0,0.0,0.0,0.0,0.0,0.0,0.0,0.0,0.0,0.0,0.0
2026-04-22 18:00:00,0,688.0,2026-05-04 18:00:00,12 days 00:00:00,-6.64,51.27,1005.4,26.7,88.8495321964717,0.0,0.0,0.0,0.0,0.0,0.0,0.0,0.0,0.0,0.0,0.0,0.0
2026-04-22 18:00:00,0,688.0,2026-05-05 00:00:00,12 days 06:00:00,-7.13,51.39,1003.0,31.9,98.6130097236577,0.0,0.0,0.0,0.0,0.0,0.0,0.0,0.0,0.0,0.0,0.0,0.0
2026-04-22 18:00:00,0,688.0,2026-05-05 06:00:00,12 days 12:00:00,-7.86,51.31,1005.1,27.0,74.9036635937992,0.0,0.0,0.0,0.0,0.0,0.0,0.0,0.0,0.0,0.0,0.0,0.0
2026-04-22 18:00:00,0,688.0,2026-05-05 12:00:00,12 days 18:00:00,-8.22,50.94,1003.0,30.4,111.01151128571144,0.0,0.0,0.0,0.0,0.0,0.0,0.0,0.0,0.0,0.0,0.0,0.0
2026-04-22 18:00:00,0,688.0,2026-05-05 18:00:00,13 days 00:00:00,-8.3,50.19,1003.6,25.9,63.94933789977496,0.0,0.0,0.0,0.0,0.0,0.0,0.0,0.0,0.0,0.0,0.0,0.0
2026-04-22 18:00:00,0,689.0,2026-05-03 06:00:00,10 days 12:00:00,4.69,68.91,1008.4,15.1,153.61508684968555,0.0,0.0,0.0,0.0,0.0,0.0,0.0,0.0,0.0,0.0,0.0,0.0
2026-04-22 18:00:00,0,689.0,2026-05-03 12:00:00,10 days 18:00:00,3.61,68.71,1006.7,17.5,85.15048427894165,0.0,0.0,0.0,0.0,0.0,0.0,0.0,0.0,0.0,0.0,0.0,0.0
2026-04-22 18:00:00,0,689.0,2026-05-03 18:00:00,11 days 00:00:00,4.14,68.28,1006.5,21.0,110.65534762570124,0.0,0.0,0.0,0.0,0.0,0.0,0.0,0.0,0.0,0.0,0.0,0.0
2026-04-22 18:00:00,0,689.0,2026-05-04 00:00:00,11 days 06:00:00,4.7,68.44,1004.6,19.7,132.96126699901663,0.0,0.0,0.0,0.0,0.0,0.0,0.0,0.0,0.0,0.0,0.0,0.0
2026-04-22 18:00:00,0,689.0,2026-05-04 06:00:00,11 days 12:00:00,5.1,68.71,1002.6,33.6,52.54672246697106,0.0,0.0,0.0,0.0,0.0,0.0,0.0,0.0,0.0,0.0,0.0,0.0
2026-04-22 18:00:00,0,689.0,2026-05-04 12:00:00,11 days 18:00:00,5.53,68.29,1002.6,29.4,88.10378168665996,0.0,0.0,0.0,0.0,0.0,0.0,0.0,0.0,0.0,0.0,0.0,0.0
2026-04-22 18:00:00,0,689.0,2026-05-04 18:00:00,12 days 00:00:00,6.02,67.48,995.8,43.7,122.20237487064595,197.85201354373703,181.76933772612747,165.24128851982994,166.98555121565244,0.0,0.0,0.0,0.0,0.0,0.0,0.0,0.0
2026-04-22 18:00:00,0,689.0,2026-05-05 00:00:00,12 days 06:00:00,6.32,67.76,1000.6,34.8,138.03929248939355,138.03929248939355,0.0,0.0,0.0,0.0,0.0,0.0,0.0,0.0,0.0,0.0,0.0
2026-04-22 18:00:00,0,689.0,2026-05-05 06:00:00,12 days 12:00:00,7.22,66.82,995.3,44.1,74.18377516282558,258.6713685537221,243.84853222690805,202.4190923239796,215.44945318644545,0.0,0.0,0.0,0.0,0.0,0.0,0.0,0.0
2026-04-22 18:00:00,0,689.0,2026-05-05 12:00:00,12 days 18:00:00,8.02,66.1,992.7,53.1,66.50284375223842,156.28481005756137,123.45049644312904,104.99698640851406,138.78446629533542,66.50284375223842,26.741594580791556,17.9092453825384,24.527855964712163,0.0,0.0,0.0,0.0
2026-04-22 18:00:00,0,689.0,2026-05-05 18:00:00,13 days 00:00:00,8.6,64.93,986.6,59.1,17.714018898125097,158.3123480944019,118.6647977034732,96.4083690985181,123.88528878706612,47.041690248646844,35.78849957558246,23.70396900986341,32.74210486972753,0.0,0.0,0.0,0.0
2026-04-22 18:00:00,4,691.0,2026-04-30 12:00:00,7 days 18:00:00,9.87,136.18,1002.1,26.9,90.9737336553128,0.0,0.0,0.0,0.0,0.0,0.0,0.0,0.0,0.0,0.0,0.0,0.0
2026-04-22 18:00:00,4,691.0,2026-04-30 18:00:00,8 days 00:00:00,9.84,136.06,1003.6,26.9,61.27261365694368,0.0,0.0,0.0,0.0,0.0,0.0,0.0,0.0,0.0,0.0,0.0,0.0
2026-04-22 18:00:00,4,691.0,2026-05-01 00:00:00,8 days 06:00:00,10.22,135.56,1002.2,34.5,57.70853843229047,57.70853843229047,18.15910022231354,16.572856583498954,27.2189152327408,0.0,0.0,0.0,0.0,0.0,0.0,0.0,0.0
2026-04-22 18:00:00,4,691.0,2026-05-01 06:00:00,8 days 12:00:00,10.43,135.49,1007.4,22.0,86.1914875564309,0.0,0.0,0.0,0.0,0.0,0.0,0.0,0.0,0.0,0.0,0.0,0.0
2026-04-22 18:00:00,4,691.0,2026-05-01 12:00:00,8 days 18:00:00,10.22,135.21,1006.5,24.1,73.88147900550024,0.0,0.0,0.0,0.0,0.0,0.0,0.0,0.0,0.0,0.0,0.0,0.0
2026-04-22 18:00:00,4,691.0,2026-05-01 18:00:00,9 days 00:00:00,10.8,134.66,1003.1,30.0,76.96417796038159,0.0,0.0,0.0,0.0,0.0,0.0,0.0,0.0,0.0,0.0,0.0,0.0
2026-04-22 18:00:00,4,691.0,2026-05-02 00:00:00,9 days 06:00:00,11.17,134.24,998.4,36.4,62.021333167762975,62.021333167762975,20.423976344376257,20.941277859059085,16.726779288030215,0.0,0.0,0.0,0.0,0.0,0.0,0.0,0.0
2026-04-22 18:00:00,4,691.0,2026-05-02 06:00:00,9 days 12:00:00,11.7,133.96,1004.3,29.9,96.19849672535628,0.0,0.0,0.0,0.0,0.0,0.0,0.0,0.0,0.0,0.0,0.0,0.0
2026-04-22 18:00:00,4,691.0,2026-05-02 12:00:00,9 days 18:00:00,12.52,133.35,1005.0,26.3,119.30979989481308,0.0,0.0,0.0,0.0,0.0,0.0,0.0,0.0,0.0,0.0,0.0,0.0
2026-04-22 18:00:00,4,691.0,2026-05-02 18:00:00,10 days 00:00:00,12.13,133.26,999.6,32.4,38.81477189046591,0.0,0.0,0.0,0.0,0.0,0.0,0.0,0.0,0.0,0.0,0.0,0.0
2026-04-22 18:00:00,4,691.0,2026-05-03 00:00:00,10 days 06:00:00,12.34,132.58,999.3,40.2,35.616626294422474,35.616626294422474,3.4496406775497936,2.134933226652518,8.199639570578018,0.0,0.0,0.0,0.0,0.0,0.0,0.0,0.0
2026-04-22 18:00:00,4,691.0,2026-05-03 06:00:00,10 days 12:00:00,12.34,132.18,1001.2,27.1,57.40284689052903,0.0,0.0,0.0,0.0,0.0,0.0,0.0,0.0,0.0,0.0,0.0,0.0
2026-04-22 18:00:00,4,691.0,2026-05-03 12:00:00,10 days 18:00:00,12.88,131.78,1004.1,29.6,56.51348545758893,0.0,0.0,0.0,0.0,0.0,0.0,0.0,0.0,0.0,0.0,0.0,0.0
2026-04-22 18:00:00,4,691.0,2026-05-03 18:00:00,11 days 00:00:00,12.32,131.03,995.9,39.8,23.133784971106216,25.02075623259456,6.584566823151867,16.914942835681966,30.02468001382224,0.0,0.0,0.0,0.0,0.0,0.0,0.0,0.0
2026-04-22 18:00:00,4,691.0,2026-05-04 00:00:00,11 days 06:00:00,12.67,130.54,999.6,39.0,50.96462355730522,50.96462355730522,39.7470449793338,36.82212481623134,43.42702637458904,0.0,0.0,0.0,0.0,0.0,0.0,0.0,0.0
2026-04-22 18:00:00,4,691.0,2026-05-04 06:00:00,11 days 12:00:00,12.83,129.67,989.4,54.7,40.239640133870566,70.56294342251638,53.82864232071766,47.48844058741041,62.34104751548995,40.239640133870566,0.0,0.0,0.0,0.0,0.0,0.0,0.0
2026-04-22 18:00:00,4,691.0,2026-05-04 12:00:00,11 days 18:00:00,12.52,129.06,986.4,59.9,3.803660130571736,36.663261821412505,32.35989428075193,49.38732052519887,47.58208701351046,15.386174276431776,13.001796896867653,11.115390803271072,13.780921522787295,0.0,0.0,0.0,0.0
2026-04-22 18:00:00,4,691.0,2026-05-04 18:00:00,12 days 00:00:00,12.91,127.99,989.6,57.6,5.737159556487378,66.19360029122265,52.326536929836905,57.24615357101567,65.19917759336465,34.314179410395695,27.51036574303849,19.444524084057868,28.80941437115528,0.0,0.0,0.0,0.0
2026-04-22 18:00:00,4,691.0,2026-05-05 00:00:00,12 days 06:00:00,12.58,127.3,995.4,47.7,68.6855561259105,84.95473784298862,72.02544057232205,67.0512817982001,81.58930965238044,0.0,0.0,0.0,0.0,0.0,0.0,0.0,0.0
2026-04-22 18:00:00,4,691.0,2026-05-05 06:00:00,12 days 12:00:00,12.97,126.59,995.5,48.7,26.43010078472505,46.0929999928072,31.36569610333399,26.58689542950564,39.91794021488941,0.0,0.0,0.0,0.0,0.0,0.0,0.0,0.0
2026-04-22 18:00:00,4,691.0,2026-05-05 12:00:00,12 days 18:00:00,13.14,125.48,985.4,64.6,26.86987346875192,52.877958076283285,42.53056998374543,58.33850539267879,66.76244083288185,28.276589415807003,21.65958767217232,20.81943479741114,26.596690019219366,26.86987346875192,1.900557823616696,1.5010643007075957,5.108054175327961
2026-04-22 18:00:00,4,691.0,2026-05-05 18:00:00,13 days 00:00:00,13.13,124.26,982.1,71.3,7.205886887500345,54.34413899205788,38.65107092086337,30.40986194540321,44.41859359081102,7.205886887500345,0.0,0.0,0.4059110835094444,7.205886887500345,0.0,0.0,0.0
2026-04-22 18:00:00,6,699.0,2026-05-05 00:00:00,12 days 06:00:00,-11.69,60.82,1000.3,26.1,75.88558922668659,0.0,0.0,0.0,0.0,0.0,0.0,0.0,0.0,0.0,0.0,0.0,0.0
2026-04-22 18:00:00,6,699.0,2026-05-05 06:00:00,12 days 12:00:00,-12.38,61.33,998.7,34.5,102.24190057341264,102.24190057341264,0.0,0.0,0.0,0.0,0.0,0.0,0.0,0.0,0.0,0.0,0.0
2026-04-22 18:00:00,6,699.0,2026-05-05 12:00:00,12 days 18:00:00,-12.74,62.05,992.8,44.2,70.89347316325438,230.0534195208029,217.2590629813767,185.3852538613473,187.5165934553588,0.0,0.0,0.0,0.0,0.0,0.0,0.0,0.0
2026-04-22 18:00:00,6,699.0,2026-05-05 18:00:00,13 days 00:00:00,-14.14,62.75,994.6,36.1,57.61264317234742,57.61264317234742,1.623187943056907,0.0,2.2463706994151043,0.0,0.0,0.0,0.0,0.0,0.0,0.0,0.0
2026-04-22 18:00:00,1,700.0,2026-05-03 18:00:00,11 days 00:00:00,10.09,143.69,1007.1,14.4,106.65719116578076,0.0,0.0,0.0,0.0,0.0,0.0,0.0,0.0,0.0,0.0,0.0,0.0
2026-04-22 18:00:00,1,700.0,2026-05-04 00:00:00,11 days 06:00:00,10.05,142.4,1002.8,23.2,101.4913504660771,0.0,0.0,0.0,0.0,0.0,0.0,0.0,0.0,0.0,0.0,0.0,0.0
2026-04-22 18:00:00,1,700.0,2026-05-04 06:00:00,11 days 12:00:00,10.0,141.9,1004.2,24.4,74.82257333165005,0.0,0.0,0.0,0.0,0.0,0.0,0.0,0.0,0.0,0.0,0.0,0.0
2026-04-22 18:00:00,1,700.0,2026-05-04 12:00:00,11 days 18:00:00,9.97,140.44,1004.0,30.9,44.36792283635128,0.0,0.0,0.0,0.0,0.0,0.0,0.0,0.0,0.0,0.0,0.0,0.0
2026-04-22 18:00:00,1,700.0,2026-05-04 18:00:00,12 days 00:00:00,10.26,139.5,1004.8,29.1,110.54246663751432,0.0,0.0,0.0,0.0,0.0,0.0,0.0,0.0,0.0,0.0,0.0,0.0
2026-04-22 18:00:00,1,700.0,2026-05-05 00:00:00,12 days 06:00:00,10.4,138.55,996.7,41.8,70.47674914877678,70.47674914877678,42.30969368826784,45.59154359281638,44.3824455660191,0.0,0.0,0.0,0.0,0.0,0.0,0.0,0.0
2026-04-22 18:00:00,1,700.0,2026-05-05 06:00:00,12 days 12:00:00,10.17,137.3,999.7,35.5,30.74357555498265,39.29381613035481,23.354826088023778,17.441953965944364,42.65184057452687,0.0,0.0,0.0,0.0,0.0,0.0,0.0,0.0
2026-04-22 18:00:00,1,700.0,2026-05-05 12:00:00,12 days 18:00:00,10.31,136.64,1002.5,36.3,59.06212495550027,65.90897993024578,53.59009079718211,50.23280742781765,65.87553391789191,0.0,0.0,0.0,0.0,0.0,0.0,0.0,0.0
2026-04-22 18:00:00,1,700.0,2026-05-05 18:00:00,13 days 00:00:00,10.59,135.82,989.8,57.4,3.088338216113589,109.73227786214213,82.40003879778475,73.67328886096504,105.13920837595964,41.01677402419695,28.481261161195405,18.82705591775501,29.938257354596995,0.0,0.0,0.0,0.0
2026-04-22 18:00:00,2,703.0,2026-05-04 18:00:00,12 days 00:00:00,-6.69,71.69,1003.2,17.6,74.60639102049501,0.0,0.0,0.0,0.0,0.0,0.0,0.0,0.0,0.0,0.0,0.0,0.0
2026-04-22 18:00:00,2,703.0,2026-05-05 00:00:00,12 days 06:00:00,-6.83,71.78,1003.5,27.9,101.32449364955949,0.0,0.0,0.0,0.0,0.0,0.0,0.0,0.0,0.0,0.0,0.0,0.0
2026-04-22 18:00:00,2,703.0,2026-05-05 06:00:00,12 days 12:00:00,-6.54,71.93,1002.3,29.1,110.59711296412952,0.0,0.0,0.0,0.0,0.0,0.0,0.0,0.0,0.0,0.0,0.0,0.0
2026-04-22 18:00:00,2,703.0,2026-05-05 12:00:00,12 days 18:00:00,-6.7,71.69,1002.0,28.2,132.3632548747097,0.0,0.0,0.0,0.0,0.0,0.0,0.0,0.0,0.0,0.0,0.0,0.0
2026-04-22 18:00:00,2,703.0,2026-05-05 18:00:00,13 days 00:00:00,-6.35,71.89,1002.9,24.0,68.67384595436049,0.0,0.0,0.0,0.0,0.0,0.0,0.0,0.0,0.0,0.0,0.0,0.0
2026-04-22 18:00:00,1,705.0,2026-05-04 06:00:00,11 days 12:00:00,7.58,158.65,1007.7,14.2,156.63447191385438,0.0,0.0,0.0,0.0,0.0,0.0,0.0,0.0,0.0,0.0,0.0,0.0
2026-04-22 18:00:00,1,705.0,2026-05-04 12:00:00,11 days 18:00:00,8.13,157.21,1006.7,12.3,158.2734197816352,0.0,0.0,0.0,0.0,0.0,0.0,0.0,0.0,0.0,0.0,0.0,0.0
2026-04-22 18:00:00,1,705.0,2026-05-04 18:00:00,12 days 00:00:00,7.59,157.9,1006.3,18.0,123.72777957520202,0.0,0.0,0.0,0.0,0.0,0.0,0.0,0.0,0.0,0.0,0.0,0.0
2026-04-22 18:00:00,1,705.0,2026-05-05 00:00:00,12 days 06:00:00,8.21,157.09,1008.1,17.7,73.40887082647168,0.0,0.0,0.0,0.0,0.0,0.0,0.0,0.0,0.0,0.0,0.0,0.0
2026-04-22 18:00:00,1,705.0,2026-05-05 06:00:00,12 days 12:00:00,8.39,156.39,1006.8,20.8,155.52578011716977,0.0,0.0,0.0,0.0,0.0,0.0,0.0,0.0,0.0,0.0,0.0,0.0
2026-04-22 18:00:00,1,705.0,2026-05-05 12:00:00,12 days 18:00:00,8.7,155.72,1002.6,27.3,58.01368592896102,0.0,0.0,0.0,0.0,0.0,0.0,0.0,0.0,0.0,0.0,0.0,0.0
2026-04-22 18:00:00,1,705.0,2026-05-05 18:00:00,13 days 00:00:00,8.65,154.62,1004.1,24.1,60.07666908938565,0.0,0.0,0.0,0.0,0.0,0.0,0.0,0.0,0.0,0.0,0.0,0.0
2026-04-22 18:00:00,0,715.0,2026-05-02 00:00:00,9 days 06:00:00,7.26,64.89,1006.5,18.3,84.36429611538142,0.0,0.0,0.0,0.0,0.0,0.0,0.0,0.0,0.0,0.0,0.0,0.0
2026-04-22 18:00:00,0,715.0,2026-05-02 06:00:00,9 days 12:00:00,7.4,64.45,1004.1,26.3,121.00743818382678,0.0,0.0,0.0,0.0,0.0,0.0,0.0,0.0,0.0,0.0,0.0,0.0
2026-04-22 18:00:00,0,715.0,2026-05-02 12:00:00,9 days 18:00:00,8.74,64.65,1004.1,22.1,84.2676001605966,0.0,0.0,0.0,0.0,0.0,0.0,0.0,0.0,0.0,0.0,0.0,0.0
2026-04-22 18:00:00,0,715.0,2026-05-02 18:00:00,10 days 00:00:00,9.19,64.28,1000.5,29.4,76.91986284601875,0.0,0.0,0.0,0.0,0.0,0.0,0.0,0.0,0.0,0.0,0.0,0.0
2026-04-22 18:00:00,0,715.0,2026-05-03 00:00:00,10 days 06:00:00,10.28,63.3,999.4,34.1,100.92288349979052,184.07506952532503,178.2567468866266,156.12968044933808,154.98391976865065,0.0,0.0,0.0,0.0,0.0,0.0,0.0,0.0
2026-04-22 18:00:00,0,715.0,2026-05-03 06:00:00,10 days 12:00:00,10.24,63.15,996.1,36.4,56.60371569842583,56.60371569842583,0.8420574694067415,0.0,0.0,0.0,0.0,0.0,0.0,0.0,0.0,0.0,0.0
2026-04-22 18:00:00,0,715.0,2026-05-03 12:00:00,10 days 18:00:00,10.49,63.26,988.6,47.4,53.924954124785,149.63566526372682,140.87417375133745,111.87161487971984,120.8587465498502,0.0,0.0,0.0,0.0,0.0,0.0,0.0,0.0
2026-04-22 18:00:00,0,715.0,2026-05-03 18:00:00,11 days 00:00:00,11.3,62.89,988.0,56.4,34.75386882361455,175.98873950401992,152.75680860740675,129.4005976389359,165.80035121205336,108.14037849740264,95.15238302144417,73.50614629835985,90.39703129904991,0.0,0.0,0.0,0.0
2026-04-22 18:00:00,0,715.0,2026-05-04 00:00:00,11 days 06:00:00,11.78,62.23,974.9,71.5,7.795463802667442,173.30876253866188,147.86466471965963,137.0840678564966,153.3490540615968,96.70528311743304,83.14856756916954,66.48047938069405,79.52721302070306,19.42791629526269,17.22778329659842,13.457471677586952,16.542265648028135
2026-04-22 18:00:00,0,715.0,2026-05-04 06:00:00,11 days 12:00:00,12.16,61.81,968.5,88.4,10.386391574612633,220.68408030845652,205.5630906382683,168.7651598574672,202.20234777850595,107.37685039567616,98.07771615443652,72.15461589838493,90.07780079603948,56.02585981685951,48.87262746638966,38.84403242005803,47.20427755766028
2026-04-22 18:00:00,0,715.0,2026-05-04 12:00:00,11 days 18:00:00,12.81,61.49,941.6,112.0,36.67401006369822,266.08498376726624,246.99659928425356,234.6928364826997,248.02020774803051,153.99497989828646,134.8428090642422,113.4520559958192,137.74878619557012,96.31707377327288,85.3717551082467,69.75437882368477,84.94391108910695
2026-04-22 18:00:00,0,715.0,2026-05-04 18:00:00,12 days 00:00:00,13.69,61.35,947.3,109.1,20.62340068805189,244.25951376229864,227.69587370215837,192.6247262352352,220.60240644184583,119.61927190193236,107.2609119200522,86.96875009806575,98.93011098600172,52.949568418698405,48.15326742164362,38.41113644418073,45.5233273502303
2026-04-22 18:00:00,0,715.0,2026-05-05 00:00:00,12 days 06:00:00,14.61,61.09,932.1,125.2,15.73333818676984,260.0642243684009,242.1789272281069,177.68256672228586,214.5320467858719,129.10198754028542,114.518887635113,91.40552021039542,107.9640238866525,70.50844663163898,63.677251266381504,50.9623609533741,60.5413438570599
2026-04-22 18:00:00,0,715.0,2026-05-05 06:00:00,12 days 12:00:00,15.63,61.18,921.9,134.9,36.21779795671664,275.85635325835307,300.60174945949365,252.1530601572718,252.96448787222872,162.78256941623044,160.90614834979607,139.6842968318097,143.62612814602815,105.4722375730438,101.3720086269714,85.32693349475758,92.62461082789623
2026-04-22 18:00:00,0,715.0,2026-05-05 12:00:00,12 days 18:00:00,16.74,61.34,928.4,127.5,3.0901631983617115,241.95902823447733,270.1858402157392,213.39803337890856,203.1079140191716,119.58329747594344,123.2045481640614,96.84139026810756,97.46229159782284,73.67491260100871,72.98396505244264,60.03534435940337,63.33974158072266
2026-04-22 18:00:00,0,715.0,2026-05-05 18:00:00,13 days 00:00:00,17.75,61.71,933.8,124.8,22.156867361356497,205.600964734414,270.25422520957926,250.57521506160057,184.1073154785748,115.11706873635404,133.63053913347812,124.0977440414892,102.5643380439653,80.3018096693038,85.80795098880493,74.00103777454723,70.72471725845354
2026-04-22 18:00:00,6,720.0,2026-05-04 00:00:00,11 days 06:00:00,6.55,145.82,1003.2,28.8,51.50331108266754,0.0,0.0,0.0,0.0,0.0,0.0,0.0,0.0,0.0,0.0,0.0,0.0
2026-04-22 18:00:00,6,720.0,2026-05-04 06:00:00,11 days 12:00:00,6.89,144.55,1003.2,24.2,108.59404634201243,0.0,0.0,0.0,0.0,0.0,0.0,0.0,0.0,0.0,0.0,0.0,0.0
2026-04-22 18:00:00,6,720.0,2026-05-04 12:00:00,11 days 18:00:00,6.92,143.38,1002.7,26.3,76.05803410833505,0.0,0.0,0.0,0.0,0.0,0.0,0.0,0.0,0.0,0.0,0.0,0.0
2026-04-22 18:00:00,6,720.0,2026-05-04 18:00:00,12 days 00:00:00,7.22,142.04,1002.7,28.5,63.52138429733149,0.0,0.0,0.0,0.0,0.0,0.0,0.0,0.0,0.0,0.0,0.0,0.0
2026-04-22 18:00:00,6,720.0,2026-05-05 00:00:00,12 days 06:00:00,7.42,140.52,1003.0,39.0,44.1540282722934,102.25244041974732,87.39980636730323,70.8674110572546,92.49499523069352,0.0,0.0,0.0,0.0,0.0,0.0,0.0,0.0
2026-04-22 18:00:00,6,720.0,2026-05-05 06:00:00,12 days 12:00:00,7.49,139.13,994.2,49.7,18.031809508358556,128.4162604685945,102.19531193197952,101.39685656053462,120.387491934537,0.0,0.0,0.0,0.0,0.0,0.0,0.0,0.0
2026-04-22 18:00:00,6,720.0,2026-05-05 12:00:00,12 days 18:00:00,8.39,137.73,994.0,51.4,38.93642731689455,75.44382811111342,49.74705145988944,29.91169433542415,64.74245713468262,38.93642731689455,7.472252792605817,4.920131052400292,9.095399073014622,0.0,0.0,0.0,0.0
2026-04-22 18:00:00,6,720.0,2026-05-05 18:00:00,13 days 00:00:00,8.83,136.65,1001.6,33.8,80.83785934603584,0.0,0.0,0.0,0.0,0.0,0.0,0.0,0.0,0.0,0.0,0.0,0.0
2026-04-22 18:00:00,0,725.0,2026-05-02 18:00:00,10 days 00:00:00,-6.66,53.67,1001.7,21.6,112.99595320113929,0.0,0.0,0.0,0.0,0.0,0.0,0.0,0.0,0.0,0.0,0.0,0.0
2026-04-22 18:00:00,0,725.0,2026-05-03 00:00:00,10 days 06:00:00,-6.49,52.73,1008.0,22.7,121.38363080192497,0.0,0.0,0.0,0.0,0.0,0.0,0.0,0.0,0.0,0.0,0.0,0.0
2026-04-22 18:00:00,0,725.0,2026-05-03 06:00:00,10 days 12:00:00,-7.01,51.38,1001.1,29.4,81.37264376052968,0.0,0.0,0.0,0.0,0.0,0.0,0.0,0.0,0.0,0.0,0.0,0.0
2026-04-22 18:00:00,0,725.0,2026-05-03 12:00:00,10 days 18:00:00,-7.19,50.62,1003.7,30.1,54.89852284719424,0.0,0.0,0.0,0.0,0.0,0.0,0.0,0.0,0.0,0.0,0.0,0.0
2026-04-22 18:00:00,0,725.0,2026-05-03 18:00:00,11 days 00:00:00,-6.91,49.01,1006.4,38.7,79.34710684056772,178.3530424773765,206.5294136704381,192.48681076754588,148.4965962380138,0.0,0.0,0.0,0.0,0.0,0.0,0.0,0.0
2026-04-22 18:00:00,0,725.0,2026-05-04 00:00:00,11 days 06:00:00,-7.65,47.71,975.0,67.5,32.59293840383445,177.59742108713652,195.5183483406757,194.3305998066985,169.45230074837087,92.0400693981041,93.53057454478515,82.12549425779682,81.75170320603092,32.59293840383445,22.328802930740885,20.019652365154105,21.472982786765527
2026-04-22 18:00:00,0,725.0,2026-05-04 06:00:00,11 days 12:00:00,-7.47,47.25,982.5,58.5,38.7239463669805,318.1937657502771,337.7616264343095,326.36355997353155,292.54103978852027,57.08451763388052,64.51052856063495,55.43753451320541,44.05178359709611,0.0,0.0,0.0,0.0
2026-04-22 18:00:00,0,725.0,2026-05-04 12:00:00,11 days 18:00:00,-7.85,46.82,988.3,62.8,41.12782728506636,130.71324843477035,164.94970074564313,148.16071287360288,96.59519185086292,97.89242622242725,100.68658497404792,83.6615636386838,75.71425655480198,0.0,0.0,0.0,0.0
2026-04-22 18:00:00,0,725.0,2026-05-04 18:00:00,12 days 00:00:00,-8.07,45.95,982.2,72.3,32.262659143043045,155.19994432697462,178.97510754149792,197.73970094225643,136.8526189518201,93.62050759162692,118.28260516826766,109.85872121983236,88.78757821688822,40.501633946008646,47.0702550350354,41.83712201591641,39.0729339925696
2026-04-22 18:00:00,0,725.0,2026-05-05 00:00:00,12 days 06:00:00,-8.58,45.68,966.8,87.4,44.332247769676094,255.6062238928522,260.3801756307664,201.40339751321727,222.26313777077087,101.47433996081922,97.46759350775166,79.53535156290182,76.24377933783761,29.951661407009453,44.332247769676094,26.529723715854388,23.06821982076637
2026-04-22 18:00:00,0,725.0,2026-05-05 06:00:00,12 days 12:00:00,-9.11,45.1,969.6,80.8,49.79769371299453,188.193947960105,222.1246754227057,201.87133696687036,169.97384747971768,112.06975439145532,120.2448827155374,108.65175320125076,100.7550933482962,65.4013115514141,64.94985202333369,57.478227582761136,59.18995469421884
2026-04-22 18:00:00,0,725.0,2026-05-05 12:00:00,12 days 18:00:00,-9.52,44.79,963.4,89.6,60.778877183660285,178.89097007954902,187.9239102724397,188.62325930618815,170.66096303068772,78.74749526311376,85.04275580051318,76.73255677021395,66.87073725674603,21.772167233149347,60.778877183660285,21.689061955852782,18.336474225422265
2026-04-22 18:00:00,0,725.0,2026-05-05 18:00:00,13 days 00:00:00,-9.48,45.04,981.5,62.7,55.45958493719695,184.58788158690277,210.58397952178032,186.8594797795992,178.87970225685024,122.8499698739666,118.35805484506598,99.86772315913208,99.91945316803778,0.0,0.0,0.0,0.0
2026-04-22 18:00:00,1,725.0,2026-05-04 12:00:00,11 days 18:00:00,5.65,63.38,1005.9,17.3,125.85370770150146,0.0,0.0,0.0,0.0,0.0,0.0,0.0,0.0,0.0,0.0,0.0,0.0
2026-04-22 18:00:00,1,725.0,2026-05-04 18:00:00,12 days 00:00:00,6.67,61.83,1003.9,21.3,66.15980129406029,0.0,0.0,0.0,0.0,0.0,0.0,0.0,0.0,0.0,0.0,0.0,0.0
2026-04-22 18:00:00,1,725.0,2026-05-05 00:00:00,12 days 06:00:00,6.85,61.73,1004.4,24.2,108.71787238427837,0.0,0.0,0.0,0.0,0.0,0.0,0.0,0.0,0.0,0.0,0.0,0.0
2026-04-22 18:00:00,1,725.0,2026-05-05 06:00:00,12 days 12:00:00,7.07,60.92,999.9,27.9,72.9104366723602,0.0,0.0,0.0,0.0,0.0,0.0,0.0,0.0,0.0,0.0,0.0,0.0
2026-04-22 18:00:00,1,725.0,2026-05-05 12:00:00,12 days 18:00:00,7.91,59.99,999.1,33.7,53.90941209160033,0.0,0.0,0.0,0.0,0.0,0.0,0.0,0.0,0.0,0.0,0.0,0.0
2026-04-22 18:00:00,1,725.0,2026-05-05 18:00:00,13 days 00:00:00,8.02,59.04,992.2,51.3,118.91709757737868,170.1361423055564,126.4591163716449,128.32879504299612,172.09707341992123,118.91709757737868,70.26966877937402,56.838301888747104,72.09141286062753,0.0,0.0,0.0,0.0
2026-04-22 18:00:00,2,732.0,2026-05-04 06:00:00,11 days 12:00:00,6.81,147.59,1005.4,17.1,126.74009368789284,0.0,0.0,0.0,0.0,0.0,0.0,0.0,0.0,0.0,0.0,0.0,0.0
2026-04-22 18:00:00,2,732.0,2026-05-04 12:00:00,11 days 18:00:00,7.71,147.89,1004.2,21.2,61.91016072254292,0.0,0.0,0.0,0.0,0.0,0.0,0.0,0.0,0.0,0.0,0.0,0.0
2026-04-22 18:00:00,2,732.0,2026-05-04 18:00:00,12 days 00:00:00,7.6,147.3,1002.3,26.1,58.07723491686369,0.0,0.0,0.0,0.0,0.0,0.0,0.0,0.0,0.0,0.0,0.0,0.0
2026-04-22 18:00:00,2,732.0,2026-05-05 00:00:00,12 days 06:00:00,7.65,147.12,1003.7,17.6,90.70904299831696,0.0,0.0,0.0,0.0,0.0,0.0,0.0,0.0,0.0,0.0,0.0,0.0
2026-04-22 18:00:00,2,732.0,2026-05-05 06:00:00,12 days 12:00:00,7.67,146.58,1001.1,31.8,41.68324807058015,0.0,0.0,0.0,0.0,0.0,0.0,0.0,0.0,0.0,0.0,0.0,0.0
2026-04-22 18:00:00,2,732.0,2026-05-05 12:00:00,12 days 18:00:00,7.59,146.28,1001.6,34.2,50.17150446905694,50.17150446905694,1.0579883806825665,3.2628992312552647,0.6950761569289625,0.0,0.0,0.0,0.0,0.0,0.0,0.0,0.0
2026-04-22 18:00:00,2,732.0,2026-05-05 18:00:00,13 days 00:00:00,7.66,145.71,1003.5,34.5,56.45881962396773,1.1232073913976564,0.0,56.45881962396773,4.153877899885039,0.0,0.0,0.0,0.0,0.0,0.0,0.0,0.0
2026-04-22 18:00:00,5,733.0,2026-05-04 18:00:00,12 days 00:00:00,-6.59,65.65,1003.9,20.9,98.30842088587993,0.0,0.0,0.0,0.0,0.0,0.0,0.0,0.0,0.0,0.0,0.0,0.0
2026-04-22 18:00:00,5,733.0,2026-05-05 00:00:00,12 days 06:00:00,-7.41,66.24,1002.1,25.1,130.35543135436075,0.0,0.0,0.0,0.0,0.0,0.0,0.0,0.0,0.0,0.0,0.0,0.0
2026-04-22 18:00:00,5,733.0,2026-05-05 06:00:00,12 days 12:00:00,-8.31,66.73,999.6,25.4,104.29001089472062,0.0,0.0,0.0,0.0,0.0,0.0,0.0,0.0,0.0,0.0,0.0,0.0
2026-04-22 18:00:00,5,733.0,2026-05-05 12:00:00,12 days 18:00:00,-8.61,67.9,998.9,29.5,121.21480862539904,0.0,0.0,0.0,0.0,0.0,0.0,0.0,0.0,0.0,0.0,0.0,0.0
2026-04-22 18:00:00,5,733.0,2026-05-05 18:00:00,13 days 00:00:00,-9.06,68.02,1000.3,31.5,104.50881767681192,0.0,0.0,0.0,0.0,0.0,0.0,0.0,0.0,0.0,0.0,0.0,0.0
2026-04-22 18:00:00,1,734.0,2026-05-04 18:00:00,12 days 00:00:00,-10.54,66.41,1001.6,24.8,60.67787198588273,0.0,0.0,0.0,0.0,0.0,0.0,0.0,0.0,0.0,0.0,0.0,0.0
2026-04-22 18:00:00,1,734.0,2026-05-05 00:00:00,12 days 06:00:00,-10.68,67.31,1002.7,30.1,88.99495774372404,0.0,0.0,0.0,0.0,0.0,0.0,0.0,0.0,0.0,0.0,0.0,0.0
2026-04-22 18:00:00,1,734.0,2026-05-05 06:00:00,12 days 12:00:00,-10.3,67.71,1001.6,26.5,75.68753971344395,0.0,0.0,0.0,0.0,0.0,0.0,0.0,0.0,0.0,0.0,0.0,0.0
2026-04-22 18:00:00,1,734.0,2026-05-05 12:00:00,12 days 18:00:00,-11.22,68.14,996.9,39.7,62.75194347775712,62.75194347775712,48.15824533230134,41.19277459369996,40.60446090733873,0.0,0.0,0.0,0.0,0.0,0.0,0.0,0.0
2026-04-22 18:00:00,1,734.0,2026-05-05 18:00:00,13 days 00:00:00,-11.16,68.41,1000.4,30.9,77.28794311275257,0.0,0.0,0.0,0.0,0.0,0.0,0.0,0.0,0.0,0.0,0.0,0.0
2026-04-22 18:00:00,0,735.0,2026-05-02 18:00:00,10 days 00:00:00,-9.15,62.25,1002.1,23.1,80.89891902724115,0.0,0.0,0.0,0.0,0.0,0.0,0.0,0.0,0.0,0.0,0.0,0.0
2026-04-22 18:00:00,0,735.0,2026-05-03 00:00:00,10 days 06:00:00,-9.78,61.23,997.5,31.0,111.46305847564662,0.0,0.0,0.0,0.0,0.0,0.0,0.0,0.0,0.0,0.0,0.0,0.0
2026-04-22 18:00:00,0,735.0,2026-05-03 06:00:00,10 days 12:00:00,-9.87,60.42,1002.0,24.8,48.37842240942328,0.0,0.0,0.0,0.0,0.0,0.0,0.0,0.0,0.0,0.0,0.0,0.0
2026-04-22 18:00:00,0,735.0,2026-05-03 12:00:00,10 days 18:00:00,-10.44,59.95,998.2,36.5,87.66593522053815,160.21528467779746,153.12772375171815,132.283979087746,134.4851223414371,0.0,0.0,0.0,0.0,0.0,0.0,0.0,0.0
2026-04-22 18:00:00,0,735.0,2026-05-03 18:00:00,11 days 00:00:00,-10.79,59.44,1001.3,34.3,76.58891981814487,0.0,76.58891981814487,0.0,0.0,0.0,0.0,0.0,0.0,0.0,0.0,0.0,0.0
2026-04-22 18:00:00,0,735.0,2026-05-04 00:00:00,11 days 06:00:00,-11.26,58.97,998.9,41.9,64.7482075748462,220.62945865362485,236.88991176041688,201.82585166557425,183.2463427762799,0.0,0.0,0.0,0.0,0.0,0.0,0.0,0.0
2026-04-22 18:00:00,0,735.0,2026-05-04 06:00:00,11 days 12:00:00,-11.6,58.97,996.9,42.5,55.970076886625286,5.9230801405532105,6.39847112169743,55.970076886625286,5.344027468909655,0.0,0.0,0.0,0.0,0.0,0.0,0.0,0.0
2026-04-22 18:00:00,0,735.0,2026-05-04 12:00:00,11 days 18:00:00,-12.18,59.03,1001.7,39.6,93.57449788340872,201.21406286779123,194.3382524229415,159.19920646082164,165.8786423808784,0.0,0.0,0.0,0.0,0.0,0.0,0.0,0.0
2026-04-22 18:00:00,0,735.0,2026-05-04 18:00:00,12 days 00:00:00,-13.02,59.07,1001.0,37.3,48.66120618451848,162.6290736950373,159.37764192411754,115.27891127594243,126.24789866894076,0.0,0.0,0.0,0.0,0.0,0.0,0.0,0.0
2026-04-22 18:00:00,0,735.0,2026-05-05 00:00:00,12 days 06:00:00,-13.35,58.86,988.9,52.6,51.30651760665023,200.76759104602388,211.72709351135563,191.09509433789933,181.29603121586115,13.11802995481355,51.30651760665023,9.756339354738088,10.95209080103757,0.0,0.0,0.0,0.0
2026-04-22 18:00:00,0,735.0,2026-05-05 06:00:00,12 days 12:00:00,-13.83,59.3,992.1,53.0,65.14987310822907,163.82787151482864,163.14573789898168,127.2614551726399,135.61316894827587,65.14987310822907,2.8528794119145564,0.22349311569603,1.402669958770958,0.0,0.0,0.0,0.0
2026-04-22 18:00:00,0,735.0,2026-05-05 12:00:00,12 days 18:00:00,-14.0,59.39,993.6,43.6,55.07078989309933,135.08318197158275,127.8959042414897,104.50890070303764,111.52951943846912,0.0,0.0,0.0,0.0,0.0,0.0,0.0,0.0
2026-04-22 18:00:00,0,735.0,2026-05-05 18:00:00,13 days 00:00:00,-14.34,59.77,990.1,53.2,32.43475268603305,177.47719624091246,181.4729440768543,151.60848768786954,155.47351050974223,32.43475268603305,2.092171069958342,0.0,1.1295799382206195,0.0,0.0,0.0,0.0
2026-04-22 18:00:00,4,737.0,2026-05-04 06:00:00,11 days 12:00:00,3.97,67.37,1003.5,21.9,56.94167611277656,0.0,0.0,0.0,0.0,0.0,0.0,0.0,0.0,0.0,0.0,0.0,0.0
2026-04-22 18:00:00,4,737.0,2026-05-04 12:00:00,11 days 18:00:00,5.64,66.45,1000.8,29.3,113.65246793996327,0.0,0.0,0.0,0.0,0.0,0.0,0.0,0.0,0.0,0.0,0.0,0.0
2026-04-22 18:00:00,4,737.0,2026-05-04 18:00:00,12 days 00:00:00,5.1,66.31,998.9,32.6,94.85958606453872,0.0,0.0,0.0,0.0,0.0,0.0,0.0,0.0,0.0,0.0,0.0,0.0
2026-04-22 18:00:00,4,737.0,2026-05-05 00:00:00,12 days 06:00:00,5.58,66.47,998.4,35.8,48.47695766866788,48.47695766866788,3.5865471762520293,0.9165492562325548,5.06885925077059,0.0,0.0,0.0,0.0,0.0,0.0,0.0,0.0
2026-04-22 18:00:00,4,737.0,2026-05-05 06:00:00,12 days 12:00:00,6.0,66.27,992.2,53.3,65.98972094754656,225.23453340307063,198.062135487296,166.05821418093257,197.26035990122304,65.98972094754656,29.388871311821696,23.784736739908176,28.228547821714347,0.0,0.0,0.0,0.0
2026-04-22 18:00:00,4,737.0,2026-05-05 12:00:00,12 days 18:00:00,6.79,66.21,993.7,47.9,59.590807481596414,104.26550642148824,101.34435894366456,83.15565580179884,83.10386273674412,0.0,0.0,0.0,0.0,0.0,0.0,0.0,0.0
2026-04-22 18:00:00,4,737.0,2026-05-05 18:00:00,13 days 00:00:00,7.38,65.74,990.9,47.4,91.28901571163104,356.399721530707,343.7397793822733,313.7152469147451,297.6448561433859,0.0,0.0,0.0,0.0,0.0,0.0,0.0,0.0
2026-04-22 18:00:00,16,740.0,2026-05-03 06:00:00,10 days 12:00:00,-7.32,60.45,1002.2,28.2,71.14031535155098,0.0,0.0,0.0,0.0,0.0,0.0,0.0,0.0,0.0,0.0,0.0,0.0
2026-04-22 18:00:00,16,740.0,2026-05-03 12:00:00,10 days 18:00:00,-7.75,59.6,1006.9,21.7,67.58726062931704,0.0,0.0,0.0,0.0,0.0,0.0,0.0,0.0,0.0,0.0,0.0,0.0
2026-04-22 18:00:00,16,740.0,2026-05-03 18:00:00,11 days 00:00:00,-8.14,59.58,1002.7,31.5,86.63002007696267,0.0,0.0,0.0,0.0,0.0,0.0,0.0,0.0,0.0,0.0,0.0,0.0
2026-04-22 18:00:00,16,740.0,2026-05-04 00:00:00,11 days 06:00:00,-8.76,59.15,997.1,46.3,74.62875356526914,212.59759393520704,213.168055867379,201.06511905205625,194.81186640765287,0.0,0.0,0.0,0.0,0.0,0.0,0.0,0.0
2026-04-22 18:00:00,16,740.0,2026-05-04 06:00:00,11 days 12:00:00,-9.15,58.75,999.3,41.7,61.17999285515404,204.5745262762705,210.1705937728096,192.1913260453154,188.5450400416309,0.0,0.0,0.0,0.0,0.0,0.0,0.0,0.0
2026-04-22 18:00:00,16,740.0,2026-05-04 12:00:00,11 days 18:00:00,-9.72,58.51,978.2,70.9,36.23202796681922,137.73839951585933,154.51688740719126,136.56469345575596,118.39599599806418,47.659371699694056,48.19479277907195,40.20781163821624,38.73938456602696,0.0,0.0,36.23202796681922,0.0
2026-04-22 18:00:00,16,740.0,2026-05-04 18:00:00,12 days 00:00:00,-10.22,58.22,995.4,46.1,56.28582999890664,193.4494788480468,190.3729447772292,166.87508782429194,161.44813405007497,0.0,0.0,0.0,0.0,0.0,0.0,0.0,0.0
2026-04-22 18:00:00,16,740.0,2026-05-05 00:00:00,12 days 06:00:00,-10.84,58.01,988.7,60.3,37.88144161741589,143.31631323220554,155.0166625530112,146.7872757190754,125.00036992850173,47.4526809281322,42.5592577738721,30.55513137196406,34.44491681648907,0.0,0.0,0.0,0.0
2026-04-22 18:00:00,16,740.0,2026-05-05 06:00:00,12 days 12:00:00,-11.43,57.37,994.9,61.3,47.33676865568662,188.7404426555561,210.7647116719708,205.12501120071653,170.54234426173667,105.60835184277036,109.85943862380418,99.05631078183892,98.28090715767436,0.0,0.0,0.0,0.0
2026-04-22 18:00:00,16,740.0,2026-05-05 12:00:00,12 days 18:00:00,-11.53,57.08,990.9,55.8,58.2393759407484,124.63740192152112,167.93596863768008,160.31187224568737,124.73501732657238,83.00717185698412,89.8250146344545,78.63901544011192,69.50337562576809,0.0,0.0,0.0,0.0
2026-04-22 18:00:00,16,740.0,2026-05-05 18:00:00,13 days 00:00:00,-11.91,56.98,979.6,67.6,24.84113343541363,148.27014546167453,158.61425481542554,158.64271808015707,122.19577782011564,47.36962929220376,49.91611215623468,42.05927558634687,34.71741689197367,0.0,0.0247017416213595,24.84113343541363,0.0
2026-04-22 18:00:00,1,743.0,2026-05-04 06:00:00,11 days 12:00:00,-8.02,56.78,1005.8,20.7,108.52098283541008,0.0,0.0,0.0,0.0,0.0,0.0,0.0,0.0,0.0,0.0,0.0,0.0
2026-04-22 18:00:00,1,743.0,2026-05-04 12:00:00,11 days 18:00:00,-8.3,56.45,1001.4,21.0,57.48942248196204,0.0,0.0,0.0,0.0,0.0,0.0,0.0,0.0,0.0,0.0,0.0,0.0
2026-04-22 18:00:00,1,743.0,2026-05-04 18:00:00,12 days 00:00:00,-8.23,55.89,1002.5,24.1,70.6610138315356,0.0,0.0,0.0,0.0,0.0,0.0,0.0,0.0,0.0,0.0,0.0,0.0
2026-04-22 18:00:00,1,743.0,2026-05-05 00:00:00,12 days 06:00:00,-8.27,55.81,1001.4,27.0,86.8192988325859,0.0,0.0,0.0,0.0,0.0,0.0,0.0,0.0,0.0,0.0,0.0,0.0
2026-04-22 18:00:00,1,743.0,2026-05-05 06:00:00,12 days 12:00:00,-8.24,55.58,1001.2,29.4,57.92420406125744,0.0,0.0,0.0,0.0,0.0,0.0,0.0,0.0,0.0,0.0,0.0,0.0
2026-04-22 18:00:00,1,743.0,2026-05-05 12:00:00,12 days 18:00:00,-8.17,55.18,1002.7,26.4,80.25491545749348,0.0,0.0,0.0,0.0,0.0,0.0,0.0,0.0,0.0,0.0,0.0,0.0
2026-04-22 18:00:00,1,743.0,2026-05-05 18:00:00,13 days 00:00:00,-7.92,55.42,1002.1,34.8,73.65901113595885,0.0,0.0,1.7566359346340326,73.65901113595885,0.0,0.0,0.0,0.0,0.0,0.0,0.0,0.0
2026-04-22 18:00:00,2,744.0,2026-05-01 06:00:00,8 days 12:00:00,10.13,148.8,1007.3,15.3,112.18555141033724,0.0,0.0,0.0,0.0,0.0,0.0,0.0,0.0,0.0,0.0,0.0,0.0
2026-04-22 18:00:00,2,744.0,2026-05-01 12:00:00,8 days 18:00:00,9.31,149.49,1006.9,18.6,85.71389818322491,0.0,0.0,0.0,0.0,0.0,0.0,0.0,0.0,0.0,0.0,0.0,0.0
2026-04-22 18:00:00,2,744.0,2026-05-01 18:00:00,9 days 00:00:00,10.36,149.52,1004.4,20.4,73.99488917739095,0.0,0.0,0.0,0.0,0.0,0.0,0.0,0.0,0.0,0.0,0.0,0.0
2026-04-22 18:00:00,2,744.0,2026-05-02 00:00:00,9 days 06:00:00,10.42,149.71,1003.1,24.1,77.5902775558767,0.0,0.0,0.0,0.0,0.0,0.0,0.0,0.0,0.0,0.0,0.0,0.0
2026-04-22 18:00:00,2,744.0,2026-05-02 06:00:00,9 days 12:00:00,10.42,149.74,1003.9,24.1,61.08394097899728,0.0,0.0,0.0,0.0,0.0,0.0,0.0,0.0,0.0,0.0,0.0,0.0
2026-04-22 18:00:00,2,744.0,2026-05-02 12:00:00,9 days 18:00:00,10.31,149.57,1003.7,30.3,43.70100096361124,0.0,0.0,0.0,0.0,0.0,0.0,0.0,0.0,0.0,0.0,0.0,0.0
2026-04-22 18:00:00,2,744.0,2026-05-02 18:00:00,10 days 00:00:00,9.91,149.21,995.4,42.2,22.638052139486422,50.785855676088346,42.81154920772742,30.91424748686607,46.40070864920713,0.0,0.0,0.0,0.0,0.0,0.0,0.0,0.0
2026-04-22 18:00:00,2,744.0,2026-05-03 00:00:00,10 days 06:00:00,9.9,148.58,992.6,47.1,11.219307905088566,11.6588892372504,7.643790280726724,8.377957740689023,8.534614838240111,0.0,0.0,0.0,0.0,0.0,0.0,0.0,0.0
2026-04-22 18:00:00,2,744.0,2026-05-03 06:00:00,10 days 12:00:00,9.98,148.38,996.3,41.3,32.71805677653549,76.65604299740613,64.55422725269136,42.29325067905658,69.14453996259132,0.0,0.0,0.0,0.0,0.0,0.0,0.0,0.0
2026-04-22 18:00:00,2,744.0,2026-05-03 12:00:00,10 days 18:00:00,9.76,147.94,998.1,41.7,50.22426304278474,63.40662961748967,49.7747957006402,41.62465977783381,55.80135729233052,0.0,0.0,0.0,0.0,0.0,0.0,0.0,0.0
2026-04-22 18:00:00,2,744.0,2026-05-03 18:00:00,11 days 00:00:00,9.66,147.18,996.2,43.4,37.0628197183346,40.6408627328206,19.610508822220645,14.942916329232006,33.73348016752795,0.0,0.0,0.0,0.0,0.0,0.0,0.0,0.0
2026-04-22 18:00:00,2,744.0,2026-05-04 00:00:00,11 days 06:00:00,9.8,146.43,988.6,61.8,41.34084668305262,145.14534543996913,117.79880371428588,90.65797439187207,125.23945265456771,47.16249821509217,35.61253509406012,25.485053932212512,33.743079773966784,0.0,0.0,0.0,0.0
2026-04-22 18:00:00,2,744.0,2026-05-04 06:00:00,11 days 12:00:00,9.8,145.95,981.7,61.4,39.15032308946896,140.6108777132195,128.88725902183586,121.58439132064709,130.24615794234984,50.93967316612596,44.69428359370058,35.92586215947071,37.769777163719,0.0,0.0,0.0,0.0
2026-04-22 18:00:00,2,744.0,2026-05-04 12:00:00,11 days 18:00:00,9.62,145.4,982.5,73.7,31.1690338918864,94.72832674372412,74.13089314109126,76.21923022526673,100.15211089819358,50.98985938950703,38.02447701191844,31.183612623325928,45.23697554173451,31.1690338918864,15.837401682740024,13.160095571088672,17.506984366335985
2026-04-22 18:00:00,2,744.0,2026-05-04 18:00:00,12 days 00:00:00,9.95,144.68,950.2,115.2,28.03001568176942,166.98205480835728,114.2975616561166,103.6925842798084,155.1256730129774,77.9243939371386,55.41894121549393,37.54137264651182,69.2393991121847,43.82062207915864,35.47338770225451,26.89053650820899,38.41726447305585
2026-04-22 18:00:00,2,744.0,2026-05-05 00:00:00,12 days 06:00:00,9.96,144.0,944.0,119.5,0.0,162.57318068301177,118.91550977362743,103.45106965381387,150.2824935674622,82.1189148979089,63.92734412319525,53.53096186851984,73.10133029787163,52.49047690084194,46.68098648197025,38.61063762028256,47.75970983710707
2026-04-22 18:00:00,2,744.0,2026-05-05 06:00:00,12 days 12:00:00,10.12,143.37,944.1,118.5,34.918872422642025,186.8217997980129,130.9797242541895,111.88312584529191,173.33246641969552,107.0073819173424,81.29953099184874,66.08659384819448,98.46168354218486,72.02808615896772,63.625864314956985,52.29196040380906,65.47371027220782
2026-04-22 18:00:00,2,744.0,2026-05-05 12:00:00,12 days 18:00:00,10.31,142.5,928.8,131.1,5.69443018006902,124.75726389315926,107.07331373870475,104.22655508923708,140.28506192721903,61.93868613675858,44.56309516289919,41.11783310711061,49.96132665148744,28.800506006908364,22.66311449583265,21.13272764071973,26.33050170223688
2026-04-22 18:00:00,2,744.0,2026-05-05 18:00:00,13 days 00:00:00,10.74,141.76,933.5,134.0,27.517964494607163,225.7972230236375,180.8984036715563,140.67354309216623,183.7679905514993,99.42041460473448,82.41459547295149,66.63827321315627,86.17400460207259,61.85609931290734,56.12773583915654,46.25956764851665,56.96328660624759
2026-04-22 18:00:00,3,745.0,2026-05-04 18:00:00,12 days 00:00:00,7.49,146.56,1003.3,24.3,83.37367177934448,0.0,0.0,0.0,0.0,0.0,0.0,0.0,0.0,0.0,0.0,0.0,0.0
2026-04-22 18:00:00,3,745.0,2026-05-05 00:00:00,12 days 06:00:00,7.29,145.69,1005.8,21.0,102.24521524873386,0.0,0.0,0.0,0.0,0.0,0.0,0.0,0.0,0.0,0.0,0.0,0.0
2026-04-22 18:00:00,3,745.0,2026-05-05 06:00:00,12 days 12:00:00,7.39,144.99,1002.6,21.5,96.98875894209012,0.0,0.0,0.0,0.0,0.0,0.0,0.0,0.0,0.0,0.0,0.0,0.0
2026-04-22 18:00:00,3,745.0,2026-05-05 12:00:00,12 days 18:00:00,7.32,144.18,1003.4,26.2,141.5357589026653,0.0,0.0,0.0,0.0,0.0,0.0,0.0,0.0,0.0,0.0,0.0,0.0
2026-04-22 18:00:00,3,745.0,2026-05-05 18:00:00,13 days 00:00:00,7.29,144.07,1003.0,27.7,59.06109021857816,0.0,0.0,0.0,0.0,0.0,0.0,0.0,0.0,0.0,0.0,0.0,0.0
2026-04-22 18:00:00,0,749.0,2026-05-04 00:00:00,11 days 06:00:00,8.59,65.15,1002.7,26.2,76.40877681511606,0.0,0.0,0.0,0.0,0.0,0.0,0.0,0.0,0.0,0.0,0.0,0.0
2026-04-22 18:00:00,0,749.0,2026-05-04 06:00:00,11 days 12:00:00,8.41,65.57,1005.8,15.1,156.34641166885953,0.0,0.0,0.0,0.0,0.0,0.0,0.0,0.0,0.0,0.0,0.0,0.0
2026-04-22 18:00:00,0,749.0,2026-05-04 12:00:00,11 days 18:00:00,8.61,65.16,1003.9,24.0,69.38116645441116,0.0,0.0,0.0,0.0,0.0,0.0,0.0,0.0,0.0,0.0,0.0,0.0
2026-04-22 18:00:00,0,749.0,2026-05-04 18:00:00,12 days 00:00:00,8.47,65.11,1004.4,22.8,56.312393830125416,0.0,0.0,0.0,0.0,0.0,0.0,0.0,0.0,0.0,0.0,0.0,0.0
2026-04-22 18:00:00,0,749.0,2026-05-05 00:00:00,12 days 06:00:00,8.87,65.27,1003.0,26.5,49.5855559947654,0.0,0.0,0.0,0.0,0.0,0.0,0.0,0.0,0.0,0.0,0.0,0.0
2026-04-22 18:00:00,0,749.0,2026-05-05 06:00:00,12 days 12:00:00,9.0,65.08,999.6,29.5,34.91440859361494,0.0,0.0,0.0,0.0,0.0,0.0,0.0,0.0,0.0,0.0,0.0,0.0
2026-04-22 18:00:00,0,749.0,2026-05-05 12:00:00,12 days 18:00:00,9.08,64.8,996.1,42.4,28.278475160661827,59.31223046963268,53.45560047160275,42.9119295588895,49.50819110725167,0.0,0.0,0.0,0.0,0.0,0.0,0.0,0.0
2026-04-22 18:00:00,0,749.0,2026-05-05 18:00:00,13 days 00:00:00,9.67,65.36,997.3,34.7,84.64793355760693,84.64793355760693,31.479838920956237,26.14452909344979,25.214789833459992,0.0,0.0,0.0,0.0,0.0,0.0,0.0,0.0
2026-04-22 18:00:00,0,753.0,2026-05-02 18:00:00,10 days 00:00:00,8.27,64.44,1006.3,15.0,147.58827079834987,0.0,0.0,0.0,0.0,0.0,0.0,0.0,0.0,0.0,0.0,0.0,0.0
2026-04-22 18:00:00,0,753.0,2026-05-03 00:00:00,10 days 06:00:00,8.67,65.02,1003.3,23.0,133.3453004063497,0.0,0.0,0.0,0.0,0.0,0.0,0.0,0.0,0.0,0.0,0.0,0.0
2026-04-22 18:00:00,0,753.0,2026-05-03 06:00:00,10 days 12:00:00,8.55,64.1,1009.0,16.7,87.3509363990598,0.0,0.0,0.0,0.0,0.0,0.0,0.0,0.0,0.0,0.0,0.0,0.0
2026-04-22 18:00:00,0,753.0,2026-05-03 12:00:00,10 days 18:00:00,8.79,63.56,1002.3,30.6,83.70365006366787,0.0,0.0,0.0,0.0,0.0,0.0,0.0,0.0,0.0,0.0,0.0,0.0
2026-04-22 18:00:00,0,753.0,2026-05-03 18:00:00,11 days 00:00:00,9.0,63.32,1004.1,28.2,43.15324166852564,0.0,0.0,0.0,0.0,0.0,0.0,0.0,0.0,0.0,0.0,0.0,0.0
2026-04-22 18:00:00,0,753.0,2026-05-04 00:00:00,11 days 06:00:00,9.23,63.68,1003.6,28.1,114.08725807810018,0.0,0.0,0.0,0.0,0.0,0.0,0.0,0.0,0.0,0.0,0.0,0.0
2026-04-22 18:00:00,0,753.0,2026-05-04 06:00:00,11 days 12:00:00,9.78,62.87,992.5,43.6,78.73869203087388,263.2241513152597,250.5203754174701,219.26768456563437,227.83837165299607,0.0,0.0,0.0,0.0,0.0,0.0,0.0,0.0
2026-04-22 18:00:00,0,753.0,2026-05-04 12:00:00,11 days 18:00:00,10.28,62.33,996.2,41.9,62.92070522705486,0.0,1.5063376996986442,62.92070522705486,8.898264166374037,0.0,0.0,0.0,0.0,0.0,0.0,0.0,0.0
2026-04-22 18:00:00,0,753.0,2026-05-04 18:00:00,12 days 00:00:00,10.12,61.72,993.7,47.1,66.89634763861642,91.20697512085476,75.35403397998542,90.61623976739,93.97111672922549,0.0,0.0,0.0,0.0,0.0,0.0,0.0,0.0
2026-04-22 18:00:00,0,753.0,2026-05-05 00:00:00,12 days 06:00:00,10.4,61.2,991.8,52.4,32.68849198392855,105.44265837717128,100.80482647254054,88.16764750705208,104.73950188137869,32.68849198392855,7.983986747558552,6.401534808414004,7.802147204101961,0.0,0.0,0.0,0.0
2026-04-22 18:00:00,0,753.0,2026-05-05 06:00:00,12 days 12:00:00,10.79,60.91,995.1,48.4,34.28941737894477,81.94625504259709,65.40432344679886,73.64696270273086,107.80080737326492,0.0,0.0,0.0,0.0,0.0,0.0,0.0,0.0
2026-04-22 18:00:00,0,753.0,2026-05-05 12:00:00,12 days 18:00:00,10.86,60.66,982.4,63.0,26.614523414332147,136.6042273332916,118.69546636962455,123.42801234108504,123.11178919688012,58.10396317671874,56.48202783866397,41.036886471382296,43.968483204153074,0.0,0.0,0.0,0.0
2026-04-22 18:00:00,0,753.0,2026-05-05 18:00:00,13 days 00:00:00,10.97,60.12,992.2,48.4,63.9001479338061,173.2790464007181,147.7365349749216,133.80901638187467,156.47020856667615,0.0,0.0,0.0,0.0,0.0,0.0,0.0,0.0
2026-04-22 18:00:00,2,753.0,2026-05-04 06:00:00,11 days 12:00:00,-7.94,68.02,1007.0,21.9,77.51170907981817,0.0,0.0,0.0,0.0,0.0,0.0,0.0,0.0,0.0,0.0,0.0,0.0
2026-04-22 18:00:00,2,753.0,2026-05-04 12:00:00,11 days 18:00:00,-7.62,68.49,1002.6,18.4,129.3071626971762,0.0,0.0,0.0,0.0,0.0,0.0,0.0,0.0,0.0,0.0,0.0,0.0
2026-04-22 18:00:00,2,753.0,2026-05-04 18:00:00,12 days 00:00:00,-7.88,68.27,1002.2,21.5,121.7713931377426,0.0,0.0,0.0,0.0,0.0,0.0,0.0,0.0,0.0,0.0,0.0,0.0
2026-04-22 18:00:00,2,753.0,2026-05-05 00:00:00,12 days 06:00:00,-8.93,67.05,1004.0,27.4,63.520012959843285,0.0,0.0,0.0,0.0,0.0,0.0,0.0,0.0,0.0,0.0,0.0,0.0
2026-04-22 18:00:00,2,753.0,2026-05-05 06:00:00,12 days 12:00:00,-9.03,67.61,1005.6,23.3,111.15328869699084,0.0,0.0,0.0,0.0,0.0,0.0,0.0,0.0,0.0,0.0,0.0,0.0
2026-04-22 18:00:00,2,753.0,2026-05-05 12:00:00,12 days 18:00:00,-9.65,67.52,999.7,26.9,83.95294712283928,0.0,0.0,0.0,0.0,0.0,0.0,0.0,0.0,0.0,0.0,0.0,0.0
2026-04-22 18:00:00,2,753.0,2026-05-05 18:00:00,13 days 00:00:00,-9.63,66.97,998.0,29.6,132.67343814928122,0.0,0.0,0.0,0.0,0.0,0.0,0.0,0.0,0.0,0.0,0.0,0.0
2026-04-22 18:00:00,0,757.0,2026-05-04 12:00:00,11 days 18:00:00,-8.93,62.41,1000.8,29.3,58.75549225481155,0.0,0.0,0.0,0.0,0.0,0.0,0.0,0.0,0.0,0.0,0.0,0.0
2026-04-22 18:00:00,0,757.0,2026-05-04 18:00:00,12 days 00:00:00,-9.28,62.6,1006.7,22.8,69.42705900995261,0.0,0.0,0.0,0.0,0.0,0.0,0.0,0.0,0.0,0.0,0.0,0.0
2026-04-22 18:00:00,0,757.0,2026-05-05 00:00:00,12 days 06:00:00,-9.54,62.61,995.9,35.9,55.9727021610021,7.8287708799051074,6.671726783159556,55.9727021610021,4.593162665522378,0.0,0.0,0.0,0.0,0.0,0.0,0.0,0.0
2026-04-22 18:00:00,0,757.0,2026-05-05 06:00:00,12 days 12:00:00,-10.13,63.08,992.8,47.9,33.28767496766151,119.6358258671514,117.09887018219604,91.71122529672326,93.75776644294235,0.0,0.0,0.0,0.0,0.0,0.0,0.0,0.0
2026-04-22 18:00:00,0,757.0,2026-05-05 12:00:00,12 days 18:00:00,-10.69,63.27,995.8,43.5,33.09113523000751,129.67168543636564,121.20794406120244,95.68575043128804,96.52552598401894,0.0,0.0,0.0,0.0,0.0,0.0,0.0,0.0
2026-04-22 18:00:00,0,757.0,2026-05-05 18:00:00,13 days 00:00:00,-11.33,63.57,991.8,46.7,49.67353971059399,111.47016402079186,103.13910879372044,88.73233673908571,95.79654507808613,0.0,0.0,0.0,0.0,0.0,0.0,0.0,0.0
2026-04-22 18:00:00,1,757.0,2026-05-04 18:00:00,12 days 00:00:00,7.87,68.6,1005.2,24.6,78.76769766821405,0.0,0.0,0.0,0.0,0.0,0.0,0.0,0.0,0.0,0.0,0.0,0.0
2026-04-22 18:00:00,1,757.0,2026-05-05 00:00:00,12 days 06:00:00,9.16,68.24,1000.9,32.7,96.39359934545372,0.0,0.0,0.0,0.0,0.0,0.0,0.0,0.0,0.0,0.0,0.0,0.0
2026-04-22 18:00:00,1,757.0,2026-05-05 06:00:00,12 days 12:00:00,8.71,67.79,1004.8,27.7,69.62656108541154,0.0,0.0,0.0,0.0,0.0,0.0,0.0,0.0,0.0,0.0,0.0,0.0
2026-04-22 18:00:00,1,757.0,2026-05-05 12:00:00,12 days 18:00:00,9.8,67.83,998.9,37.8,39.95034414741859,39.95034414741859,7.1158306835194365,0.994907762725206,0.0893526417250107,0.0,0.0,0.0,0.0,0.0,0.0,0.0,0.0
2026-04-22 18:00:00,1,757.0,2026-05-05 18:00:00,13 days 00:00:00,9.9,67.69,1001.9,29.7,125.31956036292348,0.0,0.0,0.0,0.0,0.0,0.0,0.0,0.0,0.0,0.0,0.0,0.0
2026-04-22 18:00:00,2,759.0,2026-05-03 18:00:00,11 days 00:00:00,-9.24,54.92,1005.0,20.6,146.93753868031095,0.0,0.0,0.0,0.0,0.0,0.0,0.0,0.0,0.0,0.0,0.0,0.0
2026-04-22 18:00:00,2,759.0,2026-05-04 00:00:00,11 days 06:00:00,-9.59,54.4,1000.5,29.5,75.51892987565246,0.0,0.0,0.0,0.0,0.0,0.0,0.0,0.0,0.0,0.0,0.0,0.0
2026-04-22 18:00:00,2,759.0,2026-05-04 06:00:00,11 days 12:00:00,-10.13,53.51,1002.6,27.3,79.04582235799437,0.0,0.0,0.0,0.0,0.0,0.0,0.0,0.0,0.0,0.0,0.0,0.0
2026-04-22 18:00:00,2,759.0,2026-05-04 12:00:00,11 days 18:00:00,-10.8,52.86,1000.8,31.4,90.64323430701263,0.0,0.0,0.0,0.0,0.0,0.0,0.0,0.0,0.0,0.0,0.0,0.0
2026-04-22 18:00:00,2,759.0,2026-05-04 18:00:00,12 days 00:00:00,-11.6,52.56,1000.9,31.2,159.52558542730566,0.0,0.0,0.0,0.0,0.0,0.0,0.0,0.0,0.0,0.0,0.0,0.0
2026-04-22 18:00:00,2,759.0,2026-05-05 00:00:00,12 days 06:00:00,-12.21,52.5,996.8,40.0,162.9603835494961,231.9348957664554,227.19908227222496,195.30658307022136,194.63436250941967,0.0,0.0,0.0,0.0,0.0,0.0,0.0,0.0
2026-04-22 18:00:00,2,759.0,2026-05-05 06:00:00,12 days 12:00:00,-12.3,52.64,998.8,38.9,114.87059483943446,114.87059483943446,24.600380907207786,21.14363754157448,23.56406520055249,0.0,0.0,0.0,0.0,0.0,0.0,0.0,0.0
2026-04-22 18:00:00,2,759.0,2026-05-05 12:00:00,12 days 18:00:00,-12.7,52.26,994.0,44.8,39.92470350087572,194.9771713050304,201.59598497108448,163.279514285527,159.16881302952427,0.0,0.0,0.0,0.0,0.0,0.0,0.0,0.0
2026-04-22 18:00:00,2,759.0,2026-05-05 18:00:00,13 days 00:00:00,-13.23,52.12,993.4,50.2,61.97340895842811,223.436274065304,237.3130235953344,216.7250286358997,196.3774252922616,61.97340895842811,46.62967281838025,39.29569655182249,39.580504817213296,0.0,0.0,0.0,0.0
2026-04-22 18:00:00,2,761.0,2026-05-03 00:00:00,10 days 06:00:00,11.27,137.27,1004.5,23.6,65.07687514858105,0.0,0.0,0.0,0.0,0.0,0.0,0.0,0.0,0.0,0.0,0.0,0.0
2026-04-22 18:00:00,2,761.0,2026-05-03 06:00:00,10 days 12:00:00,10.97,136.46,1005.3,18.2,138.64237976676054,0.0,0.0,0.0,0.0,0.0,0.0,0.0,0.0,0.0,0.0,0.0,0.0
2026-04-22 18:00:00,2,761.0,2026-05-03 12:00:00,10 days 18:00:00,11.79,135.85,1004.0,26.5,59.15556506527157,0.0,0.0,0.0,0.0,0.0,0.0,0.0,0.0,0.0,0.0,0.0,0.0
2026-04-22 18:00:00,2,761.0,2026-05-03 18:00:00,11 days 00:00:00,11.17,135.04,1001.5,30.7,54.85488464871281,0.0,0.0,0.0,0.0,0.0,0.0,0.0,0.0,0.0,0.0,0.0,0.0
2026-04-22 18:00:00,2,761.0,2026-05-04 00:00:00,11 days 06:00:00,11.31,133.89,1005.4,27.7,49.85946781111903,0.0,0.0,0.0,0.0,0.0,0.0,0.0,0.0,0.0,0.0,0.0,0.0
2026-04-22 18:00:00,2,761.0,2026-05-04 06:00:00,11 days 12:00:00,11.6,132.97,1001.9,33.4,67.9890844935843,0.0,0.0,0.0,0.0,0.0,0.0,0.0,0.0,0.0,0.0,0.0,0.0
2026-04-22 18:00:00,2,761.0,2026-05-04 12:00:00,11 days 18:00:00,11.52,131.85,1002.5,28.3,68.28968784803857,0.0,0.0,0.0,0.0,0.0,0.0,0.0,0.0,0.0,0.0,0.0,0.0
2026-04-22 18:00:00,2,761.0,2026-05-04 18:00:00,12 days 00:00:00,11.95,131.12,1001.7,30.4,90.47026205908104,0.0,0.0,0.0,0.0,0.0,0.0,0.0,0.0,0.0,0.0,0.0,0.0
2026-04-22 18:00:00,2,761.0,2026-05-05 00:00:00,12 days 06:00:00,11.74,130.1,1001.1,36.3,72.47775831891269,72.47775831891269,54.6559264278532,35.65283549382041,54.046665016218896,0.0,0.0,0.0,0.0,0.0,0.0,0.0,0.0
2026-04-22 18:00:00,2,761.0,2026-05-05 06:00:00,12 days 12:00:00,12.59,128.7,1003.0,29.0,85.95128016168627,0.0,0.0,0.0,0.0,0.0,0.0,0.0,0.0,0.0,0.0,0.0,0.0
2026-04-22 18:00:00,2,761.0,2026-05-05 12:00:00,12 days 18:00:00,12.87,127.82,998.8,46.3,50.37022876386103,120.6781907644509,87.46880843663818,59.69062558946667,100.57469741360666,0.0,0.0,0.0,0.0,0.0,0.0,0.0,0.0
2026-04-22 18:00:00,2,761.0,2026-05-05 18:00:00,13 days 00:00:00,12.83,126.96,998.5,36.1,64.31471996911486,69.49990091543845,58.35770693933743,40.93604256510904,54.270702790618586,0.0,0.0,0.0,0.0,0.0,0.0,0.0,0.0
2026-04-22 18:00:00,2,766.0,2026-05-03 18:00:00,11 days 00:00:00,4.61,63.12,1004.1,24.5,133.771871967283,0.0,0.0,0.0,0.0,0.0,0.0,0.0,0.0,0.0,0.0,0.0,0.0
2026-04-22 18:00:00,2,766.0,2026-05-04 00:00:00,11 days 06:00:00,4.91,63.59,1008.1,22.8,102.39588154049667,0.0,0.0,0.0,0.0,0.0,0.0,0.0,0.0,0.0,0.0,0.0,0.0
2026-04-22 18:00:00,2,766.0,2026-05-04 06:00:00,11 days 12:00:00,4.65,62.94,1005.6,21.9,60.725622373382485,0.0,0.0,0.0,0.0,0.0,0.0,0.0,0.0,0.0,0.0,0.0,0.0
2026-04-22 18:00:00,2,766.0,2026-05-04 12:00:00,11 days 18:00:00,4.8,62.65,996.0,31.6,58.00451565703016,0.0,0.0,0.0,0.0,0.0,0.0,0.0,0.0,0.0,0.0,0.0,0.0
2026-04-22 18:00:00,2,766.0,2026-05-04 18:00:00,12 days 00:00:00,5.29,62.41,1000.5,30.2,90.56110673830716,0.0,0.0,0.0,0.0,0.0,0.0,0.0,0.0,0.0,0.0,0.0,0.0
2026-04-22 18:00:00,2,766.0,2026-05-05 00:00:00,12 days 06:00:00,5.42,61.99,1001.3,28.8,72.91468839592326,0.0,0.0,0.0,0.0,0.0,0.0,0.0,0.0,0.0,0.0,0.0,0.0
2026-04-22 18:00:00,2,766.0,2026-05-05 06:00:00,12 days 12:00:00,5.72,61.05,1009.0,11.9,99.63641458157991,0.0,0.0,0.0,0.0,0.0,0.0,0.0,0.0,0.0,0.0,0.0,0.0
2026-04-22 18:00:00,2,766.0,2026-05-05 12:00:00,12 days 18:00:00,6.39,60.24,1003.7,28.3,78.12440567744807,0.0,0.0,0.0,0.0,0.0,0.0,0.0,0.0,0.0,0.0,0.0,0.0
2026-04-22 18:00:00,2,766.0,2026-05-05 18:00:00,13 days 00:00:00,7.6,59.62,1000.5,35.3,91.12681126393773,172.6185620943642,148.28042849581848,126.6891486703884,151.81524815416543,0.0,0.0,0.0,0.0,0.0,0.0,0.0,0.0
2026-04-22 18:00:00,4,766.0,2026-05-05 00:00:00,12 days 06:00:00,-10.69,67.37,1000.2,34.9,78.00061338023843,0.0,0.0,78.00061338023843,0.0,0.0,0.0,0.0,0.0,0.0,0.0,0.0,0.0
2026-04-22 18:00:00,4,766.0,2026-05-05 06:00:00,12 days 12:00:00,-11.08,67.99,1005.8,20.6,109.45638238151982,0.0,0.0,0.0,0.0,0.0,0.0,0.0,0.0,0.0,0.0,0.0,0.0
2026-04-22 18:00:00,4,766.0,2026-05-05 12:00:00,12 days 18:00:00,-11.27,67.54,998.2,37.5,56.47296517959413,21.3273497872458,56.47296517959413,16.454648126408127,14.307854612053273,0.0,0.0,0.0,0.0,0.0,0.0,0.0,0.0
2026-04-22 18:00:00,4,766.0,2026-05-05 18:00:00,13 days 00:00:00,-11.21,67.32,994.1,40.9,100.25661802710265,179.0787721236454,173.62369936262257,139.88322045962408,145.79987522432094,0.0,0.0,0.0,0.0,0.0,0.0,0.0,0.0
2026-04-22 18:00:00,1,773.0,2026-05-02 18:00:00,10 days 00:00:00,-7.66,66.45,1009.7,15.3,113.9064577291463,0.0,0.0,0.0,0.0,0.0,0.0,0.0,0.0,0.0,0.0,0.0,0.0
2026-04-22 18:00:00,1,773.0,2026-05-03 00:00:00,10 days 06:00:00,-7.86,67.06,1000.7,19.8,124.79886956120966,0.0,0.0,0.0,0.0,0.0,0.0,0.0,0.0,0.0,0.0,0.0,0.0
2026-04-22 18:00:00,1,773.0,2026-05-03 06:00:00,10 days 12:00:00,-7.71,67.41,1007.0,20.5,89.2215376712477,0.0,0.0,0.0,0.0,0.0,0.0,0.0,0.0,0.0,0.0,0.0,0.0
2026-04-22 18:00:00,1,773.0,2026-05-03 12:00:00,10 days 18:00:00,-8.54,67.79,1001.6,26.8,103.13132544150866,0.0,0.0,0.0,0.0,0.0,0.0,0.0,0.0,0.0,0.0,0.0,0.0
2026-04-22 18:00:00,1,773.0,2026-05-03 18:00:00,11 days 00:00:00,-8.78,68.1,995.4,28.2,113.87526177184468,0.0,0.0,0.0,0.0,0.0,0.0,0.0,0.0,0.0,0.0,0.0,0.0
2026-04-22 18:00:00,1,773.0,2026-05-04 00:00:00,11 days 06:00:00,-9.55,68.9,999.2,33.0,66.7853415579828,0.0,0.0,0.0,0.0,0.0,0.0,0.0,0.0,0.0,0.0,0.0,0.0
2026-04-22 18:00:00,1,773.0,2026-05-04 06:00:00,11 days 12:00:00,-9.8,69.39,998.1,39.8,71.01213145545503,129.26337029681872,119.49608729125364,98.57351324133498,106.15725761313615,0.0,0.0,0.0,0.0,0.0,0.0,0.0,0.0
2026-04-22 18:00:00,1,773.0,2026-05-04 12:00:00,11 days 18:00:00,-10.68,70.08,991.1,47.1,98.33861250588706,281.65591222026313,283.3128544468927,232.19136678426145,229.50149451847156,0.0,0.0,0.0,0.0,0.0,0.0,0.0,0.0
2026-04-22 18:00:00,1,773.0,2026-05-04 18:00:00,12 days 00:00:00,-10.98,70.17,990.3,55.8,47.80503412956537,169.56378877046507,162.8377919175905,145.03896472277273,133.61485480510285,64.64799095017847,63.57884662689915,48.40315666117058,49.99633206550514,0.0,0.0,0.0,0.0
2026-04-22 18:00:00,1,773.0,2026-05-05 00:00:00,12 days 06:00:00,-11.53,70.64,964.9,87.3,46.15580726618945,484.6872739684434,435.6152361590431,386.380262143726,435.550157276016,110.60391042664196,90.69972850161942,70.69010896004221,87.76994677622761,46.15580726618945,2.001069028578951,0.2442810205069562,2.115802045927116
2026-04-22 18:00:00,1,773.0,2026-05-05 06:00:00,12 days 12:00:00,-11.98,70.49,988.8,51.1,53.9176237057106,347.8896081571461,341.0553459553392,294.6162948711722,304.7420317752251,53.9176237057106,22.895762707500136,17.61759192509215,18.253474181776408,0.0,0.0,0.0,0.0
2026-04-22 18:00:00,1,773.0,2026-05-05 12:00:00,12 days 18:00:00,-12.5,70.66,986.7,55.4,55.31946784638176,206.2506083105856,189.3583524289552,142.9039203983013,153.346909347856,103.9961965610198,93.08893396157175,69.30681311099961,77.49842707256431,0.0,0.0,0.0,0.0
2026-04-22 18:00:00,1,773.0,2026-05-05 18:00:00,13 days 00:00:00,-13.73,70.71,982.5,62.6,49.697306657069646,203.74640723631967,208.14049691686088,178.83143436730708,168.66856433831464,137.16552364163667,126.16805514462902,105.48445139281247,109.363499057773,0.0,0.0,0.0,0.0
2026-04-22 18:00:00,2,774.0,2026-05-04 00:00:00,11 days 06:00:00,-7.61,71.3,1001.7,24.9,69.12717069766926,0.0,0.0,0.0,0.0,0.0,0.0,0.0,0.0,0.0,0.0,0.0,0.0
2026-04-22 18:00:00,2,774.0,2026-05-04 06:00:00,11 days 12:00:00,-7.73,71.74,1001.9,23.2,73.28337454134956,0.0,0.0,0.0,0.0,0.0,0.0,0.0,0.0,0.0,0.0,0.0,0.0
2026-04-22 18:00:00,2,774.0,2026-05-04 12:00:00,11 days 18:00:00,-9.14,71.82,1005.2,18.0,63.046786662842415,0.0,0.0,0.0,0.0,0.0,0.0,0.0,0.0,0.0,0.0,0.0,0.0
2026-04-22 18:00:00,2,774.0,2026-05-04 18:00:00,12 days 00:00:00,-8.89,71.84,1003.6,29.9,105.13334150265536,0.0,0.0,0.0,0.0,0.0,0.0,0.0,0.0,0.0,0.0,0.0,0.0
2026-04-22 18:00:00,2,774.0,2026-05-05 00:00:00,12 days 06:00:00,-8.88,72.55,1003.3,20.9,73.29486617539366,0.0,0.0,0.0,0.0,0.0,0.0,0.0,0.0,0.0,0.0,0.0,0.0
2026-04-22 18:00:00,2,774.0,2026-05-05 06:00:00,12 days 12:00:00,-9.27,72.31,1003.2,23.6,80.97417894866089,0.0,0.0,0.0,0.0,0.0,0.0,0.0,0.0,0.0,0.0,0.0,0.0
2026-04-22 18:00:00,2,774.0,2026-05-05 12:00:00,12 days 18:00:00,-9.97,72.33,1001.3,28.8,72.40531514762748,0.0,0.0,0.0,0.0,0.0,0.0,0.0,0.0,0.0,0.0,0.0,0.0
2026-04-22 18:00:00,2,774.0,2026-05-05 18:00:00,13 days 00:00:00,-10.12,72.04,999.1,32.7,73.49170835308314,0.0,0.0,0.0,0.0,0.0,0.0,0.0,0.0,0.0,0.0,0.0,0.0
2026-04-22 18:00:00,6,775.0,2026-05-05 00:00:00,12 days 06:00:00,8.34,65.7,1001.1,20.7,73.08076268612318,0.0,0.0,0.0,0.0,0.0,0.0,0.0,0.0,0.0,0.0,0.0,0.0
2026-04-22 18:00:00,6,775.0,2026-05-05 06:00:00,12 days 12:00:00,8.39,64.7,999.7,30.2,60.36153450328321,0.0,0.0,0.0,0.0,0.0,0.0,0.0,0.0,0.0,0.0,0.0,0.0
2026-04-22 18:00:00,6,775.0,2026-05-05 12:00:00,12 days 18:00:00,8.43,64.61,1002.2,25.2,62.50157667868126,0.0,0.0,0.0,0.0,0.0,0.0,0.0,0.0,0.0,0.0,0.0,0.0
2026-04-22 18:00:00,6,775.0,2026-05-05 18:00:00,13 days 00:00:00,8.85,64.08,1001.9,26.7,61.15270997967977,0.0,0.0,0.0,0.0,0.0,0.0,0.0,0.0,0.0,0.0,0.0,0.0
2026-04-22 18:00:00,5,779.0,2026-05-03 12:00:00,10 days 18:00:00,-7.67,49.74,1002.5,31.6,90.85275555613018,0.0,0.0,0.0,0.0,0.0,0.0,0.0,0.0,0.0,0.0,0.0,0.0
2026-04-22 18:00:00,5,779.0,2026-05-03 18:00:00,11 days 00:00:00,-7.62,49.22,1010.3,17.4,133.49959480933256,0.0,0.0,0.0,0.0,0.0,0.0,0.0,0.0,0.0,0.0,0.0,0.0
2026-04-22 18:00:00,5,779.0,2026-05-04 00:00:00,11 days 06:00:00,-8.49,48.05,1002.4,32.8,129.7693222550198,0.0,0.0,0.0,0.0,0.0,0.0,0.0,0.0,0.0,0.0,0.0,0.0
2026-04-22 18:00:00,5,779.0,2026-05-04 06:00:00,11 days 12:00:00,-8.2,47.46,1003.3,31.6,69.73157567067533,0.0,0.0,0.0,0.0,0.0,0.0,0.0,0.0,0.0,0.0,0.0,0.0
2026-04-22 18:00:00,5,779.0,2026-05-04 12:00:00,11 days 18:00:00,-8.41,47.17,1001.2,33.9,67.37725315717387,0.0,0.0,0.0,0.0,0.0,0.0,0.0,0.0,0.0,0.0,0.0,0.0
2026-04-22 18:00:00,5,779.0,2026-05-04 18:00:00,12 days 00:00:00,-8.47,46.46,1000.2,37.3,68.42141482414495,177.11510641552738,170.9413877876797,149.27654605393366,151.91194923164443,0.0,0.0,0.0,0.0,0.0,0.0,0.0,0.0
2026-04-22 18:00:00,5,779.0,2026-05-05 00:00:00,12 days 06:00:00,-8.68,45.68,992.3,44.0,47.172600648054015,190.11205815205517,195.4160190828362,174.34932916925484,170.20218179015737,0.0,0.0,0.0,0.0,0.0,0.0,0.0,0.0
2026-04-22 18:00:00,5,779.0,2026-05-05 06:00:00,12 days 12:00:00,-8.42,45.36,991.8,54.9,72.85905132813754,184.12821438551072,185.0380201481476,163.23527840592632,163.6167510475106,72.85905132813754,0.0,0.0,0.0,0.0,0.0,0.0,0.0
2026-04-22 18:00:00,5,779.0,2026-05-05 12:00:00,12 days 18:00:00,-8.6,45.42,988.1,59.3,55.77297875863201,142.41645593303616,148.99555177998508,124.77632693627169,120.83085790223204,0.0,0.2485009396663926,55.77297875863201,0.0,0.0,0.0,0.0,0.0
2026-04-22 18:00:00,5,779.0,2026-05-05 18:00:00,13 days 00:00:00,-9.28,45.35,985.9,64.4,74.95192078848184,317.49487839982066,317.38079017294723,272.8515491316655,288.91927207508206,35.788689612048785,74.95192078848184,28.55382896006825,30.285182165962063,0.0,74.95192078848184,1.1715295078008183,0.8606895299308066
2026-04-22 18:00:00,2,781.0,2026-05-04 12:00:00,11 days 18:00:00,6.38,66.92,1001.5,23.2,80.63781738308919,0.0,0.0,0.0,0.0,0.0,0.0,0.0,0.0,0.0,0.0,0.0,0.0
2026-04-22 18:00:00,2,781.0,2026-05-04 18:00:00,12 days 00:00:00,6.13,67.11,1004.9,24.4,96.42111763142287,0.0,0.0,0.0,0.0,0.0,0.0,0.0,0.0,0.0,0.0,0.0,0.0
2026-04-22 18:00:00,2,781.0,2026-05-05 00:00:00,12 days 06:00:00,6.55,68.35,1003.5,25.6,112.53701726055937,0.0,0.0,0.0,0.0,0.0,0.0,0.0,0.0,0.0,0.0,0.0,0.0
2026-04-22 18:00:00,2,781.0,2026-05-05 06:00:00,12 days 12:00:00,6.88,67.72,1002.7,28.0,102.24165656397918,0.0,0.0,0.0,0.0,0.0,0.0,0.0,0.0,0.0,0.0,0.0,0.0
2026-04-22 18:00:00,2,781.0,2026-05-05 12:00:00,12 days 18:00:00,7.4,67.72,999.0,41.5,53.77027869922698,161.01994338606596,144.3731996153507,122.6035687933436,131.4999389086467,0.0,0.0,0.0,0.0,0.0,0.0,0.0,0.0
2026-04-22 18:00:00,2,781.0,2026-05-05 18:00:00,13 days 00:00:00,8.39,67.2,998.0,42.0,54.821663058488085,91.81219216225738,84.66324887554191,58.842814568803206,79.61688754877571,0.0,0.0,0.0,0.0,0.0,0.0,0.0,0.0
2026-04-22 18:00:00,1,790.0,2026-05-03 00:00:00,10 days 06:00:00,5.37,71.65,1006.6,16.3,62.7439180960743,0.0,0.0,0.0,0.0,0.0,0.0,0.0,0.0,0.0,0.0,0.0,0.0
2026-04-22 18:00:00,1,790.0,2026-05-03 06:00:00,10 days 12:00:00,5.2,70.62,1005.0,17.1,107.29130551465067,0.0,0.0,0.0,0.0,0.0,0.0,0.0,0.0,0.0,0.0,0.0,0.0
2026-04-22 18:00:00,1,790.0,2026-05-03 12:00:00,10 days 18:00:00,7.2,69.53,1002.9,27.6,81.99520260499924,0.0,0.0,0.0,0.0,0.0,0.0,0.0,0.0,0.0,0.0,0.0,0.0
2026-04-22 18:00:00,1,790.0,2026-05-03 18:00:00,11 days 00:00:00,6.33,69.83,1003.5,25.9,72.2823674405966,0.0,0.0,0.0,0.0,0.0,0.0,0.0,0.0,0.0,0.0,0.0,0.0
2026-04-22 18:00:00,1,790.0,2026-05-04 00:00:00,11 days 06:00:00,6.08,69.48,998.5,31.7,120.17156228681176,0.0,0.0,0.0,0.0,0.0,0.0,0.0,0.0,0.0,0.0,0.0,0.0
2026-04-22 18:00:00,1,790.0,2026-05-04 06:00:00,11 days 12:00:00,7.16,69.52,1000.5,34.4,142.639775687176,142.639775687176,79.65121259984323,55.28666854199867,77.68360942113691,0.0,0.0,0.0,0.0,0.0,0.0,0.0,0.0
2026-04-22 18:00:00,1,790.0,2026-05-04 12:00:00,11 days 18:00:00,7.35,68.57,995.1,44.2,89.26395364854791,205.2724304401684,184.1877493287538,153.98859623485978,175.34807286228855,0.0,0.0,0.0,0.0,0.0,0.0,0.0,0.0
2026-04-22 18:00:00,1,790.0,2026-05-04 18:00:00,12 days 00:00:00,7.95,67.57,976.9,66.3,34.57835138212464,118.0218581885424,96.80700645240108,109.0107328647583,118.515135604801,59.81664260628982,55.26064626939045,52.803209547829184,52.995804034764944,34.57835138212464,14.256958064999628,13.047178176733636,14.712583096826323
2026-04-22 18:00:00,1,790.0,2026-05-05 00:00:00,12 days 06:00:00,8.52,66.91,982.8,60.1,18.67847306191491,264.8659862759752,246.68282521795956,236.6248653425917,246.44226360208503,122.15447351878036,113.28708490225306,91.00768227794651,98.40980427146503,0.0,0.0,0.0,0.0
2026-04-22 18:00:00,1,790.0,2026-05-05 06:00:00,12 days 12:00:00,9.46,65.7,980.1,69.5,23.98944405953918,289.01120313164097,231.60385116226965,223.9196421907753,267.38098869774365,149.09975280606196,135.68395555098343,120.7243060001415,137.2503024170232,85.1075367164348,80.67965729779186,67.28734816357442,75.07763957565092
2026-04-22 18:00:00,1,790.0,2026-05-05 12:00:00,12 days 18:00:00,10.43,64.7,968.2,80.9,21.401115137834665,258.974958059999,211.9455704387006,198.1355906624273,223.7488045414912,134.2502456401299,121.19253585686988,107.47310348170484,117.38949841738898,71.63523693089155,66.04727710863767,55.30098941284607,61.75305211315616
2026-04-22 18:00:00,1,790.0,2026-05-05 18:00:00,13 days 00:00:00,10.99,63.87,946.8,107.3,36.155688474007775,250.9112185117249,233.88796176913405,245.26807747881455,239.74797295191024,125.20504031778776,117.44997648392837,110.3074228098692,114.46414829299876,66.021059980519,61.84125820521267,53.45805424823296,58.50678998594452
2026-04-22 18:00:00,1,791.0,2026-05-04 06:00:00,11 days 12:00:00,-10.44,65.14,1003.3,22.1,129.2305152868727,0.0,0.0,0.0,0.0,0.0,0.0,0.0,0.0,0.0,0.0,0.0,0.0
2026-04-22 18:00:00,1,791.0,2026-05-04 12:00:00,11 days 18:00:00,-10.51,65.07,1005.8,24.4,141.00257410391552,0.0,0.0,0.0,0.0,0.0,0.0,0.0,0.0,0.0,0.0,0.0,0.0
2026-04-22 18:00:00,1,791.0,2026-05-04 18:00:00,12 days 00:00:00,-11.23,65.08,1005.1,24.0,102.08100022173556,0.0,0.0,0.0,0.0,0.0,0.0,0.0,0.0,0.0,0.0,0.0,0.0
2026-04-22 18:00:00,1,791.0,2026-05-05 00:00:00,12 days 06:00:00,-11.93,64.81,1001.3,29.6,98.28594462221172,0.0,0.0,0.0,0.0,0.0,0.0,0.0,0.0,0.0,0.0,0.0,0.0
2026-04-22 18:00:00,1,791.0,2026-05-05 06:00:00,12 days 12:00:00,-12.4,64.48,998.7,31.6,52.520676940333686,0.0,0.0,0.0,0.0,0.0,0.0,0.0,0.0,0.0,0.0,0.0,0.0
2026-04-22 18:00:00,1,791.0,2026-05-05 12:00:00,12 days 18:00:00,-12.85,63.9,999.0,37.7,73.94494115155705,0.0,73.94494115155705,2.892690817721647,0.0,0.0,0.0,0.0,0.0,0.0,0.0,0.0,0.0
2026-04-22 18:00:00,1,791.0,2026-05-05 18:00:00,13 days 00:00:00,-13.13,63.19,999.8,33.3,70.22399855765954,0.0,0.0,0.0,0.0,0.0,0.0,0.0,0.0,0.0,0.0,0.0,0.0
2026-04-22 18:00:00,0,793.0,2026-05-04 18:00:00,12 days 00:00:00,-7.24,63.27,1010.4,17.6,129.27673322017856,0.0,0.0,0.0,0.0,0.0,0.0,0.0,0.0,0.0,0.0,0.0,0.0
2026-04-22 18:00:00,0,793.0,2026-05-05 00:00:00,12 days 06:00:00,-7.05,63.58,1008.0,20.6,68.02815892055153,0.0,0.0,0.0,0.0,0.0,0.0,0.0,0.0,0.0,0.0,0.0,0.0
2026-04-22 18:00:00,0,793.0,2026-05-05 06:00:00,12 days 12:00:00,-7.6,64.16,999.9,28.7,61.88546164335256,0.0,0.0,0.0,0.0,0.0,0.0,0.0,0.0,0.0,0.0,0.0,0.0
2026-04-22 18:00:00,0,793.0,2026-05-05 12:00:00,12 days 18:00:00,-8.14,64.58,1003.7,21.6,128.71999917228922,0.0,0.0,0.0,0.0,0.0,0.0,0.0,0.0,0.0,0.0,0.0,0.0
2026-04-22 18:00:00,0,793.0,2026-05-05 18:00:00,13 days 00:00:00,-8.32,64.53,1003.4,23.4,78.1145819535479,0.0,0.0,0.0,0.0,0.0,0.0,0.0,0.0,0.0,0.0,0.0,0.0
2026-04-22 18:00:00,0,794.0,2026-05-04 18:00:00,12 days 00:00:00,-7.49,65.97,1004.9,18.6,65.62778325886104,0.0,0.0,0.0,0.0,0.0,0.0,0.0,0.0,0.0,0.0,0.0,0.0
2026-04-22 18:00:00,0,794.0,2026-05-05 00:00:00,12 days 06:00:00,-7.84,65.81,1004.4,20.6,85.74478607952938,0.0,0.0,0.0,0.0,0.0,0.0,0.0,0.0,0.0,0.0,0.0,0.0
2026-04-22 18:00:00,0,794.0,2026-05-05 06:00:00,12 days 12:00:00,-7.94,65.83,1000.6,27.5,61.37018461315536,0.0,0.0,0.0,0.0,0.0,0.0,0.0,0.0,0.0,0.0,0.0,0.0
2026-04-22 18:00:00,0,794.0,2026-05-05 12:00:00,12 days 18:00:00,-8.17,65.78,1004.4,23.2,54.445178828385565,0.0,0.0,0.0,0.0,0.0,0.0,0.0,0.0,0.0,0.0,0.0,0.0
2026-04-22 18:00:00,0,794.0,2026-05-05 18:00:00,13 days 00:00:00,-8.57,65.06,1002.2,31.7,63.99680552831674,0.0,0.0,0.0,0.0,0.0,0.0,0.0,0.0,0.0,0.0,0.0,0.0
2026-04-22 18:00:00,3,798.0,2026-05-04 06:00:00,11 days 12:00:00,9.24,138.96,1008.9,18.3,173.32125628189553,0.0,0.0,0.0,0.0,0.0,0.0,0.0,0.0,0.0,0.0,0.0,0.0
2026-04-22 18:00:00,3,798.0,2026-05-04 12:00:00,11 days 18:00:00,9.87,137.34,1006.3,25.0,136.97677730506234,0.0,0.0,0.0,0.0,0.0,0.0,0.0,0.0,0.0,0.0,0.0,0.0
2026-04-22 18:00:00,3,798.0,2026-05-04 18:00:00,12 days 00:00:00,10.36,136.46,1004.2,25.8,69.41794613520014,0.0,0.0,0.0,0.0,0.0,0.0,0.0,0.0,0.0,0.0,0.0,0.0
2026-04-22 18:00:00,3,798.0,2026-05-05 00:00:00,12 days 06:00:00,11.05,135.25,1004.0,31.2,79.2176954376765,0.0,0.0,0.0,0.0,0.0,0.0,0.0,0.0,0.0,0.0,0.0,0.0
2026-04-22 18:00:00,3,798.0,2026-05-05 06:00:00,12 days 12:00:00,11.46,134.64,991.4,39.8,59.283239654282085,199.4697057085333,179.21461412947275,140.60496507381498,167.63257019285447,0.0,0.0,0.0,0.0,0.0,0.0,0.0,0.0
2026-04-22 18:00:00,3,798.0,2026-05-05 12:00:00,12 days 18:00:00,12.21,134.03,1007.8,22.2,68.6354120608222,0.0,0.0,0.0,0.0,0.0,0.0,0.0,0.0,0.0,0.0,0.0,0.0
2026-04-22 18:00:00,3,798.0,2026-05-05 18:00:00,13 days 00:00:00,12.55,133.22,997.7,38.8,39.35683717381079,39.35683717381079,19.32452466560851,9.045001474365034,17.547300032724053,0.0,0.0,0.0,0.0,0.0,0.0,0.0,0.0
2026-04-22 18:00:00,0,800.0,2026-05-05 00:00:00,12 days 06:00:00,8.5,140.86,1008.7,15.5,101.00439832811604,0.0,0.0,0.0,0.0,0.0,0.0,0.0,0.0,0.0,0.0,0.0,0.0
2026-04-22 18:00:00,0,800.0,2026-05-05 06:00:00,12 days 12:00:00,8.4,140.04,1005.8,21.0,88.89141502113307,0.0,0.0,0.0,0.0,0.0,0.0,0.0,0.0,0.0,0.0,0.0,0.0
2026-04-22 18:00:00,0,800.0,2026-05-05 12:00:00,12 days 18:00:00,8.91,139.39,1002.9,25.3,54.055137634988974,0.0,0.0,0.0,0.0,0.0,0.0,0.0,0.0,0.0,0.0,0.0,0.0
2026-04-22 18:00:00,0,800.0,2026-05-05 18:00:00,13 days 00:00:00,9.11,138.65,1002.6,31.3,85.40814538537313,0.0,0.0,0.0,0.0,0.0,0.0,0.0,0.0,0.0,0.0,0.0,0.0
2026-04-22 18:00:00,6,804.0,2026-05-04 12:00:00,11 days 18:00:00,-8.26,58.77,1001.6,28.4,120.02773353759022,0.0,0.0,0.0,0.0,0.0,0.0,0.0,0.0,0.0,0.0,0.0,0.0
2026-04-22 18:00:00,6,804.0,2026-05-04 18:00:00,12 days 00:00:00,-9.05,58.29,1005.6,20.5,82.02429526941451,0.0,0.0,0.0,0.0,0.0,0.0,0.0,0.0,0.0,0.0,0.0,0.0
2026-04-22 18:00:00,6,804.0,2026-05-05 00:00:00,12 days 06:00:00,-8.82,58.14,1003.4,26.6,88.41665739514421,0.0,0.0,0.0,0.0,0.0,0.0,0.0,0.0,0.0,0.0,0.0,0.0
2026-04-22 18:00:00,6,804.0,2026-05-05 06:00:00,12 days 12:00:00,-9.55,58.19,1001.2,27.7,74.36583548349427,0.0,0.0,0.0,0.0,0.0,0.0,0.0,0.0,0.0,0.0,0.0,0.0
2026-04-22 18:00:00,6,804.0,2026-05-05 12:00:00,12 days 18:00:00,-9.74,58.65,997.8,44.1,27.33927625799997,36.16521210949537,26.26317921692264,16.16281885984003,25.249880633330484,0.0,0.0,0.0,0.0,0.0,0.0,0.0,0.0
2026-04-22 18:00:00,6,804.0,2026-05-05 18:00:00,13 days 00:00:00,-9.25,58.96,999.9,37.1,56.92989874755423,72.05209440546133,70.69645173453105,53.92255871813322,58.33154380792642,0.0,0.0,0.0,0.0,0.0,0.0,0.0,0.0
2026-04-22 18:00:00,5,807.0,2026-05-01 18:00:00,9 days 00:00:00,12.34,138.43,1004.1,25.1,39.20234194545741,0.0,0.0,0.0,0.0,0.0,0.0,0.0,0.0,0.0,0.0,0.0,0.0
2026-04-22 18:00:00,5,807.0,2026-05-02 00:00:00,9 days 06:00:00,11.9,138.75,1000.6,28.3,76.84819983477409,0.0,0.0,0.0,0.0,0.0,0.0,0.0,0.0,0.0,0.0,0.0,0.0
2026-04-22 18:00:00,5,807.0,2026-05-02 06:00:00,9 days 12:00:00,12.35,138.47,1007.1,28.4,69.86868777049722,0.0,0.0,0.0,0.0,0.0,0.0,0.0,0.0,0.0,0.0,0.0,0.0
2026-04-22 18:00:00,5,807.0,2026-05-02 12:00:00,9 days 18:00:00,11.5,137.71,1001.6,27.3,87.27661213482595,0.0,0.0,0.0,0.0,0.0,0.0,0.0,0.0,0.0,0.0,0.0,0.0
2026-04-22 18:00:00,5,807.0,2026-05-02 18:00:00,10 days 00:00:00,12.29,136.5,1001.9,29.3,51.00721990336619,0.0,0.0,0.0,0.0,0.0,0.0,0.0,0.0,0.0,0.0,0.0,0.0
2026-04-22 18:00:00,5,807.0,2026-05-03 00:00:00,10 days 06:00:00,11.02,136.27,1004.5,25.4,50.81506780589263,0.0,0.0,0.0,0.0,0.0,0.0,0.0,0.0,0.0,0.0,0.0,0.0
2026-04-22 18:00:00,5,807.0,2026-05-03 06:00:00,10 days 12:00:00,10.44,135.28,1003.2,25.9,61.23623995611692,0.0,0.0,0.0,0.0,0.0,0.0,0.0,0.0,0.0,0.0,0.0,0.0
2026-04-22 18:00:00,5,807.0,2026-05-03 12:00:00,10 days 18:00:00,10.12,134.37,1002.3,26.2,103.1768065973266,0.0,0.0,0.0,0.0,0.0,0.0,0.0,0.0,0.0,0.0,0.0,0.0
2026-04-22 18:00:00,5,807.0,2026-05-03 18:00:00,11 days 00:00:00,9.92,133.93,1002.5,28.4,79.11663353007503,0.0,0.0,0.0,0.0,0.0,0.0,0.0,0.0,0.0,0.0,0.0,0.0
2026-04-22 18:00:00,5,807.0,2026-05-04 00:00:00,11 days 06:00:00,9.61,133.15,1002.6,31.1,63.44228901736719,0.0,0.0,0.0,0.0,0.0,0.0,0.0,0.0,0.0,0.0,0.0,0.0
2026-04-22 18:00:00,5,807.0,2026-05-04 06:00:00,11 days 12:00:00,9.43,132.35,997.9,43.5,56.02556071157351,56.02556071157351,19.961644899961893,10.747734234527702,24.5246765555461,0.0,0.0,0.0,0.0,0.0,0.0,0.0,0.0
2026-04-22 18:00:00,5,807.0,2026-05-04 12:00:00,11 days 18:00:00,9.07,131.41,993.5,55.3,22.426499153511067,122.78318920667454,107.0027093508214,83.82564365168164,114.53717564272564,22.426499153511067,7.186153816816766,2.0970167324747377,6.128444179600217,0.0,0.0,0.0,0.0
2026-04-22 18:00:00,5,807.0,2026-05-04 18:00:00,12 days 00:00:00,8.93,130.46,981.3,69.4,3.812943701229045,98.96308503823452,66.20116452793232,67.04205524656221,104.70503474296956,50.97642899121645,39.103157142304255,28.77271126491714,44.40859302962838,8.09036278349286,2.934732230774013,1.367198495095867,7.4918004236403
2026-04-22 18:00:00,5,807.0,2026-05-05 00:00:00,12 days 06:00:00,8.66,129.99,975.9,70.7,30.22747812283176,115.49255854635638,108.06692287676896,113.29837618005696,124.54387662753,53.63467744357308,43.95435208304334,39.5785706861112,48.44277878249648,30.22747812283176,5.672851212154556,4.7204800323923415,8.012027631483328
2026-04-22 18:00:00,5,807.0,2026-05-05 06:00:00,12 days 12:00:00,8.81,128.92,979.1,74.1,27.104096719376283,110.4967873904734,78.55842955742733,85.41760476768304,109.63435454133504,61.80590180162484,48.09315335692065,38.85716948290101,54.218282306365786,27.104096719376283,15.901922554263964,12.903631835328923,19.352784400347964
2026-04-22 18:00:00,5,807.0,2026-05-05 12:00:00,12 days 18:00:00,8.84,128.46,991.4,54.7,19.047284751711665,82.4742178954662,58.63420709073119,55.46312880848561,86.94497706442145,37.42385893980924,27.146887709501804,19.98720226884041,32.50180658295673,0.0,0.0,0.0,0.0
2026-04-22 18:00:00,5,807.0,2026-05-05 18:00:00,13 days 00:00:00,9.19,127.67,997.6,42.3,36.5090107447914,88.80041360902024,57.33544149180329,53.34943360927289,84.99952002047658,0.0,0.0,0.0,0.0,0.0,0.0,0.0,0.0
2026-04-22 18:00:00,3,809.0,2026-05-04 18:00:00,12 days 00:00:00,-8.79,67.68,1003.7,26.2,88.1516770160157,0.0,0.0,0.0,0.0,0.0,0.0,0.0,0.0,0.0,0.0,0.0,0.0
2026-04-22 18:00:00,3,809.0,2026-05-05 00:00:00,12 days 06:00:00,-9.02,67.59,1002.7,24.1,73.24016577487549,0.0,0.0,0.0,0.0,0.0,0.0,0.0,0.0,0.0,0.0,0.0,0.0
2026-04-22 18:00:00,3,809.0,2026-05-05 06:00:00,12 days 12:00:00,-10.2,67.6,998.4,28.1,48.17066377540777,0.0,0.0,0.0,0.0,0.0,0.0,0.0,0.0,0.0,0.0,0.0,0.0
2026-04-22 18:00:00,3,809.0,2026-05-05 12:00:00,12 days 18:00:00,-9.4,67.68,1002.3,28.6,63.2099119836705,0.0,0.0,0.0,0.0,0.0,0.0,0.0,0.0,0.0,0.0,0.0,0.0
2026-04-22 18:00:00,3,809.0,2026-05-05 18:00:00,13 days 00:00:00,-9.45,67.82,999.7,33.2,58.479314653797545,0.0,0.0,0.0,0.0,0.0,0.0,0.0,0.0,0.0,0.0,0.0,0.0
2026-04-22 18:00:00,1,813.0,2026-05-01 18:00:00,9 days 00:00:00,-5.98,64.76,1004.4,24.8,118.85640204863776,0.0,0.0,0.0,0.0,0.0,0.0,0.0,0.0,0.0,0.0,0.0,0.0
2026-04-22 18:00:00,1,813.0,2026-05-02 00:00:00,9 days 06:00:00,-6.46,63.75,1001.4,23.1,125.87892591187897,0.0,0.0,0.0,0.0,0.0,0.0,0.0,0.0,0.0,0.0,0.0,0.0
2026-04-22 18:00:00,1,813.0,2026-05-02 06:00:00,9 days 12:00:00,-6.5,63.3,1001.6,27.9,55.8810633215342,0.0,0.0,0.0,0.0,0.0,0.0,0.0,0.0,0.0,0.0,0.0,0.0
2026-04-22 18:00:00,1,813.0,2026-05-02 12:00:00,9 days 18:00:00,-7.18,62.61,996.3,40.5,81.71143733868672,84.39644481334011,89.72989393911266,75.23136247124022,71.3707308679166,0.0,0.0,0.0,0.0,0.0,0.0,0.0,0.0
2026-04-22 18:00:00,1,813.0,2026-05-02 18:00:00,10 days 00:00:00,-7.91,61.71,979.8,62.6,29.198341494981708,162.1415486446906,193.8811559158184,166.65568231610413,141.74348742433034,96.88528924794124,95.99633366377456,82.68659750788282,74.49349089732794,0.0,0.0,0.0,0.0
2026-04-22 18:00:00,1,813.0,2026-05-03 00:00:00,10 days 06:00:00,-8.4,60.61,988.1,51.7,72.32591637700149,164.98137405989513,168.8147574646086,142.14674375054898,134.96107220614533,72.32591637700149,0.2979254109895783,0.0,0.0,0.0,0.0,0.0,0.0
2026-04-22 18:00:00,1,813.0,2026-05-03 06:00:00,10 days 12:00:00,-9.27,59.31,992.1,55.4,39.60424545060522,192.85167437790616,198.19321465453183,177.20224736128674,154.1668540262189,26.284671302783167,39.60424545060522,21.02351155962273,17.819259714940717,0.0,0.0,0.0,0.0
2026-04-22 18:00:00,1,813.0,2026-05-03 12:00:00,10 days 18:00:00,-9.81,58.38,984.9,60.4,32.00241408511207,231.01643950357067,262.3617182292427,226.67381844661676,193.44104564392097,45.97851228890151,49.63221416315994,40.3762939272143,33.07693088726009,0.0,0.0,0.0,0.0
2026-04-22 18:00:00,1,813.0,2026-05-03 18:00:00,11 days 00:00:00,-10.45,57.04,965.3,88.7,22.678541501777904,234.12475909623564,243.77240284050325,231.14678702177196,206.9464736765764,101.34634804712724,104.7228892849939,89.05521643330283,80.02285983027696,20.769508604162127,22.678541501777904,18.188325819315207,17.407987724013925
2026-04-22 18:00:00,1,813.0,2026-05-04 00:00:00,11 days 06:00:00,-10.82,56.32,961.9,90.4,25.642623765421398,223.46562842239808,293.9910827817803,279.85266292510806,204.48570275375792,119.1272877718396,140.65641172484962,130.08622951084982,105.25042463899078,67.0349649571726,69.10536727663417,60.49073701109516,58.91473117154197
2026-04-22 18:00:00,1,813.0,2026-05-04 06:00:00,11 days 12:00:00,-11.13,55.22,962.1,92.1,20.47832686765137,220.85150265794363,275.0537045243068,263.8188376185913,187.1694521542888,122.73888276226693,140.60531404626562,124.52187045217106,105.31374354282585,62.49459307597286,65.34790742006993,57.369741253386806,55.96278709373868
2026-04-22 18:00:00,1,813.0,2026-05-04 12:00:00,11 days 18:00:00,-11.45,54.08,934.2,119.2,8.51640104414146,212.71251833675888,273.30731800763454,297.70480059517786,207.10980495651165,130.28556534017463,159.50951515235977,146.09742266282825,116.54868532448565,84.78073656180368,90.09501101418373,78.88628619670462,77.16777271916303
2026-04-22 18:00:00,1,813.0,2026-05-04 18:00:00,12 days 00:00:00,-11.76,53.51,919.3,139.5,45.10199180168299,254.29544082453003,347.7314229508814,331.62444601186235,233.77126546932504,145.00082562951002,174.6029760501916,167.06304575380912,130.79733159168688,90.26334912833866,95.95976800141814,81.993011510579,79.84758575839186
2026-04-22 18:00:00,1,813.0,2026-05-05 00:00:00,12 days 06:00:00,-11.97,53.1,933.6,123.6,31.13006731060405,176.02362801500288,228.83887500395372,216.80720298106476,145.9405212286863,108.4380193084025,125.28627227831755,112.35558005032212,88.96790187467234,74.30322024475264,75.76608793904323,64.69351122370935,65.12223202306731
2026-04-22 18:00:00,1,813.0,2026-05-05 06:00:00,12 days 12:00:00,-12.78,52.58,936.0,132.0,9.519053116265804,214.0478310334297,245.85731150558556,223.31342874809317,196.8217036643589,127.02151853971591,133.38419241862547,123.35523412484858,110.62272345649517,78.22686968589069,75.89780474819568,66.27972913470556,69.64852586222307
2026-04-22 18:00:00,1,813.0,2026-05-05 12:00:00,12 days 18:00:00,-13.08,52.33,960.5,89.9,24.242181031977623,180.11867822950563,243.5016518667983,219.43195233739252,138.58840973745396,89.54450775081624,104.336988758997,91.8330773440576,72.09085843248516,52.30432018179529,51.55807188558312,43.61456100514306,44.12783991941775
2026-04-22 18:00:00,1,813.0,2026-05-05 18:00:00,13 days 00:00:00,-13.57,52.31,938.2,116.7,0.0,192.3706801958625,272.9103246052655,231.8006267582885,158.2293581839168,110.94941290096357,125.26895304057592,114.4840907216439,94.41791717870233,83.36923976113677,83.3765415353742,72.34368120112978,73.78745142982926
2026-04-22 18:00:00,3,813.0,2026-05-04 00:00:00,11 days 06:00:00,9.97,64.47,1003.4,20.1,108.0303173406768,0.0,0.0,0.0,0.0,0.0,0.0,0.0,0.0,0.0,0.0,0.0,0.0
2026-04-22 18:00:00,3,813.0,2026-05-04 06:00:00,11 days 12:00:00,9.64,64.62,1005.3,22.0,90.04706168245987,0.0,0.0,0.0,0.0,0.0,0.0,0.0,0.0,0.0,0.0,0.0,0.0
2026-04-22 18:00:00,3,813.0,2026-05-04 12:00:00,11 days 18:00:00,10.74,63.63,999.0,28.9,137.6229129071269,0.0,0.0,0.0,0.0,0.0,0.0,0.0,0.0,0.0,0.0,0.0,0.0
2026-04-22 18:00:00,3,813.0,2026-05-04 18:00:00,12 days 00:00:00,11.64,61.97,997.9,36.3,73.06792535687964,73.06792535687964,33.934253420065886,31.535161444608832,38.59139836663414,0.0,0.0,0.0,0.0,0.0,0.0,0.0,0.0
2026-04-22 18:00:00,3,813.0,2026-05-05 00:00:00,12 days 06:00:00,12.21,60.52,996.0,42.6,66.77779923007668,66.77779923007668,51.57425178530619,35.52961829385315,48.68069826029917,0.0,0.0,0.0,0.0,0.0,0.0,0.0,0.0
2026-04-22 18:00:00,3,813.0,2026-05-05 06:00:00,12 days 12:00:00,12.83,59.45,988.1,54.6,29.22635645870846,84.94977738181619,61.52624464225082,51.63149209458791,71.70398353845935,29.22635645870846,2.5426508110718427,0.2892381860847735,6.233922890921301,0.0,0.0,0.0,0.0
2026-04-22 18:00:00,3,813.0,2026-05-05 12:00:00,12 days 18:00:00,13.34,58.85,979.9,74.1,24.75397067804956,99.7499151949669,65.85696323651149,59.0280141559828,99.26046511123312,62.53985881432812,50.941483994379,36.07767714766785,53.1402997993696,24.75397067804956,13.761435044332298,10.519239172546808,14.876050887928985
2026-04-22 18:00:00,3,813.0,2026-05-05 18:00:00,13 days 00:00:00,13.89,58.02,972.9,79.6,6.831945436512807,108.8576016109038,79.53761288173067,65.26756369357713,86.50634216239673,52.97504745317876,41.47893669943991,26.758402403192896,40.52417588923057,10.968503862124704,7.611382921844656,4.902217093617269,7.588243762492301
2026-04-22 18:00:00,1,814.0,2026-05-05 00:00:00,12 days 06:00:00,-12.42,67.24,998.9,28.9,81.34640845496293,0.0,0.0,0.0,0.0,0.0,0.0,0.0,0.0,0.0,0.0,0.0,0.0
2026-04-22 18:00:00,1,814.0,2026-05-05 06:00:00,12 days 12:00:00,-13.01,67.98,998.3,31.9,94.24308154277014,0.0,0.0,0.0,0.0,0.0,0.0,0.0,0.0,0.0,0.0,0.0,0.0
2026-04-22 18:00:00,1,814.0,2026-05-05 12:00:00,12 days 18:00:00,-14.07,68.39,993.4,39.9,75.50843213159203,53.77701280719796,75.50843213159203,46.97192285906928,43.00150605179176,0.0,0.0,0.0,0.0,0.0,0.0,0.0,0.0
2026-04-22 18:00:00,1,814.0,2026-05-05 18:00:00,13 days 00:00:00,-14.49,68.6,996.3,39.3,77.86240053294469,168.5918185232398,161.00557630690378,129.12666183647843,133.4564634017943,0.0,0.0,0.0,0.0,0.0,0.0,0.0,0.0
2026-04-22 18:00:00,1,817.0,2026-05-02 00:00:00,9 days 06:00:00,-7.98,57.94,1004.9,22.7,82.8960926512806,0.0,0.0,0.0,0.0,0.0,0.0,0.0,0.0,0.0,0.0,0.0,0.0
2026-04-22 18:00:00,1,817.0,2026-05-02 06:00:00,9 days 12:00:00,-8.15,56.63,1006.3,20.1,129.04880280718703,0.0,0.0,0.0,0.0,0.0,0.0,0.0,0.0,0.0,0.0,0.0,0.0
2026-04-22 18:00:00,1,817.0,2026-05-02 12:00:00,9 days 18:00:00,-7.29,55.34,1005.6,17.2,108.72711866068664,0.0,0.0,0.0,0.0,0.0,0.0,0.0,0.0,0.0,0.0,0.0,0.0
2026-04-22 18:00:00,1,817.0,2026-05-02 18:00:00,10 days 00:00:00,-8.19,54.43,1004.8,28.8,81.23857945620335,0.0,0.0,0.0,0.0,0.0,0.0,0.0,0.0,0.0,0.0,0.0,0.0
2026-04-22 18:00:00,1,817.0,2026-05-03 00:00:00,10 days 06:00:00,-8.12,53.45,998.9,35.0,41.18026236589839,4.333467335863893,41.18026236589839,3.564945421763093,0.0,0.0,0.0,0.0,0.0,0.0,0.0,0.0,0.0
2026-04-22 18:00:00,1,817.0,2026-05-03 06:00:00,10 days 12:00:00,-7.82,52.59,1002.6,40.3,49.91043202279492,133.51444899053286,142.9518197677479,124.49910958528278,126.71556944795162,0.0,0.0,0.0,0.0,0.0,0.0,0.0,0.0
2026-04-22 18:00:00,1,817.0,2026-05-03 12:00:00,10 days 18:00:00,-7.66,51.74,994.8,52.2,24.03656296840384,119.24887398585476,113.23483192524324,108.54743147968637,101.49438021947576,0.0,0.6398901244605419,24.03656296840384,0.0,0.0,0.0,0.0,0.0
2026-04-22 18:00:00,1,817.0,2026-05-03 18:00:00,11 days 00:00:00,-7.47,51.01,986.8,65.0,39.387446945325614,112.27289196679818,100.97373686057398,124.182066849856,122.10810541272816,37.36819582588762,39.387446945325614,39.387446945325614,29.786670097970564,0.0,1.0772478039746334,39.387446945325614,0.0
2026-04-22 18:00:00,1,817.0,2026-05-04 00:00:00,11 days 06:00:00,-7.52,51.32,980.8,54.7,48.04621891806759,143.4937836627031,172.51279329706722,204.22739042975817,176.36092784430906,122.83024883122953,120.15367617048864,122.20150148525184,114.14304214858755,0.0,0.0,0.0,0.0
2026-04-22 18:00:00,1,817.0,2026-05-04 06:00:00,11 days 12:00:00,-7.5,51.2,970.0,78.8,26.672787307471047,71.3381500004058,90.61185851996233,98.684915708594,65.83165651882332,59.86079879565581,66.5701593942574,54.344855285510846,55.26672998318288,22.33022855503592,26.672787307471047,18.38400359289495,21.57477317243168
2026-04-22 18:00:00,1,817.0,2026-05-04 12:00:00,11 days 18:00:00,-8.0,51.82,975.6,71.9,32.04716289080583,143.19137258021857,154.77150641550284,141.16542866324062,120.92010182422952,101.37941201403292,90.06039898656658,71.93263860709118,78.87770395342204,32.726769865409665,28.319560571481208,23.919482165399973,27.423573679047173
2026-04-22 18:00:00,1,817.0,2026-05-04 18:00:00,12 days 00:00:00,-8.11,52.11,980.8,72.5,17.459735667509783,164.23001284089057,142.2133125762383,133.77077036461128,153.32825150593777,109.35009788505766,97.07707988742445,78.16945419854227,91.42402170835746,40.87123206719595,36.326744331213,31.76893713057968,34.98053096854093
2026-04-22 18:00:00,1,817.0,2026-05-05 00:00:00,12 days 06:00:00,-8.55,53.0,981.8,66.3,31.42852400553511,186.71244068224476,164.89433944886844,150.9218901545794,155.32756061348667,94.89613710525514,83.05530732649532,64.54472631923538,75.377101184899,31.42852400553511,13.423241457632464,10.185704898546977,13.071791341400385
2026-04-22 18:00:00,1,817.0,2026-05-05 06:00:00,12 days 12:00:00,-8.88,53.25,986.7,59.8,18.436201140198943,155.15164527175787,145.43173552657382,131.26367705144776,120.91454193911196,62.88655131624459,55.835515904627655,36.79070162539982,43.61623801059033,0.0,0.0,0.0,0.0
2026-04-22 18:00:00,1,817.0,2026-05-05 12:00:00,12 days 18:00:00,-9.0,53.21,985.0,57.1,16.873227790788917,200.3114539377897,180.2497430342915,156.84511818951535,176.72153309457178,35.669585601663144,29.36269224198212,22.24714101852218,28.257070209768614,0.0,0.0,0.0,0.0
2026-04-22 18:00:00,1,817.0,2026-05-05 18:00:00,13 days 00:00:00,-9.34,53.39,993.0,49.3,31.420733634358896,121.88431420285433,99.68591245853092,86.6687996353421,110.61814676679184,0.0,0.0,0.0,0.0,0.0,0.0,0.0,0.0
2026-04-22 18:00:00,1,818.0,2026-05-05 00:00:00,12 days 06:00:00,-8.8,68.43,1003.4,23.0,73.55632079527712,0.0,0.0,0.0,0.0,0.0,0.0,0.0,0.0,0.0,0.0,0.0,0.0
2026-04-22 18:00:00,1,818.0,2026-05-05 06:00:00,12 days 12:00:00,-9.21,69.22,1003.6,23.3,61.11166623726193,0.0,0.0,0.0,0.0,0.0,0.0,0.0,0.0,0.0,0.0,0.0,0.0
2026-04-22 18:00:00,1,818.0,2026-05-05 12:00:00,12 days 18:00:00,-8.57,69.12,1001.8,28.1,104.51432447823652,0.0,0.0,0.0,0.0,0.0,0.0,0.0,0.0,0.0,0.0,0.0,0.0
2026-04-22 18:00:00,1,818.0,2026-05-05 18:00:00,13 days 00:00:00,-9.46,68.94,1003.7,20.2,63.62232897625266,0.0,0.0,0.0,0.0,0.0,0.0,0.0,0.0,0.0,0.0,0.0,0.0
2026-04-22 18:00:00,0,819.0,2026-05-04 12:00:00,11 days 18:00:00,8.62,141.47,1007.5,19.9,64.71888529843827,0.0,0.0,0.0,0.0,0.0,0.0,0.0,0.0,0.0,0.0,0.0,0.0
2026-04-22 18:00:00,0,819.0,2026-05-04 18:00:00,12 days 00:00:00,8.7,141.85,1005.8,20.9,90.8937412496929,0.0,0.0,0.0,0.0,0.0,0.0,0.0,0.0,0.0,0.0,0.0,0.0
2026-04-22 18:00:00,0,819.0,2026-05-05 00:00:00,12 days 06:00:00,8.39,140.93,1003.3,25.5,98.94622659999594,0.0,0.0,0.0,0.0,0.0,0.0,0.0,0.0,0.0,0.0,0.0,0.0
2026-04-22 18:00:00,0,819.0,2026-05-05 06:00:00,12 days 12:00:00,8.88,140.35,1006.6,19.8,118.76605683672794,0.0,0.0,0.0,0.0,0.0,0.0,0.0,0.0,0.0,0.0,0.0,0.0
2026-04-22 18:00:00,0,819.0,2026-05-05 12:00:00,12 days 18:00:00,8.77,139.57,1004.8,23.9,90.97050159822612,0.0,0.0,0.0,0.0,0.0,0.0,0.0,0.0,0.0,0.0,0.0,0.0
2026-04-22 18:00:00,0,819.0,2026-05-05 18:00:00,13 days 00:00:00,8.32,138.41,999.3,33.5,35.79727038158901,0.0,0.0,0.0,0.0,0.0,0.0,0.0,0.0,0.0,0.0,0.0,0.0
2026-04-22 18:00:00,1,825.0,2026-04-30 18:00:00,8 days 00:00:00,8.09,131.52,1007.8,18.2,82.08167220287784,0.0,0.0,0.0,0.0,0.0,0.0,0.0,0.0,0.0,0.0,0.0,0.0
2026-04-22 18:00:00,1,825.0,2026-05-01 00:00:00,8 days 06:00:00,8.46,130.92,1005.9,22.3,86.32715363091307,0.0,0.0,0.0,0.0,0.0,0.0,0.0,0.0,0.0,0.0,0.0,0.0
2026-04-22 18:00:00,1,825.0,2026-05-01 06:00:00,8 days 12:00:00,9.33,129.08,1006.5,30.7,145.34298245902156,0.0,0.0,0.0,0.0,0.0,0.0,0.0,0.0,0.0,0.0,0.0,0.0
2026-04-22 18:00:00,1,825.0,2026-05-01 12:00:00,8 days 18:00:00,9.41,129.12,1005.6,24.8,56.658327079004096,0.0,0.0,0.0,0.0,0.0,0.0,0.0,0.0,0.0,0.0,0.0,0.0
2026-04-22 18:00:00,1,825.0,2026-05-01 18:00:00,9 days 00:00:00,9.86,128.31,1002.2,25.5,52.67125615792777,0.0,0.0,0.0,0.0,0.0,0.0,0.0,0.0,0.0,0.0,0.0,0.0
2026-04-22 18:00:00,1,825.0,2026-05-02 00:00:00,9 days 06:00:00,9.96,127.77,1002.3,32.4,61.79242345477188,0.0,0.0,0.0,0.0,0.0,0.0,0.0,0.0,0.0,0.0,0.0,0.0
2026-04-22 18:00:00,1,825.0,2026-05-02 06:00:00,9 days 12:00:00,10.24,127.66,996.9,34.8,38.94553407649353,0.0,0.0,38.94553407649353,0.0186856850269783,0.0,0.0,0.0,0.0,0.0,0.0,0.0,0.0
2026-04-22 18:00:00,1,825.0,2026-05-02 12:00:00,9 days 18:00:00,10.44,127.16,988.4,51.9,19.128889208421,80.64617577209437,51.346283506743234,66.35481927283638,71.64478394476035,43.45925601085555,35.845491079516215,27.89408393876026,36.28423877910187,0.0,0.0,0.0,0.0
2026-04-22 18:00:00,1,825.0,2026-05-02 18:00:00,10 days 00:00:00,10.5,126.71,985.4,71.0,18.438515377510942,94.17620551774192,84.35036658416277,72.4391831161711,89.63673902792301,54.33772034500624,50.22853526235809,40.68686195796408,43.94819397663609,18.438515377510942,14.66987587907222,13.52589662540124,14.219211649420584
2026-04-22 18:00:00,1,825.0,2026-05-03 00:00:00,10 days 06:00:00,10.82,126.27,980.4,71.7,17.784061647807235,79.09134795950823,62.68103502529112,64.77726529303204,80.20988013620826,56.48639112895727,44.352966595404965,39.68500260216434,45.486522888168665,17.784061647807235,4.827439212759244,4.73343070491651,6.92335426832047
2026-04-22 18:00:00,1,825.0,2026-05-03 06:00:00,10 days 12:00:00,10.43,126.25,951.2,109.4,0.0,104.0095415749055,77.49727624558837,101.4910360814302,117.89713700130724,56.264821243573486,46.01510394223831,46.28871513992223,53.82411639824356,31.89433407129322,26.729701497042704,24.30253604957061,29.6150753816213
2026-04-22 18:00:00,1,825.0,2026-05-03 12:00:00,10 days 18:00:00,10.64,125.31,962.0,89.7,30.026474246202103,57.71556441769131,50.88259241838013,45.46077405035872,62.32080682763522,30.026474246202103,20.12296017909605,14.492429900501753,26.55817409217189,30.026474246202103,12.414530611783016,9.962345627972931,13.75442768696178
2026-04-22 18:00:00,1,825.0,2026-05-03 18:00:00,11 days 00:00:00,10.53,125.05,966.4,91.0,38.545910302939376,69.24876972649868,42.963494685236704,32.47855318254841,64.10716442698953,54.514617594727184,42.963494685236704,32.47855318254841,56.91085642251774,30.699275881775986,27.84574725912406,20.74444575476977,38.545910302939376
2026-04-22 18:00:00,1,825.0,2026-05-04 00:00:00,11 days 06:00:00,10.55,124.57,980.5,69.5,23.5325228994405,44.66470906285421,21.21305568312729,30.361321874913347,43.42302033970079,23.5325228994405,14.525494732838409,10.261217930148016,21.090093520394785,23.5325228994405,6.993351426714177,5.96568144394386,8.385760116183715
2026-04-22 18:00:00,1,825.0,2026-05-04 06:00:00,11 days 12:00:00,10.73,123.83,966.3,91.0,12.262837023356568,83.72834398350119,54.67879121224554,56.50913513497104,64.95276803587107,42.83997468869008,32.52518222158431,25.758192273969044,35.10876981468794,12.262837023356568,2.081026657840616,3.902258229633359,5.642590339068961
2026-04-22 18:00:00,1,825.0,2026-05-04 12:00:00,11 days 18:00:00,10.61,123.4,981.4,68.7,16.959204265710937,86.76589652932043,53.84342223106232,47.78544172031489,73.73882815140026,44.0312685075445,36.32355526240936,29.510040439203195,38.61880783580513,16.959204265710937,4.681074110599316,2.84086141110385,4.695866281841768
2026-04-22 18:00:00,1,825.0,2026-05-04 18:00:00,12 days 00:00:00,10.65,122.41,961.8,89.0,0.0,107.23567107111174,94.76252861230952,93.07460657419328,110.25488090252014,66.3408113639253,56.99258882051969,57.27241866045674,57.70706341824441,22.049966561313305,20.443233336403157,18.560057070058605,20.353952836361785
2026-04-22 18:00:00,1,825.0,2026-05-05 00:00:00,12 days 06:00:00,10.24,121.13,982.0,72.8,11.435469420774568,113.70710227421728,68.501622305011,54.28893177192389,102.45647853425776,61.37542377289945,47.112872447087824,34.6115729130308,51.920965288255815,14.386955012441538,11.919480143007618,8.746953396517661,13.067591849965526
2026-04-22 18:00:00,1,825.0,2026-05-05 06:00:00,12 days 12:00:00,10.51,120.09,976.6,74.3,6.697628566205248,86.965932499041,47.660929693871,50.45042114919403,80.39507559479541,46.72657738120098,37.87874338797816,29.614563038352028,42.83170899439645,17.41260511827435,13.859062015372604,12.5800571473113,16.52449567781559
2026-04-22 18:00:00,1,825.0,2026-05-05 12:00:00,12 days 18:00:00,9.9,118.59,984.3,62.2,45.99064599646493,57.05096981395241,43.719879078653605,18.527275092573,49.83235723373137,45.99064599646493,15.326374373218831,12.245351692016987,18.073742565539646,0.0,0.0,0.0,0.0
2026-04-22 18:00:00,1,825.0,2026-05-05 18:00:00,13 days 00:00:00,10.54,117.38,993.8,51.6,4.819261630086274,67.2039077289239,42.09690048866286,26.905900975478392,55.24653806221426,31.665694597596644,24.331794287082488,15.96256244388826,22.83393906102988,0.0,0.0,0.0,0.0
2026-04-22 18:00:00,2,826.0,2026-05-04 18:00:00,12 days 00:00:00,-8.59,56.23,1003.5,21.2,91.62691594674448,0.0,0.0,0.0,0.0,0.0,0.0,0.0,0.0,0.0,0.0,0.0,0.0
2026-04-22 18:00:00,2,826.0,2026-05-05 00:00:00,12 days 06:00:00,-8.23,56.37,1001.2,21.9,58.3518915078386,0.0,0.0,0.0,0.0,0.0,0.0,0.0,0.0,0.0,0.0,0.0,0.0
2026-04-22 18:00:00,2,826.0,2026-05-05 06:00:00,12 days 12:00:00,-8.97,56.51,1005.8,22.2,87.49537175734933,0.0,0.0,0.0,0.0,0.0,0.0,0.0,0.0,0.0,0.0,0.0,0.0
2026-04-22 18:00:00,2,826.0,2026-05-05 12:00:00,12 days 18:00:00,-10.03,56.64,1001.4,28.4,91.57298715268983,0.0,0.0,0.0,0.0,0.0,0.0,0.0,0.0,0.0,0.0,0.0,0.0
2026-04-22 18:00:00,2,826.0,2026-05-05 18:00:00,13 days 00:00:00,-10.06,57.01,1002.9,33.2,75.68681275365213,0.0,0.0,0.0,0.0,0.0,0.0,0.0,0.0,0.0,0.0,0.0,0.0
2026-04-22 18:00:00,1,827.0,2026-05-03 12:00:00,10 days 18:00:00,-8.24,65.82,1004.1,23.5,81.93261257214664,0.0,0.0,0.0,0.0,0.0,0.0,0.0,0.0,0.0,0.0,0.0,0.0
2026-04-22 18:00:00,1,827.0,2026-05-03 18:00:00,11 days 00:00:00,-8.23,65.51,1000.1,40.3,99.60688924399642,99.60688924399642,3.611882026865614,0.3480067420277213,2.7570363868281467,0.0,0.0,0.0,0.0,0.0,0.0,0.0,0.0
2026-04-22 18:00:00,1,827.0,2026-05-04 00:00:00,11 days 06:00:00,-9.74,66.09,999.3,28.4,69.31841910055981,0.0,0.0,0.0,0.0,0.0,0.0,0.0,0.0,0.0,0.0,0.0,0.0
2026-04-22 18:00:00,1,827.0,2026-05-04 06:00:00,11 days 12:00:00,-11.11,66.67,999.7,31.1,145.40108570879,0.0,0.0,0.0,0.0,0.0,0.0,0.0,0.0,0.0,0.0,0.0,0.0
2026-04-22 18:00:00,1,827.0,2026-05-04 12:00:00,11 days 18:00:00,-11.39,67.16,998.3,39.6,149.39713622838678,149.39713622838678,40.78499884494909,33.905531594250164,38.05759590527024,0.0,0.0,0.0,0.0,0.0,0.0,0.0,0.0
2026-04-22 18:00:00,1,827.0,2026-05-04 18:00:00,12 days 00:00:00,-11.96,67.25,996.5,35.8,113.5522239577092,0.0,0.0,3.2560174598874063,113.5522239577092,0.0,0.0,0.0,0.0,0.0,0.0,0.0,0.0
2026-04-22 18:00:00,1,827.0,2026-05-05 00:00:00,12 days 06:00:00,-12.5,67.73,994.2,41.3,70.48453696829148,70.48453696829148,8.471515604600082,4.49375190755094,3.8434901037534495,0.0,0.0,0.0,0.0,0.0,0.0,0.0,0.0
2026-04-22 18:00:00,1,827.0,2026-05-05 06:00:00,12 days 12:00:00,-13.18,68.11,990.8,47.2,47.08435478984627,194.89592223773624,196.7302724402892,156.67038646066223,160.51071122761368,0.0,0.0,0.0,0.0,0.0,0.0,0.0,0.0
2026-04-22 18:00:00,1,827.0,2026-05-05 12:00:00,12 days 18:00:00,-13.76,68.08,988.0,50.1,36.81895351607457,223.48019264090323,237.16718960426388,197.14814179132367,181.24196513873204,1.7329943964629504,36.81895351607457,1.4045090773996698,0.0786650601516306,0.0,0.0,0.0,0.0
2026-04-22 18:00:00,1,827.0,2026-05-05 18:00:00,13 days 00:00:00,-14.53,67.75,989.1,56.8,45.03263668776397,192.45103597784887,217.344302108369,180.4984816170841,162.8109598584304,119.4097556818348,118.76637779069,95.96509584266728,95.4718966428896,0.0,0.0,0.0,0.0
2026-04-22 18:00:00,6,828.0,2026-05-04 00:00:00,11 days 06:00:00,7.15,144.39,1003.8,23.7,69.59906133484797,0.0,0.0,0.0,0.0,0.0,0.0,0.0,0.0,0.0,0.0,0.0,0.0
2026-04-22 18:00:00,6,828.0,2026-05-04 06:00:00,11 days 12:00:00,7.49,143.59,1006.3,18.9,130.11430540383128,0.0,0.0,0.0,0.0,0.0,0.0,0.0,0.0,0.0,0.0,0.0,0.0
2026-04-22 18:00:00,6,828.0,2026-05-04 12:00:00,11 days 18:00:00,8.15,142.55,1003.9,21.5,73.64521500225919,0.0,0.0,0.0,0.0,0.0,0.0,0.0,0.0,0.0,0.0,0.0,0.0
2026-04-22 18:00:00,6,828.0,2026-05-04 18:00:00,12 days 00:00:00,8.63,141.42,1003.1,23.4,111.5166548594807,0.0,0.0,0.0,0.0,0.0,0.0,0.0,0.0,0.0,0.0,0.0,0.0
2026-04-22 18:00:00,6,828.0,2026-05-05 00:00:00,12 days 06:00:00,9.13,140.23,1000.8,29.3,44.372505848894605,0.0,0.0,0.0,0.0,0.0,0.0,0.0,0.0,0.0,0.0,0.0,0.0
2026-04-22 18:00:00,6,828.0,2026-05-05 06:00:00,12 days 12:00:00,9.5,139.34,1000.9,35.5,66.38346031510198,107.20070327512298,99.81774199978344,90.33282735655956,94.65346110167953,0.0,0.0,0.0,0.0,0.0,0.0,0.0,0.0
2026-04-22 18:00:00,6,828.0,2026-05-05 12:00:00,12 days 18:00:00,9.83,137.96,1001.8,40.1,41.327633095495145,103.08311352009945,82.5608411159495,51.087592988807344,85.91144293892033,0.0,0.0,0.0,0.0,0.0,0.0,0.0,0.0
2026-04-22 18:00:00,6,828.0,2026-05-05 18:00:00,13 days 00:00:00,10.34,137.22,995.7,46.2,18.79331575380212,152.58847721483698,119.10193765791314,77.33834928565938,127.38725532933933,0.0,0.0,0.0,0.0,0.0,0.0,0.0,0.0
2026-04-22 18:00:00,7,828.0,2026-05-04 06:00:00,11 days 12:00:00,-9.83,63.22,1001.0,29.0,102.26145641254352,0.0,0.0,0.0,0.0,0.0,0.0,0.0,0.0,0.0,0.0,0.0,0.0
2026-04-22 18:00:00,7,828.0,2026-05-04 12:00:00,11 days 18:00:00,-10.12,63.21,1002.3,30.2,57.839430320222135,0.0,0.0,0.0,0.0,0.0,0.0,0.0,0.0,0.0,0.0,0.0,0.0
2026-04-22 18:00:00,7,828.0,2026-05-04 18:00:00,12 days 00:00:00,-10.57,63.32,998.9,34.7,109.730736266432,109.730736266432,2.861907733093843,0.0,1.3537630462351635,0.0,0.0,0.0,0.0,0.0,0.0,0.0,0.0
2026-04-22 18:00:00,7,828.0,2026-05-05 00:00:00,12 days 06:00:00,-10.85,63.17,1001.3,30.3,50.25114196582713,0.0,0.0,0.0,0.0,0.0,0.0,0.0,0.0,0.0,0.0,0.0,0.0
2026-04-22 18:00:00,7,828.0,2026-05-05 06:00:00,12 days 12:00:00,-11.39,63.41,1001.2,34.6,58.14198479418405,4.026839703818512,58.14198479418405,1.9830898129538488,0.0,0.0,0.0,0.0,0.0,0.0,0.0,0.0,0.0
2026-04-22 18:00:00,7,828.0,2026-05-05 12:00:00,12 days 18:00:00,-12.28,63.7,984.8,49.4,35.99636462233745,133.45493860994185,137.52758412347652,120.88162722065098,122.60192945763347,0.0,0.0,0.0,0.0,0.0,0.0,0.0,0.0
2026-04-22 18:00:00,7,828.0,2026-05-05 18:00:00,13 days 00:00:00,-12.9,63.35,994.9,41.4,44.44756495118525,25.85018613666893,44.44756495118525,21.127525286791418,9.754508439042542,0.0,0.0,0.0,0.0,0.0,0.0,0.0,0.0
2026-04-22 18:00:00,0,836.0,2026-05-02 00:00:00,9 days 06:00:00,8.09,67.19,1006.9,21.4,107.33379329071056,0.0,0.0,0.0,0.0,0.0,0.0,0.0,0.0,0.0,0.0,0.0,0.0
2026-04-22 18:00:00,0,836.0,2026-05-02 06:00:00,9 days 12:00:00,7.93,67.83,1007.8,14.4,69.37978080524601,0.0,0.0,0.0,0.0,0.0,0.0,0.0,0.0,0.0,0.0,0.0,0.0
2026-04-22 18:00:00,0,836.0,2026-05-02 12:00:00,9 days 18:00:00,8.6,66.71,1004.1,27.6,128.35280410398445,0.0,0.0,0.0,0.0,0.0,0.0,0.0,0.0,0.0,0.0,0.0,0.0
2026-04-22 18:00:00,0,836.0,2026-05-02 18:00:00,10 days 00:00:00,8.78,66.82,1000.5,30.0,52.01327794417978,0.0,0.0,0.0,0.0,0.0,0.0,0.0,0.0,0.0,0.0,0.0,0.0
2026-04-22 18:00:00,0,836.0,2026-05-03 00:00:00,10 days 06:00:00,9.19,67.37,1006.0,25.4,28.60411489826352,0.0,0.0,0.0,0.0,0.0,0.0,0.0,0.0,0.0,0.0,0.0,0.0
2026-04-22 18:00:00,0,836.0,2026-05-03 06:00:00,10 days 12:00:00,8.58,67.4,1004.3,21.1,94.35612056945742,0.0,0.0,0.0,0.0,0.0,0.0,0.0,0.0,0.0,0.0,0.0,0.0
2026-04-22 18:00:00,0,836.0,2026-05-03 12:00:00,10 days 18:00:00,8.79,67.23,1001.5,32.9,37.056419222093226,0.0,0.0,0.0,0.0,0.0,0.0,0.0,0.0,0.0,0.0,0.0,0.0
2026-04-22 18:00:00,0,836.0,2026-05-03 18:00:00,11 days 00:00:00,8.59,67.1,995.8,30.9,39.10264156280285,0.0,0.0,0.0,0.0,0.0,0.0,0.0,0.0,0.0,0.0,0.0,0.0
2026-04-22 18:00:00,0,836.0,2026-05-04 00:00:00,11 days 06:00:00,8.75,66.76,998.8,32.2,72.20768104398019,0.0,0.0,0.0,0.0,0.0,0.0,0.0,0.0,0.0,0.0,0.0,0.0
2026-04-22 18:00:00,0,836.0,2026-05-04 06:00:00,11 days 12:00:00,8.5,66.4,997.3,41.1,41.17913239274316,66.42759160335454,40.64566255431242,41.88548237452348,74.45472414286066,0.0,0.0,0.0,0.0,0.0,0.0,0.0,0.0
2026-04-22 18:00:00,0,836.0,2026-05-04 12:00:00,11 days 18:00:00,8.2,66.4,1000.4,41.0,25.198357349948857,0.0,0.0,25.198357349948857,0.0,0.0,0.0,0.0,0.0,0.0,0.0,0.0,0.0
2026-04-22 18:00:00,0,836.0,2026-05-04 18:00:00,12 days 00:00:00,8.37,65.34,996.9,41.1,39.42422276680294,15.086747527163446,15.704651671928076,11.944958684955868,39.42422276680294,0.0,0.0,0.0,0.0,0.0,0.0,0.0,0.0
2026-04-22 18:00:00,0,836.0,2026-05-05 00:00:00,12 days 06:00:00,8.85,65.4,1002.6,31.6,101.74531865073762,0.0,0.0,0.0,0.0,0.0,0.0,0.0,0.0,0.0,0.0,0.0,0.0
2026-04-22 18:00:00,0,836.0,2026-05-05 06:00:00,12 days 12:00:00,8.77,64.27,998.7,34.0,30.57429813419792,0.0,0.0,0.0,0.0,0.0,0.0,0.0,0.0,0.0,0.0,0.0,0.0
2026-04-22 18:00:00,0,836.0,2026-05-05 12:00:00,12 days 18:00:00,9.11,63.48,1003.8,28.6,109.60254120117057,0.0,0.0,0.0,0.0,0.0,0.0,0.0,0.0,0.0,0.0,0.0,0.0
2026-04-22 18:00:00,0,836.0,2026-05-05 18:00:00,13 days 00:00:00,8.86,63.42,1005.4,29.9,54.24051853881363,0.0,0.0,0.0,0.0,0.0,0.0,0.0,0.0,0.0,0.0,0.0,0.0
2026-04-22 18:00:00,4,839.0,2026-05-05 00:00:00,12 days 06:00:00,-10.46,58.18,1000.5,33.9,158.43573054708156,0.0,0.0,0.0,0.0,0.0,0.0,0.0,0.0,0.0,0.0,0.0,0.0
2026-04-22 18:00:00,4,839.0,2026-05-05 06:00:00,12 days 12:00:00,-10.41,58.59,1001.3,33.3,85.79804676327363,0.0,0.0,0.0,0.0,0.0,0.0,0.0,0.0,0.0,0.0,0.0,0.0
2026-04-22 18:00:00,4,839.0,2026-05-05 12:00:00,12 days 18:00:00,-11.04,58.95,1000.6,27.1,92.3261969340514,0.0,0.0,0.0,0.0,0.0,0.0,0.0,0.0,0.0,0.0,0.0,0.0
2026-04-22 18:00:00,4,839.0,2026-05-05 18:00:00,13 days 00:00:00,-11.92,59.49,1002.1,32.4,112.29866484178189,0.0,0.0,0.0,0.0,0.0,0.0,0.0,0.0,0.0,0.0,0.0,0.0
2026-04-22 18:00:00,3,841.0,2026-05-02 18:00:00,10 days 00:00:00,8.92,156.34,1008.5,13.8,59.0724239764109,0.0,0.0,0.0,0.0,0.0,0.0,0.0,0.0,0.0,0.0,0.0,0.0
2026-04-22 18:00:00,3,841.0,2026-05-03 00:00:00,10 days 06:00:00,9.05,156.83,1010.2,15.5,86.61945257434286,0.0,0.0,0.0,0.0,0.0,0.0,0.0,0.0,0.0,0.0,0.0,0.0
2026-04-22 18:00:00,3,841.0,2026-05-03 06:00:00,10 days 12:00:00,8.7,156.32,1004.9,15.9,143.75295156989642,0.0,0.0,0.0,0.0,0.0,0.0,0.0,0.0,0.0,0.0,0.0,0.0
2026-04-22 18:00:00,3,841.0,2026-05-03 12:00:00,10 days 18:00:00,8.26,156.04,1007.0,18.5,120.1734775801605,0.0,0.0,0.0,0.0,0.0,0.0,0.0,0.0,0.0,0.0,0.0,0.0
2026-04-22 18:00:00,3,841.0,2026-05-03 18:00:00,11 days 00:00:00,8.36,156.08,1004.9,16.9,56.74443594348105,0.0,0.0,0.0,0.0,0.0,0.0,0.0,0.0,0.0,0.0,0.0,0.0
2026-04-22 18:00:00,3,841.0,2026-05-04 00:00:00,11 days 06:00:00,7.62,156.01,1003.3,27.0,69.25721400288725,0.0,0.0,0.0,0.0,0.0,0.0,0.0,0.0,0.0,0.0,0.0,0.0
2026-04-22 18:00:00,3,841.0,2026-05-04 06:00:00,11 days 12:00:00,7.16,155.18,1002.5,26.6,47.93275689491404,0.0,0.0,0.0,0.0,0.0,0.0,0.0,0.0,0.0,0.0,0.0,0.0
2026-04-22 18:00:00,3,841.0,2026-05-04 12:00:00,11 days 18:00:00,7.01,155.68,1006.7,20.1,79.76685009469854,0.0,0.0,0.0,0.0,0.0,0.0,0.0,0.0,0.0,0.0,0.0,0.0
2026-04-22 18:00:00,3,841.0,2026-05-04 18:00:00,12 days 00:00:00,7.49,155.17,1005.3,22.9,97.70300616185072,0.0,0.0,0.0,0.0,0.0,0.0,0.0,0.0,0.0,0.0,0.0,0.0
2026-04-22 18:00:00,3,841.0,2026-05-05 00:00:00,12 days 06:00:00,7.81,154.76,1003.2,28.1,71.26278437436909,0.0,0.0,0.0,0.0,0.0,0.0,0.0,0.0,0.0,0.0,0.0,0.0
2026-04-22 18:00:00,3,841.0,2026-05-05 06:00:00,12 days 12:00:00,8.05,154.25,1002.1,26.6,92.32166811092137,0.0,0.0,0.0,0.0,0.0,0.0,0.0,0.0,0.0,0.0,0.0,0.0
2026-04-22 18:00:00,3,841.0,2026-05-05 12:00:00,12 days 18:00:00,8.81,153.07,993.7,47.6,34.695539412488706,10.3766796876965,34.695539412488706,9.036960325110575,7.424604036102533,0.0,0.0,0.0,0.0,0.0,0.0,0.0,0.0
2026-04-22 18:00:00,3,841.0,2026-05-05 18:00:00,13 days 00:00:00,8.78,152.41,1003.1,32.5,52.82525670000449,0.0,0.0,0.0,0.0,0.0,0.0,0.0,0.0,0.0,0.0,0.0,0.0
2026-04-22 18:00:00,2,844.0,2026-05-04 12:00:00,11 days 18:00:00,-6.96,66.53,1006.3,17.3,141.92272871621287,0.0,0.0,0.0,0.0,0.0,0.0,0.0,0.0,0.0,0.0,0.0,0.0
2026-04-22 18:00:00,2,844.0,2026-05-04 18:00:00,12 days 00:00:00,-7.94,66.6,1004.6,23.5,67.07132323860026,0.0,0.0,0.0,0.0,0.0,0.0,0.0,0.0,0.0,0.0,0.0,0.0
2026-04-22 18:00:00,2,844.0,2026-05-05 00:00:00,12 days 06:00:00,-7.84,66.67,1004.2,23.7,83.52805345679512,0.0,0.0,0.0,0.0,0.0,0.0,0.0,0.0,0.0,0.0,0.0,0.0
2026-04-22 18:00:00,2,844.0,2026-05-05 06:00:00,12 days 12:00:00,-7.84,67.23,1002.2,27.3,77.92010290650538,0.0,0.0,0.0,0.0,0.0,0.0,0.0,0.0,0.0,0.0,0.0,0.0
2026-04-22 18:00:00,2,844.0,2026-05-05 12:00:00,12 days 18:00:00,-7.71,67.92,997.8,33.2,105.96323412873942,0.0,0.0,0.0,0.0,0.0,0.0,0.0,0.0,0.0,0.0,0.0,0.0
2026-04-22 18:00:00,2,844.0,2026-05-05 18:00:00,13 days 00:00:00,-8.0,67.9,1000.6,33.4,106.11264709287153,0.0,0.0,0.0,0.0,0.0,0.0,0.0,0.0,0.0,0.0,0.0,0.0
2026-04-22 18:00:00,1,845.0,2026-05-04 18:00:00,12 days 00:00:00,6.09,63.66,1003.1,22.2,149.30985492254246,0.0,0.0,0.0,0.0,0.0,0.0,0.0,0.0,0.0,0.0,0.0,0.0
2026-04-22 18:00:00,1,845.0,2026-05-05 00:00:00,12 days 06:00:00,6.09,62.54,1003.9,26.9,119.26711160859588,0.0,0.0,0.0,0.0,0.0,0.0,0.0,0.0,0.0,0.0,0.0,0.0
2026-04-22 18:00:00,1,845.0,2026-05-05 06:00:00,12 days 12:00:00,6.84,62.06,1005.9,21.2,134.72611778053474,0.0,0.0,0.0,0.0,0.0,0.0,0.0,0.0,0.0,0.0,0.0,0.0
2026-04-22 18:00:00,1,845.0,2026-05-05 12:00:00,12 days 18:00:00,7.81,62.25,1002.7,28.6,51.30636159163021,0.0,0.0,0.0,0.0,0.0,0.0,0.0,0.0,0.0,0.0,0.0,0.0
2026-04-22 18:00:00,1,845.0,2026-05-05 18:00:00,13 days 00:00:00,8.23,61.03,1002.2,30.7,49.93844155313852,0.0,0.0,0.0,0.0,0.0,0.0,0.0,0.0,0.0,0.0,0.0,0.0
2026-04-22 18:00:00,2,849.0,2026-05-04 06:00:00,11 days 12:00:00,6.54,142.07,1007.5,21.6,115.40565519872642,0.0,0.0,0.0,0.0,0.0,0.0,0.0,0.0,0.0,0.0,0.0,0.0
2026-04-22 18:00:00,2,849.0,2026-05-04 12:00:00,11 days 18:00:00,6.67,141.42,1006.2,24.6,43.79153960695059,0.0,0.0,0.0,0.0,0.0,0.0,0.0,0.0,0.0,0.0,0.0,0.0
2026-04-22 18:00:00,2,849.0,2026-05-04 18:00:00,12 days 00:00:00,6.97,140.75,998.8,32.1,39.959278816844574,0.0,0.0,0.0,0.0,0.0,0.0,0.0,0.0,0.0,0.0,0.0,0.0
2026-04-22 18:00:00,2,849.0,2026-05-05 00:00:00,12 days 06:00:00,6.76,139.98,1002.1,31.6,49.2623684174404,0.0,0.0,0.0,0.0,0.0,0.0,0.0,0.0,0.0,0.0,0.0,0.0
2026-04-22 18:00:00,2,849.0,2026-05-05 06:00:00,12 days 12:00:00,7.1,139.58,997.8,45.7,33.87853691501869,121.28866533566276,101.31143135769896,76.33179476316312,93.64228970668034,0.0,0.0,0.0,0.0,0.0,0.0,0.0,0.0
2026-04-22 18:00:00,2,849.0,2026-05-05 12:00:00,12 days 18:00:00,7.53,138.82,1001.5,50.6,25.205314519178827,37.46892572195056,17.504027541910016,18.05596055056249,34.93605695766471,25.205314519178827,9.151917231414451,6.484136712055759,11.293649077912583,0.0,0.0,0.0,0.0
2026-04-22 18:00:00,2,849.0,2026-05-05 18:00:00,13 days 00:00:00,7.68,137.87,991.4,56.2,25.00578000886977,67.93996802838166,55.23527065941488,36.75456479685503,59.67741392837248,25.00578000886977,7.489488381774104,3.970403719096688,9.542486332723966,0.0,0.0,0.0,0.0
2026-04-22 18:00:00,3,850.0,2026-05-05 00:00:00,12 days 06:00:00,-10.11,54.29,1009.2,22.7,65.97041597551375,0.0,0.0,0.0,0.0,0.0,0.0,0.0,0.0,0.0,0.0,0.0,0.0
2026-04-22 18:00:00,3,850.0,2026-05-05 06:00:00,12 days 12:00:00,-10.6,53.1,1003.0,28.0,48.24844476057381,0.0,0.0,0.0,0.0,0.0,0.0,0.0,0.0,0.0,0.0,0.0,0.0
2026-04-22 18:00:00,3,850.0,2026-05-05 12:00:00,12 days 18:00:00,-10.42,52.24,1001.8,29.4,87.15777106636679,0.0,0.0,0.0,0.0,0.0,0.0,0.0,0.0,0.0,0.0,0.0,0.0
2026-04-22 18:00:00,3,850.0,2026-05-05 18:00:00,13 days 00:00:00,-10.0,50.79,1001.9,30.6,89.0515697266323,0.0,0.0,0.0,0.0,0.0,0.0,0.0,0.0,0.0,0.0,0.0,0.0
2026-04-22 18:00:00,2,851.0,2026-05-03 12:00:00,10 days 18:00:00,8.61,149.99,1003.8,23.9,59.50942611222325,0.0,0.0,0.0,0.0,0.0,0.0,0.0,0.0,0.0,0.0,0.0,0.0
2026-04-22 18:00:00,2,851.0,2026-05-03 18:00:00,11 days 00:00:00,8.81,149.28,1007.3,20.9,69.46466727201037,0.0,0.0,0.0,0.0,0.0,0.0,0.0,0.0,0.0,0.0,0.0,0.0
2026-04-22 18:00:00,2,851.0,2026-05-04 00:00:00,11 days 06:00:00,8.88,148.08,1003.9,25.5,49.41705288903236,0.0,0.0,0.0,0.0,0.0,0.0,0.0,0.0,0.0,0.0,0.0,0.0
2026-04-22 18:00:00,2,851.0,2026-05-04 06:00:00,11 days 12:00:00,9.87,147.13,1003.6,26.5,72.28053086837076,0.0,0.0,0.0,0.0,0.0,0.0,0.0,0.0,0.0,0.0,0.0,0.0
2026-04-22 18:00:00,2,851.0,2026-05-04 12:00:00,11 days 18:00:00,9.07,146.47,1003.2,25.2,64.32525339547004,0.0,0.0,0.0,0.0,0.0,0.0,0.0,0.0,0.0,0.0,0.0,0.0
2026-04-22 18:00:00,2,851.0,2026-05-04 18:00:00,12 days 00:00:00,9.28,144.92,1002.3,33.2,64.18326282399781,0.0,0.0,0.0,0.0,0.0,0.0,0.0,0.0,0.0,0.0,0.0,0.0
2026-04-22 18:00:00,2,851.0,2026-05-05 00:00:00,12 days 06:00:00,9.41,143.99,998.7,34.1,43.92241588823062,43.92241588823062,0.0797268081167681,0.0,0.0,0.0,0.0,0.0,0.0,0.0,0.0,0.0,0.0
2026-04-22 18:00:00,2,851.0,2026-05-05 06:00:00,12 days 12:00:00,9.82,142.86,1002.1,30.4,105.3384835478999,0.0,0.0,0.0,0.0,0.0,0.0,0.0,0.0,0.0,0.0,0.0,0.0
2026-04-22 18:00:00,2,851.0,2026-05-05 12:00:00,12 days 18:00:00,10.4,142.19,999.6,37.7,60.74622765587056,151.0774186814573,135.70523252302803,102.39862657650838,125.94843378577622,0.0,0.0,0.0,0.0,0.0,0.0,0.0,0.0
2026-04-22 18:00:00,2,851.0,2026-05-05 18:00:00,13 days 00:00:00,10.78,140.85,997.4,46.1,13.38850864733934,70.34909898047015,55.25217696156777,40.207228546406,58.09894041768905,0.0,0.0,0.0,0.0,0.0,0.0,0.0,0.0
2026-04-22 18:00:00,3,852.0,2026-05-03 00:00:00,10 days 06:00:00,36.92,-37.94,998.5,32.2,81.13530751038473,0.0,0.0,0.0,0.0,0.0,0.0,0.0,0.0,0.0,0.0,0.0,0.0
2026-04-22 18:00:00,3,852.0,2026-05-03 06:00:00,10 days 12:00:00,36.51,-38.8,998.7,31.7,88.57725539521562,0.0,0.0,0.0,0.0,0.0,0.0,0.0,0.0,0.0,0.0,0.0,0.0
2026-04-22 18:00:00,3,852.0,2026-05-03 12:00:00,10 days 18:00:00,37.73,-37.55,993.3,35.4,148.4777381985751,0.0,0.0,148.4777381985751,0.0,0.0,0.0,0.0,0.0,0.0,0.0,0.0,0.0
2026-04-22 18:00:00,3,852.0,2026-05-03 18:00:00,11 days 00:00:00,38.32,-37.76,992.7,41.2,142.62195272420797,508.9109412289232,494.0422079467751,431.80268730220007,454.4515609749326,0.0,0.0,0.0,0.0,0.0,0.0,0.0,0.0
2026-04-22 18:00:00,3,852.0,2026-05-04 00:00:00,11 days 06:00:00,38.4,-37.9,997.2,33.4,92.94560064807744,0.0,0.0,0.0,0.0,0.0,0.0,0.0,0.0,0.0,0.0,0.0,0.0
2026-04-22 18:00:00,3,852.0,2026-05-04 06:00:00,11 days 12:00:00,38.49,-38.07,994.1,37.8,88.71005418252129,7.960269068234101,0.2619040046322709,6.645821109551896,88.71005418252129,0.0,0.0,0.0,0.0,0.0,0.0,0.0,0.0
2026-04-22 18:00:00,3,852.0,2026-05-04 12:00:00,11 days 18:00:00,38.27,-37.92,994.4,46.4,44.57804074835775,128.40127885714065,119.16339510188072,104.06901022748173,111.01322276868184,0.0,0.0,0.0,0.0,0.0,0.0,0.0,0.0
2026-04-22 18:00:00,3,852.0,2026-05-04 18:00:00,12 days 00:00:00,38.46,-37.95,1000.1,29.8,109.21200133893126,0.0,0.0,0.0,0.0,0.0,0.0,0.0,0.0,0.0,0.0,0.0,0.0
2026-04-22 18:00:00,3,852.0,2026-05-05 00:00:00,12 days 06:00:00,38.61,-38.77,997.3,36.6,51.405665570893525,51.405665570893525,6.354598089685503,9.223233778699829,15.759925928548276,0.0,0.0,0.0,0.0,0.0,0.0,0.0,0.0
2026-04-22 18:00:00,3,852.0,2026-05-05 06:00:00,12 days 12:00:00,38.17,-39.05,1003.9,30.9,69.43856825291482,0.0,0.0,0.0,0.0,0.0,0.0,0.0,0.0,0.0,0.0,0.0,0.0
2026-04-22 18:00:00,3,852.0,2026-05-05 12:00:00,12 days 18:00:00,38.35,-38.81,997.1,39.4,55.152025737405566,0.0,2.2119957369947656,55.152025737405566,3.7661931770039994,0.0,0.0,0.0,0.0,0.0,0.0,0.0,0.0
2026-04-22 18:00:00,3,852.0,2026-05-05 18:00:00,13 days 00:00:00,37.82,-38.69,997.4,37.0,151.4958718903399,0.0,0.0,2.2868564597094405,151.4958718903399,0.0,0.0,0.0,0.0,0.0,0.0,0.0,0.0
2026-04-22 18:00:00,3,854.0,2026-05-01 00:00:00,8 days 06:00:00,8.51,129.25,1011.4,10.9,78.16945367113914,0.0,0.0,0.0,0.0,0.0,0.0,0.0,0.0,0.0,0.0,0.0,0.0
2026-04-22 18:00:00,3,854.0,2026-05-01 06:00:00,8 days 12:00:00,8.54,128.28,1007.1,16.8,66.48827266825602,0.0,0.0,0.0,0.0,0.0,0.0,0.0,0.0,0.0,0.0,0.0,0.0
2026-04-22 18:00:00,3,854.0,2026-05-01 12:00:00,8 days 18:00:00,9.18,127.73,1006.3,28.5,43.861005826848526,0.0,0.0,0.0,0.0,0.0,0.0,0.0,0.0,0.0,0.0,0.0,0.0
2026-04-22 18:00:00,3,854.0,2026-05-01 18:00:00,9 days 00:00:00,9.41,127.33,1000.2,30.7,67.6433687767476,0.0,0.0,0.0,0.0,0.0,0.0,0.0,0.0,0.0,0.0,0.0,0.0
2026-04-22 18:00:00,3,854.0,2026-05-02 00:00:00,9 days 06:00:00,9.25,126.66,1004.2,25.8,39.72470985222117,0.0,0.0,0.0,0.0,0.0,0.0,0.0,0.0,0.0,0.0,0.0,0.0
2026-04-22 18:00:00,3,854.0,2026-05-02 06:00:00,9 days 12:00:00,9.38,126.13,1003.7,23.9,57.53249287635971,0.0,0.0,0.0,0.0,0.0,0.0,0.0,0.0,0.0,0.0,0.0,0.0
2026-04-22 18:00:00,3,854.0,2026-05-02 12:00:00,9 days 18:00:00,9.45,125.79,1006.2,22.3,82.26187820752091,0.0,0.0,0.0,0.0,0.0,0.0,0.0,0.0,0.0,0.0,0.0,0.0
2026-04-22 18:00:00,3,854.0,2026-05-02 18:00:00,10 days 00:00:00,9.72,125.43,1003.6,28.3,40.127170827046825,0.0,0.0,0.0,0.0,0.0,0.0,0.0,0.0,0.0,0.0,0.0,0.0
2026-04-22 18:00:00,3,854.0,2026-05-03 00:00:00,10 days 06:00:00,9.97,124.43,1004.6,29.8,48.27635356359575,0.0,0.0,0.0,0.0,0.0,0.0,0.0,0.0,0.0,0.0,0.0,0.0
2026-04-22 18:00:00,3,854.0,2026-05-03 06:00:00,10 days 12:00:00,10.49,123.76,997.4,42.2,29.885866562258663,127.48297666501078,96.99623639550975,76.64185182678482,102.67708176283742,0.0,0.0,0.0,0.0,0.0,0.0,0.0,0.0
2026-04-22 18:00:00,3,854.0,2026-05-03 12:00:00,10 days 18:00:00,10.51,123.23,1002.6,35.9,22.56834870692344,0.0,0.0,0.5752761138336515,22.56834870692344,0.0,0.0,0.0,0.0,0.0,0.0,0.0,0.0
2026-04-22 18:00:00,3,854.0,2026-05-03 18:00:00,11 days 00:00:00,10.5,122.69,1001.0,35.5,86.5505016141295,86.5505016141295,0.0,0.0,1.0230518181634878,0.0,0.0,0.0,0.0,0.0,0.0,0.0,0.0
2026-04-22 18:00:00,3,854.0,2026-05-04 00:00:00,11 days 06:00:00,10.54,122.17,997.7,40.6,24.183255977549905,36.67527227632624,28.816183904142772,16.92826415797103,28.89315409485656,0.0,0.0,0.0,0.0,0.0,0.0,0.0,0.0
2026-04-22 18:00:00,3,854.0,2026-05-04 06:00:00,11 days 12:00:00,10.65,122.09,1000.8,35.3,74.5842159038714,76.75044367811759,57.24581177517173,33.41426017274382,55.598830700620425,0.0,0.0,0.0,0.0,0.0,0.0,0.0,0.0
2026-04-22 18:00:00,3,854.0,2026-05-04 12:00:00,11 days 18:00:00,10.87,121.96,998.2,40.1,49.63228198575887,111.31654168236643,99.73767284332112,65.59824309413614,85.6000641679441,0.0,0.0,0.0,0.0,0.0,0.0,0.0,0.0
2026-04-22 18:00:00,3,854.0,2026-05-04 18:00:00,12 days 00:00:00,11.25,121.77,1002.5,33.9,58.09484019670813,0.0,0.0,0.0,0.0,0.0,0.0,0.0,0.0,0.0,0.0,0.0,0.0
2026-04-22 18:00:00,3,854.0,2026-05-05 00:00:00,12 days 06:00:00,11.51,121.46,1002.7,30.5,56.1474631571723,0.0,0.0,0.0,0.0,0.0,0.0,0.0,0.0,0.0,0.0,0.0,0.0
2026-04-22 18:00:00,3,854.0,2026-05-05 06:00:00,12 days 12:00:00,11.79,121.27,997.3,39.4,25.31691574033828,62.65244598435183,51.53516849502424,36.63591857399596,56.71308248783627,0.0,0.0,0.0,0.0,0.0,0.0,0.0,0.0
2026-04-22 18:00:00,3,854.0,2026-05-05 12:00:00,12 days 18:00:00,12.05,120.72,996.1,41.8,19.63072833511608,68.01499938925758,53.71834706677387,38.835069658332685,51.580041655745305,0.0,0.0,0.0,0.0,0.0,0.0,0.0,0.0
2026-04-22 18:00:00,3,854.0,2026-05-05 18:00:00,13 days 00:00:00,12.06,119.65,997.6,41.0,38.03595676290179,97.60887588245504,84.47200081252298,47.23467575245876,71.10552161563864,0.0,0.0,0.0,0.0,0.0,0.0,0.0,0.0
2026-04-22 18:00:00,0,856.0,2026-05-04 00:00:00,11 days 06:00:00,8.42,64.79,1004.7,20.4,127.3248758341376,0.0,0.0,0.0,0.0,0.0,0.0,0.0,0.0,0.0,0.0,0.0,0.0
2026-04-22 18:00:00,0,856.0,2026-05-04 06:00:00,11 days 12:00:00,7.92,64.73,1001.6,21.6,87.69347326342435,0.0,0.0,0.0,0.0,0.0,0.0,0.0,0.0,0.0,0.0,0.0,0.0
2026-04-22 18:00:00,0,856.0,2026-05-04 12:00:00,11 days 18:00:00,8.14,64.64,1003.1,28.5,51.10982257785252,0.0,0.0,0.0,0.0,0.0,0.0,0.0,0.0,0.0,0.0,0.0,0.0
2026-04-22 18:00:00,0,856.0,2026-05-04 18:00:00,12 days 00:00:00,7.46,64.48,1004.0,23.9,115.56473564067451,0.0,0.0,0.0,0.0,0.0,0.0,0.0,0.0,0.0,0.0,0.0,0.0
2026-04-22 18:00:00,0,856.0,2026-05-05 00:00:00,12 days 06:00:00,8.35,64.54,1003.4,25.7,117.2899573143516,0.0,0.0,0.0,0.0,0.0,0.0,0.0,0.0,0.0,0.0,0.0,0.0
2026-04-22 18:00:00,0,856.0,2026-05-05 06:00:00,12 days 12:00:00,8.75,64.81,1006.7,24.2,66.38855399948486,0.0,0.0,0.0,0.0,0.0,0.0,0.0,0.0,0.0,0.0,0.0,0.0
2026-04-22 18:00:00,0,856.0,2026-05-05 12:00:00,12 days 18:00:00,8.75,64.29,999.4,35.2,72.93491517326122,6.271022544292803,72.93491517326122,4.629663800657808,4.729400022250881,0.0,0.0,0.0,0.0,0.0,0.0,0.0,0.0
2026-04-22 18:00:00,0,856.0,2026-05-05 18:00:00,13 days 00:00:00,9.0,63.77,1000.7,41.5,56.88970562395574,126.64864206523926,105.37334364336174,80.26892034517672,123.28001318552477,0.0,0.0,0.0,0.0,0.0,0.0,0.0,0.0
2026-04-22 18:00:00,1,858.0,2026-05-02 18:00:00,10 days 00:00:00,9.26,131.24,1004.2,19.0,64.17679452726428,0.0,0.0,0.0,0.0,0.0,0.0,0.0,0.0,0.0,0.0,0.0,0.0
2026-04-22 18:00:00,1,858.0,2026-05-03 00:00:00,10 days 06:00:00,9.33,130.39,1001.2,25.5,52.18917716791511,0.0,0.0,0.0,0.0,0.0,0.0,0.0,0.0,0.0,0.0,0.0,0.0
2026-04-22 18:00:00,1,858.0,2026-05-03 06:00:00,10 days 12:00:00,9.02,129.88,1004.5,16.9,74.66625529940147,0.0,0.0,0.0,0.0,0.0,0.0,0.0,0.0,0.0,0.0,0.0,0.0
2026-04-22 18:00:00,1,858.0,2026-05-03 12:00:00,10 days 18:00:00,9.28,128.46,1003.5,25.2,59.24196137882484,0.0,0.0,0.0,0.0,0.0,0.0,0.0,0.0,0.0,0.0,0.0,0.0
2026-04-22 18:00:00,1,858.0,2026-05-03 18:00:00,11 days 00:00:00,9.33,127.73,1001.9,26.4,64.71845679909347,0.0,0.0,0.0,0.0,0.0,0.0,0.0,0.0,0.0,0.0,0.0,0.0
2026-04-22 18:00:00,1,858.0,2026-05-04 00:00:00,11 days 06:00:00,10.24,126.66,1004.2,27.3,82.63022427443391,0.0,0.0,0.0,0.0,0.0,0.0,0.0,0.0,0.0,0.0,0.0,0.0
2026-04-22 18:00:00,1,858.0,2026-05-04 06:00:00,11 days 12:00:00,10.12,125.89,1001.5,34.4,57.40832619727199,57.40832619727199,39.82890526730549,35.542358439998104,44.42659479466836,0.0,0.0,0.0,0.0,0.0,0.0,0.0,0.0
2026-04-22 18:00:00,1,858.0,2026-05-04 12:00:00,11 days 18:00:00,10.49,125.03,998.4,31.9,42.10916964930255,0.0,0.0,0.0,0.0,0.0,0.0,0.0,0.0,0.0,0.0,0.0,0.0
2026-04-22 18:00:00,1,858.0,2026-05-04 18:00:00,12 days 00:00:00,9.51,123.38,1003.4,28.0,101.84361446705788,0.0,0.0,0.0,0.0,0.0,0.0,0.0,0.0,0.0,0.0,0.0,0.0
2026-04-22 18:00:00,1,858.0,2026-05-05 00:00:00,12 days 06:00:00,9.71,121.67,1002.6,26.3,53.282873489828354,0.0,0.0,0.0,0.0,0.0,0.0,0.0,0.0,0.0,0.0,0.0,0.0
2026-04-22 18:00:00,1,858.0,2026-05-05 06:00:00,12 days 12:00:00,9.98,119.83,1001.2,34.5,67.8896729142561,14.646932913860583,12.292907776222249,0.0,67.8896729142561,0.0,0.0,0.0,0.0,0.0,0.0,0.0,0.0
2026-04-22 18:00:00,1,858.0,2026-05-05 12:00:00,12 days 18:00:00,9.73,119.09,1007.0,19.4,90.42589867206404,0.0,0.0,0.0,0.0,0.0,0.0,0.0,0.0,0.0,0.0,0.0,0.0
2026-04-22 18:00:00,1,858.0,2026-05-05 18:00:00,13 days 00:00:00,10.28,118.04,1002.4,27.8,48.624384137233946,0.0,0.0,0.0,0.0,0.0,0.0,0.0,0.0,0.0,0.0,0.0,0.0
2026-04-22 18:00:00,4,859.0,2026-05-04 06:00:00,11 days 12:00:00,-11.41,50.38,1005.2,25.2,53.871188741782944,0.0,0.0,0.0,0.0,0.0,0.0,0.0,0.0,0.0,0.0,0.0,0.0
2026-04-22 18:00:00,4,859.0,2026-05-04 12:00:00,11 days 18:00:00,-12.67,50.31,1005.4,36.2,47.17847621808557,10.995198670896134,47.17847621808557,16.24136133096099,12.550814678229152,0.0,0.0,0.0,0.0,0.0,0.0,0.0,0.0
2026-04-22 18:00:00,4,859.0,2026-05-04 18:00:00,12 days 00:00:00,-12.74,51.41,1004.3,37.1,68.77963189338297,68.77963189338297,42.14763515978884,31.71061732307232,48.03819601178238,0.0,0.0,0.0,0.0,0.0,0.0,0.0,0.0
2026-04-22 18:00:00,4,859.0,2026-05-05 00:00:00,12 days 06:00:00,-14.59,50.77,996.5,41.8,50.70450583222806,153.08170336792,137.3334511181882,119.560071887773,131.77295437614802,0.0,0.0,0.0,0.0,0.0,0.0,0.0,0.0
2026-04-22 18:00:00,4,859.0,2026-05-05 06:00:00,12 days 12:00:00,-15.61,50.71,997.2,39.1,46.66179725617026,163.51045618267955,169.90238465799473,154.00131091118703,135.94267162653148,0.0,0.0,0.0,0.0,0.0,0.0,0.0,0.0
2026-04-22 18:00:00,4,859.0,2026-05-05 12:00:00,12 days 18:00:00,-16.33,51.71,991.8,52.5,38.3992391830794,133.4562810229185,139.7040303439406,114.82902872398438,103.92705276175326,0.0,0.5863164137742665,38.3992391830794,0.1089547514348083,0.0,0.0,0.0,0.0
2026-04-22 18:00:00,4,859.0,2026-05-05 18:00:00,13 days 00:00:00,-17.13,52.54,996.3,43.8,77.60605888350754,147.46540660733965,128.39970101841476,97.3850291911623,116.61924503706898,0.0,0.0,0.0,0.0,0.0,0.0,0.0,0.0
2026-04-22 18:00:00,2,860.0,2026-04-30 06:00:00,7 days 12:00:00,10.26,147.61,1005.2,20.4,103.60706120392308,0.0,0.0,0.0,0.0,0.0,0.0,0.0,0.0,0.0,0.0,0.0,0.0
2026-04-22 18:00:00,2,860.0,2026-04-30 12:00:00,7 days 18:00:00,11.76,147.07,1007.1,21.5,131.6912187006836,0.0,0.0,0.0,0.0,0.0,0.0,0.0,0.0,0.0,0.0,0.0,0.0
2026-04-22 18:00:00,2,860.0,2026-04-30 18:00:00,8 days 00:00:00,12.15,146.85,1004.5,23.7,59.57317819880916,0.0,0.0,0.0,0.0,0.0,0.0,0.0,0.0,0.0,0.0,0.0,0.0
2026-04-22 18:00:00,2,860.0,2026-05-01 00:00:00,8 days 06:00:00,12.37,146.53,1003.6,27.7,67.14912882813219,0.0,0.0,0.0,0.0,0.0,0.0,0.0,0.0,0.0,0.0,0.0,0.0
2026-04-22 18:00:00,2,860.0,2026-05-01 06:00:00,8 days 12:00:00,13.32,146.31,1003.4,30.9,70.70799269680056,0.0,0.0,0.0,0.0,0.0,0.0,0.0,0.0,0.0,0.0,0.0,0.0
2026-04-22 18:00:00,2,860.0,2026-05-01 12:00:00,8 days 18:00:00,14.24,145.74,999.4,36.4,65.83426530512976,140.7285013836512,117.2306675414266,89.22160592740343,113.87116280452884,0.0,0.0,0.0,0.0,0.0,0.0,0.0,0.0
2026-04-22 18:00:00,2,860.0,2026-05-01 18:00:00,9 days 00:00:00,13.98,144.98,998.6,37.0,52.57187922973201,52.57187922973201,13.395372953730105,8.569553284941898,13.073182206031312,0.0,0.0,0.0,0.0,0.0,0.0,0.0,0.0
2026-04-22 18:00:00,2,860.0,2026-05-02 00:00:00,9 days 06:00:00,13.93,144.75,999.4,39.0,44.8160478772479,44.8160478772479,12.658807481656671,5.6540114124065255,18.60682245199317,0.0,0.0,0.0,0.0,0.0,0.0,0.0,0.0
2026-04-22 18:00:00,2,860.0,2026-05-02 06:00:00,9 days 12:00:00,13.57,144.1,1000.1,30.6,91.27090953875567,0.0,0.0,0.0,0.0,0.0,0.0,0.0,0.0,0.0,0.0,0.0,0.0
2026-04-22 18:00:00,2,860.0,2026-05-02 12:00:00,9 days 18:00:00,13.29,144.37,998.2,35.0,32.35555419400609,32.35555419400609,3.8736915694824514,2.2989068115848177,3.849341377318522,0.0,0.0,0.0,0.0,0.0,0.0,0.0,0.0
2026-04-22 18:00:00,2,860.0,2026-05-02 18:00:00,10 days 00:00:00,12.86,143.54,1003.5,29.7,35.83395804504007,0.0,0.0,0.0,0.0,0.0,0.0,0.0,0.0,0.0,0.0,0.0,0.0
2026-04-22 18:00:00,2,860.0,2026-05-03 00:00:00,10 days 06:00:00,12.44,143.22,1001.0,33.0,53.76006499697554,0.0,0.0,0.0,0.0,0.0,0.0,0.0,0.0,0.0,0.0,0.0,0.0
2026-04-22 18:00:00,2,860.0,2026-05-03 06:00:00,10 days 12:00:00,12.06,142.86,994.9,45.3,33.0628576501975,33.0628576501975,20.50202176712509,13.64192256819016,27.5070071389561,0.0,0.0,0.0,0.0,0.0,0.0,0.0,0.0
2026-04-22 18:00:00,2,860.0,2026-05-03 12:00:00,10 days 18:00:00,11.76,141.91,996.7,41.6,40.73138147393674,40.73138147393674,19.23112119885846,11.053263494705874,22.493330685852072,0.0,0.0,0.0,0.0,0.0,0.0,0.0,0.0
2026-04-22 18:00:00,2,860.0,2026-05-03 18:00:00,11 days 00:00:00,11.22,141.98,997.4,40.2,28.277514541799984,28.277514541799984,15.426013711215148,5.414802262844816,17.300320051682345,0.0,0.0,0.0,0.0,0.0,0.0,0.0,0.0
2026-04-22 18:00:00,2,860.0,2026-05-04 00:00:00,11 days 06:00:00,11.32,141.22,1000.0,38.5,46.69214079172151,54.73965172183542,24.93258659929504,15.80882396115258,32.52175982935417,0.0,0.0,0.0,0.0,0.0,0.0,0.0,0.0
2026-04-22 18:00:00,2,860.0,2026-05-04 06:00:00,11 days 12:00:00,11.17,140.53,1000.4,38.1,15.615505067099068,33.04623582325017,10.302992079085175,3.287641684771769,23.71630668739549,0.0,0.0,0.0,0.0,0.0,0.0,0.0,0.0
2026-04-22 18:00:00,2,860.0,2026-05-04 12:00:00,11 days 18:00:00,10.94,140.1,1000.4,40.2,51.01944175972218,51.01944175972218,12.280105807788155,10.97475084668426,20.061563507443136,0.0,0.0,0.0,0.0,0.0,0.0,0.0,0.0
2026-04-22 18:00:00,2,860.0,2026-05-04 18:00:00,12 days 00:00:00,11.13,139.24,992.1,53.2,8.589899104327813,102.4332105954453,64.23455118710274,51.633939237151935,85.04398519596127,29.027863237671028,19.249878524778207,13.035578881161854,19.959239810832894,0.0,0.0,0.0,0.0
2026-04-22 18:00:00,2,860.0,2026-05-05 00:00:00,12 days 06:00:00,11.0,138.49,998.0,45.0,18.75560410009346,90.48789595938425,55.072521775135314,36.52996956041111,68.06020764034835,0.0,0.0,0.0,0.0,0.0,0.0,0.0,0.0
2026-04-22 18:00:00,2,860.0,2026-05-05 06:00:00,12 days 12:00:00,11.45,137.44,986.5,59.2,6.571992031411647,129.35127189231298,93.35644019378483,73.45622402198683,110.1235084088072,44.48889457795784,29.104652880599254,18.89204872426432,31.1338428584926,0.0,0.0,0.0,0.0
2026-04-22 18:00:00,2,860.0,2026-05-05 12:00:00,12 days 18:00:00,11.49,136.34,990.2,72.3,29.622663506033525,87.10702312788388,23.240142858320866,7.327081037506591,76.30163875037644,29.98480630433827,10.802717620994793,3.0046327496758645,18.57245398713914,29.622663506033525,0.733310145023987,0.0,4.244609491366521
2026-04-22 18:00:00,2,860.0,2026-05-05 18:00:00,13 days 00:00:00,11.35,134.97,956.1,105.2,0.0,88.15083936086064,50.989211529771865,55.445221473067576,94.22145725904107,35.29181843174037,27.09605014561017,24.15848281349692,34.3244716471622,27.43094222321197,23.53556099562077,20.983455479571557,26.531431385020788
2026-04-22 18:00:00,4,860.0,2026-05-04 00:00:00,11 days 06:00:00,34.96,-33.77,996.0,36.0,116.30452133400864,0.6867966574089621,0.0,116.30452133400864,2.480816141353827,0.0,0.0,0.0,0.0,0.0,0.0,0.0,0.0
2026-04-22 18:00:00,4,860.0,2026-05-04 06:00:00,11 days 12:00:00,35.04,-33.07,995.9,37.7,88.44446427615864,65.44425012759417,88.44446427615864,63.45695462006461,65.05733390703313,0.0,0.0,0.0,0.0,0.0,0.0,0.0,0.0
2026-04-22 18:00:00,4,860.0,2026-05-04 12:00:00,11 days 18:00:00,34.41,-32.07,992.3,44.0,91.47668131110328,37.56879942483923,35.565634917641546,91.47668131110328,39.96239160190322,0.0,0.0,0.0,0.0,0.0,0.0,0.0,0.0
2026-04-22 18:00:00,4,860.0,2026-05-04 18:00:00,12 days 00:00:00,34.44,-30.99,991.8,42.7,50.06568196242506,161.31412735732738,169.40081712540996,166.11588201476843,153.04570883424094,0.0,0.0,0.0,0.0,0.0,0.0,0.0,0.0
2026-04-22 18:00:00,4,860.0,2026-05-05 00:00:00,12 days 06:00:00,34.42,-30.26,994.9,47.1,53.55504584050141,211.72652794088717,221.62227145226683,223.49772578638624,193.90182315611744,0.0,0.0,0.0,0.0,0.0,0.0,0.0,0.0
2026-04-22 18:00:00,4,860.0,2026-05-05 06:00:00,12 days 12:00:00,34.22,-29.23,991.6,41.4,64.3846363658387,0.0,3.620219852638918,64.3846363658387,3.684108247085412,0.0,0.0,0.0,0.0,0.0,0.0,0.0,0.0
2026-04-22 18:00:00,4,860.0,2026-05-05 12:00:00,12 days 18:00:00,33.9,-28.69,989.4,46.6,99.3928048837776,236.6925816376039,231.4456536449701,199.49190582902952,219.43413056316692,0.0,0.0,0.0,0.0,0.0,0.0,0.0,0.0
2026-04-22 18:00:00,4,860.0,2026-05-05 18:00:00,13 days 00:00:00,33.67,-27.33,992.7,47.3,78.1629249631369,28.935544787267645,78.1629249631369,39.64138987410115,30.26454087789898,0.0,0.0,0.0,0.0,0.0,0.0,0.0,0.0
2026-04-22 18:00:00,5,860.0,2026-05-04 06:00:00,11 days 12:00:00,-8.09,61.95,1006.9,19.2,72.00370059729732,0.0,0.0,0.0,0.0,0.0,0.0,0.0,0.0,0.0,0.0,0.0,0.0
2026-04-22 18:00:00,5,860.0,2026-05-04 12:00:00,11 days 18:00:00,-8.35,63.11,1001.7,22.4,125.99802291895188,0.0,0.0,0.0,0.0,0.0,0.0,0.0,0.0,0.0,0.0,0.0,0.0
2026-04-22 18:00:00,5,860.0,2026-05-04 18:00:00,12 days 00:00:00,-8.52,63.7,1003.1,21.8,69.87384607709646,0.0,0.0,0.0,0.0,0.0,0.0,0.0,0.0,0.0,0.0,0.0,0.0
2026-04-22 18:00:00,5,860.0,2026-05-05 00:00:00,12 days 06:00:00,-8.27,64.23,1004.4,23.7,69.20154162961353,0.0,0.0,0.0,0.0,0.0,0.0,0.0,0.0,0.0,0.0,0.0,0.0
2026-04-22 18:00:00,5,860.0,2026-05-05 06:00:00,12 days 12:00:00,-9.35,64.63,1001.4,23.4,112.29296385366013,0.0,0.0,0.0,0.0,0.0,0.0,0.0,0.0,0.0,0.0,0.0,0.0
2026-04-22 18:00:00,5,860.0,2026-05-05 12:00:00,12 days 18:00:00,-9.51,64.39,1001.7,29.4,95.6192011772156,0.0,0.0,0.0,0.0,0.0,0.0,0.0,0.0,0.0,0.0,0.0,0.0
2026-04-22 18:00:00,5,860.0,2026-05-05 18:00:00,13 days 00:00:00,-10.29,64.85,1000.5,38.3,83.84582653843077,36.71474505862554,83.84582653843077,36.89661568651634,40.82636214588733,0.0,0.0,0.0,0.0,0.0,0.0,0.0,0.0
2026-04-22 18:00:00,0,861.0,2026-05-04 00:00:00,11 days 06:00:00,9.65,60.26,1005.9,15.5,155.5518462580743,0.0,0.0,0.0,0.0,0.0,0.0,0.0,0.0,0.0,0.0,0.0,0.0
2026-04-22 18:00:00,0,861.0,2026-05-04 06:00:00,11 days 12:00:00,9.42,59.62,1008.3,19.0,144.46419499468686,0.0,0.0,0.0,0.0,0.0,0.0,0.0,0.0,0.0,0.0,0.0,0.0
2026-04-22 18:00:00,0,861.0,2026-05-04 12:00:00,11 days 18:00:00,9.02,60.2,1008.2,18.6,163.39431474444615,0.0,0.0,0.0,0.0,0.0,0.0,0.0,0.0,0.0,0.0,0.0,0.0
2026-04-22 18:00:00,0,861.0,2026-05-04 18:00:00,12 days 00:00:00,8.93,59.72,1001.8,23.4,117.7988092758228,0.0,0.0,0.0,0.0,0.0,0.0,0.0,0.0,0.0,0.0,0.0,0.0
2026-04-22 18:00:00,0,861.0,2026-05-05 00:00:00,12 days 06:00:00,9.14,59.42,1000.3,26.4,72.46381613332758,0.0,0.0,0.0,0.0,0.0,0.0,0.0,0.0,0.0,0.0,0.0,0.0
2026-04-22 18:00:00,0,861.0,2026-05-05 06:00:00,12 days 12:00:00,8.32,59.62,1004.6,27.5,131.1241729503457,0.0,0.0,0.0,0.0,0.0,0.0,0.0,0.0,0.0,0.0,0.0,0.0
2026-04-22 18:00:00,0,861.0,2026-05-05 12:00:00,12 days 18:00:00,8.4,58.4,995.5,38.7,42.68179283385855,42.68179283385855,28.92123376363661,28.352855225934164,33.188360611636675,0.0,0.0,0.0,0.0,0.0,0.0,0.0,0.0
2026-04-22 18:00:00,0,861.0,2026-05-05 18:00:00,13 days 00:00:00,8.45,58.06,993.9,49.6,63.06704269806485,128.5474190298381,98.9305382249132,83.20277380405248,114.75019339886292,0.0,0.0,0.0,0.0,0.0,0.0,0.0,0.0
2026-04-22 18:00:00,2,863.0,2026-05-02 12:00:00,9 days 18:00:00,9.01,69.18,1004.9,20.5,79.35869797760836,0.0,0.0,0.0,0.0,0.0,0.0,0.0,0.0,0.0,0.0,0.0,0.0
2026-04-22 18:00:00,2,863.0,2026-05-02 18:00:00,10 days 00:00:00,9.52,69.37,1005.6,21.8,78.17698679835976,0.0,0.0,0.0,0.0,0.0,0.0,0.0,0.0,0.0,0.0,0.0,0.0
2026-04-22 18:00:00,2,863.0,2026-05-03 00:00:00,10 days 06:00:00,9.69,69.5,1003.2,28.0,88.10292630019907,0.0,0.0,0.0,0.0,0.0,0.0,0.0,0.0,0.0,0.0,0.0,0.0
2026-04-22 18:00:00,2,863.0,2026-05-03 06:00:00,10 days 12:00:00,10.54,69.32,1001.6,34.4,77.29957396051613,77.29957396051613,0.0,0.0,0.0,0.0,0.0,0.0,0.0,0.0,0.0,0.0,0.0
2026-04-22 18:00:00,2,863.0,2026-05-03 12:00:00,10 days 18:00:00,10.73,69.14,998.9,37.8,49.024568972392665,11.19484302668069,3.3320056352614,2.2020738647000613,49.024568972392665,0.0,0.0,0.0,0.0,0.0,0.0,0.0,0.0
2026-04-22 18:00:00,2,863.0,2026-05-03 18:00:00,11 days 00:00:00,11.51,68.89,994.2,45.2,52.03344922255432,76.0910761717185,52.01816969538592,48.02274943011121,67.87111976628525,0.0,0.0,0.0,0.0,0.0,0.0,0.0,0.0
2026-04-22 18:00:00,2,863.0,2026-05-04 00:00:00,11 days 06:00:00,11.13,68.73,990.2,57.3,38.32173269203979,162.7309257971135,145.27381466348183,134.75313128108138,150.57323222309552,38.32173269203979,30.22973405750667,23.50501257307051,28.809392436613088,0.0,0.0,0.0,0.0
2026-04-22 18:00:00,2,863.0,2026-05-04 06:00:00,11 days 12:00:00,11.36,68.67,992.2,49.5,35.87644092762227,157.54553245278697,153.52918008127784,133.836556937497,144.1990685532586,0.0,0.0,0.0,0.0,0.0,0.0,0.0,0.0
2026-04-22 18:00:00,2,863.0,2026-05-04 12:00:00,11 days 18:00:00,11.55,69.31,987.9,51.9,41.35110819792993,119.90190317710471,128.41165819259297,104.5702953512348,92.50616791293145,0.1298719342988619,41.35110819792993,0.5962477665336063,0.0,0.0,0.0,0.0,0.0
2026-04-22 18:00:00,2,863.0,2026-05-04 18:00:00,12 days 00:00:00,12.06,69.32,987.8,54.5,24.904996462914568,144.06364418415922,137.70450375523444,120.16345159773908,126.67084161173028,51.71323556026976,46.06354110020894,35.802944413160375,41.583356021713215,0.0,0.0,0.0,0.0
2026-04-22 18:00:00,2,863.0,2026-05-05 00:00:00,12 days 06:00:00,12.31,69.22,986.6,52.6,50.49378420362519,194.18636126208187,185.68846126979605,142.35251037302135,154.82524391572392,14.936850562301975,50.49378420362519,9.810960488998017,9.642394807949152,0.0,0.0,0.0,0.0
2026-04-22 18:00:00,2,863.0,2026-05-05 06:00:00,12 days 12:00:00,12.75,69.68,982.2,56.9,52.87062635821504,231.7710005214704,236.57487203107905,210.76470209122712,212.5022832487152,47.29640833084729,52.87062635821504,38.32550552376493,39.22499645116557,0.0,0.0,0.0,0.0
2026-04-22 18:00:00,2,863.0,2026-05-05 12:00:00,12 days 18:00:00,13.66,69.8,982.4,60.6,40.93061676437544,169.72330385366223,160.94419476310532,128.29047366571845,139.310851187409,24.376347609154024,40.93061676437544,17.25530330618249,19.054540182796465,0.0,0.0,0.0,0.0
2026-04-22 18:00:00,2,863.0,2026-05-05 18:00:00,13 days 00:00:00,14.41,69.81,970.1,77.5,30.04822448494486,196.5464323330172,201.39947108558505,163.37118772159147,167.9523962292035,111.68225773376128,103.19250457290003,86.19225404866532,95.08833249112968,56.44395586504032,52.27914995950583,43.16879830732636,47.62196262235531
2026-04-22 18:00:00,1,873.0,2026-05-02 12:00:00,9 days 18:00:00,6.17,72.54,1006.5,22.9,120.06821892972717,0.0,0.0,0.0,0.0,0.0,0.0,0.0,0.0,0.0,0.0,0.0,0.0
2026-04-22 18:00:00,1,873.0,2026-05-02 18:00:00,10 days 00:00:00,6.25,72.59,1006.0,25.6,98.71710576879084,0.0,0.0,0.0,0.0,0.0,0.0,0.0,0.0,0.0,0.0,0.0,0.0
2026-04-22 18:00:00,1,873.0,2026-05-03 00:00:00,10 days 06:00:00,6.53,71.67,999.6,37.3,43.59072191737249,0.0,0.0,0.875930880161413,43.59072191737249,0.0,0.0,0.0,0.0,0.0,0.0,0.0,0.0
2026-04-22 18:00:00,1,873.0,2026-05-03 06:00:00,10 days 12:00:00,6.99,71.24,989.5,38.6,36.81259005034618,43.72934814508265,35.5152996499054,54.10046621842357,56.78224124850021,0.0,0.0,0.0,0.0,0.0,0.0,0.0,0.0
2026-04-22 18:00:00,1,873.0,2026-05-03 12:00:00,10 days 18:00:00,7.7,70.56,997.6,43.2,43.44159078148407,43.44159078148407,36.07343653176935,37.03892794139237,29.508213044419666,0.0,0.0,0.0,0.0,0.0,0.0,0.0,0.0
2026-04-22 18:00:00,1,873.0,2026-05-03 18:00:00,11 days 00:00:00,8.14,70.55,1001.0,39.7,52.25017641738638,20.467351065722664,52.25017641738638,15.579701932904038,9.8861473576127,0.0,0.0,0.0,0.0,0.0,0.0,0.0,0.0
2026-04-22 18:00:00,1,873.0,2026-05-04 00:00:00,11 days 06:00:00,8.33,69.58,981.5,66.8,10.438305911455965,134.86263126409034,108.17953858040484,120.27693552098162,133.51760522147993,63.69674722862823,51.03327430693324,42.638399565762185,50.42860124608971,10.438305911455965,1.7454686764242933,2.194374447256673,3.5043608010821763
2026-04-22 18:00:00,1,873.0,2026-05-04 06:00:00,11 days 12:00:00,8.86,68.77,991.0,46.0,16.418532479078223,127.46750977351287,112.84299533435612,98.6829894546876,107.1544442068716,0.0,0.0,0.0,0.0,0.0,0.0,0.0,0.0
2026-04-22 18:00:00,1,873.0,2026-05-04 12:00:00,11 days 18:00:00,9.29,67.98,956.1,87.5,4.250007726472632,235.2246434226649,217.37769362281503,206.0747371230568,213.87665990666164,98.5336691451862,88.42412934193067,73.46537288680832,80.0765502637588,27.508871907507118,26.34037968825476,22.89480540709286,23.90635444327916
2026-04-22 18:00:00,1,873.0,2026-05-04 18:00:00,12 days 00:00:00,9.58,67.46,988.6,54.6,16.095898616614136,124.90895391337256,105.65130289845092,112.7407045645008,115.51714571943148,16.095898616614136,4.105319254585574,4.946894931629558,7.850718885678205,0.0,0.0,0.0,0.0
2026-04-22 18:00:00,1,873.0,2026-05-05 00:00:00,12 days 06:00:00,9.79,66.53,991.7,57.4,25.22450333538293,156.31695413056923,98.37367914891178,104.33407215768484,142.40833346619593,57.642898076871376,45.41884317583399,30.136156842067862,45.715046670552965,0.0,0.0,0.0,0.0
2026-04-22 18:00:00,1,873.0,2026-05-05 06:00:00,12 days 12:00:00,10.33,65.61,991.1,51.7,53.59094726955959,128.94395021372475,109.09855517001596,110.5319127537732,112.63116408613224,53.59094726955959,3.50479592396232,6.148750038092942,7.636993647928477,0.0,0.0,0.0,0.0
2026-04-22 18:00:00,1,873.0,2026-05-05 12:00:00,12 days 18:00:00,10.89,64.93,983.3,70.3,25.870078885277238,173.45735243648718,147.31345136250613,140.91563416596364,149.42882657207383,61.181477905159554,49.660769997566,40.26348347659494,46.407269945663344,25.870078885277238,5.164255627801296,4.976633046923564,5.629645020988527
2026-04-22 18:00:00,1,873.0,2026-05-05 18:00:00,13 days 00:00:00,10.93,64.48,988.4,57.4,72.91025622195005,211.482407598032,200.2860019665185,191.91905297866737,196.0572869587949,72.91025622195005,0.0,0.0,0.0,0.0,0.0,0.0,0.0
2026-04-22 18:00:00,2,874.0,2026-05-04 18:00:00,12 days 00:00:00,-8.33,58.02,997.0,32.4,106.14320297683992,0.0,0.0,0.0,0.0,0.0,0.0,0.0,0.0,0.0,0.0,0.0,0.0
2026-04-22 18:00:00,2,874.0,2026-05-05 00:00:00,12 days 06:00:00,-8.81,58.08,1002.3,31.0,54.39562046788566,0.0,0.0,0.0,0.0,0.0,0.0,0.0,0.0,0.0,0.0,0.0,0.0
2026-04-22 18:00:00,2,874.0,2026-05-05 06:00:00,12 days 12:00:00,-9.52,58.51,1005.1,24.6,86.67390521694351,0.0,0.0,0.0,0.0,0.0,0.0,0.0,0.0,0.0,0.0,0.0,0.0
2026-04-22 18:00:00,2,874.0,2026-05-05 12:00:00,12 days 18:00:00,-10.33,58.52,998.0,32.4,37.759659635608415,0.0,0.0,0.0,0.0,0.0,0.0,0.0,0.0,0.0,0.0,0.0,0.0
2026-04-22 18:00:00,2,874.0,2026-05-05 18:00:00,13 days 00:00:00,-11.16,58.18,992.6,52.5,21.893714887424224,124.9064666500136,115.2461549868421,101.74803467589498,110.71563167949164,21.893714887424224,11.152520944608538,9.255037732952507,11.75897777836884,0.0,0.0,0.0,0.0
2026-04-22 18:00:00,2,876.0,2026-05-04 18:00:00,12 days 00:00:00,7.15,160.15,1006.8,17.6,121.97258306325637,0.0,0.0,0.0,0.0,0.0,0.0,0.0,0.0,0.0,0.0,0.0,0.0
2026-04-22 18:00:00,2,876.0,2026-05-05 00:00:00,12 days 06:00:00,7.09,159.51,1008.1,21.9,138.05797160544944,0.0,0.0,0.0,0.0,0.0,0.0,0.0,0.0,0.0,0.0,0.0,0.0
2026-04-22 18:00:00,2,876.0,2026-05-05 06:00:00,12 days 12:00:00,6.88,159.18,1006.9,17.8,117.7342746630035,0.0,0.0,0.0,0.0,0.0,0.0,0.0,0.0,0.0,0.0,0.0,0.0
2026-04-22 18:00:00,2,876.0,2026-05-05 12:00:00,12 days 18:00:00,7.44,159.25,1001.4,27.3,68.90247324153432,0.0,0.0,0.0,0.0,0.0,0.0,0.0,0.0,0.0,0.0,0.0,0.0
2026-04-22 18:00:00,2,876.0,2026-05-05 18:00:00,13 days 00:00:00,7.56,159.54,1004.5,25.5,70.25045344667859,0.0,0.0,0.0,0.0,0.0,0.0,0.0,0.0,0.0,0.0,0.0,0.0
2026-04-22 18:00:00,4,881.0,2026-05-03 12:00:00,10 days 18:00:00,7.46,66.69,1005.5,22.3,121.93360194226568,0.0,0.0,0.0,0.0,0.0,0.0,0.0,0.0,0.0,0.0,0.0,0.0
2026-04-22 18:00:00,4,881.0,2026-05-03 18:00:00,11 days 00:00:00,6.58,66.55,1002.4,24.3,92.52423208541744,0.0,0.0,0.0,0.0,0.0,0.0,0.0,0.0,0.0,0.0,0.0,0.0
2026-04-22 18:00:00,4,881.0,2026-05-04 00:00:00,11 days 06:00:00,6.45,66.46,995.6,32.3,61.70083701575711,0.0,0.0,0.0,0.0,0.0,0.0,0.0,0.0,0.0,0.0,0.0,0.0
2026-04-22 18:00:00,4,881.0,2026-05-04 06:00:00,11 days 12:00:00,5.85,66.39,997.9,33.2,102.0417868798502,0.0,0.0,0.0,0.0,0.0,0.0,0.0,0.0,0.0,0.0,0.0,0.0
2026-04-22 18:00:00,4,881.0,2026-05-04 12:00:00,11 days 18:00:00,5.99,65.73,992.4,54.5,45.87785734147521,104.77466295240998,112.81579852849538,87.14710523222585,83.0154577137107,2.2459464856297764,45.87785734147521,1.6247286889048396,0.0,0.0,0.0,0.0,0.0
2026-04-22 18:00:00,4,881.0,2026-05-04 18:00:00,12 days 00:00:00,5.49,66.26,1002.7,36.7,71.02715288027493,0.0,71.02715288027493,0.0,0.0,0.0,0.0,0.0,0.0,0.0,0.0,0.0,0.0
2026-04-22 18:00:00,4,881.0,2026-05-05 00:00:00,12 days 06:00:00,6.1,66.51,993.7,45.5,85.75382353119504,173.55917434172324,170.77074105931828,147.2171234245863,143.40678802063613,0.0,0.0,0.0,0.0,0.0,0.0,0.0,0.0
2026-04-22 18:00:00,4,881.0,2026-05-05 06:00:00,12 days 12:00:00,6.4,65.84,992.1,54.4,60.988292738041565,132.75034103737204,126.10269641086522,97.066801296053,113.42937268423292,60.988292738041565,0.0,0.0,0.0,0.0,0.0,0.0,0.0
2026-04-22 18:00:00,4,881.0,2026-05-05 12:00:00,12 days 18:00:00,6.41,66.27,989.5,53.3,36.39674377482645,184.3307919336896,155.17555175790255,136.00907103049923,165.27059948842083,44.69532447164276,36.07137470951491,25.76311983295125,34.87341150248608,0.0,0.0,0.0,0.0
2026-04-22 18:00:00,4,881.0,2026-05-05 18:00:00,13 days 00:00:00,6.93,65.42,978.0,67.1,42.0779439256256,158.16605866683562,144.6149115041839,167.33628751449305,165.23789870364283,90.76233103520318,84.12771522524255,75.66149639196371,85.07256540697858,42.0779439256256,36.62494412855612,32.250498534751344,36.85408463273346
2026-04-22 18:00:00,2,882.0,2026-05-02 12:00:00,9 days 18:00:00,6.57,153.7,1003.6,21.4,86.61828332875808,0.0,0.0,0.0,0.0,0.0,0.0,0.0,0.0,0.0,0.0,0.0,0.0
2026-04-22 18:00:00,2,882.0,2026-05-02 18:00:00,10 days 00:00:00,6.35,152.67,1011.7,14.8,96.489399077785,0.0,0.0,0.0,0.0,0.0,0.0,0.0,0.0,0.0,0.0,0.0,0.0
2026-04-22 18:00:00,2,882.0,2026-05-03 00:00:00,10 days 06:00:00,6.38,152.49,1002.1,30.9,68.78491194881857,0.0,0.0,0.0,0.0,0.0,0.0,0.0,0.0,0.0,0.0,0.0,0.0
2026-04-22 18:00:00,2,882.0,2026-05-03 06:00:00,10 days 12:00:00,6.84,152.03,1001.2,23.7,94.5681871934502,0.0,0.0,0.0,0.0,0.0,0.0,0.0,0.0,0.0,0.0,0.0,0.0
2026-04-22 18:00:00,2,882.0,2026-05-03 12:00:00,10 days 18:00:00,7.21,151.37,1004.4,17.8,59.8970408522496,0.0,0.0,0.0,0.0,0.0,0.0,0.0,0.0,0.0,0.0,0.0,0.0
2026-04-22 18:00:00,2,882.0,2026-05-03 18:00:00,11 days 00:00:00,7.88,150.56,1002.0,29.9,74.78411154996823,0.0,0.0,0.0,0.0,0.0,0.0,0.0,0.0,0.0,0.0,0.0,0.0
2026-04-22 18:00:00,2,882.0,2026-05-04 00:00:00,11 days 06:00:00,8.38,149.06,1000.2,40.9,44.878418166516106,78.439956651561,62.72780790602224,41.76899198797224,61.40864146210472,0.0,0.0,0.0,0.0,0.0,0.0,0.0,0.0
2026-04-22 18:00:00,2,882.0,2026-05-04 06:00:00,11 days 12:00:00,8.99,147.81,998.3,45.9,20.4515470855113,66.10549117634515,44.23879474377335,41.12614314117405,61.2167059219036,0.0,0.0,0.0,0.0,0.0,0.0,0.0,0.0
2026-04-22 18:00:00,2,882.0,2026-05-04 12:00:00,11 days 18:00:00,9.04,146.58,989.9,54.0,7.345784416991368,104.96876358484406,82.83713569763326,61.56704821443621,85.96007377467232,7.345784416991368,0.0,0.0,1.8401201232616915,0.0,0.0,0.0,0.0
2026-04-22 18:00:00,2,882.0,2026-05-04 18:00:00,12 days 00:00:00,9.23,145.48,980.5,67.0,18.655403371190232,150.80920225896938,135.49715637709335,102.17450214319608,129.65825510753865,51.35356783986147,44.08594090287086,33.63990889549977,39.53624363389927,0.7581346634759591,0.1832367632747537,0.179331942674714,18.655403371190232
2026-04-22 18:00:00,2,882.0,2026-05-05 00:00:00,12 days 06:00:00,9.54,144.44,988.0,58.4,0.0,175.14284371489774,140.3155975592712,100.7253401596114,150.89842458663833,33.51791323454583,23.326781788206564,17.17338565946136,27.203367961508405,0.0,0.0,0.0,0.0
2026-04-22 18:00:00,2,882.0,2026-05-05 06:00:00,12 days 12:00:00,10.03,143.05,992.6,52.9,25.412475592247244,129.88419110010312,104.82586876973872,71.95790576843011,102.9167516232488,58.550947197843925,46.78233477225814,29.76373502642165,43.56446645287669,0.0,0.0,0.0,0.0
2026-04-22 18:00:00,2,882.0,2026-05-05 12:00:00,12 days 18:00:00,10.08,141.66,997.8,47.9,45.113274379809184,139.89228991104216,100.1695110548412,54.18750653392353,116.74509518101188,0.0,0.0,0.0,0.0,0.0,0.0,0.0,0.0
2026-04-22 18:00:00,2,882.0,2026-05-05 18:00:00,13 days 00:00:00,9.72,140.61,992.5,51.7,18.556225502771497,84.75983161869434,52.864073847660215,43.44308245729937,81.3584820566659,26.776346924618892,20.79625096829154,15.015409302483446,23.240660308415023,0.0,0.0,0.0,0.0
2026-04-22 18:00:00,1,884.0,2026-05-03 12:00:00,10 days 18:00:00,8.22,159.35,1006.2,21.0,82.6528433529589,0.0,0.0,0.0,0.0,0.0,0.0,0.0,0.0,0.0,0.0,0.0,0.0
2026-04-22 18:00:00,1,884.0,2026-05-03 18:00:00,11 days 00:00:00,8.5,159.27,1007.3,21.0,74.95135933606556,0.0,0.0,0.0,0.0,0.0,0.0,0.0,0.0,0.0,0.0,0.0,0.0
2026-04-22 18:00:00,1,884.0,2026-05-04 00:00:00,11 days 06:00:00,9.1,158.87,1003.0,26.8,120.7373687833065,0.0,0.0,0.0,0.0,0.0,0.0,0.0,0.0,0.0,0.0,0.0,0.0
2026-04-22 18:00:00,1,884.0,2026-05-04 06:00:00,11 days 12:00:00,9.51,158.33,1004.0,31.3,122.52203267137078,0.0,0.0,0.0,0.0,0.0,0.0,0.0,0.0,0.0,0.0,0.0,0.0
2026-04-22 18:00:00,1,884.0,2026-05-04 12:00:00,11 days 18:00:00,9.79,157.85,1002.1,40.2,61.4254774288698,93.83914477038098,74.04700687091054,63.787742350292376,77.63239586781346,0.0,0.0,0.0,0.0,0.0,0.0,0.0,0.0
2026-04-22 18:00:00,1,884.0,2026-05-04 18:00:00,12 days 00:00:00,9.86,157.71,999.6,33.5,65.47499398338232,0.0,0.0,0.0,0.0,0.0,0.0,0.0,0.0,0.0,0.0,0.0,0.0
2026-04-22 18:00:00,1,884.0,2026-05-05 00:00:00,12 days 06:00:00,10.03,156.9,992.3,55.6,17.047071875887184,144.44538428375338,115.05154852034887,84.88990274439846,114.35246829015762,41.81747476962176,32.20714566947774,23.225495825857244,31.012713270984094,0.0,0.0,0.0,0.0
2026-04-22 18:00:00,1,884.0,2026-05-05 06:00:00,12 days 12:00:00,10.17,155.89,1001.0,35.3,68.38178583069181,68.38178583069181,8.146227866978377,0.0,9.67412798958252,0.0,0.0,0.0,0.0,0.0,0.0,0.0,0.0
2026-04-22 18:00:00,1,884.0,2026-05-05 12:00:00,12 days 18:00:00,9.96,154.96,998.0,45.7,11.64280904295681,61.8834091807494,36.22662814746913,17.891867882124686,51.806335437137776,0.0,0.0,0.0,0.0,0.0,0.0,0.0,0.0
2026-04-22 18:00:00,1,884.0,2026-05-05 18:00:00,13 days 00:00:00,9.99,154.71,995.3,47.7,71.39974954400074,71.39974954400074,19.639203526405524,11.323990962520838,24.687187567072456,0.0,0.0,0.0,0.0,0.0,0.0,0.0,0.0
2026-04-22 18:00:00,0,885.0,2026-05-03 18:00:00,11 days 00:00:00,-8.65,60.39,1004.8,24.8,142.15221543159748,0.0,0.0,0.0,0.0,0.0,0.0,0.0,0.0,0.0,0.0,0.0,0.0
2026-04-22 18:00:00,0,885.0,2026-05-04 00:00:00,11 days 06:00:00,-9.41,59.65,1004.4,29.1,56.39731820956165,0.0,0.0,0.0,0.0,0.0,0.0,0.0,0.0,0.0,0.0,0.0,0.0
2026-04-22 18:00:00,0,885.0,2026-05-04 06:00:00,11 days 12:00:00,-10.08,58.74,1003.2,26.0,98.25095150740135,0.0,0.0,0.0,0.0,0.0,0.0,0.0,0.0,0.0,0.0,0.0,0.0
2026-04-22 18:00:00,0,885.0,2026-05-04 12:00:00,11 days 18:00:00,-10.79,58.02,1000.5,33.3,89.43535980745565,0.0,0.0,0.0,0.0,0.0,0.0,0.0,0.0,0.0,0.0,0.0,0.0
2026-04-22 18:00:00,0,885.0,2026-05-04 18:00:00,12 days 00:00:00,-10.44,56.77,999.2,35.0,44.11810074372461,177.63040438787115,186.2765902429404,160.3185696454692,153.61288536692643,0.0,0.0,0.0,0.0,0.0,0.0,0.0,0.0
2026-04-22 18:00:00,0,885.0,2026-05-05 00:00:00,12 days 06:00:00,-11.08,56.56,996.6,45.3,70.80330119197887,209.0807073434391,209.53625956284048,186.0042753118477,180.97479953697732,0.0,0.0,0.0,0.0,0.0,0.0,0.0,0.0
2026-04-22 18:00:00,0,885.0,2026-05-05 06:00:00,12 days 12:00:00,-11.14,55.93,990.6,51.7,0.5465492590586223,92.65798053617893,114.2595423438249,122.15487690943895,88.09165865076088,21.20604070715328,26.9415283585202,26.46786836959464,15.08623992199372,0.0,0.0,0.0,0.0
2026-04-22 18:00:00,0,885.0,2026-05-05 12:00:00,12 days 18:00:00,-10.94,55.46,995.7,44.5,43.182107499900894,55.196339058430816,73.96971221332157,67.78599178623065,45.14570786380919,0.0,0.0,0.0,0.0,0.0,0.0,0.0,0.0
2026-04-22 18:00:00,0,885.0,2026-05-05 18:00:00,13 days 00:00:00,-11.12,55.24,990.1,50.8,29.532630859320378,47.11160205142394,75.12055498161027,101.7904836955555,64.73846921933932,22.43944354289813,26.74041970318052,29.532630859320378,20.63852612306437,0.0,0.0,0.0,0.0
2026-04-22 18:00:00,4,888.0,2026-05-03 12:00:00,10 days 18:00:00,10.11,137.21,1004.8,26.2,48.68390758176502,0.0,0.0,0.0,0.0,0.0,0.0,0.0,0.0,0.0,0.0,0.0,0.0
2026-04-22 18:00:00,4,888.0,2026-05-03 18:00:00,11 days 00:00:00,9.97,136.08,1001.2,30.7,112.1772779636222,0.0,0.0,0.0,0.0,0.0,0.0,0.0,0.0,0.0,0.0,0.0,0.0
2026-04-22 18:00:00,4,888.0,2026-05-04 00:00:00,11 days 06:00:00,10.18,134.75,998.8,40.4,37.84696345562833,86.14996167601706,74.42213267107766,52.41380347317244,67.76666965741873,0.0,0.0,0.0,0.0,0.0,0.0,0.0,0.0
2026-04-22 18:00:00,4,888.0,2026-05-04 06:00:00,11 days 12:00:00,10.49,133.54,993.4,47.9,41.72432738342127,41.72432738342127,25.818236507565302,16.59892295974214,31.238751002209938,0.0,0.0,0.0,0.0,0.0,0.0,0.0,0.0
2026-04-22 18:00:00,4,888.0,2026-05-04 12:00:00,11 days 18:00:00,10.55,132.38,990.5,54.7,24.67889400600106,144.84194445044193,111.64989784847744,86.01689173579479,124.59756671906962,45.8467329632027,34.712673701536545,24.86104882730747,34.29084491583383,0.0,0.0,0.0,0.0
2026-04-22 18:00:00,4,888.0,2026-05-04 18:00:00,12 days 00:00:00,10.9,131.47,997.4,41.6,44.26986484243319,44.26986484243319,27.51051843724832,26.705804152527197,39.435582856577966,0.0,0.0,0.0,0.0,0.0,0.0,0.0,0.0
2026-04-22 18:00:00,4,888.0,2026-05-05 00:00:00,12 days 06:00:00,11.26,130.21,992.9,52.6,26.014439398927397,96.75966135145828,82.39650944113959,74.6979591311933,86.72733092093637,34.50777819473617,25.783993545044048,18.97812700083692,25.883029279915448,0.0,0.0,0.0,0.0
2026-04-22 18:00:00,4,888.0,2026-05-05 06:00:00,12 days 12:00:00,11.55,129.8,999.2,39.6,62.1511762405176,62.1511762405176,27.534466296239493,20.623055708168803,26.80702774824937,0.0,0.0,0.0,0.0,0.0,0.0,0.0,0.0
2026-04-22 18:00:00,4,888.0,2026-05-05 12:00:00,12 days 18:00:00,11.74,128.83,997.4,42.6,32.35715223648219,63.03096441595119,46.08487619355853,30.31354520907405,51.1126606617897,0.0,0.0,0.0,0.0,0.0,0.0,0.0,0.0
2026-04-22 18:00:00,4,888.0,2026-05-05 18:00:00,13 days 00:00:00,12.2,128.48,999.8,39.6,69.66670855111141,69.66670855111141,12.449624566261935,10.360571105204448,14.485561730045418,0.0,0.0,0.0,0.0,0.0,0.0,0.0,0.0
2026-04-22 18:00:00,6,888.0,2026-05-04 00:00:00,11 days 06:00:00,-7.36,59.12,1004.9,26.5,67.84703333326362,0.0,0.0,0.0,0.0,0.0,0.0,0.0,0.0,0.0,0.0,0.0,0.0
2026-04-22 18:00:00,6,888.0,2026-05-04 06:00:00,11 days 12:00:00,-8.64,59.76,1002.7,20.0,129.42098752283226,0.0,0.0,0.0,0.0,0.0,0.0,0.0,0.0,0.0,0.0,0.0,0.0
2026-04-22 18:00:00,6,888.0,2026-05-04 12:00:00,11 days 18:00:00,-8.98,59.63,1007.5,19.6,89.95124075823863,0.0,0.0,0.0,0.0,0.0,0.0,0.0,0.0,0.0,0.0,0.0,0.0
2026-04-22 18:00:00,6,888.0,2026-05-04 18:00:00,12 days 00:00:00,-9.7,58.94,1003.9,23.6,132.90242283010517,0.0,0.0,0.0,0.0,0.0,0.0,0.0,0.0,0.0,0.0,0.0,0.0
2026-04-22 18:00:00,6,888.0,2026-05-05 00:00:00,12 days 06:00:00,-9.75,58.29,1005.8,23.8,83.54142775967273,0.0,0.0,0.0,0.0,0.0,0.0,0.0,0.0,0.0,0.0,0.0,0.0
2026-04-22 18:00:00,6,888.0,2026-05-05 06:00:00,12 days 12:00:00,-10.43,58.1,1004.0,31.4,128.45813530318284,0.0,0.0,0.0,0.0,0.0,0.0,0.0,0.0,0.0,0.0,0.0,0.0
2026-04-22 18:00:00,6,888.0,2026-05-05 12:00:00,12 days 18:00:00,-10.92,58.14,1004.6,26.0,84.90363855064548,0.0,0.0,0.0,0.0,0.0,0.0,0.0,0.0,0.0,0.0,0.0,0.0
2026-04-22 18:00:00,6,888.0,2026-05-05 18:00:00,13 days 00:00:00,-11.46,58.08,1003.3,24.9,102.0149452953329,0.0,0.0,0.0,0.0,0.0,0.0,0.0,0.0,0.0,0.0,0.0,0.0
2026-04-22 18:00:00,4,889.0,2026-05-03 00:00:00,10 days 06:00:00,-7.09,62.47,1004.5,20.5,85.23367008234925,0.0,0.0,0.0,0.0,0.0,0.0,0.0,0.0,0.0,0.0,0.0,0.0
2026-04-22 18:00:00,4,889.0,2026-05-03 06:00:00,10 days 12:00:00,-7.62,63.84,1007.6,16.6,73.39368855586574,0.0,0.0,0.0,0.0,0.0,0.0,0.0,0.0,0.0,0.0,0.0,0.0
2026-04-22 18:00:00,4,889.0,2026-05-03 12:00:00,10 days 18:00:00,-7.95,64.4,1004.2,22.9,87.41259090523783,0.0,0.0,0.0,0.0,0.0,0.0,0.0,0.0,0.0,0.0,0.0,0.0
2026-04-22 18:00:00,4,889.0,2026-05-03 18:00:00,11 days 00:00:00,-7.96,64.96,1000.8,23.9,97.2953845208336,0.0,0.0,0.0,0.0,0.0,0.0,0.0,0.0,0.0,0.0,0.0,0.0
2026-04-22 18:00:00,4,889.0,2026-05-04 00:00:00,11 days 06:00:00,-8.47,65.23,1002.5,27.5,73.99905130001184,0.0,0.0,0.0,0.0,0.0,0.0,0.0,0.0,0.0,0.0,0.0,0.0
2026-04-22 18:00:00,4,889.0,2026-05-04 06:00:00,11 days 12:00:00,-8.74,65.82,1000.4,34.0,93.89787237295188,93.89787237295188,1.1150526498929416,0.0,5.754132724468137,0.0,0.0,0.0,0.0,0.0,0.0,0.0,0.0
2026-04-22 18:00:00,4,889.0,2026-05-04 12:00:00,11 days 18:00:00,-9.97,65.94,1000.0,21.4,124.00495292010535,0.0,0.0,0.0,0.0,0.0,0.0,0.0,0.0,0.0,0.0,0.0,0.0
2026-04-22 18:00:00,4,889.0,2026-05-04 18:00:00,12 days 00:00:00,-9.83,65.71,999.6,29.1,98.73719509419622,0.0,0.0,0.0,0.0,0.0,0.0,0.0,0.0,0.0,0.0,0.0,0.0
2026-04-22 18:00:00,4,889.0,2026-05-05 00:00:00,12 days 06:00:00,-10.52,65.68,995.8,36.3,58.87257823009948,0.0,58.87257823009948,0.0,0.0,0.0,0.0,0.0,0.0,0.0,0.0,0.0,0.0
2026-04-22 18:00:00,4,889.0,2026-05-05 06:00:00,12 days 12:00:00,-10.64,65.34,999.0,33.2,78.32607731785863,0.0,0.0,0.0,0.0,0.0,0.0,0.0,0.0,0.0,0.0,0.0,0.0
2026-04-22 18:00:00,4,889.0,2026-05-05 12:00:00,12 days 18:00:00,-11.18,65.18,992.7,52.2,57.8363324487722,141.98698357476195,157.1102872852913,129.6776866739097,116.09929472324922,57.8363324487722,31.72624878116857,22.87870694425112,23.72860065800496,0.0,0.0,0.0,0.0
2026-04-22 18:00:00,4,889.0,2026-05-05 18:00:00,13 days 00:00:00,-11.36,64.71,990.8,53.5,88.85763606587822,208.53298709287475,214.5382046430684,206.91943491832583,198.0109197729498,97.77374153740718,97.09498848108836,80.71603700250952,83.95851029193618,0.0,0.0,0.0,0.0
2026-04-22 18:00:00,4,890.0,2026-05-05 00:00:00,12 days 06:00:00,-27.46,158.22,1001.2,29.2,71.85957374037582,0.0,0.0,0.0,0.0,0.0,0.0,0.0,0.0,0.0,0.0,0.0,0.0
2026-04-22 18:00:00,4,890.0,2026-05-05 06:00:00,12 days 12:00:00,-27.49,157.39,991.5,44.6,120.05399691085188,215.82657677936183,207.2289245058689,185.66313074811612,187.28851244135728,0.0,0.0,0.0,0.0,0.0,0.0,0.0,0.0
2026-04-22 18:00:00,4,890.0,2026-05-05 12:00:00,12 days 18:00:00,-26.69,157.11,998.3,42.8,94.79626063951504,94.79626063951504,31.67224666126755,34.29280912076711,29.788705585235448,0.0,0.0,0.0,0.0,0.0,0.0,0.0,0.0
2026-04-22 18:00:00,4,890.0,2026-05-05 18:00:00,13 days 00:00:00,-26.11,157.76,994.1,39.9,81.04449593776869,6.371677395927279,81.04449593776869,24.85754628267933,15.348152713092652,0.0,0.0,0.0,0.0,0.0,0.0,0.0,0.0
2026-04-22 18:00:00,1,894.0,2026-05-02 00:00:00,9 days 06:00:00,-7.52,66.58,1003.9,17.7,67.9602088407622,0.0,0.0,0.0,0.0,0.0,0.0,0.0,0.0,0.0,0.0,0.0,0.0
2026-04-22 18:00:00,1,894.0,2026-05-02 06:00:00,9 days 12:00:00,-7.89,66.54,1003.1,25.8,63.9660452326044,0.0,0.0,0.0,0.0,0.0,0.0,0.0,0.0,0.0,0.0,0.0,0.0
2026-04-22 18:00:00,1,894.0,2026-05-02 12:00:00,9 days 18:00:00,-8.17,65.64,1006.5,22.6,100.97805696985536,0.0,0.0,0.0,0.0,0.0,0.0,0.0,0.0,0.0,0.0,0.0,0.0
2026-04-22 18:00:00,1,894.0,2026-05-02 18:00:00,10 days 00:00:00,-7.95,64.31,1007.2,23.6,124.11791186422955,0.0,0.0,0.0,0.0,0.0,0.0,0.0,0.0,0.0,0.0,0.0,0.0
2026-04-22 18:00:00,1,894.0,2026-05-03 00:00:00,10 days 06:00:00,-8.76,62.67,1008.4,20.1,68.64427769085685,0.0,0.0,0.0,0.0,0.0,0.0,0.0,0.0,0.0,0.0,0.0,0.0
2026-04-22 18:00:00,1,894.0,2026-05-03 06:00:00,10 days 12:00:00,-8.79,62.23,995.4,38.7,66.54341846743861,197.16267640745423,203.5831769679087,164.88930087703835,166.68973819454902,0.0,0.0,0.0,0.0,0.0,0.0,0.0,0.0
2026-04-22 18:00:00,1,894.0,2026-05-03 12:00:00,10 days 18:00:00,-8.59,61.7,997.9,32.6,68.30357341160321,0.0,0.0,0.0,0.0,0.0,0.0,0.0,0.0,0.0,0.0,0.0,0.0
2026-04-22 18:00:00,1,894.0,2026-05-03 18:00:00,11 days 00:00:00,-8.84,60.77,999.8,35.8,103.03421355645288,168.68952196298824,164.2989130294999,134.85207326628793,148.82625475737052,0.0,0.0,0.0,0.0,0.0,0.0,0.0,0.0
2026-04-22 18:00:00,1,894.0,2026-05-04 00:00:00,11 days 06:00:00,-9.03,60.23,1004.5,31.4,82.91721894095133,0.0,0.0,0.0,0.0,0.0,0.0,0.0,0.0,0.0,0.0,0.0,0.0
2026-04-22 18:00:00,1,894.0,2026-05-04 06:00:00,11 days 12:00:00,-9.07,60.04,1002.2,31.7,150.45731217392276,0.0,0.0,0.0,0.0,0.0,0.0,0.0,0.0,0.0,0.0,0.0,0.0
2026-04-22 18:00:00,1,894.0,2026-05-04 12:00:00,11 days 18:00:00,-9.44,59.68,996.8,37.2,131.50023611784567,248.71857584359225,239.87731539584516,185.36396285457545,196.938905437828,0.0,0.0,0.0,0.0,0.0,0.0,0.0,0.0
2026-04-22 18:00:00,1,894.0,2026-05-04 18:00:00,12 days 00:00:00,-9.88,59.53,991.7,37.5,83.40383117905444,234.09557459687412,234.96160498030028,191.09499012934697,193.1549497806638,0.0,0.0,0.0,0.0,0.0,0.0,0.0,0.0
2026-04-22 18:00:00,1,894.0,2026-05-05 00:00:00,12 days 06:00:00,-10.11,58.93,1000.9,32.0,152.62004675283129,0.0,0.0,0.0,0.0,0.0,0.0,0.0,0.0,0.0,0.0,0.0,0.0
2026-04-22 18:00:00,1,894.0,2026-05-05 06:00:00,12 days 12:00:00,-10.25,58.23,986.9,48.1,82.89346533998378,231.14457828580603,242.69544600437644,200.6249693250209,196.46906795331387,0.0,0.0,0.0,0.0,0.0,0.0,0.0,0.0
2026-04-22 18:00:00,1,894.0,2026-05-05 12:00:00,12 days 18:00:00,-10.39,57.56,997.1,38.7,53.632709903727886,211.73169685696865,210.1441186553092,168.72182674434336,171.6491422552407,0.0,0.0,0.0,0.0,0.0,0.0,0.0,0.0
2026-04-22 18:00:00,1,894.0,2026-05-05 18:00:00,13 days 00:00:00,-10.73,56.96,990.1,42.8,43.63855152336808,230.5072786326432,242.26100212618,226.70336007751823,221.04653352456117,0.0,0.0,0.0,0.0,0.0,0.0,0.0,0.0
2026-04-22 18:00:00,1,901.0,2026-05-04 00:00:00,11 days 06:00:00,-8.32,64.05,1004.6,23.1,124.9591765030244,0.0,0.0,0.0,0.0,0.0,0.0,0.0,0.0,0.0,0.0,0.0,0.0
2026-04-22 18:00:00,1,901.0,2026-05-04 06:00:00,11 days 12:00:00,-8.89,64.06,1002.9,24.4,50.93934319742268,0.0,0.0,0.0,0.0,0.0,0.0,0.0,0.0,0.0,0.0,0.0,0.0
2026-04-22 18:00:00,1,901.0,2026-05-04 12:00:00,11 days 18:00:00,-8.77,64.51,1002.5,28.0,107.4695475201112,0.0,0.0,0.0,0.0,0.0,0.0,0.0,0.0,0.0,0.0,0.0,0.0
2026-04-22 18:00:00,1,901.0,2026-05-04 18:00:00,12 days 00:00:00,-8.62,64.98,999.0,31.9,76.69181896140861,0.0,0.0,0.0,0.0,0.0,0.0,0.0,0.0,0.0,0.0,0.0,0.0
2026-04-22 18:00:00,1,901.0,2026-05-05 00:00:00,12 days 06:00:00,-9.36,65.35,997.6,36.0,66.18069460981899,0.0,0.0,0.0,66.18069460981899,0.0,0.0,0.0,0.0,0.0,0.0,0.0,0.0
2026-04-22 18:00:00,1,901.0,2026-05-05 06:00:00,12 days 12:00:00,-9.06,65.66,996.0,34.1,104.69779577583188,1.8063628221536303,0.8020959382631858,104.69779577583188,0.3763687430645674,0.0,0.0,0.0,0.0,0.0,0.0,0.0,0.0
2026-04-22 18:00:00,1,901.0,2026-05-05 12:00:00,12 days 18:00:00,-10.1,65.98,996.5,33.2,45.1021093860021,0.0,0.0,0.0,0.0,0.0,0.0,0.0,0.0,0.0,0.0,0.0,0.0
2026-04-22 18:00:00,1,901.0,2026-05-05 18:00:00,13 days 00:00:00,-10.66,66.16,995.7,35.2,72.78657896393725,82.62488915646054,79.4185281693508,71.13468768835219,65.1922003837542,0.0,0.0,0.0,0.0,0.0,0.0,0.0,0.0
2026-04-22 18:00:00,6,906.0,2026-05-02 12:00:00,9 days 18:00:00,9.31,152.09,1002.5,33.4,61.49700540273881,0.0,0.0,0.0,0.0,0.0,0.0,0.0,0.0,0.0,0.0,0.0,0.0
2026-04-22 18:00:00,6,906.0,2026-05-02 18:00:00,10 days 00:00:00,8.06,150.85,1008.8,17.6,92.08681274932168,0.0,0.0,0.0,0.0,0.0,0.0,0.0,0.0,0.0,0.0,0.0,0.0
2026-04-22 18:00:00,6,906.0,2026-05-03 00:00:00,10 days 06:00:00,8.47,150.63,1005.1,23.4,129.49507716994452,0.0,0.0,0.0,0.0,0.0,0.0,0.0,0.0,0.0,0.0,0.0,0.0
2026-04-22 18:00:00,6,906.0,2026-05-03 06:00:00,10 days 12:00:00,8.23,149.73,1001.3,25.3,119.39734038157364,0.0,0.0,0.0,0.0,0.0,0.0,0.0,0.0,0.0,0.0,0.0,0.0
2026-04-22 18:00:00,6,906.0,2026-05-03 12:00:00,10 days 18:00:00,8.12,149.43,1004.4,23.7,99.66340537004828,0.0,0.0,0.0,0.0,0.0,0.0,0.0,0.0,0.0,0.0,0.0,0.0
2026-04-22 18:00:00,6,906.0,2026-05-03 18:00:00,11 days 00:00:00,7.94,148.59,1002.3,27.1,76.89711299189293,0.0,0.0,0.0,0.0,0.0,0.0,0.0,0.0,0.0,0.0,0.0,0.0
2026-04-22 18:00:00,6,906.0,2026-05-04 00:00:00,11 days 06:00:00,7.64,148.06,1005.8,22.7,114.17469903386406,0.0,0.0,0.0,0.0,0.0,0.0,0.0,0.0,0.0,0.0,0.0,0.0
2026-04-22 18:00:00,6,906.0,2026-05-04 06:00:00,11 days 12:00:00,7.09,147.0,1005.0,24.9,111.68432014933998,0.0,0.0,0.0,0.0,0.0,0.0,0.0,0.0,0.0,0.0,0.0,0.0
2026-04-22 18:00:00,6,906.0,2026-05-04 12:00:00,11 days 18:00:00,8.4,147.19,1006.0,24.8,75.94043596308398,0.0,0.0,0.0,0.0,0.0,0.0,0.0,0.0,0.0,0.0,0.0,0.0
2026-04-22 18:00:00,6,906.0,2026-05-04 18:00:00,12 days 00:00:00,8.31,146.06,1005.8,22.3,114.4709178895987,0.0,0.0,0.0,0.0,0.0,0.0,0.0,0.0,0.0,0.0,0.0,0.0
2026-04-22 18:00:00,6,906.0,2026-05-05 00:00:00,12 days 06:00:00,8.36,144.9,1000.5,27.5,70.74501185874591,0.0,0.0,0.0,0.0,0.0,0.0,0.0,0.0,0.0,0.0,0.0,0.0
2026-04-22 18:00:00,6,906.0,2026-05-05 06:00:00,12 days 12:00:00,8.08,144.64,1002.4,28.5,48.91592550834921,0.0,0.0,0.0,0.0,0.0,0.0,0.0,0.0,0.0,0.0,0.0,0.0
2026-04-22 18:00:00,6,906.0,2026-05-05 12:00:00,12 days 18:00:00,8.5,144.0,1009.3,16.5,63.16104564805919,0.0,0.0,0.0,0.0,0.0,0.0,0.0,0.0,0.0,0.0,0.0,0.0
2026-04-22 18:00:00,3,912.0,2026-05-03 06:00:00,10 days 12:00:00,-7.99,58.42,1001.9,16.7,168.95377328356986,0.0,0.0,0.0,0.0,0.0,0.0,0.0,0.0,0.0,0.0,0.0,0.0
2026-04-22 18:00:00,3,912.0,2026-05-03 12:00:00,10 days 18:00:00,-8.19,57.17,1005.2,26.5,107.92212187749314,0.0,0.0,0.0,0.0,0.0,0.0,0.0,0.0,0.0,0.0,0.0,0.0
2026-04-22 18:00:00,3,912.0,2026-05-03 18:00:00,11 days 00:00:00,-8.55,56.81,1000.2,30.9,62.60365933621045,0.0,0.0,0.0,0.0,0.0,0.0,0.0,0.0,0.0,0.0,0.0,0.0
2026-04-22 18:00:00,3,912.0,2026-05-04 00:00:00,11 days 06:00:00,-8.61,56.63,1002.6,27.5,58.02215645915779,0.0,0.0,0.0,0.0,0.0,0.0,0.0,0.0,0.0,0.0,0.0,0.0
2026-04-22 18:00:00,3,912.0,2026-05-04 06:00:00,11 days 12:00:00,-9.14,55.26,995.3,37.2,96.00991163034404,0.0,0.0,96.00991163034404,0.0,0.0,0.0,0.0,0.0,0.0,0.0,0.0,0.0
2026-04-22 18:00:00,3,912.0,2026-05-04 12:00:00,11 days 18:00:00,-9.61,54.9,1001.7,31.1,88.60584400347935,0.0,0.0,0.0,0.0,0.0,0.0,0.0,0.0,0.0,0.0,0.0,0.0
2026-04-22 18:00:00,3,912.0,2026-05-04 18:00:00,12 days 00:00:00,-9.91,54.5,996.3,42.0,26.26966765404165,31.14640720028478,24.63922409006457,34.16602331752366,26.459293040359405,0.0,0.0,0.0,0.0,0.0,0.0,0.0,0.0
2026-04-22 18:00:00,3,912.0,2026-05-05 00:00:00,12 days 06:00:00,-10.07,54.35,993.0,51.1,83.4663182941239,215.9216009929208,218.5970886611428,199.6362113928809,194.0050914534764,83.4663182941239,0.0,0.0,0.0,0.0,0.0,0.0,0.0
2026-04-22 18:00:00,3,912.0,2026-05-05 06:00:00,12 days 12:00:00,-10.89,54.49,988.5,59.3,57.09296247961224,173.35067987726933,178.652901995518,147.31574258729185,133.7249316101256,29.3852398113116,57.09296247961224,23.313112444869688,20.66223879366271,0.0,0.0,0.0,0.0
2026-04-22 18:00:00,3,912.0,2026-05-05 12:00:00,12 days 18:00:00,-11.44,54.25,979.1,69.3,49.95893409416132,181.81414143914168,226.9114681089053,209.62072645537808,156.26854978677838,99.4569397636381,106.39413143917496,91.26829701013042,83.90937819523796,37.27926018588481,49.95893409416132,35.77497468743456,32.25759428857232
2026-04-22 18:00:00,3,912.0,2026-05-05 18:00:00,13 days 00:00:00,-11.85,54.32,973.4,83.8,42.429105372301336,146.59899235305858,163.2800803561224,171.11801589546445,144.87016908257326,71.48439310685347,76.0878401028853,82.57616132928105,72.515148755312,49.85016675676764,54.43850662749939,49.671426526221566,47.225665912882405
2026-04-22 18:00:00,2,913.0,2026-05-02 06:00:00,9 days 12:00:00,9.61,129.74,1006.4,20.1,119.38138390921188,0.0,0.0,0.0,0.0,0.0,0.0,0.0,0.0,0.0,0.0,0.0,0.0
2026-04-22 18:00:00,2,913.0,2026-05-02 12:00:00,9 days 18:00:00,9.4,128.41,1006.2,22.8,127.03093382883895,0.0,0.0,0.0,0.0,0.0,0.0,0.0,0.0,0.0,0.0,0.0,0.0
2026-04-22 18:00:00,2,913.0,2026-05-02 18:00:00,10 days 00:00:00,9.53,127.53,1003.8,25.0,130.21217730800709,0.0,0.0,0.0,0.0,0.0,0.0,0.0,0.0,0.0,0.0,0.0,0.0
2026-04-22 18:00:00,2,913.0,2026-05-03 00:00:00,10 days 06:00:00,9.83,126.12,1003.4,22.1,28.46368335849491,0.0,0.0,0.0,0.0,0.0,0.0,0.0,0.0,0.0,0.0,0.0,0.0
2026-04-22 18:00:00,2,913.0,2026-05-03 06:00:00,10 days 12:00:00,10.58,125.44,1000.0,28.2,67.87382354039595,0.0,0.0,0.0,0.0,0.0,0.0,0.0,0.0,0.0,0.0,0.0,0.0
2026-04-22 18:00:00,2,913.0,2026-05-03 12:00:00,10 days 18:00:00,10.5,124.91,1010.8,17.8,100.14098178573592,0.0,0.0,0.0,0.0,0.0,0.0,0.0,0.0,0.0,0.0,0.0,0.0
2026-04-22 18:00:00,2,913.0,2026-05-03 18:00:00,11 days 00:00:00,10.68,124.05,1005.0,22.0,62.75824167039399,0.0,0.0,0.0,0.0,0.0,0.0,0.0,0.0,0.0,0.0,0.0,0.0
2026-04-22 18:00:00,2,913.0,2026-05-04 00:00:00,11 days 06:00:00,11.08,123.03,1008.1,22.0,102.7356600400268,0.0,0.0,0.0,0.0,0.0,0.0,0.0,0.0,0.0,0.0,0.0,0.0
2026-04-22 18:00:00,2,913.0,2026-05-04 06:00:00,11 days 12:00:00,11.43,122.41,1005.6,21.2,76.13227333002683,0.0,0.0,0.0,0.0,0.0,0.0,0.0,0.0,0.0,0.0,0.0,0.0
2026-04-22 18:00:00,2,913.0,2026-05-04 12:00:00,11 days 18:00:00,11.66,121.37,1005.3,24.8,99.91240335862337,0.0,0.0,0.0,0.0,0.0,0.0,0.0,0.0,0.0,0.0,0.0,0.0
2026-04-22 18:00:00,2,913.0,2026-05-04 18:00:00,12 days 00:00:00,12.28,120.03,1006.5,21.5,101.31339451269405,0.0,0.0,0.0,0.0,0.0,0.0,0.0,0.0,0.0,0.0,0.0,0.0
2026-04-22 18:00:00,2,913.0,2026-05-05 00:00:00,12 days 06:00:00,12.64,119.36,1004.9,26.3,93.49135701040665,0.0,0.0,0.0,0.0,0.0,0.0,0.0,0.0,0.0,0.0,0.0,0.0
2026-04-22 18:00:00,2,913.0,2026-05-05 06:00:00,12 days 12:00:00,13.38,117.94,1008.6,22.5,113.8485568876972,0.0,0.0,0.0,0.0,0.0,0.0,0.0,0.0,0.0,0.0,0.0,0.0
2026-04-22 18:00:00,2,913.0,2026-05-05 12:00:00,12 days 18:00:00,14.05,116.86,1007.2,15.5,115.80999908260046,0.0,0.0,0.0,0.0,0.0,0.0,0.0,0.0,0.0,0.0,0.0,0.0
2026-04-22 18:00:00,2,913.0,2026-05-05 18:00:00,13 days 00:00:00,14.49,116.12,1006.2,19.1,127.76076173149342,0.0,0.0,0.0,0.0,0.0,0.0,0.0,0.0,0.0,0.0,0.0,0.0
2026-04-22 18:00:00,7,913.0,2026-05-04 18:00:00,12 days 00:00:00,7.69,66.4,999.9,34.9,88.82486683471043,15.19861303684451,6.061645828813894,12.4193724143572,88.82486683471043,0.0,0.0,0.0,0.0,0.0,0.0,0.0,0.0
2026-04-22 18:00:00,7,913.0,2026-05-05 00:00:00,12 days 06:00:00,7.96,65.67,995.2,31.0,65.20195524486381,0.0,0.0,0.0,0.0,0.0,0.0,0.0,0.0,0.0,0.0,0.0,0.0
2026-04-22 18:00:00,7,913.0,2026-05-05 06:00:00,12 days 12:00:00,8.05,65.46,1002.5,25.3,97.29607034001468,0.0,0.0,0.0,0.0,0.0,0.0,0.0,0.0,0.0,0.0,0.0,0.0
2026-04-22 18:00:00,7,913.0,2026-05-05 12:00:00,12 days 18:00:00,8.14,64.55,993.0,44.4,64.02804289943151,206.0972527744707,187.74306997980875,171.96728670032007,190.180839501857,0.0,0.0,0.0,0.0,0.0,0.0,0.0,0.0
2026-04-22 18:00:00,7,913.0,2026-05-05 18:00:00,13 days 00:00:00,8.75,64.5,1000.1,35.1,108.38625586244788,160.41261528655318,144.62918603173844,121.63402498566778,142.23389717307734,0.0,0.0,0.0,0.0,0.0,0.0,0.0,0.0
2026-04-22 18:00:00,0,918.0,2026-05-03 18:00:00,11 days 00:00:00,7.71,141.31,1002.7,26.3,120.1518565065573,0.0,0.0,0.0,0.0,0.0,0.0,0.0,0.0,0.0,0.0,0.0,0.0
2026-04-22 18:00:00,0,918.0,2026-05-04 00:00:00,11 days 06:00:00,7.7,140.25,1005.4,28.5,107.70435623281654,0.0,0.0,0.0,0.0,0.0,0.0,0.0,0.0,0.0,0.0,0.0,0.0
2026-04-22 18:00:00,0,918.0,2026-05-04 06:00:00,11 days 12:00:00,7.4,139.18,1007.4,27.4,57.68143221709836,0.0,0.0,0.0,0.0,0.0,0.0,0.0,0.0,0.0,0.0,0.0,0.0
2026-04-22 18:00:00,0,918.0,2026-05-04 12:00:00,11 days 18:00:00,7.86,138.2,1005.8,28.1,88.9056234381695,0.0,0.0,0.0,0.0,0.0,0.0,0.0,0.0,0.0,0.0,0.0,0.0
2026-04-22 18:00:00,0,918.0,2026-05-04 18:00:00,12 days 00:00:00,7.5,136.67,999.2,40.9,31.63968458538277,31.63968458538277,0.0,0.0,4.040274406431259,0.0,0.0,0.0,0.0,0.0,0.0,0.0,0.0
2026-04-22 18:00:00,0,918.0,2026-05-05 00:00:00,12 days 06:00:00,7.55,135.82,1004.4,29.9,58.87633170766915,0.0,0.0,0.0,0.0,0.0,0.0,0.0,0.0,0.0,0.0,0.0,0.0
2026-04-22 18:00:00,0,918.0,2026-05-05 06:00:00,12 days 12:00:00,7.65,135.05,1005.6,26.3,55.68053741949859,0.0,0.0,0.0,0.0,0.0,0.0,0.0,0.0,0.0,0.0,0.0,0.0
2026-04-22 18:00:00,0,918.0,2026-05-05 12:00:00,12 days 18:00:00,7.82,134.43,1002.9,33.1,81.61577788737137,0.0,0.0,0.0,0.0,0.0,0.0,0.0,0.0,0.0,0.0,0.0,0.0
2026-04-22 18:00:00,0,918.0,2026-05-05 18:00:00,13 days 00:00:00,8.06,133.94,1006.8,23.2,116.6399263249641,0.0,0.0,0.0,0.0,0.0,0.0,0.0,0.0,0.0,0.0,0.0,0.0
2026-04-22 18:00:00,0,921.0,2026-05-04 12:00:00,11 days 18:00:00,3.65,68.25,1004.1,23.2,144.78972921475977,0.0,0.0,0.0,0.0,0.0,0.0,0.0,0.0,0.0,0.0,0.0,0.0
2026-04-22 18:00:00,0,921.0,2026-05-04 18:00:00,12 days 00:00:00,4.66,68.03,1003.8,22.5,73.40784091617267,0.0,0.0,0.0,0.0,0.0,0.0,0.0,0.0,0.0,0.0,0.0,0.0
2026-04-22 18:00:00,0,921.0,2026-05-05 00:00:00,12 days 06:00:00,5.47,67.57,996.6,44.8,35.6017614800989,91.91536530256818,100.12932662583704,72.28470823992716,72.91908691928147,0.0,0.0,0.0,0.0,0.0,0.0,0.0,0.0
2026-04-22 18:00:00,0,921.0,2026-05-05 06:00:00,12 days 12:00:00,6.65,66.95,999.8,33.7,39.61687088616722,0.0,0.0,0.0,0.0,0.0,0.0,0.0,0.0,0.0,0.0,0.0,0.0
2026-04-22 18:00:00,0,921.0,2026-05-05 12:00:00,12 days 18:00:00,7.49,66.05,991.5,61.1,64.81566984974087,219.88586813629365,166.6135666595045,145.2576173208784,189.80116919735207,80.76670849419918,65.52074026515737,53.53095615649299,62.97363021395532,0.0,0.0,0.0,0.0
2026-04-22 18:00:00,0,921.0,2026-05-05 18:00:00,13 days 00:00:00,7.86,65.02,987.5,66.7,66.68490728449359,159.43752233294927,146.7402605683533,154.57061971418108,153.91140788399932,66.68490728449359,30.54634916203703,31.34663140472137,66.68490728449359,0.7505232175529943,0.0,0.0,66.68490728449359
2026-04-22 18:00:00,2,923.0,2026-05-04 00:00:00,11 days 06:00:00,7.94,150.84,1003.2,21.8,83.79194324376884,0.0,0.0,0.0,0.0,0.0,0.0,0.0,0.0,0.0,0.0,0.0,0.0
2026-04-22 18:00:00,2,923.0,2026-05-04 06:00:00,11 days 12:00:00,8.48,149.55,1005.9,16.2,119.66013878562649,0.0,0.0,0.0,0.0,0.0,0.0,0.0,0.0,0.0,0.0,0.0,0.0
2026-04-22 18:00:00,2,923.0,2026-05-04 12:00:00,11 days 18:00:00,7.92,148.73,1007.1,19.5,75.34695203977645,0.0,0.0,0.0,0.0,0.0,0.0,0.0,0.0,0.0,0.0,0.0,0.0
2026-04-22 18:00:00,2,923.0,2026-05-04 18:00:00,12 days 00:00:00,8.21,147.61,1005.6,25.6,60.79960917580793,0.0,0.0,0.0,0.0,0.0,0.0,0.0,0.0,0.0,0.0,0.0,0.0
2026-04-22 18:00:00,2,923.0,2026-05-05 00:00:00,12 days 06:00:00,8.66,146.92,999.7,40.8,85.20365105542606,85.20365105542606,57.02208602275749,42.6581971288696,51.312001343138576,0.0,0.0,0.0,0.0,0.0,0.0,0.0,0.0
2026-04-22 18:00:00,2,923.0,2026-05-05 06:00:00,12 days 12:00:00,8.94,146.27,994.8,45.6,45.11734710816003,45.11734710816003,13.926388656348209,5.3722913795946425,26.02873615722686,0.0,0.0,0.0,0.0,0.0,0.0,0.0,0.0
2026-04-22 18:00:00,2,923.0,2026-05-05 12:00:00,12 days 18:00:00,9.0,146.02,988.5,64.8,28.868263562521683,112.53370513750238,104.5869513400327,75.60934132131945,95.48930687741932,28.868263562521683,0.0,0.0,0.0,28.868263562521683,0.0,0.0,0.0
2026-04-22 18:00:00,2,923.0,2026-05-05 18:00:00,13 days 00:00:00,9.82,144.83,985.5,61.8,34.12640763290182,117.40877071427003,89.50810750990195,54.21250311781027,88.60022721342038,34.12640763290182,1.6651852112509742,0.0,3.0293735934100594,0.0,0.0,0.0,0.0
2026-04-22 18:00:00,1,926.0,2026-05-03 00:00:00,10 days 06:00:00,4.99,67.06,1009.4,17.4,65.7711151734592,0.0,0.0,0.0,0.0,0.0,0.0,0.0,0.0,0.0,0.0,0.0,0.0
2026-04-22 18:00:00,1,926.0,2026-05-03 06:00:00,10 days 12:00:00,4.77,65.92,1004.3,23.6,92.11060410873438,0.0,0.0,0.0,0.0,0.0,0.0,0.0,0.0,0.0,0.0,0.0,0.0
2026-04-22 18:00:00,1,926.0,2026-05-03 12:00:00,10 days 18:00:00,4.97,65.22,1002.7,27.9,72.03763422657244,0.0,0.0,0.0,0.0,0.0,0.0,0.0,0.0,0.0,0.0,0.0,0.0
2026-04-22 18:00:00,1,926.0,2026-05-03 18:00:00,11 days 00:00:00,4.39,64.29,1003.4,22.3,93.5207162830596,0.0,0.0,0.0,0.0,0.0,0.0,0.0,0.0,0.0,0.0,0.0,0.0
2026-04-22 18:00:00,1,926.0,2026-05-04 00:00:00,11 days 06:00:00,4.99,63.9,1000.3,27.4,81.97049351021931,0.0,0.0,0.0,0.0,0.0,0.0,0.0,0.0,0.0,0.0,0.0,0.0
2026-04-22 18:00:00,1,926.0,2026-05-04 06:00:00,11 days 12:00:00,5.47,63.53,1003.3,29.3,102.856142877703,0.0,0.0,0.0,0.0,0.0,0.0,0.0,0.0,0.0,0.0,0.0,0.0
2026-04-22 18:00:00,1,926.0,2026-05-04 12:00:00,11 days 18:00:00,5.64,62.4,991.8,51.4,46.86691350247656,159.2928680568159,130.54761489641538,115.18491509087994,142.20233975701683,0.2672761220028512,0.0,0.6272277267864865,46.86691350247656,0.0,0.0,0.0,0.0
2026-04-22 18:00:00,1,926.0,2026-05-04 18:00:00,12 days 00:00:00,6.09,61.69,984.8,56.9,63.669557462991904,160.0933369003697,140.00948027132753,132.80472353770193,149.1098904933679,63.669557462991904,0.4981652776740953,2.0633859526449614,2.8957812650736248,0.0,0.0,0.0,0.0
2026-04-22 18:00:00,1,926.0,2026-05-05 00:00:00,12 days 06:00:00,6.39,61.08,989.1,61.2,27.894344340233317,176.03465982209528,181.25893369586493,168.1178773421885,165.3098504063164,62.52151297890401,58.339363570175735,52.35297110791203,50.956437325312606,0.0,0.0,0.0,0.0
2026-04-22 18:00:00,1,926.0,2026-05-05 06:00:00,12 days 12:00:00,7.33,60.86,987.4,55.9,31.531921890536587,144.01578672111765,119.5264330500966,122.51413974636536,139.55319152949494,67.85015717977231,66.64388278484589,60.80349892336643,63.156568883150506,0.0,0.0,0.0,0.0
2026-04-22 18:00:00,1,926.0,2026-05-05 12:00:00,12 days 18:00:00,8.18,59.54,993.5,44.9,48.06894495272563,128.83674920483423,135.99029765759096,94.44778196608532,99.7000777574629,0.0,0.0,0.0,0.0,0.0,0.0,0.0,0.0
2026-04-22 18:00:00,1,926.0,2026-05-05 18:00:00,13 days 00:00:00,8.54,58.62,994.5,47.3,43.8333023078727,123.13531360550294,110.55748233315248,73.65190145962379,111.3824430933254,0.0,0.0,0.0,0.0,0.0,0.0,0.0,0.0
2026-04-22 18:00:00,3,934.0,2026-05-04 00:00:00,11 days 06:00:00,3.22,67.1,1006.7,19.3,82.96651456690603,0.0,0.0,0.0,0.0,0.0,0.0,0.0,0.0,0.0,0.0,0.0,0.0
2026-04-22 18:00:00,3,934.0,2026-05-04 06:00:00,11 days 12:00:00,3.62,66.89,1005.2,23.4,69.71466515296649,0.0,0.0,0.0,0.0,0.0,0.0,0.0,0.0,0.0,0.0,0.0,0.0
2026-04-22 18:00:00,3,934.0,2026-05-04 12:00:00,11 days 18:00:00,4.41,67.22,1000.1,31.1,91.69016184792854,0.0,0.0,0.0,0.0,0.0,0.0,0.0,0.0,0.0,0.0,0.0,0.0
2026-04-22 18:00:00,3,934.0,2026-05-04 18:00:00,12 days 00:00:00,4.11,67.16,998.0,38.9,73.67290947986817,4.223131784817382,2.042527602209132,3.152430276987792,73.67290947986817,0.0,0.0,0.0,0.0,0.0,0.0,0.0,0.0
2026-04-22 18:00:00,3,934.0,2026-05-05 00:00:00,12 days 06:00:00,5.37,66.59,1002.9,32.6,67.29813424432137,0.0,0.0,0.0,0.0,0.0,0.0,0.0,0.0,0.0,0.0,0.0,0.0
2026-04-22 18:00:00,3,934.0,2026-05-05 06:00:00,12 days 12:00:00,5.12,66.53,1000.7,43.3,60.34358573149976,23.745832997429783,60.34358573149976,29.236221280586648,25.06799317143464,0.0,0.0,0.0,0.0,0.0,0.0,0.0,0.0
2026-04-22 18:00:00,3,934.0,2026-05-05 12:00:00,12 days 18:00:00,5.4,65.05,990.0,51.4,35.1250126262082,183.7054646874,170.65354902634627,168.8882473178193,167.4544596669925,23.10301540664269,35.1250126262082,21.38013188128338,20.39004619311893,0.0,0.0,0.0,0.0
2026-04-22 18:00:00,3,934.0,2026-05-05 18:00:00,13 days 00:00:00,6.23,65.19,985.8,54.3,37.312597549795406,129.7154605930316,134.171440204951,121.5005350881066,126.61063136344838,50.02703786219225,51.08764360999859,46.03782616342093,42.285389303983,0.0,0.0,0.0,0.0
2026-04-22 18:00:00,3,937.0,2026-05-03 18:00:00,11 days 00:00:00,7.03,71.17,1005.1,22.8,72.70783273991806,0.0,0.0,0.0,0.0,0.0,0.0,0.0,0.0,0.0,0.0,0.0,0.0
2026-04-22 18:00:00,3,937.0,2026-05-04 00:00:00,11 days 06:00:00,6.79,70.79,1004.5,27.5,123.946559966585,0.0,0.0,0.0,0.0,0.0,0.0,0.0,0.0,0.0,0.0,0.0,0.0
2026-04-22 18:00:00,3,937.0,2026-05-04 06:00:00,11 days 12:00:00,7.77,70.97,1001.3,24.8,53.22784187091205,0.0,0.0,0.0,0.0,0.0,0.0,0.0,0.0,0.0,0.0,0.0,0.0
2026-04-22 18:00:00,3,937.0,2026-05-04 12:00:00,11 days 18:00:00,8.1,71.55,1004.7,23.7,143.48625753290392,0.0,0.0,0.0,0.0,0.0,0.0,0.0,0.0,0.0,0.0,0.0,0.0
2026-04-22 18:00:00,3,937.0,2026-05-04 18:00:00,12 days 00:00:00,8.9,71.1,1000.0,30.8,74.58937630817707,0.0,0.0,0.0,0.0,0.0,0.0,0.0,0.0,0.0,0.0,0.0,0.0
2026-04-22 18:00:00,3,937.0,2026-05-05 00:00:00,12 days 06:00:00,9.77,70.53,996.2,37.7,84.74343286045999,115.61994301099708,101.29337784134736,83.31944096134477,90.24305416075528,0.0,0.0,0.0,0.0,0.0,0.0,0.0,0.0
2026-04-22 18:00:00,3,937.0,2026-05-05 06:00:00,12 days 12:00:00,10.48,70.58,997.0,36.2,65.20254963648748,171.85055973409624,175.81053385635352,159.0172695515966,152.3582687862455,0.0,0.0,0.0,0.0,0.0,0.0,0.0,0.0
2026-04-22 18:00:00,3,937.0,2026-05-05 12:00:00,12 days 18:00:00,11.18,69.97,992.5,47.5,86.34547054815089,168.98514856944854,163.65870525831525,143.5973362331839,153.7718290992687,0.0,0.0,0.0,0.0,0.0,0.0,0.0,0.0
2026-04-22 18:00:00,3,937.0,2026-05-05 18:00:00,13 days 00:00:00,12.13,69.6,985.8,56.2,35.8296127259534,169.40239307705323,150.9602702797955,144.88485770347992,161.9226794592343,2.206224571264077,0.0,2.140689661883773,35.8296127259534,0.0,0.0,0.0,0.0
2026-04-22 18:00:00,0,942.0,2026-05-03 18:00:00,11 days 00:00:00,-7.83,62.57,1006.2,17.7,136.8977651634598,0.0,0.0,0.0,0.0,0.0,0.0,0.0,0.0,0.0,0.0,0.0,0.0
2026-04-22 18:00:00,0,942.0,2026-05-04 00:00:00,11 days 06:00:00,-8.27,62.59,996.8,35.8,79.66135710812453,79.66135710812453,0.0,0.0,0.0,0.0,0.0,0.0,0.0,0.0,0.0,0.0,0.0
2026-04-22 18:00:00,0,942.0,2026-05-04 06:00:00,11 days 12:00:00,-8.96,63.17,997.4,33.8,121.17723712595584,0.0,0.0,0.0,0.0,0.0,0.0,0.0,0.0,0.0,0.0,0.0,0.0
2026-04-22 18:00:00,0,942.0,2026-05-04 12:00:00,11 days 18:00:00,-9.99,63.69,1002.1,30.8,97.05598789288295,0.0,0.0,0.0,0.0,0.0,0.0,0.0,0.0,0.0,0.0,0.0,0.0
2026-04-22 18:00:00,0,942.0,2026-05-04 18:00:00,12 days 00:00:00,-10.01,64.14,985.5,59.0,48.8683346290223,152.02428299310054,154.61086880502188,143.62505283382797,133.7772324032967,52.190468847631344,51.6205414764092,43.78482729948642,42.49148216077772,0.0,0.0,0.0,0.0
2026-04-22 18:00:00,0,942.0,2026-05-05 00:00:00,12 days 06:00:00,-10.47,64.37,987.9,55.7,47.105691726606885,196.4752671428105,209.581957545594,196.35642587191572,174.61075035211752,106.33678646266712,105.23224742215956,88.61453263388249,87.62799282015683,0.0,0.0,0.0,0.0
2026-04-22 18:00:00,0,942.0,2026-05-05 06:00:00,12 days 12:00:00,-10.65,64.63,971.7,70.6,37.35218261658085,303.1892026724654,272.48515480864825,241.0667401120667,278.0936465986192,159.73170690966313,141.6214818280975,118.1817060271568,136.34664209937753,50.82186022267797,46.29939667192589,37.45210561304759,44.32331988655134
2026-04-22 18:00:00,0,942.0,2026-05-05 12:00:00,12 days 18:00:00,-10.74,65.17,984.8,59.6,31.702458705149237,158.66968350854026,143.44530684585004,143.30210814606704,142.8732506202562,31.702458705149237,28.060570172159743,24.94208255069348,24.546659519895872,0.0,0.0,0.0,0.0
2026-04-22 18:00:00,0,942.0,2026-05-05 18:00:00,13 days 00:00:00,-11.1,65.57,982.8,64.1,11.364972044078767,183.38584889383708,186.55722437510195,160.9317623072867,163.19026675233212,89.2565860031513,81.82555305436762,61.70126164453999,68.62363981445523,11.364972044078767,0.5800083234164295,0.0,0.1727224348884783
2026-04-22 18:00:00,4,943.0,2026-05-02 18:00:00,10 days 00:00:00,7.6,149.92,1003.0,16.4,73.48233876825316,0.0,0.0,0.0,0.0,0.0,0.0,0.0,0.0,0.0,0.0,0.0,0.0
2026-04-22 18:00:00,4,943.0,2026-05-03 00:00:00,10 days 06:00:00,7.23,149.38,1006.6,22.4,117.09072665356148,0.0,0.0,0.0,0.0,0.0,0.0,0.0,0.0,0.0,0.0,0.0,0.0
2026-04-22 18:00:00,4,943.0,2026-05-03 06:00:00,10 days 12:00:00,8.31,148.89,1004.5,20.9,74.18373103472376,0.0,0.0,0.0,0.0,0.0,0.0,0.0,0.0,0.0,0.0,0.0,0.0
2026-04-22 18:00:00,4,943.0,2026-05-03 12:00:00,10 days 18:00:00,7.51,147.86,1003.9,18.9,99.35372610537816,0.0,0.0,0.0,0.0,0.0,0.0,0.0,0.0,0.0,0.0,0.0,0.0
2026-04-22 18:00:00,4,943.0,2026-05-03 18:00:00,11 days 00:00:00,7.77,147.22,1003.0,23.8,69.78181165935837,0.0,0.0,0.0,0.0,0.0,0.0,0.0,0.0,0.0,0.0,0.0,0.0
2026-04-22 18:00:00,4,943.0,2026-05-04 00:00:00,11 days 06:00:00,7.44,146.52,1005.5,25.9,89.2606574893851,0.0,0.0,0.0,0.0,0.0,0.0,0.0,0.0,0.0,0.0,0.0,0.0
2026-04-22 18:00:00,4,943.0,2026-05-04 06:00:00,11 days 12:00:00,7.5,145.6,1000.8,34.1,57.60698408689956,75.92374721339122,62.63575728837285,57.75198185929426,67.17835194736399,0.0,0.0,0.0,0.0,0.0,0.0,0.0,0.0
2026-04-22 18:00:00,4,943.0,2026-05-04 12:00:00,11 days 18:00:00,7.39,144.54,999.6,33.8,64.51998594382323,0.0,0.0,0.0,0.0,0.0,0.0,0.0,0.0,0.0,0.0,0.0,0.0
2026-04-22 18:00:00,4,943.0,2026-05-04 18:00:00,12 days 00:00:00,7.68,143.35,998.6,45.7,59.71230314235497,59.71230314235497,1.7556184620471065,0.0,5.268728513067726,0.0,0.0,0.0,0.0,0.0,0.0,0.0,0.0
2026-04-22 18:00:00,4,943.0,2026-05-05 00:00:00,12 days 06:00:00,7.69,142.14,997.5,45.3,60.96036643443568,107.19919369386544,92.78460832848675,84.4994156287207,88.99133564209944,0.0,0.0,0.0,0.0,0.0,0.0,0.0,0.0
2026-04-22 18:00:00,4,943.0,2026-05-05 06:00:00,12 days 12:00:00,8.02,141.15,969.1,78.1,24.9879280599692,138.85956067991484,122.71826874758698,115.73535212208368,134.80653138622847,72.10629659026579,59.767069950951225,52.15584598655398,62.54474638097648,32.755447555170306,28.905178260462787,24.316563281601475,29.212639587667752
2026-04-22 18:00:00,4,943.0,2026-05-05 12:00:00,12 days 18:00:00,8.26,139.91,992.8,55.0,40.966779090486014,140.17558416340978,116.66154542109166,90.94876188250538,116.74809214779324,40.966779090486014,0.0,0.0,0.9643551437764156,0.0,0.0,0.0,0.0
2026-04-22 18:00:00,4,943.0,2026-05-05 18:00:00,13 days 00:00:00,8.56,138.45,984.2,66.6,26.983727549309407,118.71455590724436,99.21350963767829,78.35191453511246,103.25502756088304,68.9139713624811,53.08524864369684,36.924298350424166,56.17133436463533,26.983727549309407,17.542119829954217,12.99736028153708,20.25133812432054
2026-04-22 18:00:00,2,944.0,2026-05-03 12:00:00,10 days 18:00:00,8.63,144.04,1004.7,18.3,104.4834426057523,0.0,0.0,0.0,0.0,0.0,0.0,0.0,0.0,0.0,0.0,0.0,0.0
2026-04-22 18:00:00,2,944.0,2026-05-03 18:00:00,11 days 00:00:00,8.8,143.37,1004.0,14.4,154.22922210510868,0.0,0.0,0.0,0.0,0.0,0.0,0.0,0.0,0.0,0.0,0.0,0.0
2026-04-22 18:00:00,2,944.0,2026-05-04 00:00:00,11 days 06:00:00,8.66,143.14,1006.0,17.4,86.7823864950215,0.0,0.0,0.0,0.0,0.0,0.0,0.0,0.0,0.0,0.0,0.0,0.0
2026-04-22 18:00:00,2,944.0,2026-05-04 06:00:00,11 days 12:00:00,8.84,142.01,1003.5,22.4,115.62832862660248,0.0,0.0,0.0,0.0,0.0,0.0,0.0,0.0,0.0,0.0,0.0,0.0
2026-04-22 18:00:00,2,944.0,2026-05-04 12:00:00,11 days 18:00:00,8.96,141.43,1005.0,20.1,117.73783518192322,0.0,0.0,0.0,0.0,0.0,0.0,0.0,0.0,0.0,0.0,0.0,0.0
2026-04-22 18:00:00,2,944.0,2026-05-04 18:00:00,12 days 00:00:00,9.94,141.24,1003.3,24.6,60.73958692533668,0.0,0.0,0.0,0.0,0.0,0.0,0.0,0.0,0.0,0.0,0.0,0.0
2026-04-22 18:00:00,2,944.0,2026-05-05 00:00:00,12 days 06:00:00,10.42,139.83,1005.0,23.8,91.5433948365992,0.0,0.0,0.0,0.0,0.0,0.0,0.0,0.0,0.0,0.0,0.0,0.0
2026-04-22 18:00:00,2,944.0,2026-05-05 06:00:00,12 days 12:00:00,10.64,138.96,1004.0,30.3,83.88371649376674,0.0,0.0,0.0,0.0,0.0,0.0,0.0,0.0,0.0,0.0,0.0,0.0
2026-04-22 18:00:00,2,944.0,2026-05-05 12:00:00,12 days 18:00:00,11.18,138.4,1002.4,37.9,32.954507110952584,12.431580394299324,32.954507110952584,16.241518056658897,11.768650050527013,0.0,0.0,0.0,0.0,0.0,0.0,0.0,0.0
2026-04-22 18:00:00,2,944.0,2026-05-05 18:00:00,13 days 00:00:00,11.85,137.54,1000.1,39.5,32.73727719288809,32.73727719288809,7.320514849654531,3.931531538383969,5.576933473756246,0.0,0.0,0.0,0.0,0.0,0.0,0.0,0.0
2026-04-22 18:00:00,3,945.0,2026-05-04 12:00:00,11 days 18:00:00,7.2,69.65,1003.4,22.5,140.09116948700228,0.0,0.0,0.0,0.0,0.0,0.0,0.0,0.0,0.0,0.0,0.0,0.0
2026-04-22 18:00:00,3,945.0,2026-05-04 18:00:00,12 days 00:00:00,7.25,69.43,1004.1,20.5,122.15463468925827,0.0,0.0,0.0,0.0,0.0,0.0,0.0,0.0,0.0,0.0,0.0,0.0
2026-04-22 18:00:00,3,945.0,2026-05-05 00:00:00,12 days 06:00:00,7.19,69.01,1000.4,28.3,103.4401655847892,0.0,0.0,0.0,0.0,0.0,0.0,0.0,0.0,0.0,0.0,0.0,0.0
2026-04-22 18:00:00,3,945.0,2026-05-05 06:00:00,12 days 12:00:00,7.24,68.73,1001.3,32.2,121.2572121677644,0.0,0.0,0.0,0.0,0.0,0.0,0.0,0.0,0.0,0.0,0.0,0.0
2026-04-22 18:00:00,3,945.0,2026-05-05 12:00:00,12 days 18:00:00,7.99,67.96,988.7,61.6,52.6231000533022,148.9160877683847,136.6492957933813,142.6673325387993,147.69038652999765,5.996263489026948,3.059854562639109,5.420163810575244,52.6231000533022,0.0,0.0,0.0,0.0
2026-04-22 18:00:00,3,945.0,2026-05-05 18:00:00,13 days 00:00:00,9.01,67.68,991.1,49.3,23.264003358491912,163.24646993260885,145.8368017904166,123.23307729886808,138.66236335907388,0.0,0.0,0.0,0.0,0.0,0.0,0.0,0.0
2026-04-22 18:00:00,2,949.0,2026-05-04 00:00:00,11 days 06:00:00,5.38,75.19,998.5,29.2,102.86806088974647,0.0,0.0,0.0,0.0,0.0,0.0,0.0,0.0,0.0,0.0,0.0,0.0
2026-04-22 18:00:00,2,949.0,2026-05-04 06:00:00,11 days 12:00:00,5.4,75.51,1002.7,24.3,122.48429139572352,0.0,0.0,0.0,0.0,0.0,0.0,0.0,0.0,0.0,0.0,0.0,0.0
2026-04-22 18:00:00,2,949.0,2026-05-04 12:00:00,11 days 18:00:00,6.17,75.38,997.7,34.7,52.09840271629233,58.90823382573981,50.12771045294618,48.15930786564578,51.00572421211263,0.0,0.0,0.0,0.0,0.0,0.0,0.0,0.0
2026-04-22 18:00:00,2,949.0,2026-05-04 18:00:00,12 days 00:00:00,6.71,75.48,991.5,45.5,31.477222185891293,210.4179144893253,197.79884110545348,168.44097631571742,180.0815292936507,0.0,0.0,0.0,0.0,0.0,0.0,0.0,0.0
2026-04-22 18:00:00,2,949.0,2026-05-05 00:00:00,12 days 06:00:00,6.8,74.81,994.7,45.8,30.681731382066832,62.38099322243634,65.3600378275012,61.802881364830384,58.99733181651038,0.0,0.0,0.0,0.0,0.0,0.0,0.0,0.0
2026-04-22 18:00:00,2,949.0,2026-05-05 06:00:00,12 days 12:00:00,7.78,74.32,983.6,61.8,32.28177263638645,142.70659507857636,109.91084251341816,119.32230128942685,140.7387976109312,35.16520152938756,22.356576878515625,22.33648314081711,27.27078481997978,0.0,0.0,0.0,0.0
2026-04-22 18:00:00,2,949.0,2026-05-05 12:00:00,12 days 18:00:00,8.5,73.71,981.8,72.0,21.74433562632653,104.89193789635353,109.86796031353676,115.77874438959093,88.83329492419531,54.62070403535921,54.70325316216653,47.17078675019678,44.06001087686864,21.74433562632653,13.572387802915667,11.855042222017625,13.771985432447256
2026-04-22 18:00:00,2,949.0,2026-05-05 18:00:00,13 days 00:00:00,8.47,73.13,982.8,67.4,38.56876735787265,94.11023752438427,61.00860840472185,93.56773833783429,103.27433798451916,49.067916096392736,39.69954493602143,38.911317094313546,48.808564164309374,8.900807627982388,8.066166732104898,7.042213258114458,38.56876735787265
2026-04-22 18:00:00,1,951.0,2026-05-04 12:00:00,11 days 18:00:00,6.22,68.44,1004.8,15.6,123.49395090528776,0.0,0.0,0.0,0.0,0.0,0.0,0.0,0.0,0.0,0.0,0.0,0.0
2026-04-22 18:00:00,1,951.0,2026-05-04 18:00:00,12 days 00:00:00,6.56,69.0,1006.5,18.2,77.1088936188154,0.0,0.0,0.0,0.0,0.0,0.0,0.0,0.0,0.0,0.0,0.0,0.0
2026-04-22 18:00:00,1,951.0,2026-05-05 00:00:00,12 days 06:00:00,6.97,68.23,1004.8,19.9,66.2043635364479,0.0,0.0,0.0,0.0,0.0,0.0,0.0,0.0,0.0,0.0,0.0,0.0
2026-04-22 18:00:00,1,951.0,2026-05-05 06:00:00,12 days 12:00:00,7.82,67.04,1005.3,23.5,90.7313353678744,0.0,0.0,0.0,0.0,0.0,0.0,0.0,0.0,0.0,0.0,0.0,0.0
2026-04-22 18:00:00,1,951.0,2026-05-05 12:00:00,12 days 18:00:00,8.51,65.7,1003.1,23.2,62.043663165236566,0.0,0.0,0.0,0.0,0.0,0.0,0.0,0.0,0.0,0.0,0.0,0.0
2026-04-22 18:00:00,1,951.0,2026-05-05 18:00:00,13 days 00:00:00,8.11,64.53,1006.5,18.8,74.19239530598361,0.0,0.0,0.0,0.0,0.0,0.0,0.0,0.0,0.0,0.0,0.0,0.0
2026-04-22 18:00:00,2,954.0,2026-04-27 00:00:00,4 days 06:00:00,-17.36,53.28,1006.8,22.8,102.89388599073152,0.0,0.0,0.0,0.0,0.0,0.0,0.0,0.0,0.0,0.0,0.0,0.0
2026-04-22 18:00:00,2,954.0,2026-04-27 06:00:00,4 days 12:00:00,-17.63,52.84,1007.7,21.2,117.03066705012556,0.0,0.0,0.0,0.0,0.0,0.0,0.0,0.0,0.0,0.0,0.0,0.0
2026-04-22 18:00:00,2,954.0,2026-04-27 12:00:00,4 days 18:00:00,-17.43,52.55,1008.5,18.3,112.26998331466012,0.0,0.0,0.0,0.0,0.0,0.0,0.0,0.0,0.0,0.0,0.0,0.0
2026-04-22 18:00:00,2,954.0,2026-04-27 18:00:00,5 days 00:00:00,-17.3,52.72,1006.6,24.8,86.94468762826432,0.0,0.0,0.0,0.0,0.0,0.0,0.0,0.0,0.0,0.0,0.0,0.0
2026-04-22 18:00:00,2,954.0,2026-04-28 00:00:00,5 days 06:00:00,-17.33,52.5,1007.5,18.9,76.27947881853244,0.0,0.0,0.0,0.0,0.0,0.0,0.0,0.0,0.0,0.0,0.0,0.0
2026-04-22 18:00:00,2,954.0,2026-04-28 06:00:00,5 days 12:00:00,-17.12,52.19,1007.2,19.7,59.58754206594547,0.0,0.0,0.0,0.0,0.0,0.0,0.0,0.0,0.0,0.0,0.0,0.0
2026-04-22 18:00:00,2,954.0,2026-04-28 12:00:00,5 days 18:00:00,-16.67,52.31,1008.0,21.1,98.90006483171987,0.0,0.0,0.0,0.0,0.0,0.0,0.0,0.0,0.0,0.0,0.0,0.0
2026-04-22 18:00:00,2,954.0,2026-04-28 18:00:00,6 days 00:00:00,-16.04,52.4,1008.3,15.3,82.47315723262878,0.0,0.0,0.0,0.0,0.0,0.0,0.0,0.0,0.0,0.0,0.0,0.0
2026-04-22 18:00:00,2,954.0,2026-04-29 00:00:00,6 days 06:00:00,-15.94,52.08,1010.1,15.2,65.62005600583903,0.0,0.0,0.0,0.0,0.0,0.0,0.0,0.0,0.0,0.0,0.0,0.0
2026-04-22 18:00:00,2,954.0,2026-04-29 06:00:00,6 days 12:00:00,-16.04,52.22,1008.7,23.7,57.49098904783293,0.0,0.0,0.0,0.0,0.0,0.0,0.0,0.0,0.0,0.0,0.0,0.0
2026-04-22 18:00:00,2,954.0,2026-04-29 12:00:00,6 days 18:00:00,-15.88,52.1,1007.8,20.7,49.90800127155291,0.0,0.0,0.0,0.0,0.0,0.0,0.0,0.0,0.0,0.0,0.0,0.0
2026-04-22 18:00:00,2,954.0,2026-04-29 18:00:00,7 days 00:00:00,-15.47,51.69,1006.2,22.5,51.134774882734725,0.0,0.0,0.0,0.0,0.0,0.0,0.0,0.0,0.0,0.0,0.0,0.0
2026-04-22 18:00:00,2,954.0,2026-04-30 00:00:00,7 days 06:00:00,-15.14,51.5,1006.9,23.2,57.83511275899681,0.0,0.0,0.0,0.0,0.0,0.0,0.0,0.0,0.0,0.0,0.0,0.0
2026-04-22 18:00:00,2,954.0,2026-04-30 06:00:00,7 days 12:00:00,-14.04,51.6,1006.9,19.4,75.78226815179887,0.0,0.0,0.0,0.0,0.0,0.0,0.0,0.0,0.0,0.0,0.0,0.0
2026-04-22 18:00:00,2,954.0,2026-04-30 12:00:00,7 days 18:00:00,-13.25,51.22,1006.6,26.5,54.492568450690136,0.0,0.0,0.0,0.0,0.0,0.0,0.0,0.0,0.0,0.0,0.0,0.0
2026-04-22 18:00:00,0,956.0,2026-05-04 18:00:00,12 days 00:00:00,-8.35,68.99,1006.2,21.6,54.364773221164285,0.0,0.0,0.0,0.0,0.0,0.0,0.0,0.0,0.0,0.0,0.0,0.0
2026-04-22 18:00:00,0,956.0,2026-05-05 00:00:00,12 days 06:00:00,-8.2,69.78,1003.4,23.8,135.7899980554741,0.0,0.0,0.0,0.0,0.0,0.0,0.0,0.0,0.0,0.0,0.0,0.0
2026-04-22 18:00:00,0,956.0,2026-05-05 06:00:00,12 days 12:00:00,-8.46,70.17,1002.1,28.6,66.95443552957681,0.0,0.0,0.0,0.0,0.0,0.0,0.0,0.0,0.0,0.0,0.0,0.0
2026-04-22 18:00:00,0,956.0,2026-05-05 12:00:00,12 days 18:00:00,-8.25,70.43,1005.4,23.3,115.33158064069276,0.0,0.0,0.0,0.0,0.0,0.0,0.0,0.0,0.0,0.0,0.0,0.0
2026-04-22 18:00:00,0,956.0,2026-05-05 18:00:00,13 days 00:00:00,-8.38,70.59,1003.5,31.0,89.86004289106933,0.0,0.0,0.0,0.0,0.0,0.0,0.0,0.0,0.0,0.0,0.0,0.0
2026-04-22 18:00:00,2,958.0,2026-05-03 00:00:00,10 days 06:00:00,5.9,65.31,1007.4,19.8,118.06989009616656,0.0,0.0,0.0,0.0,0.0,0.0,0.0,0.0,0.0,0.0,0.0,0.0
2026-04-22 18:00:00,2,958.0,2026-05-03 06:00:00,10 days 12:00:00,5.71,67.01,1001.4,22.0,112.77506791894264,0.0,0.0,0.0,0.0,0.0,0.0,0.0,0.0,0.0,0.0,0.0,0.0
2026-04-22 18:00:00,2,958.0,2026-05-03 12:00:00,10 days 18:00:00,6.3,66.37,1005.4,20.5,109.13591851749716,0.0,0.0,0.0,0.0,0.0,0.0,0.0,0.0,0.0,0.0,0.0,0.0
2026-04-22 18:00:00,2,958.0,2026-05-03 18:00:00,11 days 00:00:00,6.76,66.11,999.8,31.1,62.207162038785945,0.0,0.0,0.0,0.0,0.0,0.0,0.0,0.0,0.0,0.0,0.0,0.0
2026-04-22 18:00:00,2,958.0,2026-05-04 00:00:00,11 days 06:00:00,6.7,66.72,1001.0,22.7,41.42999156335247,0.0,0.0,0.0,0.0,0.0,0.0,0.0,0.0,0.0,0.0,0.0,0.0
2026-04-22 18:00:00,2,958.0,2026-05-04 06:00:00,11 days 12:00:00,6.51,65.59,1002.4,21.7,124.78673070725064,0.0,0.0,0.0,0.0,0.0,0.0,0.0,0.0,0.0,0.0,0.0,0.0
2026-04-22 18:00:00,2,958.0,2026-05-04 12:00:00,11 days 18:00:00,6.13,64.58,990.6,33.1,86.35672305046621,0.0,0.0,0.0,0.0,0.0,0.0,0.0,0.0,0.0,0.0,0.0,0.0
2026-04-22 18:00:00,2,958.0,2026-05-04 18:00:00,12 days 00:00:00,6.59,63.97,1002.6,26.2,111.28519740314886,0.0,0.0,0.0,0.0,0.0,0.0,0.0,0.0,0.0,0.0,0.0,0.0
2026-04-22 18:00:00,2,958.0,2026-05-05 00:00:00,12 days 06:00:00,7.0,63.39,1003.1,33.6,96.70869814179812,0.0,0.0,0.0,0.0,0.0,0.0,0.0,0.0,0.0,0.0,0.0,0.0
2026-04-22 18:00:00,2,958.0,2026-05-05 06:00:00,12 days 12:00:00,6.86,62.62,1001.2,30.1,62.76478774610339,0.0,0.0,0.0,0.0,0.0,0.0,0.0,0.0,0.0,0.0,0.0,0.0
2026-04-22 18:00:00,2,958.0,2026-05-05 12:00:00,12 days 18:00:00,7.64,61.89,996.1,37.5,65.2641216625128,65.2641216625128,31.88455512706516,30.36759043867769,36.90949726218979,0.0,0.0,0.0,0.0,0.0,0.0,0.0,0.0
2026-04-22 18:00:00,2,958.0,2026-05-05 18:00:00,13 days 00:00:00,8.3,61.89,987.4,49.1,97.26003427087926,289.4737489024717,271.3306358202218,227.61833998001603,244.5319201053229,0.0,0.0,0.0,0.0,0.0,0.0,0.0,0.0
2026-04-22 18:00:00,3,958.0,2026-05-04 06:00:00,11 days 12:00:00,-7.93,64.42,1008.2,16.4,136.68215549776647,0.0,0.0,0.0,0.0,0.0,0.0,0.0,0.0,0.0,0.0,0.0,0.0
2026-04-22 18:00:00,3,958.0,2026-05-04 12:00:00,11 days 18:00:00,-8.77,64.09,1002.3,20.5,68.57585917902081,0.0,0.0,0.0,0.0,0.0,0.0,0.0,0.0,0.0,0.0,0.0,0.0
2026-04-22 18:00:00,3,958.0,2026-05-04 18:00:00,12 days 00:00:00,-8.91,63.29,999.8,28.2,86.27747082886228,0.0,0.0,0.0,0.0,0.0,0.0,0.0,0.0,0.0,0.0,0.0,0.0
2026-04-22 18:00:00,3,958.0,2026-05-05 00:00:00,12 days 06:00:00,-9.58,63.41,997.4,34.5,56.20584348695567,8.518077743683815,56.20584348695567,8.564730098277929,8.42312046300525,0.0,0.0,0.0,0.0,0.0,0.0,0.0,0.0
2026-04-22 18:00:00,3,958.0,2026-05-05 06:00:00,12 days 12:00:00,-9.35,63.06,991.6,41.6,73.73479758977027,200.28204957523695,203.4695017246248,180.61427835604104,181.0844072037771,0.0,0.0,0.0,0.0,0.0,0.0,0.0,0.0
2026-04-22 18:00:00,3,958.0,2026-05-05 12:00:00,12 days 18:00:00,-9.97,62.63,990.3,53.4,41.53092123236843,147.55492487540022,148.0524776769178,132.15718099706396,136.8839968855579,41.53092123236843,13.448997859518984,12.052389326228964,13.213430877349348,0.0,0.0,0.0,0.0
2026-04-22 18:00:00,3,958.0,2026-05-05 18:00:00,13 days 00:00:00,-10.26,62.45,987.7,48.5,92.87641903004048,276.1218967331675,287.18414704189763,245.83799847821015,234.7818894343856,0.0,0.0,0.0,0.0,0.0,0.0,0.0,0.0
2026-04-22 18:00:00,0,959.0,2026-05-04 00:00:00,11 days 06:00:00,-8.39,53.2,1007.1,23.6,133.37413789565431,0.0,0.0,0.0,0.0,0.0,0.0,0.0,0.0,0.0,0.0,0.0,0.0
2026-04-22 18:00:00,0,959.0,2026-05-04 06:00:00,11 days 12:00:00,-8.51,53.65,1001.8,26.8,61.50411996956522,0.0,0.0,0.0,0.0,0.0,0.0,0.0,0.0,0.0,0.0,0.0,0.0
2026-04-22 18:00:00,0,959.0,2026-05-04 12:00:00,11 days 18:00:00,-8.74,53.2,998.4,35.6,89.51285978254236,89.51285978254236,74.02163830308442,60.87025664075702,67.3428122891848,0.0,0.0,0.0,0.0,0.0,0.0,0.0,0.0
2026-04-22 18:00:00,0,959.0,2026-05-04 18:00:00,12 days 00:00:00,-8.98,52.64,999.8,27.5,61.17224831768175,0.0,0.0,0.0,0.0,0.0,0.0,0.0,0.0,0.0,0.0,0.0,0.0
2026-04-22 18:00:00,0,959.0,2026-05-05 00:00:00,12 days 06:00:00,-9.09,52.58,1000.5,29.7,50.33311517079311,0.0,0.0,0.0,0.0,0.0,0.0,0.0,0.0,0.0,0.0,0.0,0.0
2026-04-22 18:00:00,0,959.0,2026-05-05 06:00:00,12 days 12:00:00,-9.44,52.56,1004.1,30.1,114.49010874437062,0.0,0.0,0.0,0.0,0.0,0.0,0.0,0.0,0.0,0.0,0.0,0.0
2026-04-22 18:00:00,0,959.0,2026-05-05 12:00:00,12 days 18:00:00,-10.02,52.38,1002.7,30.0,92.3043756459771,0.0,0.0,0.0,0.0,0.0,0.0,0.0,0.0,0.0,0.0,0.0,0.0
2026-04-22 18:00:00,0,959.0,2026-05-05 18:00:00,13 days 00:00:00,-10.09,52.53,1001.1,40.5,152.22344818447834,152.22344818447834,86.20076047221983,72.64941483961456,79.84220439796921,0.0,0.0,0.0,0.0,0.0,0.0,0.0,0.0
2026-04-22 18:00:00,0,961.0,2026-05-03 06:00:00,10 days 12:00:00,-6.3,59.58,1005.1,20.7,69.64934227275651,0.0,0.0,0.0,0.0,0.0,0.0,0.0,0.0,0.0,0.0,0.0,0.0
2026-04-22 18:00:00,0,961.0,2026-05-03 12:00:00,10 days 18:00:00,-6.44,60.16,1006.2,19.5,89.53305114132186,0.0,0.0,0.0,0.0,0.0,0.0,0.0,0.0,0.0,0.0,0.0,0.0
2026-04-22 18:00:00,0,961.0,2026-05-03 18:00:00,11 days 00:00:00,-7.1,59.2,1007.5,23.0,128.58524729441643,0.0,0.0,0.0,0.0,0.0,0.0,0.0,0.0,0.0,0.0,0.0,0.0
2026-04-22 18:00:00,0,961.0,2026-05-04 00:00:00,11 days 06:00:00,-8.14,59.91,1001.5,24.7,123.30714583290552,0.0,0.0,0.0,0.0,0.0,0.0,0.0,0.0,0.0,0.0,0.0,0.0
2026-04-22 18:00:00,0,961.0,2026-05-04 06:00:00,11 days 12:00:00,-8.8,60.03,1001.9,25.4,55.04916121335421,0.0,0.0,0.0,0.0,0.0,0.0,0.0,0.0,0.0,0.0,0.0,0.0
2026-04-22 18:00:00,0,961.0,2026-05-04 12:00:00,11 days 18:00:00,-9.66,60.44,997.1,30.3,117.20053698549056,0.0,0.0,0.0,0.0,0.0,0.0,0.0,0.0,0.0,0.0,0.0,0.0
2026-04-22 18:00:00,0,961.0,2026-05-04 18:00:00,12 days 00:00:00,-10.01,60.72,1004.4,26.1,121.74830521930508,0.0,0.0,0.0,0.0,0.0,0.0,0.0,0.0,0.0,0.0,0.0,0.0
2026-04-22 18:00:00,0,961.0,2026-05-05 00:00:00,12 days 06:00:00,-10.42,60.68,1005.5,28.1,90.56635703618522,0.0,0.0,0.0,0.0,0.0,0.0,0.0,0.0,0.0,0.0,0.0,0.0
2026-04-22 18:00:00,0,961.0,2026-05-05 06:00:00,12 days 12:00:00,-11.62,60.59,1005.9,21.3,110.58110230685855,0.0,0.0,0.0,0.0,0.0,0.0,0.0,0.0,0.0,0.0,0.0,0.0
2026-04-22 18:00:00,0,961.0,2026-05-05 12:00:00,12 days 18:00:00,-12.11,60.71,1000.7,27.0,82.15573289369073,0.0,0.0,0.0,0.0,0.0,0.0,0.0,0.0,0.0,0.0,0.0,0.0
2026-04-22 18:00:00,0,961.0,2026-05-05 18:00:00,13 days 00:00:00,-12.32,61.02,1000.1,31.1,50.74473230025585,0.0,0.0,0.0,0.0,0.0,0.0,0.0,0.0,0.0,0.0,0.0,0.0
2026-04-22 18:00:00,0,962.0,2026-05-03 12:00:00,10 days 18:00:00,7.9,61.86,1005.9,22.2,80.37371958867176,0.0,0.0,0.0,0.0,0.0,0.0,0.0,0.0,0.0,0.0,0.0,0.0
2026-04-22 18:00:00,0,962.0,2026-05-03 18:00:00,11 days 00:00:00,8.39,62.37,1000.1,30.1,77.65013728468833,0.0,0.0,0.0,0.0,0.0,0.0,0.0,0.0,0.0,0.0,0.0,0.0
2026-04-22 18:00:00,0,962.0,2026-05-04 00:00:00,11 days 06:00:00,8.07,60.88,1005.1,28.0,72.48305349218663,0.0,0.0,0.0,0.0,0.0,0.0,0.0,0.0,0.0,0.0,0.0,0.0
2026-04-22 18:00:00,0,962.0,2026-05-04 06:00:00,11 days 12:00:00,9.01,60.77,997.0,38.4,93.9346623306434,15.302945681705864,93.9346623306434,9.59449631250726,11.594158468656872,0.0,0.0,0.0,0.0,0.0,0.0,0.0,0.0
2026-04-22 18:00:00,0,962.0,2026-05-04 12:00:00,11 days 18:00:00,9.16,59.35,1004.5,26.7,72.89539368043283,0.0,0.0,0.0,0.0,0.0,0.0,0.0,0.0,0.0,0.0,0.0,0.0
2026-04-22 18:00:00,0,962.0,2026-05-04 18:00:00,12 days 00:00:00,8.04,59.04,1007.1,26.0,97.79150022872716,0.0,0.0,0.0,0.0,0.0,0.0,0.0,0.0,0.0,0.0,0.0,0.0
2026-04-22 18:00:00,0,962.0,2026-05-05 00:00:00,12 days 06:00:00,7.91,57.4,1003.7,33.7,60.12257457944806,0.0,0.0,0.0,0.0,0.0,0.0,0.0,0.0,0.0,0.0,0.0,0.0
2026-04-22 18:00:00,0,962.0,2026-05-05 06:00:00,12 days 12:00:00,8.09,56.71,1001.8,32.1,25.166320205984796,0.0,0.0,0.0,0.0,0.0,0.0,0.0,0.0,0.0,0.0,0.0,0.0
2026-04-22 18:00:00,0,962.0,2026-05-05 12:00:00,12 days 18:00:00,8.51,55.93,997.0,36.8,82.12704828624877,177.6808916211395,161.16097939538508,135.36203997824865,155.7790934667022,0.0,0.0,0.0,0.0,0.0,0.0,0.0,0.0
2026-04-22 18:00:00,0,962.0,2026-05-05 18:00:00,13 days 00:00:00,9.14,54.65,993.7,50.1,61.78890683054407,131.01224582639125,81.78189772421004,69.52658337603407,124.80264485877711,61.78890683054407,14.831759682192278,9.600510484252691,21.28775348142504,0.0,0.0,0.0,0.0
2026-04-22 18:00:00,1,964.0,2026-05-02 00:00:00,9 days 06:00:00,-8.04,61.58,1004.9,23.6,158.00548968487544,0.0,0.0,0.0,0.0,0.0,0.0,0.0,0.0,0.0,0.0,0.0,0.0
2026-04-22 18:00:00,1,964.0,2026-05-02 06:00:00,9 days 12:00:00,-7.75,61.81,1003.4,19.9,137.26175190345256,0.0,0.0,0.0,0.0,0.0,0.0,0.0,0.0,0.0,0.0,0.0,0.0
2026-04-22 18:00:00,1,964.0,2026-05-02 12:00:00,9 days 18:00:00,-8.29,60.77,1006.9,18.2,131.99241118204208,0.0,0.0,0.0,0.0,0.0,0.0,0.0,0.0,0.0,0.0,0.0,0.0
2026-04-22 18:00:00,1,964.0,2026-05-02 18:00:00,10 days 00:00:00,-8.26,60.0,1008.3,19.5,65.29121855180165,0.0,0.0,0.0,0.0,0.0,0.0,0.0,0.0,0.0,0.0,0.0,0.0
2026-04-22 18:00:00,1,964.0,2026-05-03 00:00:00,10 days 06:00:00,-9.58,58.82,1005.4,23.4,73.46418427004198,0.0,0.0,0.0,0.0,0.0,0.0,0.0,0.0,0.0,0.0,0.0,0.0
2026-04-22 18:00:00,1,964.0,2026-05-03 06:00:00,10 days 12:00:00,-9.91,58.44,1004.6,22.3,127.06783590203392,0.0,0.0,0.0,0.0,0.0,0.0,0.0,0.0,0.0,0.0,0.0,0.0
2026-04-22 18:00:00,1,964.0,2026-05-03 12:00:00,10 days 18:00:00,-9.88,57.46,1004.6,21.5,67.94053443730186,0.0,0.0,0.0,0.0,0.0,0.0,0.0,0.0,0.0,0.0,0.0,0.0
2026-04-22 18:00:00,1,964.0,2026-05-03 18:00:00,11 days 00:00:00,-10.49,56.96,998.1,28.6,103.27766641696012,0.0,0.0,0.0,0.0,0.0,0.0,0.0,0.0,0.0,0.0,0.0,0.0
2026-04-22 18:00:00,1,964.0,2026-05-04 00:00:00,11 days 06:00:00,-10.56,56.49,999.5,33.9,60.947224515571406,0.0,0.0,0.0,0.0,0.0,0.0,0.0,0.0,0.0,0.0,0.0,0.0
2026-04-22 18:00:00,1,964.0,2026-05-04 06:00:00,11 days 12:00:00,-11.1,55.95,996.5,43.4,70.13016885566176,142.81544246885295,141.9709416958995,108.03625274635355,114.0360639420276,0.0,0.0,0.0,0.0,0.0,0.0,0.0,0.0
2026-04-22 18:00:00,1,964.0,2026-05-04 12:00:00,11 days 18:00:00,-11.34,55.53,996.4,45.0,80.94693656015723,117.42615843286582,123.55226022785575,99.10916826462822,102.77374681668869,0.0,0.0,0.0,0.0,0.0,0.0,0.0,0.0
2026-04-22 18:00:00,1,964.0,2026-05-04 18:00:00,12 days 00:00:00,-11.3,55.16,992.1,50.3,50.51655898779629,130.13841703631394,130.58157795402389,113.19307048229248,117.67756428925624,0.0,0.2790960898619681,50.51655898779629,0.0,0.0,0.0,0.0,0.0
2026-04-22 18:00:00,1,964.0,2026-05-05 00:00:00,12 days 06:00:00,-11.78,54.93,989.8,57.0,71.34194119295466,163.97423726614898,180.015028064445,153.6423531927912,142.9775463566366,0.0,71.34194119295466,0.0,0.0,0.0,0.0,0.0,0.0
2026-04-22 18:00:00,1,964.0,2026-05-05 06:00:00,12 days 12:00:00,-12.0,54.0,976.6,78.5,18.84849518140605,176.30237639652503,187.62497385866536,149.2220652872644,144.36567546958918,55.73158269061029,59.60532948856074,42.24807795940378,39.08939735632017,18.84849518140605,0.0,0.0,0.0
2026-04-22 18:00:00,1,964.0,2026-05-05 12:00:00,12 days 18:00:00,-12.15,53.57,967.4,88.0,14.869346414627744,128.44515226729493,189.98756439729587,190.70150727883984,123.3465084383737,72.8654948652486,92.56908487982427,97.4869531025202,71.41644226927079,53.07060607321681,61.36651202714696,56.50460084456353,50.668970463234345
2026-04-22 18:00:00,1,964.0,2026-05-05 18:00:00,13 days 00:00:00,-12.48,53.19,962.3,93.2,28.669605970856445,158.74665537858277,224.28208159084448,252.06570963474203,160.01863839966478,94.33751330911524,118.3900495122921,119.10373472571484,92.26828126764327,51.8728965891512,60.18217727855794,56.19639224581886,49.45116211623706
2026-04-22 18:00:00,4,965.0,2026-05-03 06:00:00,10 days 12:00:00,5.77,69.93,1002.0,24.6,92.90674725992834,0.0,0.0,0.0,0.0,0.0,0.0,0.0,0.0,0.0,0.0,0.0,0.0
2026-04-22 18:00:00,4,965.0,2026-05-03 12:00:00,10 days 18:00:00,6.5,70.18,1001.1,33.6,53.941872866530346,0.0,0.0,0.0,0.0,0.0,0.0,0.0,0.0,0.0,0.0,0.0,0.0
2026-04-22 18:00:00,4,965.0,2026-05-03 18:00:00,11 days 00:00:00,7.3,70.53,1002.3,22.3,95.60877149892656,0.0,0.0,0.0,0.0,0.0,0.0,0.0,0.0,0.0,0.0,0.0,0.0
2026-04-22 18:00:00,4,965.0,2026-05-04 00:00:00,11 days 06:00:00,7.91,70.01,993.9,36.0,79.78568314391958,170.28569228088534,169.96664204438312,150.6325044767063,152.27976020904072,0.0,0.0,0.0,0.0,0.0,0.0,0.0,0.0
2026-04-22 18:00:00,4,965.0,2026-05-04 06:00:00,11 days 12:00:00,8.91,69.9,995.8,41.1,78.9996958958587,116.62883518372892,123.9645041271031,112.7398444863915,105.81325617403716,0.0,0.0,0.0,0.0,0.0,0.0,0.0,0.0
2026-04-22 18:00:00,4,965.0,2026-05-04 12:00:00,11 days 18:00:00,9.28,69.38,996.1,42.5,66.9560177270362,240.25198219513948,222.93042039363223,200.9588895458109,213.09918708350077,0.0,0.0,0.0,0.0,0.0,0.0,0.0,0.0
2026-04-22 18:00:00,4,965.0,2026-05-04 18:00:00,12 days 00:00:00,9.89,68.93,988.9,54.2,33.84716030611325,214.779630847326,180.15226460650396,146.34712732974577,180.1520156253163,94.46296957766472,84.60526451142758,61.74162617571444,70.23803434404797,0.0,0.0,0.0,0.0
2026-04-22 18:00:00,4,965.0,2026-05-05 00:00:00,12 days 06:00:00,11.69,67.86,982.5,66.5,34.744534858866515,299.89295244978484,282.36383790013264,257.3872871746719,259.90697741448366,101.73338082919514,88.18488197375657,71.12351196782564,75.89148660274338,34.744534858866515,4.778218439161305,3.9019647617486752,3.6983844766233513
2026-04-22 18:00:00,4,965.0,2026-05-05 06:00:00,12 days 12:00:00,12.32,67.68,983.4,59.5,44.26399286645616,339.3807826049474,281.5065128271464,250.00548472192935,297.3078699020349,88.57337215912389,70.48438226381953,51.55467209908932,71.02537438341906,0.0,0.0,0.0,0.0
2026-04-22 18:00:00,4,965.0,2026-05-05 12:00:00,12 days 18:00:00,12.14,66.98,971.2,86.2,13.473653694763795,301.6423924660246,268.2526540551564,258.4008345131803,287.8616708129781,170.8215332384109,159.57309366358362,148.234461468568,156.48520025564494,83.62304657954607,80.19905862634617,71.7151674100362,76.20342901986535
2026-04-22 18:00:00,4,965.0,2026-05-05 18:00:00,13 days 00:00:00,13.49,66.16,968.6,82.7,35.24790913920455,244.61824246070768,204.28747036305785,190.51637718906431,229.8512772087009,130.15951031783675,114.7955586295576,100.9149587709158,120.06346219628136,69.25912879066766,64.42788757769239,54.46718942231149,63.48829905511809
2026-04-22 18:00:00,5,965.0,2026-05-03 18:00:00,11 days 00:00:00,-8.72,66.02,1001.0,25.5,68.58676558121863,0.0,0.0,0.0,0.0,0.0,0.0,0.0,0.0,0.0,0.0,0.0,0.0
2026-04-22 18:00:00,5,965.0,2026-05-04 00:00:00,11 days 06:00:00,-9.28,65.2,993.4,41.7,74.12392085898298,184.98857847343552,177.3881849348299,159.6303815330432,165.21030449327145,0.0,0.0,0.0,0.0,0.0,0.0,0.0,0.0
2026-04-22 18:00:00,5,965.0,2026-05-04 06:00:00,11 days 12:00:00,-9.99,64.75,996.8,39.4,70.38479056859904,9.29868701189202,13.205103466777835,70.38479056859904,4.39126907170691,0.0,0.0,0.0,0.0,0.0,0.0,0.0,0.0
2026-04-22 18:00:00,5,965.0,2026-05-04 12:00:00,11 days 18:00:00,-10.42,64.36,991.6,43.7,70.45584461034326,245.04307309122697,250.39062605757988,230.50437238080505,209.0731892970552,0.0,0.0,0.0,0.0,0.0,0.0,0.0,0.0
2026-04-22 18:00:00,5,965.0,2026-05-04 18:00:00,12 days 00:00:00,-11.05,63.81,990.5,56.3,36.20889429047673,199.41657338858167,205.73864947505115,189.45151901342248,168.49512955758453,72.02430896473084,72.67195038995585,61.18957701430194,52.72920977307372,0.0,0.0,0.0,0.0
2026-04-22 18:00:00,5,965.0,2026-05-05 00:00:00,12 days 06:00:00,-12.04,62.97,982.5,64.5,54.6513803468892,209.80132959479312,256.85402799155696,244.46157798745412,187.96315493442464,94.39762009254648,105.55144342379349,91.33838982392814,75.90291184531836,0.0,0.0,54.6513803468892,0.0
2026-04-22 18:00:00,5,965.0,2026-05-05 06:00:00,12 days 12:00:00,-12.67,62.4,977.5,77.7,37.874308483483794,261.6452970708003,320.08118055525455,314.54916154378805,226.0025510225803,141.9938944761875,164.43293726250897,153.11523087075912,129.86966244894185,69.62119744958274,73.45200816853334,66.89484819548493,63.07766109990935
2026-04-22 18:00:00,5,965.0,2026-05-05 12:00:00,12 days 18:00:00,-13.57,61.77,959.1,94.6,32.48336767584393,188.9090633563448,262.8904104746295,243.25245547228133,162.7188352794592,112.7425719976261,134.90232241334814,120.97375326647828,102.82242435504668,75.67644965286314,75.99111657485079,67.20020805286606,65.78788035948938
2026-04-22 18:00:00,5,965.0,2026-05-05 18:00:00,13 days 00:00:00,-14.58,60.57,949.6,111.9,23.07192737138976,213.44603721462136,268.14180382437854,269.25249147850343,192.9234268408879,112.29493663710534,127.7437066336405,115.91671889998211,100.30017900548268,83.1991063062972,85.07869851506723,74.47487826667302,76.95101551562121
2026-04-22 18:00:00,2,968.0,2026-05-04 12:00:00,11 days 18:00:00,5.26,72.98,1005.5,18.8,91.61068275410044,0.0,0.0,0.0,0.0,0.0,0.0,0.0,0.0,0.0,0.0,0.0,0.0
2026-04-22 18:00:00,2,968.0,2026-05-04 18:00:00,12 days 00:00:00,4.69,72.7,1004.8,20.6,110.06123868496718,0.0,0.0,0.0,0.0,0.0,0.0,0.0,0.0,0.0,0.0,0.0,0.0
2026-04-22 18:00:00,2,968.0,2026-05-05 00:00:00,12 days 06:00:00,6.42,73.51,1001.0,31.6,71.15207700361076,0.0,0.0,0.0,0.0,0.0,0.0,0.0,0.0,0.0,0.0,0.0,0.0
2026-04-22 18:00:00,2,968.0,2026-05-05 06:00:00,12 days 12:00:00,7.52,72.65,994.3,45.5,86.04661226939838,328.3667754531673,303.8991740382065,268.1816173056276,288.4541595481938,0.0,0.0,0.0,0.0,0.0,0.0,0.0,0.0
2026-04-22 18:00:00,2,968.0,2026-05-05 12:00:00,12 days 18:00:00,8.15,72.58,992.6,51.5,75.94392708245104,249.63435555485395,245.80015479224195,209.61858441848403,209.71845636949732,104.18893517704257,103.62025675960714,77.93180685389376,80.96622867827882,0.0,0.0,0.0,0.0
2026-04-22 18:00:00,2,968.0,2026-05-05 18:00:00,13 days 00:00:00,9.11,72.03,978.3,71.0,31.722353519536966,146.66193306326812,131.81635505887414,136.945668296379,142.47441506738556,77.56327037331857,67.8073516011437,55.43639574514843,65.04358237534885,31.722353519536966,22.324704449052405,17.364658417798164,20.36567998486545
2026-04-22 18:00:00,6,970.0,2026-05-03 12:00:00,10 days 18:00:00,10.71,147.34,1002.7,27.2,63.53242879450581,0.0,0.0,0.0,0.0,0.0,0.0,0.0,0.0,0.0,0.0,0.0,0.0
2026-04-22 18:00:00,6,970.0,2026-05-03 18:00:00,11 days 00:00:00,11.13,146.36,1001.7,28.5,87.57121453295761,0.0,0.0,0.0,0.0,0.0,0.0,0.0,0.0,0.0,0.0,0.0,0.0
2026-04-22 18:00:00,6,970.0,2026-05-04 00:00:00,11 days 06:00:00,11.93,145.42,994.8,38.8,39.99766608323496,39.99766608323496,6.407861922876182,3.448107795593584,7.253256349622215,0.0,0.0,0.0,0.0,0.0,0.0,0.0,0.0
2026-04-22 18:00:00,6,970.0,2026-05-04 06:00:00,11 days 12:00:00,12.4,144.62,997.9,37.7,71.80137608448321,71.80137608448321,1.368383598032178,1.9096826463503227,8.133865142956529,0.0,0.0,0.0,0.0,0.0,0.0,0.0,0.0
2026-04-22 18:00:00,6,970.0,2026-05-04 12:00:00,11 days 18:00:00,12.26,143.67,1002.5,32.6,83.997498776203,0.0,0.0,0.0,0.0,0.0,0.0,0.0,0.0,0.0,0.0,0.0,0.0
2026-04-22 18:00:00,6,970.0,2026-05-04 18:00:00,12 days 00:00:00,12.46,142.48,998.9,31.3,57.51051952007771,0.0,0.0,0.0,0.0,0.0,0.0,0.0,0.0,0.0,0.0,0.0,0.0
2026-04-22 18:00:00,6,970.0,2026-05-05 00:00:00,12 days 06:00:00,12.24,140.62,1003.9,26.7,96.6230337856561,0.0,0.0,0.0,0.0,0.0,0.0,0.0,0.0,0.0,0.0,0.0,0.0
2026-04-22 18:00:00,6,970.0,2026-05-05 06:00:00,12 days 12:00:00,11.98,140.08,1006.7,24.4,126.58394869540278,0.0,0.0,0.0,0.0,0.0,0.0,0.0,0.0,0.0,0.0,0.0,0.0
2026-04-22 18:00:00,6,970.0,2026-05-05 12:00:00,12 days 18:00:00,11.97,138.05,1005.1,22.2,65.51784595941825,0.0,0.0,0.0,0.0,0.0,0.0,0.0,0.0,0.0,0.0,0.0,0.0
2026-04-22 18:00:00,6,970.0,2026-05-05 18:00:00,13 days 00:00:00,11.86,136.54,1005.3,23.6,73.69133302302953,0.0,0.0,0.0,0.0,0.0,0.0,0.0,0.0,0.0,0.0,0.0,0.0
2026-04-22 18:00:00,3,974.0,2026-05-05 00:00:00,12 days 06:00:00,-8.2,68.82,1002.3,24.5,86.10575493283002,0.0,0.0,0.0,0.0,0.0,0.0,0.0,0.0,0.0,0.0,0.0,0.0
2026-04-22 18:00:00,3,974.0,2026-05-05 06:00:00,12 days 12:00:00,-8.58,68.96,1002.5,25.0,77.74367096628936,0.0,0.0,0.0,0.0,0.0,0.0,0.0,0.0,0.0,0.0,0.0,0.0
2026-04-22 18:00:00,3,974.0,2026-05-05 12:00:00,12 days 18:00:00,-9.04,70.35,1002.0,27.1,114.07489767127214,0.0,0.0,0.0,0.0,0.0,0.0,0.0,0.0,0.0,0.0,0.0,0.0
2026-04-22 18:00:00,3,974.0,2026-05-05 18:00:00,13 days 00:00:00,-8.75,69.96,999.1,34.7,117.51509414795882,202.24177420841343,189.32762235771048,144.91689888587626,164.98186433160225,0.0,0.0,0.0,0.0,0.0,0.0,0.0,0.0
2026-04-22 18:00:00,0,977.0,2026-05-03 12:00:00,10 days 18:00:00,-6.41,56.7,1004.0,19.6,124.1016884925964,0.0,0.0,0.0,0.0,0.0,0.0,0.0,0.0,0.0,0.0,0.0,0.0
2026-04-22 18:00:00,0,977.0,2026-05-03 18:00:00,11 days 00:00:00,-7.93,55.98,1007.0,22.6,64.81475468829335,0.0,0.0,0.0,0.0,0.0,0.0,0.0,0.0,0.0,0.0,0.0,0.0
2026-04-22 18:00:00,0,977.0,2026-05-04 00:00:00,11 days 06:00:00,-8.96,55.52,1001.4,29.4,106.00636728466976,0.0,0.0,0.0,0.0,0.0,0.0,0.0,0.0,0.0,0.0,0.0,0.0
2026-04-22 18:00:00,0,977.0,2026-05-04 06:00:00,11 days 12:00:00,-8.65,55.69,1000.9,26.9,83.36121138960807,0.0,0.0,0.0,0.0,0.0,0.0,0.0,0.0,0.0,0.0,0.0,0.0
2026-04-22 18:00:00,0,977.0,2026-05-04 12:00:00,11 days 18:00:00,-9.26,55.58,1000.7,26.4,91.72028698578208,0.0,0.0,0.0,0.0,0.0,0.0,0.0,0.0,0.0,0.0,0.0,0.0
2026-04-22 18:00:00,0,977.0,2026-05-04 18:00:00,12 days 00:00:00,-9.66,54.71,999.5,29.9,63.99033416376173,0.0,0.0,0.0,0.0,0.0,0.0,0.0,0.0,0.0,0.0,0.0,0.0
2026-04-22 18:00:00,0,977.0,2026-05-05 00:00:00,12 days 06:00:00,-10.23,54.09,999.0,26.3,64.21528738939543,0.0,0.0,0.0,0.0,0.0,0.0,0.0,0.0,0.0,0.0,0.0,0.0
2026-04-22 18:00:00,0,977.0,2026-05-05 06:00:00,12 days 12:00:00,-10.37,53.12,995.2,38.0,101.49107499829032,29.369901880533213,101.49107499829032,33.409520396304515,22.855388791801,0.0,0.0,0.0,0.0,0.0,0.0,0.0,0.0
2026-04-22 18:00:00,0,977.0,2026-05-05 12:00:00,12 days 18:00:00,-9.87,52.88,997.8,31.7,77.81900939348692,0.0,0.0,0.0,0.0,0.0,0.0,0.0,0.0,0.0,0.0,0.0,0.0
2026-04-22 18:00:00,0,977.0,2026-05-05 18:00:00,13 days 00:00:00,-9.66,52.39,995.1,34.3,87.50796479308815,0.0,0.0,0.0,87.50796479308815,0.0,0.0,0.0,0.0,0.0,0.0,0.0,0.0
2026-04-22 18:00:00,0,978.0,2026-04-30 00:00:00,7 days 06:00:00,8.66,138.31,1005.8,18.0,79.7021622953506,0.0,0.0,0.0,0.0,0.0,0.0,0.0,0.0,0.0,0.0,0.0,0.0
2026-04-22 18:00:00,0,978.0,2026-04-30 06:00:00,7 days 12:00:00,9.25,137.68,1002.9,20.4,76.60432224701421,0.0,0.0,0.0,0.0,0.0,0.0,0.0,0.0,0.0,0.0,0.0,0.0
2026-04-22 18:00:00,0,978.0,2026-04-30 12:00:00,7 days 18:00:00,9.94,136.44,1005.6,18.6,67.42144978289777,0.0,0.0,0.0,0.0,0.0,0.0,0.0,0.0,0.0,0.0,0.0,0.0
2026-04-22 18:00:00,0,978.0,2026-04-30 18:00:00,8 days 00:00:00,9.92,136.24,1011.1,14.8,84.63221361030288,0.0,0.0,0.0,0.0,0.0,0.0,0.0,0.0,0.0,0.0,0.0,0.0
2026-04-22 18:00:00,0,978.0,2026-05-01 00:00:00,8 days 06:00:00,10.94,135.87,1006.5,20.8,130.3430620086704,0.0,0.0,0.0,0.0,0.0,0.0,0.0,0.0,0.0,0.0,0.0,0.0
2026-04-22 18:00:00,0,978.0,2026-05-01 06:00:00,8 days 12:00:00,12.08,134.05,1003.8,24.4,79.46527099445004,0.0,0.0,0.0,0.0,0.0,0.0,0.0,0.0,0.0,0.0,0.0,0.0
2026-04-22 18:00:00,0,978.0,2026-05-01 12:00:00,8 days 18:00:00,11.87,134.89,999.1,39.7,59.34498749917175,59.34498749917175,11.229094154759704,7.604417298880726,12.112979521397987,0.0,0.0,0.0,0.0,0.0,0.0,0.0,0.0
2026-04-22 18:00:00,0,978.0,2026-05-01 18:00:00,9 days 00:00:00,11.94,134.44,998.7,43.5,57.33134193877065,143.0941394121437,114.4982371747063,81.44711043322343,111.37765889352664,0.0,0.0,0.0,0.0,0.0,0.0,0.0,0.0
2026-04-22 18:00:00,0,978.0,2026-05-02 00:00:00,9 days 06:00:00,12.47,134.48,1000.4,29.6,102.215129184885,0.0,0.0,0.0,0.0,0.0,0.0,0.0,0.0,0.0,0.0,0.0,0.0
2026-04-22 18:00:00,0,978.0,2026-05-02 06:00:00,9 days 12:00:00,12.57,134.16,1003.6,26.7,61.59635410737589,0.0,0.0,0.0,0.0,0.0,0.0,0.0,0.0,0.0,0.0,0.0,0.0
2026-04-22 18:00:00,0,978.0,2026-05-02 12:00:00,9 days 18:00:00,12.43,133.32,997.2,40.2,69.04284163550933,69.04284163550933,36.08369142002181,19.205027971923062,29.90961927486846,0.0,0.0,0.0,0.0,0.0,0.0,0.0,0.0
2026-04-22 18:00:00,0,978.0,2026-05-02 18:00:00,10 days 00:00:00,12.31,132.53,993.7,48.8,24.96237318475059,163.26297918980492,139.41435044780042,125.05255649081288,151.13943432340886,0.0,0.0,0.0,0.0,0.0,0.0,0.0,0.0
2026-04-22 18:00:00,0,978.0,2026-05-03 00:00:00,10 days 06:00:00,11.45,131.98,998.2,38.0,44.42114604411751,44.42114604411751,0.0,0.0,0.0,0.0,0.0,0.0,0.0,0.0,0.0,0.0,0.0
2026-04-22 18:00:00,0,978.0,2026-05-03 06:00:00,10 days 12:00:00,11.29,131.4,999.2,33.5,96.82668364006388,0.0,0.0,0.0,0.0,0.0,0.0,0.0,0.0,0.0,0.0,0.0,0.0
2026-04-22 18:00:00,0,978.0,2026-05-03 12:00:00,10 days 18:00:00,11.54,130.66,1004.4,30.4,60.28986877849498,0.0,0.0,0.0,0.0,0.0,0.0,0.0,0.0,0.0,0.0,0.0,0.0
2026-04-22 18:00:00,0,978.0,2026-05-03 18:00:00,11 days 00:00:00,11.35,130.01,999.0,40.1,48.18728264441107,48.18728264441107,5.4994956862654565,2.94172283792048,10.121070594922449,0.0,0.0,0.0,0.0,0.0,0.0,0.0,0.0
2026-04-22 18:00:00,0,978.0,2026-05-04 00:00:00,11 days 06:00:00,11.93,129.05,996.9,42.9,61.82210292529616,61.82210292529616,3.4475679170964924,0.0,1.9653542359851883,0.0,0.0,0.0,0.0,0.0,0.0,0.0,0.0
2026-04-22 18:00:00,0,978.0,2026-05-04 06:00:00,11 days 12:00:00,11.88,128.2,997.4,42.0,64.41010870442332,64.41010870442332,17.007926472062465,1.4020663797835375,16.956284452581208,0.0,0.0,0.0,0.0,0.0,0.0,0.0,0.0
2026-04-22 18:00:00,0,978.0,2026-05-04 12:00:00,11 days 18:00:00,12.06,127.53,1002.0,32.7,43.18300414737139,0.0,0.0,0.0,0.0,0.0,0.0,0.0,0.0,0.0,0.0,0.0,0.0
2026-04-22 18:00:00,0,978.0,2026-05-04 18:00:00,12 days 00:00:00,12.01,126.66,1003.5,32.2,46.20318494741189,0.0,0.0,0.0,0.0,0.0,0.0,0.0,0.0,0.0,0.0,0.0,0.0
2026-04-22 18:00:00,0,978.0,2026-05-05 00:00:00,12 days 06:00:00,12.13,125.74,1006.0,30.6,52.67908391040457,0.0,0.0,0.0,0.0,0.0,0.0,0.0,0.0,0.0,0.0,0.0,0.0
2026-04-22 18:00:00,0,978.0,2026-05-05 06:00:00,12 days 12:00:00,11.74,125.28,1002.2,28.6,100.42243669501552,0.0,0.0,0.0,0.0,0.0,0.0,0.0,0.0,0.0,0.0,0.0,0.0
2026-04-22 18:00:00,4,978.0,2026-05-04 12:00:00,11 days 18:00:00,-10.69,69.88,999.1,29.6,63.75327384378946,0.0,0.0,0.0,0.0,0.0,0.0,0.0,0.0,0.0,0.0,0.0,0.0
2026-04-22 18:00:00,4,978.0,2026-05-04 18:00:00,12 days 00:00:00,-11.62,69.58,1001.7,17.4,77.36373063156827,0.0,0.0,0.0,0.0,0.0,0.0,0.0,0.0,0.0,0.0,0.0,0.0
2026-04-22 18:00:00,4,978.0,2026-05-05 00:00:00,12 days 06:00:00,-11.98,69.87,998.8,34.0,79.320365206552,0.0,0.0,0.0,0.0,0.0,0.0,0.0,0.0,0.0,0.0,0.0,0.0
2026-04-22 18:00:00,4,978.0,2026-05-05 06:00:00,12 days 12:00:00,-12.12,69.82,992.9,43.1,114.66760341931858,226.33064752057967,208.38387526079717,160.21917126397415,176.27270730475158,0.0,0.0,0.0,0.0,0.0,0.0,0.0,0.0
2026-04-22 18:00:00,4,978.0,2026-05-05 12:00:00,12 days 18:00:00,-12.29,70.34,992.4,48.3,70.35439728836192,197.8845527017756,189.37491463347607,165.52516484737225,163.52520724943437,0.0,0.0,0.0,0.0,0.0,0.0,0.0,0.0
2026-04-22 18:00:00,4,978.0,2026-05-05 18:00:00,13 days 00:00:00,-12.4,70.12,993.4,43.5,55.4030930659916,188.28395350294684,174.4114770075577,142.67780565283493,166.19112284960372,0.0,0.0,0.0,0.0,0.0,0.0,0.0,0.0
2026-04-22 18:00:00,8,979.0,2026-05-03 18:00:00,11 days 00:00:00,8.59,70.38,1000.6,26.2,58.00168581076423,0.0,0.0,0.0,0.0,0.0,0.0,0.0,0.0,0.0,0.0,0.0,0.0
2026-04-22 18:00:00,8,979.0,2026-05-04 00:00:00,11 days 06:00:00,8.62,70.31,1000.8,30.7,90.57319081651316,0.0,0.0,0.0,0.0,0.0,0.0,0.0,0.0,0.0,0.0,0.0,0.0
2026-04-22 18:00:00,8,979.0,2026-05-04 06:00:00,11 days 12:00:00,9.18,70.13,999.4,35.4,43.63737298638364,0.0,0.0,0.0,43.63737298638364,0.0,0.0,0.0,0.0,0.0,0.0,0.0,0.0
2026-04-22 18:00:00,8,979.0,2026-05-04 12:00:00,11 days 18:00:00,9.58,70.52,999.3,37.1,64.15401271025712,10.85800014574696,64.15401271025712,9.362425606417943,8.663980533069505,0.0,0.0,0.0,0.0,0.0,0.0,0.0,0.0
2026-04-22 18:00:00,8,979.0,2026-05-04 18:00:00,12 days 00:00:00,9.6,70.57,996.2,44.8,47.3800924714164,89.49077358151555,74.85737118790117,57.11096434249528,70.74930760566916,0.0,0.0,0.0,0.0,0.0,0.0,0.0,0.0
2026-04-22 18:00:00,8,979.0,2026-05-05 00:00:00,12 days 06:00:00,9.68,70.05,991.5,58.9,26.177686609659418,103.3519143609691,82.36281856968593,79.8860391212633,104.08601876236176,47.215502628781294,39.30322773251029,32.069816764375744,40.443845388536175,0.0,0.0,0.0,0.0
2026-04-22 18:00:00,8,979.0,2026-05-05 06:00:00,12 days 12:00:00,9.79,69.63,992.9,52.6,15.171914962933789,83.67296938888963,73.75120039897314,73.47000064429443,81.57794401975025,22.44686124406042,19.4784688380163,17.216969538162758,19.786654709796476,0.0,0.0,0.0,0.0
2026-04-22 18:00:00,8,979.0,2026-05-05 12:00:00,12 days 18:00:00,9.78,69.69,993.0,56.6,33.8852370729505,93.37418159780924,102.12212015540275,73.98756101888196,82.68615251919383,33.8852370729505,22.10688012020668,11.072745362643005,17.53774235697099,0.0,0.0,0.0,0.0
2026-04-22 18:00:00,8,979.0,2026-05-05 18:00:00,13 days 00:00:00,10.11,69.03,990.4,54.4,24.43862116352132,120.46067409017384,104.31780826501472,91.84950303795046,115.480204311801,24.43862116352132,7.251896903646861,4.178685167819474,5.141468871585529,0.0,0.0,0.0,0.0
2026-04-22 18:00:00,2,980.0,2026-05-03 18:00:00,11 days 00:00:00,-9.52,66.4,1003.0,24.8,94.75766378898211,0.0,0.0,0.0,0.0,0.0,0.0,0.0,0.0,0.0,0.0,0.0,0.0
2026-04-22 18:00:00,2,980.0,2026-05-04 00:00:00,11 days 06:00:00,-10.28,66.79,1004.8,27.4,106.5586093159459,0.0,0.0,0.0,0.0,0.0,0.0,0.0,0.0,0.0,0.0,0.0,0.0
2026-04-22 18:00:00,2,980.0,2026-05-04 06:00:00,11 days 12:00:00,-10.85,67.62,1001.6,25.8,146.0995128354932,0.0,0.0,0.0,0.0,0.0,0.0,0.0,0.0,0.0,0.0,0.0,0.0
2026-04-22 18:00:00,2,980.0,2026-05-04 12:00:00,11 days 18:00:00,-12.12,68.1,1002.3,34.1,54.7856928154741,54.7856928154741,42.44774914526228,27.702134566416017,32.63175567816532,0.0,0.0,0.0,0.0,0.0,0.0,0.0,0.0
2026-04-22 18:00:00,2,980.0,2026-05-04 18:00:00,12 days 00:00:00,-13.6,67.86,998.6,41.8,81.84090321304072,9.983026210296943,81.84090321304072,10.659998553541913,4.631625953777934,0.0,0.0,0.0,0.0,0.0,0.0,0.0,0.0
2026-04-22 18:00:00,2,980.0,2026-05-05 00:00:00,12 days 06:00:00,-14.59,68.2,999.7,38.0,97.57953104298896,26.295615823601,97.57953104298896,26.536619425625677,19.77415625222095,0.0,0.0,0.0,0.0,0.0,0.0,0.0,0.0
2026-04-22 18:00:00,2,980.0,2026-05-05 06:00:00,12 days 12:00:00,-15.66,68.8,1001.3,46.8,57.77899913373586,131.26480092567772,111.89056016423368,77.74234585897189,95.93724119646708,0.0,0.0,0.0,0.0,0.0,0.0,0.0,0.0
2026-04-22 18:00:00,2,980.0,2026-05-05 12:00:00,12 days 18:00:00,-16.45,69.27,992.5,51.7,0.0,27.154883821642315,34.349523707477246,24.365174124172825,16.931256849961343,0.0,0.1936778309270401,0.0,0.2599446057223638,0.0,0.0,0.0,0.0
2026-04-22 18:00:00,2,980.0,2026-05-05 18:00:00,13 days 00:00:00,-17.91,69.36,998.8,41.4,83.6559630035136,205.61998201520797,209.27831258039944,182.7240648251286,177.53867868689173,0.0,0.0,0.0,0.0,0.0,0.0,0.0,0.0
2026-04-22 18:00:00,2,981.0,2026-05-05 00:00:00,12 days 06:00:00,-7.68,54.53,1004.9,19.7,57.27515676842087,0.0,0.0,0.0,0.0,0.0,0.0,0.0,0.0,0.0,0.0,0.0,0.0
2026-04-22 18:00:00,2,981.0,2026-05-05 06:00:00,12 days 12:00:00,-8.12,53.71,1004.4,23.7,90.46657493316232,0.0,0.0,0.0,0.0,0.0,0.0,0.0,0.0,0.0,0.0,0.0,0.0
2026-04-22 18:00:00,2,981.0,2026-05-05 12:00:00,12 days 18:00:00,-7.48,52.87,1008.2,19.9,48.98760427678309,0.0,0.0,0.0,0.0,0.0,0.0,0.0,0.0,0.0,0.0,0.0,0.0
2026-04-22 18:00:00,2,981.0,2026-05-05 18:00:00,13 days 00:00:00,-7.62,52.93,1005.1,18.5,84.95773902979036,0.0,0.0,0.0,0.0,0.0,0.0,0.0,0.0,0.0,0.0,0.0,0.0
2026-04-22 18:00:00,2,985.0,2026-05-02 00:00:00,9 days 06:00:00,9.98,136.51,1007.9,20.9,88.55980433837243,0.0,0.0,0.0,0.0,0.0,0.0,0.0,0.0,0.0,0.0,0.0,0.0
2026-04-22 18:00:00,2,985.0,2026-05-02 06:00:00,9 days 12:00:00,10.23,135.24,1001.5,25.3,87.06813940380702,0.0,0.0,0.0,0.0,0.0,0.0,0.0,0.0,0.0,0.0,0.0,0.0
2026-04-22 18:00:00,2,985.0,2026-05-02 12:00:00,9 days 18:00:00,9.99,134.0,1004.4,22.7,113.1300163808408,0.0,0.0,0.0,0.0,0.0,0.0,0.0,0.0,0.0,0.0,0.0,0.0
2026-04-22 18:00:00,2,985.0,2026-05-02 18:00:00,10 days 00:00:00,9.76,133.38,1006.1,27.1,88.58903694816073,0.0,0.0,0.0,0.0,0.0,0.0,0.0,0.0,0.0,0.0,0.0,0.0
2026-04-22 18:00:00,2,985.0,2026-05-03 00:00:00,10 days 06:00:00,10.49,131.98,1003.0,28.2,75.41023266189038,0.0,0.0,0.0,0.0,0.0,0.0,0.0,0.0,0.0,0.0,0.0,0.0
2026-04-22 18:00:00,2,985.0,2026-05-03 06:00:00,10 days 12:00:00,10.68,131.08,1004.1,30.1,57.51725539208172,0.0,0.0,0.0,0.0,0.0,0.0,0.0,0.0,0.0,0.0,0.0,0.0
2026-04-22 18:00:00,2,985.0,2026-05-03 12:00:00,10 days 18:00:00,10.72,130.09,1001.1,35.9,56.8029694520653,56.8029694520653,0.0,0.0,0.5699506417325448,0.0,0.0,0.0,0.0,0.0,0.0,0.0,0.0
2026-04-22 18:00:00,2,985.0,2026-05-03 18:00:00,11 days 00:00:00,10.82,128.73,993.5,46.1,68.47767630384377,68.47767630384377,35.026475217047675,14.37765629892444,39.04970776201391,0.0,0.0,0.0,0.0,0.0,0.0,0.0,0.0
2026-04-22 18:00:00,2,985.0,2026-05-04 00:00:00,11 days 06:00:00,11.11,127.85,998.5,43.0,48.43642626037254,48.43642626037254,17.236344597122436,3.2405456958929486,18.689138699990576,0.0,0.0,0.0,0.0,0.0,0.0,0.0,0.0
2026-04-22 18:00:00,2,985.0,2026-05-04 06:00:00,11 days 12:00:00,11.28,126.84,992.1,55.4,35.528573413736524,102.71515804258944,63.157981978680525,44.78373059705288,82.83029800936129,35.528573413736524,17.68421316643692,10.549490955303089,20.39785903908945,0.0,0.0,0.0,0.0
2026-04-22 18:00:00,2,985.0,2026-05-04 12:00:00,11 days 18:00:00,11.47,125.97,989.3,62.7,3.461509792629048,83.61090103362352,55.15445333508933,39.42129551251879,93.35687253772656,52.439302337083085,35.58698246173111,26.14104295931968,42.45203290783017,0.0,0.0,0.0,0.0
2026-04-22 18:00:00,2,985.0,2026-05-04 18:00:00,12 days 00:00:00,11.78,124.94,963.1,95.8,27.75372724704951,90.05630168273922,77.59787844937236,46.86132105689241,91.26416605179492,43.215223871490124,28.287500598243213,26.310295876321632,35.91982467596138,27.75372724704951,14.982068907409658,12.132137247669448,16.861949541129867
2026-04-22 18:00:00,2,985.0,2026-05-05 00:00:00,12 days 06:00:00,11.81,123.85,956.3,107.5,18.42290350672999,116.56365719923102,53.20015988703374,58.467074340124775,112.52648597659253,41.62932642769358,26.522734332228463,21.921625449720256,42.78223686551684,31.014719788105868,26.522734332228463,21.921625449720256,30.94579189194068
2026-04-22 18:00:00,2,985.0,2026-05-05 06:00:00,12 days 12:00:00,11.91,122.88,947.4,108.7,45.54257030993325,79.24357756882,49.05745635794207,72.85958157011797,79.04377778626633,55.413517538562274,42.184380980769234,33.63918533460531,56.691740365216255,45.54257030993325,36.39211652366471,32.03873274470386,41.7009020513963
2026-04-22 18:00:00,2,985.0,2026-05-05 12:00:00,12 days 18:00:00,11.77,121.81,970.0,91.5,0.0,44.24007329504002,15.378529494728353,15.600685454966492,53.2745918880532,25.737363761941232,15.378529494728353,12.128323797179329,23.973889276044627,20.15440975411171,15.378529494728353,12.128323797179329,19.63778731739548
2026-04-22 18:00:00,2,985.0,2026-05-05 18:00:00,13 days 00:00:00,11.8,121.05,950.1,114.8,0.0,70.94209485730354,35.09131215176104,62.50692963427274,75.51707670418864,43.07250275853842,30.60411009656728,27.015241734788408,44.22022254907466,29.977762741150848,25.59173757838432,21.920411972140773,30.36566292602308
2026-04-22 18:00:00,2,989.0,2026-05-04 18:00:00,12 days 00:00:00,6.5,146.35,998.7,28.4,95.91560269724832,0.0,0.0,0.0,0.0,0.0,0.0,0.0,0.0,0.0,0.0,0.0,0.0
2026-04-22 18:00:00,2,989.0,2026-05-05 00:00:00,12 days 06:00:00,6.17,145.94,1001.8,26.1,49.408516129460864,0.0,0.0,0.0,0.0,0.0,0.0,0.0,0.0,0.0,0.0,0.0,0.0
2026-04-22 18:00:00,2,989.0,2026-05-05 06:00:00,12 days 12:00:00,6.44,145.03,1001.8,24.6,110.72814673721996,0.0,0.0,0.0,0.0,0.0,0.0,0.0,0.0,0.0,0.0,0.0,0.0
2026-04-22 18:00:00,2,989.0,2026-05-05 12:00:00,12 days 18:00:00,5.73,144.42,1002.6,28.0,108.66587652789718,0.0,0.0,0.0,0.0,0.0,0.0,0.0,0.0,0.0,0.0,0.0,0.0
2026-04-22 18:00:00,2,989.0,2026-05-05 18:00:00,13 days 00:00:00,6.15,143.37,1000.2,33.3,60.149429173639774,0.0,0.0,0.0,0.0,0.0,0.0,0.0,0.0,0.0,0.0,0.0,0.0
2026-04-22 18:00:00,3,992.0,2026-05-04 06:00:00,11 days 12:00:00,-9.22,70.79,1003.4,25.0,83.34653201175749,0.0,0.0,0.0,0.0,0.0,0.0,0.0,0.0,0.0,0.0,0.0,0.0
2026-04-22 18:00:00,3,992.0,2026-05-04 12:00:00,11 days 18:00:00,-9.94,71.65,1002.6,26.8,100.42479377565704,0.0,0.0,0.0,0.0,0.0,0.0,0.0,0.0,0.0,0.0,0.0,0.0
2026-04-22 18:00:00,3,992.0,2026-05-04 18:00:00,12 days 00:00:00,-10.38,71.49,1003.4,23.7,85.7553944810768,0.0,0.0,0.0,0.0,0.0,0.0,0.0,0.0,0.0,0.0,0.0,0.0
2026-04-22 18:00:00,3,992.0,2026-05-05 00:00:00,12 days 06:00:00,-10.6,70.83,995.6,33.6,97.4135564271454,0.0,0.0,0.0,0.0,0.0,0.0,0.0,0.0,0.0,0.0,0.0,0.0
2026-04-22 18:00:00,3,992.0,2026-05-05 06:00:00,12 days 12:00:00,-11.22,71.18,1001.8,30.4,58.22836106620477,0.0,0.0,0.0,0.0,0.0,0.0,0.0,0.0,0.0,0.0,0.0,0.0
2026-04-22 18:00:00,3,992.0,2026-05-05 12:00:00,12 days 18:00:00,-11.62,71.58,1000.5,31.3,67.35591224536095,0.0,0.0,0.0,0.0,0.0,0.0,0.0,0.0,0.0,0.0,0.0,0.0
2026-04-22 18:00:00,3,992.0,2026-05-05 18:00:00,13 days 00:00:00,-12.9,71.06,997.1,34.0,69.47238540510014,0.0,0.0,0.0,0.0,0.0,0.0,0.0,0.0,0.0,0.0,0.0,0.0
2026-04-22 18:00:00,3,996.0,2026-05-02 06:00:00,9 days 12:00:00,-7.88,59.61,1005.4,24.0,66.72899030440169,0.0,0.0,0.0,0.0,0.0,0.0,0.0,0.0,0.0,0.0,0.0,0.0
2026-04-22 18:00:00,3,996.0,2026-05-02 12:00:00,9 days 18:00:00,-7.94,59.02,1001.8,32.0,57.21964361814181,0.0,0.0,0.0,0.0,0.0,0.0,0.0,0.0,0.0,0.0,0.0,0.0
2026-04-22 18:00:00,3,996.0,2026-05-02 18:00:00,10 days 00:00:00,-8.17,58.93,1002.4,30.0,74.190405277466,0.0,0.0,0.0,0.0,0.0,0.0,0.0,0.0,0.0,0.0,0.0,0.0
2026-04-22 18:00:00,3,996.0,2026-05-03 00:00:00,10 days 06:00:00,-8.59,57.88,996.3,42.0,75.90638241839333,138.79431741938313,147.48965989280327,126.75293616290496,123.12673270746784,0.0,0.0,0.0,0.0,0.0,0.0,0.0,0.0
2026-04-22 18:00:00,3,996.0,2026-05-03 06:00:00,10 days 12:00:00,-8.98,57.17,999.7,44.4,131.3830191673994,471.2784450573303,478.2603182771302,442.4668762158635,409.6209042059229,0.0,0.0,0.0,0.0,0.0,0.0,0.0,0.0
2026-04-22 18:00:00,3,996.0,2026-05-03 12:00:00,10 days 18:00:00,-9.61,56.93,994.3,41.9,72.9029969152218,152.82380300738976,156.53684198404983,113.40764824676896,129.8824503537517,0.0,0.0,0.0,0.0,0.0,0.0,0.0,0.0
2026-04-22 18:00:00,3,996.0,2026-05-03 18:00:00,11 days 00:00:00,-9.49,56.38,997.3,36.0,105.37257329356318,113.99553094510216,124.48473662420426,108.14516722365444,94.95367309369064,0.0,0.0,0.0,0.0,0.0,0.0,0.0,0.0
2026-04-22 18:00:00,3,996.0,2026-05-04 00:00:00,11 days 06:00:00,-9.9,56.13,992.6,47.7,94.96380475429432,300.15576256048377,303.16840586113074,275.0306012883906,263.1481434435827,0.0,0.0,0.0,0.0,0.0,0.0,0.0,0.0
2026-04-22 18:00:00,3,996.0,2026-05-04 06:00:00,11 days 12:00:00,-9.57,55.37,993.6,47.0,102.0789536527392,208.34375766846412,209.0469530340956,185.58042836751645,191.77763947703613,0.0,0.0,0.0,0.0,0.0,0.0,0.0,0.0
2026-04-22 18:00:00,3,996.0,2026-05-04 12:00:00,11 days 18:00:00,-9.57,55.11,992.3,47.6,60.37111887719679,210.21564209335764,207.1996525489969,176.24571245698553,174.22120829126027,0.0,0.0,0.0,0.0,0.0,0.0,0.0,0.0
2026-04-22 18:00:00,3,996.0,2026-05-04 18:00:00,12 days 00:00:00,-9.46,54.85,994.9,41.6,80.60748027690906,263.96729672361346,258.41381025847727,232.29812438827707,228.90706445820692,0.0,0.0,0.0,0.0,0.0,0.0,0.0,0.0
2026-04-22 18:00:00,3,996.0,2026-05-05 00:00:00,12 days 06:00:00,-9.35,54.58,996.9,35.5,72.46100219204857,242.86404329385493,248.01071594049455,241.10318345786789,221.08851342275352,0.0,0.0,0.0,0.0,0.0,0.0,0.0,0.0
2026-04-22 18:00:00,3,996.0,2026-05-05 06:00:00,12 days 12:00:00,-9.4,54.32,992.8,46.2,56.14527615652212,123.72979103978572,122.90517269689148,118.92594237337508,110.2580560177876,0.0,0.0,0.0,0.0,0.0,0.0,0.0,0.0
2026-04-22 18:00:00,3,996.0,2026-05-05 12:00:00,12 days 18:00:00,-9.26,54.27,994.2,43.7,51.53106800261266,120.93401290447348,109.90600852239916,80.38744648370835,104.86850476735482,0.0,0.0,0.0,0.0,0.0,0.0,0.0,0.0
2026-04-22 18:00:00,3,996.0,2026-05-05 18:00:00,13 days 00:00:00,-9.22,54.04,992.3,42.9,49.52602228941287,88.93613199351098,86.58912139007911,89.01259140087429,85.93215497828484,0.0,0.0,0.0,0.0,0.0,0.0,0.0,0.0
2026-04-22 18:00:00,1,997.0,2026-05-04 00:00:00,11 days 06:00:00,8.05,150.74,1007.6,21.2,147.63444835295937,0.0,0.0,0.0,0.0,0.0,0.0,0.0,0.0,0.0,0.0,0.0,0.0
2026-04-22 18:00:00,1,997.0,2026-05-04 06:00:00,11 days 12:00:00,8.46,150.63,1006.1,22.1,86.38056594038905,0.0,0.0,0.0,0.0,0.0,0.0,0.0,0.0,0.0,0.0,0.0,0.0
2026-04-22 18:00:00,1,997.0,2026-05-04 12:00:00,11 days 18:00:00,8.68,149.87,1006.9,22.1,85.63869762456449,0.0,0.0,0.0,0.0,0.0,0.0,0.0,0.0,0.0,0.0,0.0,0.0
2026-04-22 18:00:00,1,997.0,2026-05-04 18:00:00,12 days 00:00:00,9.02,149.02,1003.3,21.6,103.60788210826811,0.0,0.0,0.0,0.0,0.0,0.0,0.0,0.0,0.0,0.0,0.0,0.0
2026-04-22 18:00:00,1,997.0,2026-05-05 00:00:00,12 days 06:00:00,8.82,148.5,1002.8,26.0,50.652131958491445,0.0,0.0,0.0,0.0,0.0,0.0,0.0,0.0,0.0,0.0,0.0,0.0
2026-04-22 18:00:00,1,997.0,2026-05-05 06:00:00,12 days 12:00:00,9.3,147.66,1003.4,28.1,86.07269756887305,0.0,0.0,0.0,0.0,0.0,0.0,0.0,0.0,0.0,0.0,0.0,0.0
2026-04-22 18:00:00,1,997.0,2026-05-05 12:00:00,12 days 18:00:00,9.14,147.17,1006.1,29.0,91.62300551390317,0.0,0.0,0.0,0.0,0.0,0.0,0.0,0.0,0.0,0.0,0.0,0.0
2026-04-22 18:00:00,1,997.0,2026-05-05 18:00:00,13 days 00:00:00,9.47,146.86,998.9,31.7,117.51945530917368,0.0,0.0,0.0,0.0,0.0,0.0,0.0,0.0,0.0,0.0,0.0,0.0
2026-04-22 18:00:00,5,998.0,2026-05-04 00:00:00,11 days 06:00:00,-8.26,55.86,1005.0,18.6,62.77324642549527,0.0,0.0,0.0,0.0,0.0,0.0,0.0,0.0,0.0,0.0,0.0,0.0
2026-04-22 18:00:00,5,998.0,2026-05-04 06:00:00,11 days 12:00:00,-8.78,56.29,1002.3,24.3,56.2003901853214,0.0,0.0,0.0,0.0,0.0,0.0,0.0,0.0,0.0,0.0,0.0,0.0
2026-04-22 18:00:00,5,998.0,2026-05-04 12:00:00,11 days 18:00:00,-8.89,55.9,1002.9,26.6,69.28858222791786,0.0,0.0,0.0,0.0,0.0,0.0,0.0,0.0,0.0,0.0,0.0,0.0
2026-04-22 18:00:00,5,998.0,2026-05-04 18:00:00,12 days 00:00:00,-9.22,55.89,1001.7,28.3,67.56025125258867,0.0,0.0,0.0,0.0,0.0,0.0,0.0,0.0,0.0,0.0,0.0,0.0
2026-04-22 18:00:00,5,998.0,2026-05-05 00:00:00,12 days 06:00:00,-9.41,55.75,1000.7,34.2,50.88249887482588,50.88249887482588,0.0,0.0,0.0,0.0,0.0,0.0,0.0,0.0,0.0,0.0,0.0
2026-04-22 18:00:00,5,998.0,2026-05-05 06:00:00,12 days 12:00:00,-9.87,55.8,988.2,43.5,30.064498791779958,163.6704065928103,161.10451078780113,144.0666697714788,148.40935013323394,0.0,0.0,0.0,0.0,0.0,0.0,0.0,0.0
2026-04-22 18:00:00,5,998.0,2026-05-05 12:00:00,12 days 18:00:00,-9.86,55.89,991.4,46.4,47.82795498012827,150.8973283797966,151.10894144127258,135.9897497878802,131.28396676408136,0.0,0.0,0.0,0.0,0.0,0.0,0.0,0.0
2026-04-22 18:00:00,5,998.0,2026-05-05 18:00:00,13 days 00:00:00,-10.01,55.53,984.8,56.6,29.03757304359206,112.73524677658952,118.83598623405425,135.19872040676563,114.6107379249053,61.7372235318706,65.23240532234666,63.388791347210656,55.05651921859688,0.0,0.0,0.0,0.0
