# If this file contains data that relates to a time no more than 48 hours ago,
# BY USING IT YOU AGREE TO THE LEGALLY BINDING TERMS OF USE FOUND AT
#   https://storage.googleapis.com/weathernext-public/terms-of-use.pdf
# Any data that relates to a time more than 48 hours ago is licensed under the
# Creative Commons Attribution International License, Version 4.0 (CC BY 4.0).
# BEGIN DATA
init_time,track_id,sample,valid_time,lead_time,lead_time_hours,lat,lon,minimum_sea_level_pressure_hpa,maximum_sustained_wind_speed_knots,radius_of_maximum_winds_km,radius_34_knot_winds_ne_km,radius_34_knot_winds_se_km,radius_34_knot_winds_sw_km,radius_34_knot_winds_nw_km,radius_50_knot_winds_ne_km,radius_50_knot_winds_se_km,radius_50_knot_winds_sw_km,radius_50_knot_winds_nw_km,radius_64_knot_winds_ne_km,radius_64_knot_winds_se_km,radius_64_knot_winds_sw_km,radius_64_knot_winds_nw_km
2026-05-12,9,1.0,2026-05-21 18:00:00,9 days 18:00:00,234,10.63,136.43,1006.9,21.3,161.8461358718813,0.0,0.0,0.0,0.0,0.0,0.0,0.0,0.0,0.0,0.0,0.0,0.0
2026-05-12,9,1.0,2026-05-22 00:00:00,10 days 00:00:00,240,11.09,135.81,1002.4,26.2,77.61432275819618,0.0,0.0,0.0,0.0,0.0,0.0,0.0,0.0,0.0,0.0,0.0,0.0
2026-05-12,9,1.0,2026-05-22 06:00:00,10 days 06:00:00,246,11.63,135.47,998.0,38.0,34.39058694847614,34.39058694847614,18.986651802271677,11.608778435230182,16.811203758584938,0.0,0.0,0.0,0.0,0.0,0.0,0.0,0.0
2026-05-12,9,1.0,2026-05-22 12:00:00,10 days 12:00:00,252,11.54,134.54,1000.3,37.5,89.0906078241178,89.0906078241178,21.805951232651253,10.946212678146388,23.79607710957708,0.0,0.0,0.0,0.0,0.0,0.0,0.0,0.0
2026-05-12,9,1.0,2026-05-22 18:00:00,10 days 18:00:00,258,11.74,133.89,994.8,46.5,35.10575685681697,115.58194795678328,89.90595087522607,60.79087549719874,90.78123004379508,0.0,0.0,0.0,0.0,0.0,0.0,0.0,0.0
2026-05-12,9,1.0,2026-05-23 00:00:00,11 days 00:00:00,264,11.41,133.48,988.8,58.7,23.542124313817517,87.98786117135319,63.73139611922137,48.2679583430277,77.45899766155311,23.542124313817517,15.329707708891554,10.564387931614796,16.667895413566683,0.0,0.0,0.0,0.0
2026-05-12,9,1.0,2026-05-23 06:00:00,11 days 06:00:00,270,11.61,132.44,995.4,48.3,44.709048410705854,95.98404321804664,73.03131496341841,50.06035284799896,74.97047457572663,0.0,0.0,0.0,0.0,0.0,0.0,0.0,0.0
2026-05-12,9,1.0,2026-05-23 12:00:00,11 days 12:00:00,276,11.73,131.72,967.7,81.2,0.0,134.48171740787188,117.56565969092873,105.2082214942277,131.64449652321474,43.94639874267558,32.223511669153226,30.13897722994114,32.76341381694354,2.312001583848257,1.0248919617568184,1.1440590424341843,1.6395219319494498
2026-05-12,9,1.0,2026-05-23 18:00:00,11 days 18:00:00,282,11.67,131.17,982.2,73.1,20.86661634056447,132.28607072208166,99.25799186488535,87.91166275049248,119.49722225732584,64.08179561829981,48.119891743078185,36.58167592005025,54.58023334703806,23.101271445649164,17.38765807769343,15.071991884985914,19.65492420827819
2026-05-12,9,1.0,2026-05-24 00:00:00,12 days 00:00:00,288,12.06,130.24,978.7,74.0,17.939316115029243,97.20919160607002,75.09078806632888,69.12300207943827,82.94935621999284,36.58867356881517,26.046383882595947,19.415360484296414,28.66915898265385,17.939316115029243,3.603389397997909,2.993026049542838,4.084073798507902
2026-05-12,9,1.0,2026-05-24 06:00:00,12 days 06:00:00,294,11.95,129.32,963.2,93.5,15.42334771055502,105.15026962260936,101.9137831608116,102.34653297287994,108.7996367678506,62.801772551046,51.14743395036177,42.87021301179215,56.17842441857468,35.14161846753911,28.81230318651449,24.56894940081325,31.453839691527605
2026-05-12,9,1.0,2026-05-24 12:00:00,12 days 12:00:00,300,11.84,128.88,967.2,90.1,9.802565651034303,123.92195561130892,101.0704804790475,113.77793140680902,132.23484786000986,77.50951038506305,62.9092545473225,57.037110321064986,72.1280846695777,36.11492657880838,30.84055197258536,26.50749135317189,33.26484630228032
2026-05-12,9,1.0,2026-05-24 18:00:00,12 days 18:00:00,306,11.7,128.34,978.2,79.5,10.367897669995587,124.37560837446036,81.37156952890174,110.66448970776504,124.3911194625068,76.5305009136703,58.75855917712629,51.61073159856328,69.99103100123673,29.03488084268784,23.835634491403333,20.680751515014045,26.581414655655287
2026-05-12,9,1.0,2026-05-25 00:00:00,13 days 00:00:00,312,11.73,128.08,975.5,80.1,23.44327669881589,90.24212770282328,96.32573954295812,114.66395325201276,102.3325709594674,69.6314527036339,64.37515220812489,64.69111281778154,66.54277259655166,42.58589328095859,37.99502099436627,35.24532529125709,40.70627568934667
2026-05-12,4,3.0,2026-05-18 18:00:00,6 days 18:00:00,162,9.61,144.76,1008.3,13.8,91.9437548538503,0.0,0.0,0.0,0.0,0.0,0.0,0.0,0.0,0.0,0.0,0.0,0.0
2026-05-12,4,3.0,2026-05-19 00:00:00,7 days 00:00:00,168,10.11,143.5,1003.6,25.4,34.6829283819588,0.0,0.0,0.0,0.0,0.0,0.0,0.0,0.0,0.0,0.0,0.0,0.0
2026-05-12,4,3.0,2026-05-19 06:00:00,7 days 06:00:00,174,9.98,142.87,1002.3,31.4,32.52615657646712,0.0,0.0,0.0,0.0,0.0,0.0,0.0,0.0,0.0,0.0,0.0,0.0
2026-05-12,4,3.0,2026-05-19 12:00:00,7 days 12:00:00,180,10.31,141.92,1004.9,29.4,78.34175385657116,0.0,0.0,0.0,0.0,0.0,0.0,0.0,0.0,0.0,0.0,0.0,0.0
2026-05-12,4,3.0,2026-05-19 18:00:00,7 days 18:00:00,186,10.1,141.34,998.8,43.6,22.369693296585645,93.7718545292652,68.90093706000715,46.740990468245926,74.48328558107983,0.0,0.0,0.0,0.0,0.0,0.0,0.0,0.0
2026-05-12,4,3.0,2026-05-20 00:00:00,8 days 00:00:00,192,9.68,140.44,1002.8,27.4,66.73286174057989,0.0,0.0,0.0,0.0,0.0,0.0,0.0,0.0,0.0,0.0,0.0,0.0
2026-05-12,4,3.0,2026-05-20 06:00:00,8 days 06:00:00,198,9.66,139.83,1003.7,22.6,51.07890457764308,0.0,0.0,0.0,0.0,0.0,0.0,0.0,0.0,0.0,0.0,0.0,0.0
2026-05-12,4,3.0,2026-05-20 12:00:00,8 days 12:00:00,204,9.75,139.2,1000.3,32.8,45.013409093671015,0.0,0.0,0.0,0.0,0.0,0.0,0.0,0.0,0.0,0.0,0.0,0.0
2026-05-12,4,3.0,2026-05-20 18:00:00,8 days 18:00:00,210,9.52,138.27,1003.2,30.5,83.88965793875164,0.0,0.0,0.0,0.0,0.0,0.0,0.0,0.0,0.0,0.0,0.0,0.0
2026-05-12,4,3.0,2026-05-21 00:00:00,9 days 00:00:00,216,9.75,137.94,1000.5,38.3,72.77989847510605,72.77989847510605,0.0,0.0,3.418417656137109,0.0,0.0,0.0,0.0,0.0,0.0,0.0,0.0
2026-05-12,4,3.0,2026-05-21 06:00:00,9 days 06:00:00,222,9.74,137.45,999.2,30.8,70.78209790375604,0.0,0.0,0.0,0.0,0.0,0.0,0.0,0.0,0.0,0.0,0.0,0.0
2026-05-12,4,3.0,2026-05-21 12:00:00,9 days 12:00:00,228,9.9,136.8,998.1,36.7,45.43538637804389,45.43538637804389,1.6111325150113558,0.0,2.680315808685896,0.0,0.0,0.0,0.0,0.0,0.0,0.0,0.0
2026-05-12,4,3.0,2026-05-21 18:00:00,9 days 18:00:00,234,9.88,136.3,996.4,47.1,42.11533067038676,64.45519514456124,43.11634713367448,25.893917414586124,51.70459597901908,0.0,0.0,0.0,0.0,0.0,0.0,0.0,0.0
2026-05-12,4,3.0,2026-05-22 00:00:00,10 days 00:00:00,240,10.0,135.19,998.7,44.0,44.42942955500156,3.816337347813741,0.0,0.0,44.42942955500156,0.0,0.0,0.0,0.0,0.0,0.0,0.0,0.0
2026-05-12,4,3.0,2026-05-22 06:00:00,10 days 06:00:00,246,9.56,134.27,1000.1,39.4,46.095569033851405,46.095569033851405,18.209350455797505,9.69142078505456,21.758235420641824,0.0,0.0,0.0,0.0,0.0,0.0,0.0,0.0
2026-05-12,4,3.0,2026-05-22 12:00:00,10 days 12:00:00,252,9.61,133.81,997.0,49.0,24.52730768107267,152.7980539141578,137.09540342126311,102.97556406887232,130.48937801111802,0.0,0.0,0.0,0.0,0.0,0.0,0.0,0.0
2026-05-12,4,3.0,2026-05-22 18:00:00,10 days 18:00:00,258,9.51,133.06,1002.8,39.9,107.45349583581644,107.45349583581644,83.5635585219016,60.28904464175147,79.51954120921873,0.0,0.0,0.0,0.0,0.0,0.0,0.0,0.0
2026-05-12,4,3.0,2026-05-23 00:00:00,11 days 00:00:00,264,9.86,132.46,999.9,39.7,52.04866358174661,52.04866358174661,23.3987193460615,9.80862046873759,25.116206498079485,0.0,0.0,0.0,0.0,0.0,0.0,0.0,0.0
2026-05-12,4,3.0,2026-05-23 06:00:00,11 days 06:00:00,270,10.29,131.4,999.7,38.9,53.257676019760936,105.29564991169352,82.09537051175626,60.37480589756788,88.12720245843845,0.0,0.0,0.0,0.0,0.0,0.0,0.0,0.0
2026-05-12,4,3.0,2026-05-23 12:00:00,11 days 12:00:00,276,10.22,131.33,999.7,35.2,40.79937272798374,40.79937272798374,0.0,0.0,2.023120908171314,0.0,0.0,0.0,0.0,0.0,0.0,0.0,0.0
2026-05-12,4,3.0,2026-05-23 18:00:00,11 days 18:00:00,282,9.94,130.7,1004.6,29.7,105.76451656862524,0.0,0.0,0.0,0.0,0.0,0.0,0.0,0.0,0.0,0.0,0.0,0.0
2026-05-12,4,3.0,2026-05-24 00:00:00,12 days 00:00:00,288,10.11,130.61,1002.9,31.4,136.92372391430223,0.0,0.0,0.0,0.0,0.0,0.0,0.0,0.0,0.0,0.0,0.0,0.0
2026-05-12,4,3.0,2026-05-24 06:00:00,12 days 06:00:00,294,10.72,130.33,1002.1,28.3,100.93407998633845,0.0,0.0,0.0,0.0,0.0,0.0,0.0,0.0,0.0,0.0,0.0,0.0
2026-05-12,4,3.0,2026-05-24 12:00:00,12 days 12:00:00,300,10.94,130.18,1007.0,25.3,76.29891173885812,0.0,0.0,0.0,0.0,0.0,0.0,0.0,0.0,0.0,0.0,0.0,0.0
2026-05-12,4,3.0,2026-05-24 18:00:00,12 days 18:00:00,306,11.98,129.49,1003.3,27.8,58.04662233139799,0.0,0.0,0.0,0.0,0.0,0.0,0.0,0.0,0.0,0.0,0.0,0.0
2026-05-12,4,3.0,2026-05-25 00:00:00,13 days 00:00:00,312,12.26,128.93,1000.1,39.4,51.6832229339722,51.6832229339722,25.121746308763264,13.79349551675378,31.63423801739606,0.0,0.0,0.0,0.0,0.0,0.0,0.0,0.0
2026-05-12,8,4.0,2026-05-20 18:00:00,8 days 18:00:00,210,10.63,139.15,1002.8,25.2,104.5471962998923,0.0,0.0,0.0,0.0,0.0,0.0,0.0,0.0,0.0,0.0,0.0,0.0
2026-05-12,8,4.0,2026-05-21 00:00:00,9 days 00:00:00,216,10.52,139.11,1003.3,25.4,47.173603853735024,0.0,0.0,0.0,0.0,0.0,0.0,0.0,0.0,0.0,0.0,0.0,0.0
2026-05-12,8,4.0,2026-05-21 06:00:00,9 days 06:00:00,222,10.93,138.89,1003.4,28.1,107.25683204844972,0.0,0.0,0.0,0.0,0.0,0.0,0.0,0.0,0.0,0.0,0.0,0.0
2026-05-12,8,4.0,2026-05-21 12:00:00,9 days 12:00:00,228,11.45,138.57,1002.8,30.3,86.01433121598534,0.0,0.0,0.0,0.0,0.0,0.0,0.0,0.0,0.0,0.0,0.0,0.0
2026-05-12,8,4.0,2026-05-21 18:00:00,9 days 18:00:00,234,11.79,138.54,1000.3,34.5,60.197610716206114,60.197610716206114,40.64320032493637,25.632330106717788,31.646460992193,0.0,0.0,0.0,0.0,0.0,0.0,0.0,0.0
2026-05-12,8,4.0,2026-05-22 00:00:00,10 days 00:00:00,240,12.07,138.05,999.0,45.4,35.817578631383526,90.5602036247314,58.88149791616844,24.14627094984097,63.75740323736464,0.0,0.0,0.0,0.0,0.0,0.0,0.0,0.0
2026-05-12,8,4.0,2026-05-22 06:00:00,10 days 06:00:00,246,12.31,137.62,986.9,56.4,21.74167349820736,122.1761950233442,105.78861275839502,81.54259095123246,97.70881439302532,37.64950820016204,30.76023603043289,22.20950235069995,27.234776578153504,0.0,0.0,0.0,0.0
2026-05-12,8,4.0,2026-05-22 12:00:00,10 days 12:00:00,252,12.66,136.67,994.7,53.0,36.058461983496144,126.97029236020968,105.09722666786638,70.11002083732706,97.4521166400734,36.058461983496144,3.555203715455625,1.209826515103261,4.1701185362591575,0.0,0.0,0.0,0.0
2026-05-12,8,4.0,2026-05-22 18:00:00,10 days 18:00:00,258,13.04,136.01,983.5,64.1,29.579207839970707,195.9963087684782,160.08671063411592,108.6162391557522,158.0159024613081,69.89369102285133,54.99316635374757,36.3800141045501,51.54558586543287,29.579207839970707,0.0,0.0,0.0
2026-05-12,8,4.0,2026-05-23 00:00:00,11 days 00:00:00,264,13.45,135.47,979.0,72.0,9.349059035506665,161.2933500171917,122.99065442556834,95.4342449801258,135.32075656965367,67.79038576540745,52.12013141130152,36.272405896244,55.28574439439404,14.346903200218518,10.268977658287715,7.142101002340409,11.971648617782414
2026-05-12,8,4.0,2026-05-23 06:00:00,11 days 06:00:00,270,14.05,134.53,971.3,88.1,17.618628338864077,131.3520622316527,96.42424388779672,89.32077307802898,117.82031805001608,67.83810564923158,52.88829765542219,40.58461326757988,55.89426210993601,30.418720901100905,25.33790275230616,18.2856790530466,25.241876319354496
2026-05-12,8,4.0,2026-05-23 12:00:00,11 days 12:00:00,276,14.5,133.34,950.3,104.9,25.285701673395067,200.45237222285184,160.1356442205074,134.26768433615769,159.87290699906492,93.7696371905929,76.6334353938033,55.63650814506104,81.0698080283268,47.86570005384428,40.131943156472616,32.508398745149925,40.23658449071067
2026-05-12,8,4.0,2026-05-23 18:00:00,11 days 18:00:00,282,14.73,132.3,931.0,134.4,10.839089536618308,213.8122884498652,156.52201654604193,137.45454871309408,197.20279771961293,109.33883722254306,85.42163337914394,66.9784170507937,95.37029096204,63.88472514668114,54.14235948967483,42.67212709396871,56.47652626979786
2026-05-12,8,4.0,2026-05-24 00:00:00,12 days 00:00:00,288,15.07,131.01,927.2,134.3,21.72734395688485,236.76559684220277,178.70224256442384,136.84377682001673,198.2626027504816,105.58580208694887,81.95526496165189,61.01052171148984,88.53348160263135,60.02254855602166,50.13279767138658,40.59715116980766,53.00686370806079
2026-05-12,8,4.0,2026-05-24 06:00:00,12 days 06:00:00,294,15.65,129.75,921.0,137.5,36.813540276461325,188.37199881742328,161.1756337294156,146.28421630540552,180.07429806212895,89.32522782508688,74.36540231002147,59.14092320397232,77.98409643022816,50.578957703819626,43.68125809136433,35.85947615773719,46.95367211662599
2026-05-12,8,4.0,2026-05-24 12:00:00,12 days 12:00:00,300,16.21,128.46,905.8,157.9,57.128163179557696,179.85916792743117,143.94061502075365,137.91532896279423,175.68637663740947,97.53519841471427,77.75350091831228,63.71762261937175,90.26276967130622,63.97165962472678,55.12205853196954,47.40001022552154,58.62220837897748
2026-05-12,8,4.0,2026-05-24 18:00:00,12 days 18:00:00,306,16.68,127.52,902.7,159.3,19.56465654873289,206.845907264476,166.04929844958113,154.8808857781454,200.2894062084194,116.03517394738994,95.88899666554148,78.12616991022318,104.7687701459628,74.373144145042,63.49616775732225,54.35223626449188,67.52897213719984
2026-05-12,8,4.0,2026-05-25 00:00:00,13 days 00:00:00,312,17.17,126.36,927.9,130.9,16.207675460290304,176.29756588375542,137.4462540186008,120.54781587680608,152.80739060927053,76.500560829994,62.70157485303172,49.23790858133231,67.4671474177793,49.01526881681072,43.08284914564891,35.786255732872725,45.51557078000116
2026-05-12,9,5.0,2026-05-22 18:00:00,10 days 18:00:00,258,10.51,142.46,1006.2,15.1,68.24329038010956,0.0,0.0,0.0,0.0,0.0,0.0,0.0,0.0,0.0,0.0,0.0,0.0
2026-05-12,9,5.0,2026-05-23 00:00:00,11 days 00:00:00,264,10.32,141.2,1005.2,21.1,123.16049029695488,0.0,0.0,0.0,0.0,0.0,0.0,0.0,0.0,0.0,0.0,0.0,0.0
2026-05-12,9,5.0,2026-05-23 06:00:00,11 days 06:00:00,270,10.67,141.06,1005.1,22.5,87.53055425213924,0.0,0.0,0.0,0.0,0.0,0.0,0.0,0.0,0.0,0.0,0.0,0.0
2026-05-12,9,5.0,2026-05-23 12:00:00,11 days 12:00:00,276,10.48,140.53,1005.7,22.2,118.16352850689933,0.0,0.0,0.0,0.0,0.0,0.0,0.0,0.0,0.0,0.0,0.0,0.0
2026-05-12,9,5.0,2026-05-23 18:00:00,11 days 18:00:00,282,11.93,139.31,1001.8,26.3,53.66716153019704,0.0,0.0,0.0,0.0,0.0,0.0,0.0,0.0,0.0,0.0,0.0,0.0
2026-05-12,9,5.0,2026-05-24 00:00:00,12 days 00:00:00,288,12.27,138.04,1005.7,20.2,69.34741099156332,0.0,0.0,0.0,0.0,0.0,0.0,0.0,0.0,0.0,0.0,0.0,0.0
2026-05-12,9,5.0,2026-05-24 06:00:00,12 days 06:00:00,294,12.59,136.84,999.0,38.3,121.5933934899158,220.71340707297716,202.14036999497603,169.11394077298883,184.7432956255689,0.0,0.0,0.0,0.0,0.0,0.0,0.0,0.0
2026-05-12,9,5.0,2026-05-24 12:00:00,12 days 12:00:00,300,13.32,135.98,1004.1,31.3,95.16997596676318,0.0,0.0,0.0,0.0,0.0,0.0,0.0,0.0,0.0,0.0,0.0,0.0
2026-05-12,9,5.0,2026-05-24 18:00:00,12 days 18:00:00,306,14.18,135.02,1004.1,29.1,99.39530122779436,0.0,0.0,0.0,0.0,0.0,0.0,0.0,0.0,0.0,0.0,0.0,0.0
2026-05-12,9,5.0,2026-05-25 00:00:00,13 days 00:00:00,312,14.36,133.62,1004.9,28.0,129.0044003299717,0.0,0.0,0.0,0.0,0.0,0.0,0.0,0.0,0.0,0.0,0.0,0.0
2026-05-12,9,7.0,2026-05-19 18:00:00,7 days 18:00:00,186,9.0,141.28,1005.3,21.0,91.82963959746856,0.0,0.0,0.0,0.0,0.0,0.0,0.0,0.0,0.0,0.0,0.0,0.0
2026-05-12,9,7.0,2026-05-20 00:00:00,8 days 00:00:00,192,8.57,141.25,1002.5,30.5,89.95928919818004,0.0,0.0,0.0,0.0,0.0,0.0,0.0,0.0,0.0,0.0,0.0,0.0
2026-05-12,9,7.0,2026-05-20 06:00:00,8 days 06:00:00,198,8.85,141.33,1003.1,20.8,59.66566693954864,0.0,0.0,0.0,0.0,0.0,0.0,0.0,0.0,0.0,0.0,0.0,0.0
2026-05-12,9,7.0,2026-05-20 12:00:00,8 days 12:00:00,204,8.68,141.49,1003.4,22.3,40.5799102778775,0.0,0.0,0.0,0.0,0.0,0.0,0.0,0.0,0.0,0.0,0.0,0.0
2026-05-12,9,7.0,2026-05-20 18:00:00,8 days 18:00:00,210,9.14,141.28,1005.6,24.9,91.921481321546,0.0,0.0,0.0,0.0,0.0,0.0,0.0,0.0,0.0,0.0,0.0,0.0
2026-05-12,9,7.0,2026-05-21 00:00:00,9 days 00:00:00,216,9.48,140.89,997.5,38.7,49.52674119723402,49.52674119723402,3.982824908371379,4.307251932107935,3.647030386921284,0.0,0.0,0.0,0.0,0.0,0.0,0.0,0.0
2026-05-12,9,7.0,2026-05-21 06:00:00,9 days 06:00:00,222,9.87,140.51,1002.5,40.8,42.05974806679035,42.05974806679035,21.99442675134304,8.636055732363673,24.06259355305673,0.0,0.0,0.0,0.0,0.0,0.0,0.0,0.0
2026-05-12,9,7.0,2026-05-21 12:00:00,9 days 12:00:00,228,9.83,139.8,988.2,60.3,13.060567693406767,124.6742861920892,96.05900760336884,77.42282354427437,110.60725792663766,29.637211129731757,25.560653510137115,18.359599317655054,24.24565871114666,0.0,0.0,0.0,0.0
2026-05-12,9,7.0,2026-05-21 18:00:00,9 days 18:00:00,234,9.97,138.89,996.7,52.8,22.76512189864411,106.74020091207558,88.21733307213253,70.35235091285585,97.48399140423226,22.76512189864411,17.791212513911773,11.67600925104756,16.08002235948385,0.0,0.0,0.0,0.0
2026-05-12,9,7.0,2026-05-22 00:00:00,10 days 00:00:00,240,10.17,138.22,982.0,73.8,24.11436166374305,64.79360768095168,52.03504967584829,54.95798147622498,67.7558243548057,24.11436166374305,15.153305226745616,10.609684106698271,18.36518966970932,24.11436166374305,2.2906094149885017,0.9962986379689508,4.811022951217536
2026-05-12,9,7.0,2026-05-22 06:00:00,10 days 06:00:00,246,10.38,137.12,972.6,81.4,28.375429028171,129.5111057139422,118.16107891995634,96.69325528527474,106.9738306953778,28.375429028171,0.0,0.0,0.0,28.375429028171,0.0,0.0,0.0
2026-05-12,9,7.0,2026-05-22 12:00:00,10 days 12:00:00,252,10.56,136.15,972.2,89.3,28.493886106798165,109.45469278471764,71.69641866676136,68.31714840786898,107.1832520911327,57.98534978826309,39.340663952211145,30.22087384166815,50.9212559258816,28.493886106798165,12.289147838908306,8.893940277983937,18.156693408833465
2026-05-12,9,7.0,2026-05-22 18:00:00,10 days 18:00:00,258,11.01,134.96,942.0,125.2,0.0,107.71371240458896,72.75883654325382,66.24283419592948,99.16923333631492,54.789874939331895,30.469010545874504,27.373717572357634,51.49360566649528,21.921841297432827,11.25524463419802,6.923657611742021,20.246345330072096
2026-05-12,9,7.0,2026-05-23 00:00:00,11 days 00:00:00,264,11.37,133.92,936.9,126.3,19.307198295781564,127.18117331506193,100.8124993321528,82.87644968529993,117.71900593156356,19.307198295781564,0.0554701909076105,0.0,19.307198295781564,0.4050585284695661,0.0,0.0,19.307198295781564
2026-05-12,9,7.0,2026-05-23 06:00:00,11 days 06:00:00,270,11.79,132.59,939.2,127.4,0.0,198.83066336407197,135.45855974337425,109.91393950854147,176.73966747359688,108.46650972442616,86.57708476009341,68.59579331266661,94.77121971622036,78.56850375847479,65.88500557741759,55.049719288929936,68.68601640590921
2026-05-12,9,7.0,2026-05-23 12:00:00,11 days 12:00:00,276,12.19,131.05,932.0,139.9,0.0,127.0142636148845,91.96497845090944,85.88864670374278,120.32396272551904,47.922909233913416,27.99037581898078,24.51945391454025,42.94093919831031,19.28527355975445,9.875942437171124,6.512848999943678,18.421788019359017
2026-05-12,9,7.0,2026-05-23 18:00:00,11 days 18:00:00,282,12.54,129.63,929.6,139.9,0.0,176.70513560114384,138.68989392295387,103.62017342285844,158.43964542434972,97.98210804811453,71.52600431668662,60.13500323524425,83.60933925626051,54.68000091934874,43.3306544642937,33.74383818067377,48.65729909534706
2026-05-12,9,7.0,2026-05-24 00:00:00,12 days 00:00:00,288,12.82,128.61,920.7,134.3,32.989765861375275,129.40106300770756,109.08587155817855,133.74064736247325,150.6317879357763,90.77897090069268,73.11516641698046,72.44365805766444,86.16152332897857,50.65823389206925,42.87513774170104,37.1412284522838,47.71421251973351
2026-05-12,9,7.0,2026-05-24 06:00:00,12 days 06:00:00,294,13.4,127.31,980.5,68.7,31.276973137313696,187.22466992906803,143.21451876611152,122.33589344131548,173.60343755130663,101.08561422518738,78.51324668425893,62.19289551910288,83.49963066704728,31.276973137313696,15.688213063926687,11.95871524312097,19.105270629022897
2026-05-12,9,7.0,2026-05-24 12:00:00,12 days 12:00:00,300,13.51,126.15,973.7,81.9,12.029726013829023,198.99535415916716,160.96709626518833,127.41219886486785,181.50284529544663,120.77690888414416,103.5783959693682,81.32145812582277,102.19125571384564,54.79385561795672,47.64310667407416,39.48643597660988,47.42900725460571
2026-05-12,9,7.0,2026-05-24 18:00:00,12 days 18:00:00,306,13.36,125.26,953.8,112.9,11.658300322800429,272.1752335091994,235.5018466838234,224.46861803272608,248.0247585221033,156.72160369412518,143.6361737340237,123.35717207092748,140.0728952769406,87.62955660743278,81.0395229387126,70.26154638970739,77.45593262376934
2026-05-12,9,7.0,2026-05-25 00:00:00,13 days 00:00:00,312,14.32,124.49,952.2,104.5,34.815720998604874,170.12688534721818,154.4349035286029,155.24395207617164,166.33622640722615,108.06630568564972,93.35619553225752,79.24952018881716,99.55173066060928,81.17435993466654,70.5742949134876,58.31612160360253,71.16284229803412
2026-05-12,8,8.0,2026-05-21 00:00:00,9 days 00:00:00,216,12.71,69.08,1002.4,28.1,36.0352913963186,0.0,0.0,0.0,0.0,0.0,0.0,0.0,0.0,0.0,0.0,0.0,0.0
2026-05-12,8,8.0,2026-05-21 06:00:00,9 days 06:00:00,222,13.26,69.85,1004.5,23.7,92.49784109145828,0.0,0.0,0.0,0.0,0.0,0.0,0.0,0.0,0.0,0.0,0.0,0.0
2026-05-12,8,8.0,2026-05-21 12:00:00,9 days 12:00:00,228,13.32,70.03,1000.6,29.7,49.09617796330963,0.0,0.0,0.0,0.0,0.0,0.0,0.0,0.0,0.0,0.0,0.0,0.0
2026-05-12,8,8.0,2026-05-21 18:00:00,9 days 18:00:00,234,13.99,70.18,1001.8,31.4,104.26894308381608,0.0,0.0,0.0,0.0,0.0,0.0,0.0,0.0,0.0,0.0,0.0,0.0
2026-05-12,8,8.0,2026-05-22 00:00:00,10 days 00:00:00,240,14.56,70.34,999.5,30.2,49.10911447018125,0.0,0.0,0.0,0.0,0.0,0.0,0.0,0.0,0.0,0.0,0.0,0.0
2026-05-12,8,8.0,2026-05-22 06:00:00,10 days 06:00:00,246,15.25,69.84,1002.9,22.5,90.5460465724495,0.0,0.0,0.0,0.0,0.0,0.0,0.0,0.0,0.0,0.0,0.0,0.0
2026-05-12,8,8.0,2026-05-22 12:00:00,10 days 12:00:00,252,15.93,69.71,997.4,35.7,75.0014049222608,75.0014049222608,6.876854999524828,10.990933939808682,9.12053674241331,0.0,0.0,0.0,0.0,0.0,0.0,0.0,0.0
2026-05-12,8,8.0,2026-05-22 18:00:00,10 days 18:00:00,258,16.31,68.62,994.2,37.9,53.81668144125765,165.9828401722024,164.34548221683627,144.03387131467613,151.9555534543627,0.0,0.0,0.0,0.0,0.0,0.0,0.0,0.0
2026-05-12,8,8.0,2026-05-23 00:00:00,11 days 00:00:00,264,15.78,67.28,1003.5,28.4,57.007206271745744,0.0,0.0,0.0,0.0,0.0,0.0,0.0,0.0,0.0,0.0,0.0,0.0
2026-05-12,8,8.0,2026-05-23 06:00:00,11 days 06:00:00,270,15.97,66.36,1000.2,33.0,36.36463173831521,0.0,0.0,0.0,0.0,0.0,0.0,0.0,0.0,0.0,0.0,0.0,0.0
2026-05-12,8,8.0,2026-05-23 12:00:00,11 days 12:00:00,276,16.12,65.46,1001.8,33.4,77.59912195687303,0.0,0.0,0.0,0.0,0.0,0.0,0.0,0.0,0.0,0.0,0.0,0.0
2026-05-12,8,8.0,2026-05-23 18:00:00,11 days 18:00:00,282,16.07,64.89,1000.3,31.6,44.75449133842364,0.0,0.0,0.0,0.0,0.0,0.0,0.0,0.0,0.0,0.0,0.0,0.0
2026-05-12,8,8.0,2026-05-24 00:00:00,12 days 00:00:00,288,15.97,63.87,997.7,35.8,37.3439152257989,82.81561558157419,87.3238191961228,81.5611094224555,78.64679453695874,0.0,0.0,0.0,0.0,0.0,0.0,0.0,0.0
2026-05-12,8,8.0,2026-05-24 06:00:00,12 days 06:00:00,294,15.85,62.41,1000.0,27.5,70.98907807968453,0.0,0.0,0.0,0.0,0.0,0.0,0.0,0.0,0.0,0.0,0.0,0.0
2026-05-12,8,8.0,2026-05-24 12:00:00,12 days 12:00:00,300,16.44,62.69,1003.1,28.4,103.90509872083116,0.0,0.0,0.0,0.0,0.0,0.0,0.0,0.0,0.0,0.0,0.0,0.0
2026-05-12,8,8.0,2026-05-24 18:00:00,12 days 18:00:00,306,16.48,60.8,1003.2,21.2,170.97178663310223,0.0,0.0,0.0,0.0,0.0,0.0,0.0,0.0,0.0,0.0,0.0,0.0
2026-05-12,9,8.0,2026-05-21 18:00:00,9 days 18:00:00,234,8.75,135.11,1001.0,29.2,92.3646757657375,0.0,0.0,0.0,0.0,0.0,0.0,0.0,0.0,0.0,0.0,0.0,0.0
2026-05-12,9,8.0,2026-05-22 00:00:00,10 days 00:00:00,240,8.58,134.79,1003.1,33.9,57.40837512661522,0.0,0.0,0.0,0.0,0.0,0.0,0.0,0.0,0.0,0.0,0.0,0.0
2026-05-12,9,8.0,2026-05-22 06:00:00,10 days 06:00:00,246,8.89,134.05,1002.5,30.8,90.8492662582678,0.0,0.0,0.0,0.0,0.0,0.0,0.0,0.0,0.0,0.0,0.0,0.0
2026-05-12,9,8.0,2026-05-22 12:00:00,10 days 12:00:00,252,8.93,133.18,1002.6,37.9,87.40965390656145,88.91550791513353,82.84550266159064,65.6768165647141,77.35828408013725,0.0,0.0,0.0,0.0,0.0,0.0,0.0,0.0
2026-05-12,9,8.0,2026-05-22 18:00:00,10 days 18:00:00,258,8.78,132.87,1001.7,35.0,38.70895076346063,38.70895076346063,9.78653005101177,4.640614600058186,11.807489874461572,0.0,0.0,0.0,0.0,0.0,0.0,0.0,0.0
2026-05-12,9,8.0,2026-05-23 00:00:00,11 days 00:00:00,264,8.74,132.27,1004.9,32.2,94.16213737085025,0.0,0.0,0.0,0.0,0.0,0.0,0.0,0.0,0.0,0.0,0.0,0.0
2026-05-12,9,8.0,2026-05-23 06:00:00,11 days 06:00:00,270,8.74,131.28,998.2,42.0,49.05818029941575,49.05818029941575,14.62510095731753,6.72129937411529,16.11861811377785,0.0,0.0,0.0,0.0,0.0,0.0,0.0,0.0
2026-05-12,9,8.0,2026-05-23 12:00:00,11 days 12:00:00,276,9.07,130.99,996.9,47.3,62.413467967306445,62.413467967306445,39.55200295049717,23.206813656925664,49.34627867097754,0.0,0.0,0.0,0.0,0.0,0.0,0.0,0.0
2026-05-12,9,8.0,2026-05-23 18:00:00,11 days 18:00:00,282,8.83,130.53,997.8,49.0,90.24107253602284,134.88141903801002,128.65741136700524,117.97378268682002,121.78689966025117,0.0,0.0,0.0,0.0,0.0,0.0,0.0,0.0
2026-05-12,9,8.0,2026-05-24 00:00:00,12 days 00:00:00,288,8.9,130.04,989.2,55.0,38.30925311505191,190.64256946499896,168.87026358399345,154.29493403322908,172.2373360940162,76.59514091665552,67.72722982973755,52.68877820212576,60.44298979214134,0.0,0.0,0.0,0.0
2026-05-12,9,8.0,2026-05-24 06:00:00,12 days 06:00:00,294,9.1,129.64,995.5,47.6,58.77549948265819,101.7280758753239,67.35155407889103,27.879958781263404,75.85827497555026,0.0,0.0,0.0,0.0,0.0,0.0,0.0,0.0
2026-05-12,9,8.0,2026-05-24 12:00:00,12 days 12:00:00,300,8.62,129.35,986.2,61.0,26.00119907393472,261.3287760733641,245.658447101833,222.62789573489624,244.46198081617771,112.20414511756208,103.2010370625592,80.12821144610933,90.22298098966392,0.0,0.0,0.0,0.0
2026-05-12,9,8.0,2026-05-24 18:00:00,12 days 18:00:00,306,8.86,128.95,988.6,55.5,31.8196257395894,180.1506939768601,163.0859276944695,135.78583751677962,163.7486820701036,62.51826008640388,58.05872948400456,45.608419909806834,45.94473965694587,0.0,0.0,0.0,0.0
2026-05-12,9,8.0,2026-05-25 00:00:00,13 days 00:00:00,312,8.93,128.66,979.3,72.2,11.093863811938872,152.11289241452835,133.59621042066377,131.29135858061585,152.65894237749905,79.05856594451845,68.85364254462944,61.190485029746185,71.50188591398816,32.75166644398697,31.450522972263485,26.59567052573226,30.093794001554087
2026-05-12,7,9.0,2026-05-23 00:00:00,11 days 00:00:00,264,12.57,72.12,1008.5,23.5,133.46368038466147,0.0,0.0,0.0,0.0,0.0,0.0,0.0,0.0,0.0,0.0,0.0,0.0
2026-05-12,7,9.0,2026-05-23 06:00:00,11 days 06:00:00,270,13.13,72.37,994.7,46.9,55.68350954805821,92.70232959860232,81.48111800354961,57.56356791090975,70.76321243389907,0.0,0.0,0.0,0.0,0.0,0.0,0.0,0.0
2026-05-12,7,9.0,2026-05-23 12:00:00,11 days 12:00:00,276,13.95,72.06,990.9,50.2,48.23273344612369,214.44098361847875,198.6627430770679,152.62445286772896,172.76826092992542,48.23273344612369,3.315039747050884,1.0712433635677805,2.2375878249674264,0.0,0.0,0.0,0.0
2026-05-12,7,9.0,2026-05-23 18:00:00,11 days 18:00:00,282,13.8,71.64,994.5,47.4,74.26765801799758,196.9642875876574,185.19512972631253,147.02665380377593,165.10722849247094,0.0,0.0,0.0,0.0,0.0,0.0,0.0,0.0
2026-05-12,7,9.0,2026-05-24 00:00:00,12 days 00:00:00,288,13.79,71.45,999.6,43.6,40.60294556272396,20.17976223285692,12.268989922776314,13.074607933809888,40.60294556272396,0.0,0.0,0.0,0.0,0.0,0.0,0.0,0.0
2026-05-12,7,9.0,2026-05-24 06:00:00,12 days 06:00:00,294,13.51,70.59,991.2,52.2,54.79781403533768,208.5410203816788,192.36150153732288,170.28489183816265,193.3955588659932,54.79781403533768,23.6592963230508,19.14286673039769,22.980861547505175,0.0,0.0,0.0,0.0
2026-05-12,7,9.0,2026-05-24 12:00:00,12 days 12:00:00,300,13.79,70.19,976.0,73.8,6.479373881638484,186.06563612273797,167.445582157248,156.64968816766185,167.81006567998546,109.91673223931971,97.78459484375831,81.85427300067846,94.9036259358651,51.88104639276641,45.168812612056726,39.35265266363455,45.906637374141326
2026-05-12,7,9.0,2026-05-24 18:00:00,12 days 18:00:00,306,13.44,69.9,981.7,70.6,44.55256508403727,206.2969739525538,155.64891768696157,167.34551298593726,207.7478832953208,120.43346525948613,102.37691425879136,88.11942921917327,105.81633712401036,44.55256508403727,21.70721890093646,19.21748311994554,22.90817632979978
2026-05-12,7,9.0,2026-05-25 00:00:00,13 days 00:00:00,312,13.62,69.02,967.4,91.9,32.07389934321077,183.9246683379788,176.80478698705286,186.4486322388525,190.97246222091303,91.86477358589129,78.70012754494482,75.84401657459034,89.08773556160648,68.52863758390528,59.53426119997707,53.74635711859656,62.26655874900385
2026-05-12,10,10.0,2026-05-18 18:00:00,6 days 18:00:00,162,8.81,149.62,1004.9,26.6,88.33380340042103,0.0,0.0,0.0,0.0,0.0,0.0,0.0,0.0,0.0,0.0,0.0,0.0
2026-05-12,10,10.0,2026-05-19 00:00:00,7 days 00:00:00,168,9.33,149.3,1002.9,31.6,58.19989197488101,0.0,0.0,0.0,0.0,0.0,0.0,0.0,0.0,0.0,0.0,0.0,0.0
2026-05-12,10,10.0,2026-05-19 06:00:00,7 days 06:00:00,174,9.5,148.62,995.3,43.9,27.317499439827174,95.42592859410637,79.96645656791992,57.86383138580224,82.81944783810789,0.0,0.0,0.0,0.0,0.0,0.0,0.0,0.0
2026-05-12,10,10.0,2026-05-19 12:00:00,7 days 12:00:00,180,9.61,148.09,1000.2,39.1,35.81605722042042,35.81605722042042,4.000787170258694,0.0,12.591501847432951,0.0,0.0,0.0,0.0,0.0,0.0,0.0,0.0
2026-05-12,10,10.0,2026-05-19 18:00:00,7 days 18:00:00,186,9.86,147.36,986.9,59.8,25.94508518553001,115.9890101604481,76.34609362563728,69.2084464511675,104.102645934609,43.22466501254434,32.82797001805719,25.880400354625635,35.12646093727441,0.0,0.0,0.0,0.0
2026-05-12,10,10.0,2026-05-20 00:00:00,8 days 00:00:00,192,9.97,146.74,986.0,64.1,22.15363492134793,100.87744580026852,70.37312675987258,51.03964077785898,86.22965472503603,39.688578112411406,29.1295575823364,18.79946709976249,32.65120850165643,22.15363492134793,0.0,0.0,1.0857441506434755
2026-05-12,10,10.0,2026-05-20 06:00:00,8 days 06:00:00,198,10.01,145.73,960.0,94.5,16.675171768033586,116.632728648297,100.7814581035848,113.08065312020088,110.86058839948252,53.924181277705806,49.885473476652265,49.80711065345869,52.22636896013061,44.2182956775426,39.97075160850423,35.058387812046334,39.397264904657376
2026-05-12,10,10.0,2026-05-20 12:00:00,8 days 12:00:00,204,9.95,144.67,969.3,87.8,43.430981348335536,172.42314591305626,109.0057176424508,118.84039564934815,170.28911014803623,87.14814515792018,63.748111063224734,56.76941877583993,78.49868293990167,43.430981348335536,34.60196501425675,28.855685479705947,36.886849567152886
2026-05-12,10,10.0,2026-05-20 18:00:00,8 days 18:00:00,210,9.87,143.38,971.4,81.6,13.732677540536962,158.29932790576217,131.3446918201453,123.58332913984071,153.40800385269557,76.05568045313834,65.8424616093937,55.39750135596908,66.87304399711584,38.166585763042114,31.85639851061657,26.51784600935656,32.859400958250944
2026-05-12,10,10.0,2026-05-21 00:00:00,9 days 00:00:00,216,9.77,141.93,955.1,106.3,20.21018617275224,103.3701308572456,72.28834756338418,85.16683580022409,109.91274569215696,44.899835256055,35.0838553959429,35.51704811433623,42.40897094061339,29.89818477596048,25.749576993446595,22.200013620881837,27.13425638090792
2026-05-12,10,10.0,2026-05-21 06:00:00,9 days 06:00:00,222,9.98,141.34,921.6,138.0,29.290889489493185,179.67567784274135,162.78316332642578,149.62396304321567,183.31676638203868,99.38568338517528,81.81227338445592,67.75840260538561,91.5051938825654,64.9280551241335,56.24816421606717,46.67110148666293,57.469840495706016
2026-05-12,10,10.0,2026-05-21 12:00:00,9 days 12:00:00,228,9.99,140.48,907.3,169.1,3.779445466624338,242.8595220246043,190.428111566383,145.97627645456578,240.0005824988548,154.4798552614293,111.73533302223429,87.27716582555718,141.63503040537876,89.12086278677793,74.24960242536258,63.166109372956726,82.0161736789496
2026-05-12,10,10.0,2026-05-21 18:00:00,9 days 18:00:00,234,10.66,138.7,961.3,91.9,9.39633697134292,175.43500453314795,120.55691380883256,109.28743544001068,166.35125178978058,82.25833637089207,68.00011937836445,56.08983171687632,74.327078142062,41.35678494010845,34.809335452918845,29.465535125811577,36.52570834449429
2026-05-12,10,10.0,2026-05-22 00:00:00,10 days 00:00:00,240,10.52,137.61,961.7,97.8,18.1214103662919,199.2192200387684,138.61483228302262,94.76740705373231,179.84361173460292,104.66974684103458,77.13861763983071,52.99672529106861,87.51377334978409,53.388924250779226,39.7115445351288,31.51048308937925,44.84070977448005
2026-05-12,10,10.0,2026-05-22 06:00:00,10 days 06:00:00,246,10.7,135.68,945.7,116.5,3.7092821482294056,217.1788963726273,196.84410370315828,174.4042495083222,210.26698610084745,128.52695796388215,112.46258906913076,92.65469527308062,111.89280565486932,72.63182661892766,64.93541838154616,54.31734916573652,63.47391139549309
2026-05-12,10,10.0,2026-05-22 12:00:00,10 days 12:00:00,252,10.82,134.79,931.5,127.0,34.11238750680829,175.2493767155977,137.17227282085892,148.987776128996,179.2809955271697,105.01102433250958,90.72588468574509,85.89573827578643,97.78391009868328,65.28193569544669,59.69970436181544,52.02546904473766,58.78327944658824
2026-05-12,10,10.0,2026-05-22 18:00:00,10 days 18:00:00,258,10.84,133.16,937.0,118.6,23.44963045900494,217.32617504382733,178.91856051245662,148.23049909592092,190.6300382346446,112.59825863936072,100.32044474690414,79.95272400787685,100.07483047446138,69.95731686896913,62.52752416286956,51.11454767578349,61.44041556902935
2026-05-12,10,10.0,2026-05-23 00:00:00,11 days 00:00:00,264,10.97,132.08,937.2,120.6,14.215435359531831,194.53656845429012,165.0555519273411,157.69185151077932,198.9918856596477,102.44659203505144,85.96891591260304,76.89987523667386,94.14589662094993,68.58261258094781,61.58191793374024,52.18203127134812,61.80703120280245
2026-05-12,10,10.0,2026-05-23 06:00:00,11 days 06:00:00,270,11.33,130.91,921.0,144.5,5.069961665066259,203.4508435891059,170.29262276909378,150.50787875079078,199.7882085804765,124.28845904980386,104.70950892831588,86.70427471089559,110.43340287122722,87.2901914838613,78.18143685140154,64.45984248209268,77.37455788727628
2026-05-12,10,10.0,2026-05-23 12:00:00,11 days 12:00:00,276,11.44,129.85,917.5,144.7,9.692848168142405,169.78185458670237,140.32917103990792,165.62142378285944,193.18140261868805,111.02174697070802,90.82817417155673,83.32575173739758,104.78498077611954,59.45582856113393,51.25374213856685,45.12114954402668,55.08290048437465
2026-05-12,10,10.0,2026-05-23 18:00:00,11 days 18:00:00,282,11.56,128.83,916.1,145.0,9.73331308508584,215.5842971423725,178.99659732797443,210.23391851018323,244.58219526499568,134.1324889808464,115.9893173780867,110.11019936085978,129.50166882919586,81.58395767534881,74.33576683597576,64.5673725106238,75.10518658245508
2026-05-12,10,10.0,2026-05-24 00:00:00,12 days 00:00:00,288,11.76,127.78,917.0,149.9,7.511036701290875,216.1795187245789,183.9604713564384,179.9603711153772,224.08214530759827,124.85599529773096,105.29975734165949,91.64835864741396,111.9265458226371,73.91182381483674,67.32979962311585,56.36582475343675,67.2799737030137
2026-05-12,10,10.0,2026-05-24 06:00:00,12 days 06:00:00,294,12.0,126.64,920.8,137.3,8.559969306201435,232.2172354764764,181.00233811394864,171.3833421975163,222.93270557645545,139.54579741293318,113.448918628706,91.27995263548203,124.21309334698437,81.41440269975504,70.96200446382701,58.65480813958059,72.09462511408702
2026-05-12,10,10.0,2026-05-24 12:00:00,12 days 12:00:00,300,12.57,125.45,916.2,140.4,15.704794943902044,234.5532136108453,210.2361759357309,212.40750825618943,241.8225798962829,143.03441285155338,127.4437213805118,113.32300557368734,131.84622522543373,81.43452510638706,75.46324746437422,65.75841414943133,75.66126542474593
2026-05-12,10,10.0,2026-05-24 18:00:00,12 days 18:00:00,306,13.08,124.47,930.9,128.8,18.54530456835262,259.2044460634682,234.3910555421265,223.67383162961332,253.27205003885612,166.5427661979441,146.9415630138923,126.51059880439738,147.68696575066627,89.12700817327644,80.89399901383183,68.72005761941165,79.15236306889554
2026-05-12,10,10.0,2026-05-25 00:00:00,13 days 00:00:00,312,13.65,123.45,947.8,108.5,30.046542326513485,271.12817430754626,210.5157460375422,198.5944360103537,248.9701840617426,124.54773620161914,107.96127604791386,97.45436130353136,114.31131514579933,78.05947584780394,67.93675412369852,57.41615479608642,67.12250226259874
2026-05-12,15,10.0,2026-05-24 00:00:00,12 days 00:00:00,288,7.93,144.07,1007.6,14.5,77.66528385658843,0.0,0.0,0.0,0.0,0.0,0.0,0.0,0.0,0.0,0.0,0.0,0.0
2026-05-12,15,10.0,2026-05-24 06:00:00,12 days 06:00:00,294,8.37,144.07,1013.8,11.6,134.48216933584422,0.0,0.0,0.0,0.0,0.0,0.0,0.0,0.0,0.0,0.0,0.0,0.0
2026-05-12,15,10.0,2026-05-24 12:00:00,12 days 12:00:00,300,8.26,143.46,1009.5,17.4,78.84448269513196,0.0,0.0,0.0,0.0,0.0,0.0,0.0,0.0,0.0,0.0,0.0,0.0
2026-05-12,15,10.0,2026-05-24 18:00:00,12 days 18:00:00,306,7.77,143.52,1009.6,18.3,75.68403759094704,0.0,0.0,0.0,0.0,0.0,0.0,0.0,0.0,0.0,0.0,0.0,0.0
2026-05-12,15,10.0,2026-05-25 00:00:00,13 days 00:00:00,312,6.9,142.93,1005.1,25.2,103.9929475584903,0.0,0.0,0.0,0.0,0.0,0.0,0.0,0.0,0.0,0.0,0.0,0.0
2026-05-12,6,13.0,2026-05-19 12:00:00,7 days 12:00:00,180,11.68,69.3,1003.0,21.7,78.38618157449639,0.0,0.0,0.0,0.0,0.0,0.0,0.0,0.0,0.0,0.0,0.0,0.0
2026-05-12,6,13.0,2026-05-19 18:00:00,7 days 18:00:00,186,13.01,68.91,1000.8,25.3,87.12078075935253,0.0,0.0,0.0,0.0,0.0,0.0,0.0,0.0,0.0,0.0,0.0,0.0
2026-05-12,6,13.0,2026-05-20 00:00:00,8 days 00:00:00,192,12.58,67.97,1003.6,25.4,100.3507974821556,0.0,0.0,0.0,0.0,0.0,0.0,0.0,0.0,0.0,0.0,0.0,0.0
2026-05-12,6,13.0,2026-05-20 06:00:00,8 days 06:00:00,198,14.17,67.85,996.8,41.5,104.52449273259649,198.7581637813323,174.85040483435534,138.880053498102,158.70348701781268,0.0,0.0,0.0,0.0,0.0,0.0,0.0,0.0
2026-05-12,6,13.0,2026-05-20 12:00:00,8 days 12:00:00,204,14.37,67.54,994.8,42.1,49.62677852113532,80.54358003864607,72.9101627687338,54.717671700869694,64.75141085770767,0.0,0.0,0.0,0.0,0.0,0.0,0.0,0.0
2026-05-12,6,13.0,2026-05-20 18:00:00,8 days 18:00:00,210,15.79,67.26,993.5,47.3,41.18239014344744,100.75564023579398,84.29916448303118,76.46928042967045,82.40437944543191,0.0,0.0,0.0,0.0,0.0,0.0,0.0,0.0
2026-05-12,6,13.0,2026-05-21 00:00:00,9 days 00:00:00,216,16.26,67.49,988.8,49.4,12.611027141420196,103.02293058204688,104.7514277061818,82.63989054764215,79.01033319841659,0.0,0.0,0.0,0.0,0.0,0.0,0.0,0.0
2026-05-12,6,13.0,2026-05-21 06:00:00,9 days 06:00:00,222,17.12,67.52,986.8,55.4,57.609005183428366,131.42311343300818,108.65213614309582,94.4110246711276,118.75082534227369,57.609005183428366,41.09455960769618,31.675624204794303,35.363030305479754,0.0,0.0,0.0,0.0
2026-05-12,6,13.0,2026-05-21 12:00:00,9 days 12:00:00,228,17.25,66.92,969.2,80.1,0.0,90.32938229475695,71.01982573768811,71.14334789677156,85.95551208804028,57.51381242498357,47.77943628455745,37.01410586012577,46.69372969546566,14.925286709089,12.001389317596274,9.738837852789574,12.060010509437497
2026-05-12,6,13.0,2026-05-21 18:00:00,9 days 18:00:00,234,17.03,66.25,965.1,91.6,45.3789774013009,108.76539790191453,104.03367087913506,117.3282873050139,131.96929650542643,58.24938630584349,49.248193654995816,41.73118671035084,55.54880793795371,45.3789774013009,26.25202245224513,20.970873592818908,27.61977428640874
2026-05-12,6,13.0,2026-05-22 00:00:00,10 days 00:00:00,240,17.16,65.79,970.1,77.9,38.877426374819294,127.6701561459298,111.03651050941892,125.401009783467,133.45924456779244,72.12350373742737,67.56266332147507,55.216790016699264,67.05816818322711,38.877426374819294,21.651948842593683,18.165468898229527,23.01993491723793
2026-05-12,6,13.0,2026-05-22 06:00:00,10 days 06:00:00,246,17.4,65.12,952.1,102.6,27.137597790298884,135.46601922697187,138.29428834188698,151.01020608345493,150.0848126826994,86.12514810470543,79.29514591411501,70.62539113485151,81.66606061770368,54.84084509966701,50.21497081330921,42.06335767094458,51.70064851751162
2026-05-12,6,13.0,2026-05-22 12:00:00,10 days 12:00:00,252,17.8,64.55,961.4,94.1,20.24126796426766,168.60098077997765,156.87166751837282,150.6193762718525,152.24003354517345,84.80941658993362,73.48497354596763,54.238700338760864,73.62319153227949,40.32649826857336,35.31756512168533,27.507228920727908,37.6869498761514
2026-05-12,6,13.0,2026-05-22 18:00:00,10 days 18:00:00,258,18.12,63.72,970.8,83.6,7.177242369115277,178.06833962709788,142.6108656165227,145.196780142958,174.55750359616013,81.43931674876785,58.6190326799167,53.52787017624195,68.86278570942318,42.78591198887921,37.25840220225126,30.769551912450797,39.45230037627965
2026-05-12,6,13.0,2026-05-23 00:00:00,11 days 00:00:00,264,18.55,62.43,969.1,82.3,8.905372517873376,126.08301956299464,114.53519934895957,97.80916772081996,112.07908500709448,48.1350866301379,36.54822954043053,24.91523897217996,36.25111064412322,10.280801503124724,7.369564560521983,4.866024489813388,8.832123475800907
2026-05-12,6,13.0,2026-05-23 06:00:00,11 days 06:00:00,270,18.36,60.78,987.4,64.7,35.50792828064063,71.60686193113291,73.24843010152163,72.10908888801207,63.31701697040528,35.50792828064063,12.157530494015097,9.550977701678962,10.15397265549935,35.50792828064063,0.0,0.0,0.0
2026-05-12,6,13.0,2026-05-23 12:00:00,11 days 12:00:00,276,18.45,59.83,976.2,68.7,44.40127475577722,260.975637472282,256.61028799288226,254.13163506467447,227.4708046280074,97.3450994673264,90.23649686842188,74.910366657422,75.67517004419184,12.124152138524424,44.40127475577722,11.397461486370368,9.36689777164475
2026-05-12,6,13.0,2026-05-23 18:00:00,11 days 18:00:00,282,17.43,58.41,1003.0,31.0,86.08548423833979,0.0,0.0,0.0,0.0,0.0,0.0,0.0,0.0,0.0,0.0,0.0,0.0
2026-05-12,6,13.0,2026-05-24 00:00:00,12 days 00:00:00,288,17.12,56.84,999.5,41.7,32.248976594242514,11.234517620558067,1.1784844578847076,4.265836441861905,32.248976594242514,0.0,0.0,0.0,0.0,0.0,0.0,0.0,0.0
2026-05-12,7,13.0,2026-05-20 00:00:00,8 days 00:00:00,192,9.48,142.6,1007.2,19.2,99.6685916094261,0.0,0.0,0.0,0.0,0.0,0.0,0.0,0.0,0.0,0.0,0.0,0.0
2026-05-12,7,13.0,2026-05-20 06:00:00,8 days 06:00:00,198,10.2,141.87,1002.1,21.7,129.9679507591453,0.0,0.0,0.0,0.0,0.0,0.0,0.0,0.0,0.0,0.0,0.0,0.0
2026-05-12,7,13.0,2026-05-20 12:00:00,8 days 12:00:00,204,9.9,141.45,1006.4,23.7,51.69496027393839,0.0,0.0,0.0,0.0,0.0,0.0,0.0,0.0,0.0,0.0,0.0,0.0
2026-05-12,7,13.0,2026-05-20 18:00:00,8 days 18:00:00,210,10.22,140.2,1003.7,26.6,84.72965588384244,0.0,0.0,0.0,0.0,0.0,0.0,0.0,0.0,0.0,0.0,0.0,0.0
2026-05-12,7,13.0,2026-05-21 00:00:00,9 days 00:00:00,216,9.96,140.39,1004.5,25.2,64.22820879541916,0.0,0.0,0.0,0.0,0.0,0.0,0.0,0.0,0.0,0.0,0.0,0.0
2026-05-12,7,13.0,2026-05-21 06:00:00,9 days 06:00:00,222,10.83,140.03,1003.9,26.5,79.71689185343297,0.0,0.0,0.0,0.0,0.0,0.0,0.0,0.0,0.0,0.0,0.0,0.0
2026-05-12,7,13.0,2026-05-21 12:00:00,9 days 12:00:00,228,10.59,139.27,1003.9,25.1,103.2536206189605,0.0,0.0,0.0,0.0,0.0,0.0,0.0,0.0,0.0,0.0,0.0,0.0
2026-05-12,7,13.0,2026-05-21 18:00:00,9 days 18:00:00,234,10.28,138.76,1004.2,24.3,42.02165448030652,0.0,0.0,0.0,0.0,0.0,0.0,0.0,0.0,0.0,0.0,0.0,0.0
2026-05-12,7,13.0,2026-05-22 00:00:00,10 days 00:00:00,240,10.91,138.4,997.8,32.8,45.01030844140698,0.0,0.0,0.0,0.0,0.0,0.0,0.0,0.0,0.0,0.0,0.0,0.0
2026-05-12,7,13.0,2026-05-22 06:00:00,10 days 06:00:00,246,10.77,137.7,1003.9,24.8,57.223929593485735,0.0,0.0,0.0,0.0,0.0,0.0,0.0,0.0,0.0,0.0,0.0,0.0
2026-05-12,7,13.0,2026-05-22 12:00:00,10 days 12:00:00,252,11.39,137.04,1002.9,36.1,124.62106736844504,124.62106736844504,39.28252743217674,30.235037971747907,44.245857968856,0.0,0.0,0.0,0.0,0.0,0.0,0.0,0.0
2026-05-12,7,13.0,2026-05-22 18:00:00,10 days 18:00:00,258,11.49,136.06,1001.1,29.6,82.41724823366974,0.0,0.0,0.0,0.0,0.0,0.0,0.0,0.0,0.0,0.0,0.0,0.0
2026-05-12,7,13.0,2026-05-23 00:00:00,11 days 00:00:00,264,11.89,135.22,1003.0,29.1,71.1565621225726,0.0,0.0,0.0,0.0,0.0,0.0,0.0,0.0,0.0,0.0,0.0,0.0
2026-05-12,7,13.0,2026-05-23 06:00:00,11 days 06:00:00,270,12.44,134.1,1000.4,31.5,102.5387736800758,0.0,0.0,0.0,0.0,0.0,0.0,0.0,0.0,0.0,0.0,0.0,0.0
2026-05-12,7,13.0,2026-05-23 12:00:00,11 days 12:00:00,276,12.91,133.8,1003.5,30.1,81.96680365536015,0.0,0.0,0.0,0.0,0.0,0.0,0.0,0.0,0.0,0.0,0.0,0.0
2026-05-12,7,13.0,2026-05-23 18:00:00,11 days 18:00:00,282,13.19,132.89,994.4,44.3,79.77621298458881,183.39214114683867,169.77839678687434,142.89241642728234,156.15824658271757,0.0,0.0,0.0,0.0,0.0,0.0,0.0,0.0
2026-05-12,7,13.0,2026-05-24 00:00:00,12 days 00:00:00,288,13.66,132.77,999.1,34.7,53.66448999585669,53.66448999585669,16.283957017521317,14.56752681324599,23.236211523010496,0.0,0.0,0.0,0.0,0.0,0.0,0.0,0.0
2026-05-12,7,13.0,2026-05-24 06:00:00,12 days 06:00:00,294,14.47,132.4,996.4,41.1,52.71565157179321,136.82061455338277,127.80731351677828,100.96884192501632,114.15925191755458,0.0,0.0,0.0,0.0,0.0,0.0,0.0,0.0
2026-05-12,7,13.0,2026-05-24 12:00:00,12 days 12:00:00,300,15.12,131.19,997.4,37.1,91.030735827267,1.4672809596949463,0.0,0.0,91.030735827267,0.0,0.0,0.0,0.0,0.0,0.0,0.0,0.0
2026-05-12,7,13.0,2026-05-24 18:00:00,12 days 18:00:00,306,15.65,129.96,996.2,41.3,62.34801535882535,62.34801535882535,19.237087218089645,15.450213208427446,21.20267356168964,0.0,0.0,0.0,0.0,0.0,0.0,0.0,0.0
2026-05-12,7,13.0,2026-05-25 00:00:00,13 days 00:00:00,312,16.38,129.12,1000.6,29.5,98.51767969877623,0.0,0.0,0.0,0.0,0.0,0.0,0.0,0.0,0.0,0.0,0.0,0.0
2026-05-12,6,14.0,2026-05-20 06:00:00,8 days 06:00:00,198,12.63,69.46,1005.1,23.8,78.18617818053843,0.0,0.0,0.0,0.0,0.0,0.0,0.0,0.0,0.0,0.0,0.0,0.0
2026-05-12,6,14.0,2026-05-20 12:00:00,8 days 12:00:00,204,13.02,69.7,1004.1,27.2,70.1773582739858,0.0,0.0,0.0,0.0,0.0,0.0,0.0,0.0,0.0,0.0,0.0,0.0
2026-05-12,6,14.0,2026-05-20 18:00:00,8 days 18:00:00,210,13.6,69.24,1001.1,32.1,67.02439320693985,0.0,0.0,0.0,0.0,0.0,0.0,0.0,0.0,0.0,0.0,0.0,0.0
2026-05-12,6,14.0,2026-05-21 00:00:00,9 days 00:00:00,216,14.49,69.26,992.8,49.7,49.02154323665008,96.38602290367685,86.29907472373884,69.41912342967527,82.83765867035564,0.0,0.0,0.0,0.0,0.0,0.0,0.0,0.0
2026-05-12,6,14.0,2026-05-21 06:00:00,9 days 06:00:00,222,14.92,67.94,991.4,55.8,55.59145014325112,145.71445622089067,133.56330401490362,127.68708242050802,139.58706832515202,10.015440672806712,9.05832202115024,55.59145014325112,10.762949809585733,0.0,0.0,0.0,0.0
2026-05-12,6,14.0,2026-05-21 12:00:00,9 days 12:00:00,228,15.39,67.83,987.8,54.0,47.94230391937143,207.92469247843417,176.21956220088458,148.92040055740802,180.2828239872062,6.06069184328829,4.294044626340877,1.059631710466837,47.94230391937143,0.0,0.0,0.0,0.0
2026-05-12,6,14.0,2026-05-21 18:00:00,9 days 18:00:00,234,15.93,67.2,967.4,82.8,1.3170564044170303,183.5440033731611,155.25903217884525,139.23442779324523,167.86127816191538,86.21183006222418,75.10878717376522,68.17029009511907,78.00664213989035,52.42754770309773,47.56695342296348,39.46714500223777,44.58924913851979
2026-05-12,6,14.0,2026-05-22 00:00:00,10 days 00:00:00,240,16.16,66.6,970.6,76.4,35.28338952529435,200.39807439033257,177.55176256285563,164.24124172014814,176.9618796183741,104.89682867140364,99.24212650043457,87.97878474411175,93.24495210182478,65.29724353438878,61.40546046679562,51.41658334312943,56.69867232898897
2026-05-12,6,14.0,2026-05-22 06:00:00,10 days 06:00:00,246,16.49,66.03,982.5,64.7,37.13275448107215,159.5797607471689,117.17361699535604,102.55039299265565,141.47489295208274,82.76532122432457,65.07293066110411,51.92034170066231,66.06847309853885,37.13275448107215,16.20048036569551,12.797685135423636,16.06948624910784
2026-05-12,6,14.0,2026-05-22 12:00:00,10 days 12:00:00,252,17.0,64.77,964.6,81.0,28.853405346804934,211.95504024750355,185.62793377606909,173.28016626969708,193.6250316728262,103.53262773689286,91.27145823116884,75.8662724123426,87.3197372196563,37.7225584044425,31.906397392443655,25.544040485769663,31.285593740422023
2026-05-12,6,14.0,2026-05-22 18:00:00,10 days 18:00:00,258,17.47,63.59,959.8,91.9,27.726623123990866,262.2490490480785,243.46310324937892,238.2352576152433,245.47831063685877,141.8744242839128,132.14672584468457,116.29001333921624,123.20013719255078,66.32383705751067,62.06261081115501,51.75105448279454,58.13824770949111
2026-05-12,6,14.0,2026-05-23 00:00:00,11 days 00:00:00,264,17.83,62.85,944.0,113.0,18.6929749216108,268.07475778527635,239.1013630672544,243.75947052344117,246.68998066652188,143.41711382528945,130.67669792104448,117.91134867153244,124.2689047485121,76.2476598044833,69.99856802559538,59.726646710082406,66.18500418529915
2026-05-12,6,14.0,2026-05-23 06:00:00,11 days 06:00:00,270,17.74,61.72,955.0,99.6,29.844087948882557,259.55674626738374,231.6271792410402,233.1743390797659,254.1459729291823,154.91362225800862,145.40751656900656,136.25514774140916,140.97165238168316,92.77119906475107,92.80088057859066,77.90036495827954,83.49438679238614
2026-05-12,6,14.0,2026-05-23 12:00:00,11 days 12:00:00,276,17.96,60.56,960.0,85.9,23.123465586335698,256.4580887417344,242.48503003944631,233.38216630881016,241.691554693052,126.48533506316608,120.29733795878964,107.03713538474744,113.78457724512782,70.56698531129217,70.95928586936981,57.69807647155707,62.780367268072496
2026-05-12,6,14.0,2026-05-23 18:00:00,11 days 18:00:00,282,17.86,59.59,953.2,96.1,5.966608989548485,279.448685102337,249.1866473357389,265.27920710825504,279.787148402061,141.67470399598898,129.7957661486464,131.20509733011522,135.86289558167056,82.07413589222817,78.43586631548536,69.18972609041967,75.67078292275276
2026-05-12,6,14.0,2026-05-24 00:00:00,12 days 00:00:00,288,18.23,58.79,946.2,107.6,34.34330665662773,320.3076761823468,285.0588973497877,289.2212473213957,307.7765336271422,175.892541598744,158.6574446037289,144.3085479545898,157.4053200596593,93.76473174000608,89.5348282729528,75.19377502346826,83.38755574998501
2026-05-12,6,14.0,2026-05-24 06:00:00,12 days 06:00:00,294,18.48,57.37,935.1,121.3,24.67136545244952,259.3283387824453,218.8480046108093,238.7876912637728,267.2103561296599,154.84242844190825,139.11516738446073,124.0655371093865,143.53307927041982,84.77780396799025,78.76043421077446,66.64730240902979,76.9934284961775
2026-05-12,6,14.0,2026-05-24 12:00:00,12 days 12:00:00,300,18.68,56.48,959.6,84.6,6.877743202583645,273.5304660015893,217.03228543774264,253.3688205625413,276.36023280080434,145.41020460650708,135.64175663966068,127.11322270988884,139.4386730052637,79.07119101603288,73.856771446833,63.82224633430811,71.50732538478022
2026-05-12,6,14.0,2026-05-24 18:00:00,12 days 18:00:00,306,18.57,55.46,978.2,62.9,9.725557345061508,169.8433239303887,140.23311877254366,124.22132748958232,147.62114871156243,83.9161583443505,71.19539830860194,60.24453794931716,72.1376497180272,0.0,0.0,0.0,0.0
2026-05-12,6,14.0,2026-05-25 00:00:00,13 days 00:00:00,312,18.72,55.01,984.3,54.0,23.842989037302768,224.1484534005149,178.5069892182837,164.1911968739365,217.08806603844016,96.62512832885514,84.82987310523066,66.87866564320477,81.86645728165624,0.0,0.0,0.0,0.0
2026-05-12,11,15.0,2026-05-21 18:00:00,9 days 18:00:00,234,9.2,145.89,1002.9,26.0,59.94615773348204,0.0,0.0,0.0,0.0,0.0,0.0,0.0,0.0,0.0,0.0,0.0,0.0
2026-05-12,11,15.0,2026-05-22 00:00:00,10 days 00:00:00,240,9.22,144.74,1002.8,32.2,84.82422170024536,0.0,0.0,0.0,0.0,0.0,0.0,0.0,0.0,0.0,0.0,0.0,0.0
2026-05-12,11,15.0,2026-05-22 06:00:00,10 days 06:00:00,246,9.68,143.61,1003.2,30.4,71.60602082547295,0.0,0.0,0.0,0.0,0.0,0.0,0.0,0.0,0.0,0.0,0.0,0.0
2026-05-12,11,15.0,2026-05-22 12:00:00,10 days 12:00:00,252,10.18,142.05,1004.8,31.3,74.65081005019472,0.0,0.0,0.0,0.0,0.0,0.0,0.0,0.0,0.0,0.0,0.0,0.0
2026-05-12,11,15.0,2026-05-22 18:00:00,10 days 18:00:00,258,9.88,141.78,997.8,39.7,55.588871732023954,2.275431841211727,0.0,2.510783102045135,55.588871732023954,0.0,0.0,0.0,0.0,0.0,0.0,0.0,0.0
2026-05-12,11,15.0,2026-05-23 00:00:00,11 days 00:00:00,264,9.92,140.1,1005.9,30.2,42.81733320139475,0.0,0.0,0.0,0.0,0.0,0.0,0.0,0.0,0.0,0.0,0.0,0.0
2026-05-12,11,15.0,2026-05-23 06:00:00,11 days 06:00:00,270,9.71,139.6,997.9,34.9,33.3340675822153,33.3340675822153,5.994804390027895,7.482849948077899,6.859880222365554,0.0,0.0,0.0,0.0,0.0,0.0,0.0,0.0
2026-05-12,11,15.0,2026-05-23 12:00:00,11 days 12:00:00,276,9.68,138.81,1004.3,29.3,89.11170573586921,0.0,0.0,0.0,0.0,0.0,0.0,0.0,0.0,0.0,0.0,0.0,0.0
2026-05-12,11,15.0,2026-05-23 18:00:00,11 days 18:00:00,282,9.59,138.09,999.0,43.1,44.41140529451165,125.23302307772155,107.55890575830864,89.8859458818677,110.5037320562307,0.0,0.0,0.0,0.0,0.0,0.0,0.0,0.0
2026-05-12,11,15.0,2026-05-24 00:00:00,12 days 00:00:00,288,9.54,137.1,997.2,45.9,55.96324681536659,59.15645259359207,45.609836387750576,40.85858781690875,45.18995135667813,0.0,0.0,0.0,0.0,0.0,0.0,0.0,0.0
2026-05-12,11,15.0,2026-05-24 06:00:00,12 days 06:00:00,294,9.36,136.12,992.8,48.0,22.315003369506584,77.37261573554488,59.83023978254237,62.388887229450006,73.55220335224084,0.0,0.0,0.0,0.0,0.0,0.0,0.0,0.0
2026-05-12,11,15.0,2026-05-24 12:00:00,12 days 12:00:00,300,9.16,135.59,992.6,55.0,32.67240246682441,78.45166596135013,69.7040363759936,70.92581582616128,85.75291133175736,32.67240246682441,21.26598847431019,16.78333518867086,19.76144375765745,0.0,0.0,0.0,0.0
2026-05-12,11,15.0,2026-05-24 18:00:00,12 days 18:00:00,306,9.31,135.35,983.8,71.0,25.185730470291997,106.2082708257437,83.26933124809658,95.10721487689436,113.32103216374904,46.740374294058384,36.69363604572835,30.98885979050087,39.74823603825233,25.185730470291997,1.7226263420048973,0.4159932798827963,4.298343731044915
2026-05-12,11,15.0,2026-05-25 00:00:00,13 days 00:00:00,312,9.29,134.77,986.6,58.3,45.22628680876843,74.00368485319441,51.88178101548096,60.63739408811293,88.18491329140855,21.22003774650852,15.401211105573257,13.26116546540103,45.22628680876843,0.0,0.0,0.0,0.0
2026-05-12,12,15.0,2026-05-24 06:00:00,12 days 06:00:00,294,13.09,88.19,1001.0,19.8,82.90715567021965,0.0,0.0,0.0,0.0,0.0,0.0,0.0,0.0,0.0,0.0,0.0,0.0
2026-05-12,12,15.0,2026-05-24 12:00:00,12 days 12:00:00,300,13.74,88.41,1001.6,24.9,58.28231357237911,0.0,0.0,0.0,0.0,0.0,0.0,0.0,0.0,0.0,0.0,0.0,0.0
2026-05-12,12,15.0,2026-05-24 18:00:00,12 days 18:00:00,306,13.71,88.07,995.7,30.0,58.47350283840822,0.0,0.0,0.0,0.0,0.0,0.0,0.0,0.0,0.0,0.0,0.0,0.0
2026-05-12,12,15.0,2026-05-25 00:00:00,13 days 00:00:00,312,14.7,87.87,995.9,25.6,76.59053082904016,0.0,0.0,0.0,0.0,0.0,0.0,0.0,0.0,0.0,0.0,0.0,0.0
2026-05-12,8,15.0,2026-05-19 18:00:00,7 days 18:00:00,186,8.94,138.87,1004.7,19.8,77.78220605543575,0.0,0.0,0.0,0.0,0.0,0.0,0.0,0.0,0.0,0.0,0.0,0.0
2026-05-12,8,15.0,2026-05-20 00:00:00,8 days 00:00:00,192,8.95,137.9,1003.8,21.4,74.02612869400699,0.0,0.0,0.0,0.0,0.0,0.0,0.0,0.0,0.0,0.0,0.0,0.0
2026-05-12,8,15.0,2026-05-20 06:00:00,8 days 06:00:00,198,9.34,137.78,1004.1,21.1,78.07096930824306,0.0,0.0,0.0,0.0,0.0,0.0,0.0,0.0,0.0,0.0,0.0,0.0
2026-05-12,8,15.0,2026-05-20 12:00:00,8 days 12:00:00,204,9.9,137.39,1001.6,34.5,58.51987900370055,58.51987900370055,0.0,0.0,0.6420738602274936,0.0,0.0,0.0,0.0,0.0,0.0,0.0,0.0
2026-05-12,8,15.0,2026-05-20 18:00:00,8 days 18:00:00,210,10.13,136.5,997.9,41.2,11.992391382674016,21.98199876564042,9.152709864386376,11.696657524027472,26.64491133248743,0.0,0.0,0.0,0.0,0.0,0.0,0.0,0.0
2026-05-12,8,15.0,2026-05-21 00:00:00,9 days 00:00:00,216,10.2,135.44,993.2,49.6,14.677189972377144,57.76312549384957,33.914626170266025,27.32831614826263,55.46113030783789,0.0,0.0,0.0,0.0,0.0,0.0,0.0,0.0
2026-05-12,8,15.0,2026-05-21 06:00:00,9 days 06:00:00,222,10.41,134.35,993.6,50.2,17.198806903393876,60.4487094934683,47.334623193861134,33.46895002381051,56.478739093046165,17.198806903393876,2.133166415710437,0.0,1.3963531604611157,0.0,0.0,0.0,0.0
2026-05-12,8,15.0,2026-05-21 12:00:00,9 days 12:00:00,228,10.7,133.68,993.9,57.9,26.298542183292327,123.0297946208362,97.92451435870136,94.0248259971046,119.18130306905468,58.10567716348416,48.522810721001065,37.23136817488235,49.06069920067105,0.0,0.0,0.0,0.0
2026-05-12,8,15.0,2026-05-21 18:00:00,9 days 18:00:00,234,11.09,132.64,989.9,59.8,14.552724850553927,79.92271665579051,66.44184886980345,47.837120419332805,72.0473875586048,36.67741987304459,29.00496056770961,17.714381935458512,27.405533750323976,0.0,0.0,0.0,0.0
2026-05-12,8,15.0,2026-05-22 00:00:00,10 days 00:00:00,240,11.37,131.39,986.2,69.5,23.935709734479897,117.99991763814054,84.30314686206577,65.16815247654318,105.48631240728236,23.935709734479897,0.0,0.0,2.4072594203133213,23.935709734479897,0.0,0.0,0.0357993033309953
2026-05-12,8,15.0,2026-05-22 06:00:00,10 days 06:00:00,246,11.51,130.14,973.1,80.3,29.018442702815577,112.18916842291549,95.76625675104812,98.89129744573,106.94422903889964,29.018442702815577,14.973908659997075,13.858157640360016,16.87173168211595,29.018442702815577,0.2328691806880419,0.917765713858406,1.2702192685373055
2026-05-12,8,15.0,2026-05-22 12:00:00,10 days 12:00:00,252,11.75,129.47,984.2,74.0,15.24506688872949,154.3344380744564,110.52570795533872,123.9562096628287,159.8650607315342,77.01419609508557,60.785638769455936,50.01735143210127,67.60778546092271,15.24506688872949,6.517644123452516,5.233191635286514,11.3826030957361
2026-05-12,8,15.0,2026-05-22 18:00:00,10 days 18:00:00,258,11.89,128.28,959.5,100.5,36.93258772731523,237.65529249147448,219.84790420611765,207.0435930295689,220.17551461786425,108.11733274829524,90.8631685941578,81.50241875236748,97.37383042722804,39.68701685781169,33.27642488237527,27.751250731002827,34.32622441642533
2026-05-12,8,15.0,2026-05-23 00:00:00,11 days 00:00:00,264,12.21,127.36,980.2,74.3,21.45386914490005,124.30160192400504,92.81753036232496,83.99174481397604,127.62598044299496,77.25606938525758,64.00808542241879,48.92529928061205,69.37582015134267,42.57089130864922,34.85008250203654,27.36156971393438,36.4433924400181
2026-05-12,8,15.0,2026-05-23 06:00:00,11 days 06:00:00,270,12.04,126.65,975.6,77.8,9.986741562582036,173.6083347129599,116.96374527631112,97.7493442454558,162.21008872854117,104.42636273804912,81.59617593923059,63.03352424030171,91.10491909608515,46.295059477245,35.49648412037193,27.255163864424663,39.706511030774735
2026-05-12,8,15.0,2026-05-23 12:00:00,11 days 12:00:00,276,12.2,125.9,975.5,74.4,14.208546916213264,139.61410190850086,114.83777878521872,110.63720976448778,145.77278449750676,77.21872751922282,59.82872604576088,45.29256681245761,65.97078926678549,35.10847084849598,25.21562579738284,18.488144459919305,30.065999129839668
2026-05-12,8,15.0,2026-05-23 18:00:00,11 days 18:00:00,282,12.32,125.17,979.7,72.2,30.311014180988828,157.35089520517184,124.94223619786897,104.29635893094822,140.09563446841142,73.7021733330837,56.355005262663525,37.33731433341951,59.35200671494916,30.311014180988828,17.06388572536729,12.267453074678697,21.656753216204496
2026-05-12,8,15.0,2026-05-24 00:00:00,12 days 00:00:00,288,12.5,124.19,957.5,101.0,32.99839927895187,195.82423889283217,140.52037920297363,130.06560243650748,189.4504016254984,107.1750266503956,80.21458485004055,62.71229587595933,94.42840306689946,48.85416721090497,34.719021365517776,25.355219700018928,42.1223798123403
2026-05-12,8,15.0,2026-05-24 06:00:00,12 days 06:00:00,294,12.62,123.69,963.4,91.4,0.1793199266447716,108.96092550331596,57.17208793767709,80.12979295540207,113.76135436894752,63.84571337314957,37.79145624843718,28.12501854516225,57.841112068799376,48.8095657655788,36.79157974652456,28.12501854516225,44.56819372961479
2026-05-12,8,15.0,2026-05-24 12:00:00,12 days 12:00:00,300,12.6,122.35,967.7,88.6,28.909702842813324,101.85203562442436,66.5976897261846,92.72409887547424,133.56240814050764,62.652907792680814,43.00337078229138,42.15784833856295,62.68640538176384,39.104006364463615,29.589090094016097,24.97930789434545,36.23306840614701
2026-05-12,8,15.0,2026-05-24 18:00:00,12 days 18:00:00,306,12.58,121.33,985.3,69.4,21.301368525967234,86.50108624981847,79.2808221480765,84.96449889961997,99.21617482027352,46.43833080622989,38.144052488240646,28.321580598906536,37.97108700295359,21.301368525967234,0.0,0.0,2.8850694394735914
2026-05-12,8,15.0,2026-05-25 00:00:00,13 days 00:00:00,312,12.64,120.55,979.6,73.2,13.559177262898793,95.25878688753455,73.96041991278658,71.91390853096769,96.28959229141272,62.73159998157025,48.608784434700326,36.89561964761274,57.25397082854269,37.14031356026167,29.391924874807724,22.56090730499554,32.42080709106097
2026-05-12,5,16.0,2026-05-19 18:00:00,7 days 18:00:00,186,8.66,142.59,1002.2,20.2,166.8338845163489,0.0,0.0,0.0,0.0,0.0,0.0,0.0,0.0,0.0,0.0,0.0,0.0
2026-05-12,5,16.0,2026-05-20 00:00:00,8 days 00:00:00,192,8.7,141.51,1003.9,26.7,125.31357926213823,0.0,0.0,0.0,0.0,0.0,0.0,0.0,0.0,0.0,0.0,0.0,0.0
2026-05-12,5,16.0,2026-05-20 06:00:00,8 days 06:00:00,198,8.62,139.98,1006.0,22.1,100.35718990787925,0.0,0.0,0.0,0.0,0.0,0.0,0.0,0.0,0.0,0.0,0.0,0.0
2026-05-12,5,16.0,2026-05-20 12:00:00,8 days 12:00:00,204,8.49,139.49,1003.2,29.9,117.62434038108614,0.0,0.0,0.0,0.0,0.0,0.0,0.0,0.0,0.0,0.0,0.0,0.0
2026-05-12,5,16.0,2026-05-20 18:00:00,8 days 18:00:00,210,9.12,139.2,1001.7,24.9,62.57399926478875,0.0,0.0,0.0,0.0,0.0,0.0,0.0,0.0,0.0,0.0,0.0,0.0
2026-05-12,5,16.0,2026-05-21 00:00:00,9 days 00:00:00,216,8.58,138.59,1004.6,24.1,68.93106537866917,0.0,0.0,0.0,0.0,0.0,0.0,0.0,0.0,0.0,0.0,0.0,0.0
2026-05-12,5,16.0,2026-05-21 06:00:00,9 days 06:00:00,222,9.84,138.12,1004.3,30.3,94.82618310099716,0.0,0.0,0.0,0.0,0.0,0.0,0.0,0.0,0.0,0.0,0.0,0.0
2026-05-12,5,16.0,2026-05-21 12:00:00,9 days 12:00:00,228,10.18,137.54,1002.5,38.4,45.49110099810462,45.49110099810462,8.858356308994153,0.0,9.820206708025813,0.0,0.0,0.0,0.0,0.0,0.0,0.0,0.0
2026-05-12,5,16.0,2026-05-21 18:00:00,9 days 18:00:00,234,10.63,136.7,996.0,44.6,73.76643728298271,139.522524465495,127.60429103325066,103.42649427456809,122.84530492703706,0.0,0.0,0.0,0.0,0.0,0.0,0.0,0.0
2026-05-12,5,16.0,2026-05-22 00:00:00,10 days 00:00:00,240,10.78,136.48,999.5,46.9,32.39445591589124,65.20621184515653,51.48369954981506,32.72540661461159,51.84427289684288,0.0,0.0,0.0,0.0,0.0,0.0,0.0,0.0
2026-05-12,5,16.0,2026-05-22 06:00:00,10 days 06:00:00,246,11.58,136.14,990.6,52.4,24.42465673999874,105.96196567998616,90.44082873898162,60.168653924281294,81.31970570652135,28.23379512945385,22.4096639024595,14.512859783911992,19.881718948329297,0.0,0.0,0.0,0.0
2026-05-12,5,16.0,2026-05-22 12:00:00,10 days 12:00:00,252,11.65,135.15,989.6,56.0,56.77054902214183,149.23546559306155,121.70768007712012,102.7475219273672,131.8658041880392,56.77054902214183,42.84889817565021,30.211368419019237,42.313073382533645,0.0,0.0,0.0,0.0
2026-05-12,5,16.0,2026-05-22 18:00:00,10 days 18:00:00,258,12.08,134.76,988.9,59.8,43.32261891266905,140.5518317530008,112.95309893086244,81.57356900078814,121.6357162093068,47.70970903279837,35.26859121496973,22.93889582927257,33.75468876816897,0.0,0.0,0.0,0.0
2026-05-12,5,16.0,2026-05-23 00:00:00,11 days 00:00:00,264,11.96,133.91,968.8,87.2,27.382568784826702,146.2630807426546,116.11150362013048,122.63561776213209,147.25777821760735,74.68401865182153,64.14639446419332,57.79417748959344,67.85424126122564,41.535593398050736,38.73924888295554,33.09556485201696,37.94320719338224
2026-05-12,5,16.0,2026-05-23 06:00:00,11 days 06:00:00,270,12.34,132.97,953.9,100.5,0.5426803548851229,144.39051728924153,109.94756338002836,88.50420067375862,130.24429994690985,70.81294889181146,52.4163272143479,36.31075326223353,56.007271709731,34.270139513781665,28.150444578343155,21.461032129701135,28.737545556755705
2026-05-12,5,16.0,2026-05-23 12:00:00,11 days 12:00:00,276,12.48,131.86,944.4,110.6,6.3959038843599005,183.9954313980381,144.99814693977484,140.54279306765292,188.53937672594677,89.52514509226583,74.74210274016264,64.55929704595616,80.11201572855396,46.12380803213531,40.65900131688767,35.027899527429426,42.24920476006169
2026-05-12,5,16.0,2026-05-23 18:00:00,11 days 18:00:00,282,12.64,131.05,936.0,120.9,0.2663102050508996,166.61014352802056,136.028269790565,147.6762450114233,170.38802411175857,95.40331588485378,77.32639295090507,62.32155853166594,88.55496128751224,60.06744094995665,52.72344343753736,43.30735969031434,54.555789491334565
2026-05-12,5,16.0,2026-05-24 00:00:00,12 days 00:00:00,288,12.8,130.01,925.2,140.1,4.850843234511167,209.8328056139692,175.98216341195968,153.46550995128206,185.5502320582226,109.08843949195918,91.74008237538996,75.53202391749555,95.35092256130096,59.03488222080623,51.94408538360949,42.79102549365199,53.39147419473873
2026-05-12,5,16.0,2026-05-24 06:00:00,12 days 06:00:00,294,12.96,129.09,921.3,136.8,3.2022077569621388,230.0176258117152,194.8636064363739,181.2388127428508,216.9460837258394,114.59977988385788,98.68514109650688,82.77497358340949,101.3268841661082,61.48821088333535,55.29797777394081,46.15885930889233,56.48536018761685
2026-05-12,5,16.0,2026-05-24 12:00:00,12 days 12:00:00,300,12.9,128.11,921.1,138.4,21.11645883435684,274.9553025423647,234.4528310648552,231.16896756044915,262.9523511176214,150.67743800622998,130.06280999738607,106.538131758565,132.45155445851336,79.46087748768542,70.16500321258303,57.68673328527433,71.16920195127595
2026-05-12,5,16.0,2026-05-24 18:00:00,12 days 18:00:00,306,12.95,127.04,926.2,137.2,2.083366581827291,291.87994646129187,242.974172921342,240.13368767152133,297.4162495461125,173.79661986556647,154.4087595192425,135.83649438472946,166.14994265072568,104.35065844886972,96.49845467861016,81.98127438635034,95.5833149287346
2026-05-12,5,16.0,2026-05-25 00:00:00,13 days 00:00:00,312,13.19,125.71,912.1,146.8,0.0,302.3724476905017,270.3842804966513,259.43350854276,291.6611821609775,126.9824089753875,112.4169390112792,106.22597464346116,117.80145780370044,88.63751280310652,84.3606249665101,72.98786495209272,83.09674396496531
2026-05-12,6,17.0,2026-05-20 06:00:00,8 days 06:00:00,198,9.86,138.01,1009.9,12.2,95.64447055883358,0.0,0.0,0.0,0.0,0.0,0.0,0.0,0.0,0.0,0.0,0.0,0.0
2026-05-12,6,17.0,2026-05-20 12:00:00,8 days 12:00:00,204,9.73,137.72,1007.2,22.3,153.64946616057105,0.0,0.0,0.0,0.0,0.0,0.0,0.0,0.0,0.0,0.0,0.0,0.0
2026-05-12,6,17.0,2026-05-20 18:00:00,8 days 18:00:00,210,9.81,136.46,1004.5,22.1,64.73933952959548,0.0,0.0,0.0,0.0,0.0,0.0,0.0,0.0,0.0,0.0,0.0,0.0
2026-05-12,6,17.0,2026-05-21 00:00:00,9 days 00:00:00,216,10.22,135.86,1004.4,29.5,49.650252889580486,0.0,0.0,0.0,0.0,0.0,0.0,0.0,0.0,0.0,0.0,0.0,0.0
2026-05-12,6,17.0,2026-05-21 06:00:00,9 days 06:00:00,222,10.73,134.9,1002.4,28.7,76.01658109871212,0.0,0.0,0.0,0.0,0.0,0.0,0.0,0.0,0.0,0.0,0.0,0.0
2026-05-12,6,17.0,2026-05-21 12:00:00,9 days 12:00:00,228,10.46,133.83,1006.2,26.3,52.517869513223005,0.0,0.0,0.0,0.0,0.0,0.0,0.0,0.0,0.0,0.0,0.0,0.0
2026-05-12,6,17.0,2026-05-21 18:00:00,9 days 18:00:00,234,10.41,132.84,997.6,44.2,76.65620760916205,196.8175076229272,164.0478304273542,127.49078117506812,165.35304658862475,0.0,0.0,0.0,0.0,0.0,0.0,0.0,0.0
2026-05-12,6,17.0,2026-05-22 00:00:00,10 days 00:00:00,240,10.51,131.83,984.5,64.6,9.037702724005282,114.14359408144632,94.80255682894004,84.22161105089666,103.92920096573188,29.742418782887235,22.67536625078731,17.56697909890599,22.37903925453885,0.0235992465900298,0.0,0.1017493435526628,9.037702724005282
2026-05-12,6,17.0,2026-05-22 06:00:00,10 days 06:00:00,246,10.54,130.78,990.0,57.4,30.14671271321329,145.02497652034037,122.17906157875746,110.73221171736844,127.72505742736294,5.557624083284954,2.3585870740035864,1.7153218066318427,30.14671271321329,0.0,0.0,0.0,0.0
2026-05-12,6,17.0,2026-05-22 12:00:00,10 days 12:00:00,252,10.45,129.89,993.9,47.5,30.61763233230438,143.45007317225404,118.10712968365756,93.47086114103452,118.94301455320506,0.0,0.0,0.0,0.0,0.0,0.0,0.0,0.0
2026-05-12,6,17.0,2026-05-22 18:00:00,10 days 18:00:00,258,10.57,129.17,989.4,59.0,28.12123040373513,156.23538013885445,115.71573252220604,119.0052398878679,146.08075131491523,97.3854130443624,79.82899624906668,62.876013979042,80.58036072060622,0.0,0.0,0.0,0.0
2026-05-12,6,17.0,2026-05-23 00:00:00,11 days 00:00:00,264,11.02,128.26,992.4,60.0,26.264979905263907,132.86000006665938,87.63020665597605,87.5688404350653,125.77227426494868,52.26321765590804,31.846229189944328,31.70780745802227,44.07319508515928,0.0,0.0,0.0,0.0
2026-05-12,6,17.0,2026-05-23 06:00:00,11 days 06:00:00,270,11.29,127.49,993.2,46.6,53.4448179826836,187.6693198428466,191.42802822848927,173.66507508108756,166.56785129445512,0.0,0.0,0.0,0.0,0.0,0.0,0.0,0.0
2026-05-12,6,17.0,2026-05-23 12:00:00,11 days 12:00:00,276,11.49,126.6,984.3,61.2,43.23082591206519,83.69844438301625,55.21258094529968,76.26841793559724,99.22480587676884,52.67996966232771,39.48760397701171,30.83603428693732,46.399486999198906,0.0,0.0,0.0,0.0
2026-05-12,6,17.0,2026-05-23 18:00:00,11 days 18:00:00,282,11.7,125.84,996.7,44.5,71.25500867863474,207.69165596684624,192.9276572969673,162.90286548523963,183.9727630797198,0.0,0.0,0.0,0.0,0.0,0.0,0.0,0.0
2026-05-12,6,17.0,2026-05-24 00:00:00,12 days 00:00:00,288,11.77,125.38,1004.0,40.5,31.43282827785561,182.5178381647329,162.4055735573129,136.87293068148847,160.1835386497969,0.0,0.0,0.0,0.0,0.0,0.0,0.0,0.0
2026-05-12,6,17.0,2026-05-24 06:00:00,12 days 06:00:00,294,11.98,124.65,993.5,45.5,51.861328901751165,155.49871721084477,141.50648701498224,123.03040966852896,139.75435180292035,0.0,0.0,0.0,0.0,0.0,0.0,0.0,0.0
2026-05-12,6,17.0,2026-05-24 12:00:00,12 days 12:00:00,300,11.73,123.62,990.7,50.6,40.68801100403077,129.38769412602664,106.13610734243292,116.01902826943746,132.8507818464635,15.961475044803782,11.29240327458011,15.494906556931268,40.68801100403077,0.0,0.0,0.0,0.0
2026-05-12,6,17.0,2026-05-24 18:00:00,12 days 18:00:00,306,11.83,122.54,986.8,58.5,15.71755657947751,142.5171356778842,113.53392676912227,125.55644137506148,152.3995213949663,69.43723063459774,53.079712840503774,46.2080161370965,59.37258035954978,0.0,0.0,0.0,0.0
2026-05-12,6,17.0,2026-05-25 00:00:00,13 days 00:00:00,312,11.59,121.76,985.7,62.8,9.946977667571652,140.46748484777538,117.9813217964904,111.61499412936932,132.47112285731112,77.53761491266347,62.82623886279048,53.57005345083496,66.84152238692673,0.0,0.0,0.0,0.0
2026-05-12,10,18.0,2026-05-19 00:00:00,7 days 00:00:00,168,15.45,89.34,997.3,29.8,77.28723704203179,0.0,0.0,0.0,0.0,0.0,0.0,0.0,0.0,0.0,0.0,0.0,0.0
2026-05-12,10,18.0,2026-05-19 06:00:00,7 days 06:00:00,174,16.72,90.79,998.0,29.4,75.5628078365294,0.0,0.0,0.0,0.0,0.0,0.0,0.0,0.0,0.0,0.0,0.0,0.0
2026-05-12,10,18.0,2026-05-19 12:00:00,7 days 12:00:00,180,15.96,91.38,989.5,32.4,108.80419422026657,0.0,0.0,0.0,0.0,0.0,0.0,0.0,0.0,0.0,0.0,0.0,0.0
2026-05-12,10,18.0,2026-05-19 18:00:00,7 days 18:00:00,186,17.07,92.43,993.0,33.3,71.75470336401781,0.0,0.0,0.0,0.0,0.0,0.0,0.0,0.0,0.0,0.0,0.0,0.0
2026-05-12,10,18.0,2026-05-20 00:00:00,8 days 00:00:00,192,17.06,92.92,994.1,32.8,74.54113748096509,0.0,0.0,0.0,0.0,0.0,0.0,0.0,0.0,0.0,0.0,0.0,0.0
2026-05-12,10,18.0,2026-05-20 06:00:00,8 days 06:00:00,198,17.48,93.61,987.7,48.2,78.53350851850976,177.2026502733911,173.0684249483637,126.879355236837,135.2301955983727,0.0,0.0,0.0,0.0,0.0,0.0,0.0,0.0
2026-05-12,10,18.0,2026-05-20 12:00:00,8 days 12:00:00,204,17.94,93.91,983.5,54.8,75.47362116471032,322.39619160090035,329.54568040861767,280.8475973070129,286.2438162750681,128.68195195278508,123.35024176525305,95.26171247045556,102.82110049699943,0.0,0.0,0.0,0.0
2026-05-12,10,18.0,2026-05-20 18:00:00,8 days 18:00:00,210,18.85,94.96,986.9,41.0,41.85367233668365,73.61154312099454,69.50045733453383,55.70555485679985,57.37158430936387,0.0,0.0,0.0,0.0,0.0,0.0,0.0,0.0
2026-05-12,10,18.0,2026-05-21 00:00:00,9 days 00:00:00,216,19.46,95.06,986.7,46.4,74.16846193038634,223.99640093880328,225.631435054333,170.09627438783514,182.11280731450825,0.0,0.0,0.0,0.0,0.0,0.0,0.0,0.0
2026-05-12,10,18.0,2026-05-21 06:00:00,9 days 06:00:00,222,20.12,95.0,993.7,30.5,36.563378816675765,0.0,0.0,0.0,0.0,0.0,0.0,0.0,0.0,0.0,0.0,0.0,0.0
2026-05-12,10,18.0,2026-05-21 12:00:00,9 days 12:00:00,228,20.69,95.31,1002.1,26.8,100.311068681101,0.0,0.0,0.0,0.0,0.0,0.0,0.0,0.0,0.0,0.0,0.0,0.0
2026-05-12,10,18.0,2026-05-21 18:00:00,9 days 18:00:00,234,21.15,95.61,997.8,25.4,71.7682339246711,0.0,0.0,0.0,0.0,0.0,0.0,0.0,0.0,0.0,0.0,0.0,0.0
2026-05-12,10,18.0,2026-05-22 00:00:00,10 days 00:00:00,240,21.96,96.18,1000.2,24.1,103.80443469744444,0.0,0.0,0.0,0.0,0.0,0.0,0.0,0.0,0.0,0.0,0.0,0.0
2026-05-12,9,18.0,2026-05-18 18:00:00,6 days 18:00:00,162,8.72,144.6,1008.8,16.7,154.2000410622747,0.0,0.0,0.0,0.0,0.0,0.0,0.0,0.0,0.0,0.0,0.0,0.0
2026-05-12,9,18.0,2026-05-19 00:00:00,7 days 00:00:00,168,9.61,144.03,1004.6,19.6,117.69082137761634,0.0,0.0,0.0,0.0,0.0,0.0,0.0,0.0,0.0,0.0,0.0,0.0
2026-05-12,9,18.0,2026-05-19 06:00:00,7 days 06:00:00,174,8.91,143.16,1007.6,16.6,86.40192320434625,0.0,0.0,0.0,0.0,0.0,0.0,0.0,0.0,0.0,0.0,0.0,0.0
2026-05-12,9,18.0,2026-05-19 12:00:00,7 days 12:00:00,180,9.52,143.61,998.2,31.2,51.22684750376016,0.0,0.0,0.0,0.0,0.0,0.0,0.0,0.0,0.0,0.0,0.0,0.0
2026-05-12,9,18.0,2026-05-19 18:00:00,7 days 18:00:00,186,9.42,143.15,998.1,38.4,39.5521615305353,3.571298457882237,0.7287867409257629,39.5521615305353,5.898682476552901,0.0,0.0,0.0,0.0,0.0,0.0,0.0,0.0
2026-05-12,9,18.0,2026-05-20 00:00:00,8 days 00:00:00,192,9.47,142.41,1004.0,28.0,79.19373779132007,0.0,0.0,0.0,0.0,0.0,0.0,0.0,0.0,0.0,0.0,0.0,0.0
2026-05-12,9,18.0,2026-05-20 06:00:00,8 days 06:00:00,198,9.94,142.01,992.7,47.9,48.27367712684304,188.8370619055752,154.30398378470602,126.61654839917946,159.08145250100608,0.0,0.0,0.0,0.0,0.0,0.0,0.0,0.0
2026-05-12,9,18.0,2026-05-20 12:00:00,8 days 12:00:00,204,10.53,141.24,985.7,58.3,40.15854181929354,92.59702156156956,76.74837992391075,71.69983294886512,88.39623120898622,44.95947235989421,38.251279631974775,28.15780447980269,35.47038807142187,0.0,0.0,0.0,0.0
2026-05-12,9,18.0,2026-05-20 18:00:00,8 days 18:00:00,210,10.85,139.97,980.1,70.0,23.50160836727296,167.7206099427376,131.42531996688902,90.21234359742814,137.27410943346445,78.84936180888852,63.89387711617808,46.58879130891639,64.94364738411696,36.22243902270058,30.26007648585687,23.796147584326327,29.819719190364385
2026-05-12,9,18.0,2026-05-21 00:00:00,9 days 00:00:00,216,11.12,139.33,988.3,63.7,39.322817483832594,178.80516894187355,150.2165237463008,130.37497166857514,163.68919539099244,93.26567189198911,83.50725598393109,70.31558532524346,81.72230589639247,0.0,0.0,0.0,0.0
2026-05-12,9,18.0,2026-05-21 06:00:00,9 days 06:00:00,222,11.41,138.56,976.1,70.8,32.2518614931084,143.7310419247277,118.8122483833094,99.51285183709994,123.5926180801012,70.00975328788255,58.94273931688781,46.9907189035222,58.15276827666224,32.2518614931084,21.614904907244032,17.58404958134292,22.096031501419453
2026-05-12,9,18.0,2026-05-21 12:00:00,9 days 12:00:00,228,11.95,137.66,986.3,64.5,36.27408940508036,177.86103392590684,140.9030059015243,124.27349384329354,152.7391055197441,86.77064288682132,77.56247815429427,66.83451358532707,75.450243878708,42.53951889161459,38.24200342651645,31.913409207636537,36.23472228344491
2026-05-12,9,18.0,2026-05-21 18:00:00,9 days 18:00:00,234,12.3,136.85,957.6,99.5,22.581852849693007,208.11184341899195,155.232545414323,133.4261742184841,202.9337287828396,107.2166423019744,83.40148072620599,63.52598392375703,92.06659024757522,41.99435701640292,34.93998096477057,27.8531769605182,37.50412659979688
2026-05-12,9,18.0,2026-05-22 00:00:00,10 days 00:00:00,240,12.81,135.41,961.4,98.2,4.887606867246005,257.5255896204981,204.9921158697503,165.92878203910885,219.4203029249068,134.22615868405956,113.48065945401665,88.91730580762854,112.30153525211789,63.74346623195654,54.85401604781342,44.56831763011276,54.01318493600593
2026-05-12,9,18.0,2026-05-22 06:00:00,10 days 06:00:00,246,13.31,133.93,942.3,119.4,3.868276962515126,231.37995568932348,193.4820755627473,188.14175499395705,224.24519348708455,126.7277448895735,112.9349072960948,98.3752097152912,111.78800704310484,66.94864936550235,61.17003084697332,51.184828699242495,58.75330616875778
2026-05-12,9,18.0,2026-05-22 12:00:00,10 days 12:00:00,252,13.56,132.58,931.5,127.3,14.050851463990416,241.3450986210601,180.8265071038486,191.80706509533556,241.5588540164195,139.05928152723027,118.86712968018762,102.3762933406364,126.63628576036882,71.62381764260508,62.93782066079541,52.93831278003879,63.37919647604512
2026-05-12,9,18.0,2026-05-22 18:00:00,10 days 18:00:00,258,13.96,131.25,925.9,136.2,17.72764894922593,223.12525376234535,169.2127068068583,150.41752390277176,224.9676115670123,135.0038016310418,111.78188183845732,88.02884838340627,117.68952073310564,64.84535243970328,56.22260670027729,46.1259293073301,57.60632139092254
2026-05-12,9,18.0,2026-05-23 00:00:00,11 days 00:00:00,264,14.84,130.47,936.9,129.2,19.370962531379867,227.4082717129849,180.26222707908136,143.65566680815277,214.01920030986875,118.5774855459968,82.78066714303812,60.86996983194148,100.18392056883314,52.530916180966685,42.37760030788285,33.67987077604873,46.520102017408135
2026-05-12,9,18.0,2026-05-23 06:00:00,11 days 06:00:00,270,14.88,129.06,941.7,115.7,10.351330973297763,304.88205019448606,257.78752268518,205.1705896040104,267.1986721712181,156.91843121129256,135.60281741925974,111.99544320249224,140.0694219037904,93.43597817775527,85.68674004006138,73.054698175984,82.93625924472497
2026-05-12,9,18.0,2026-05-23 12:00:00,11 days 12:00:00,276,15.35,128.26,932.1,129.0,6.887803049670122,270.2988178228001,235.01320345972997,197.36507195249388,228.0411321414531,133.76093860388409,121.81116468633014,99.0874402380782,115.1238215002241,67.41007693298073,62.51027592186387,51.0091012345524,58.50873906250917
2026-05-12,9,18.0,2026-05-23 18:00:00,11 days 18:00:00,282,15.82,126.99,936.4,128.1,0.0,256.12764183099387,223.53138271170533,177.697941658308,232.47231754027848,136.2656144402787,115.20747672876628,95.49246643644544,118.5407888854672,84.04282582502066,74.10017356894082,61.57349188770303,72.71248566878162
2026-05-12,9,18.0,2026-05-24 00:00:00,12 days 00:00:00,288,16.39,125.88,929.6,136.9,11.742446805408573,233.22850861816192,200.6037632809088,183.3087287237276,226.7224085467808,143.4437135374776,120.9496341435014,99.03177794813377,127.2314721312926,77.67731576676996,69.39425317101094,57.56079900472511,69.57947278134144
2026-05-12,9,18.0,2026-05-24 06:00:00,12 days 06:00:00,294,17.05,125.01,932.1,131.6,6.475095217268688,240.20648168425828,190.03854319428456,184.94436868458703,233.5323412617872,125.79876438244035,105.71709509662172,86.45689777144321,109.21454184640004,71.3347357026895,63.67828401625269,51.24455022647726,62.70184840685533
2026-05-12,9,18.0,2026-05-24 12:00:00,12 days 12:00:00,300,17.71,124.29,940.3,116.9,7.360724715297045,209.27314336654848,199.47772839641172,189.87277620586715,203.90704232628104,127.62493042554496,108.87440308549598,92.74225144627924,112.14029673751988,70.17204057467735,63.24760850909017,52.03827140020902,62.34159109090881
2026-05-12,9,18.0,2026-05-24 18:00:00,12 days 18:00:00,306,18.32,123.27,937.9,118.0,10.108726330945196,225.06226863102967,192.17658079005747,176.70116183655898,219.78336315062836,133.30212076398422,111.17264091819165,90.4679011637232,112.20961718593456,80.45738356207441,72.03992651250303,59.4358766352624,70.00287648250907
2026-05-12,9,18.0,2026-05-25 00:00:00,13 days 00:00:00,312,18.81,122.45,938.9,117.7,21.50828444417011,215.2354949398308,203.80523605082743,176.23273899455518,202.45907078447777,139.10113982259472,117.03361992002336,101.72884073851752,121.11081134674392,81.99856013808076,76.60779459763691,64.4657562713636,74.7399609989524
2026-05-12,7,19.0,2026-05-20 12:00:00,8 days 12:00:00,204,7.8,142.36,1006.9,15.0,57.98623876100679,0.0,0.0,0.0,0.0,0.0,0.0,0.0,0.0,0.0,0.0,0.0,0.0
2026-05-12,7,19.0,2026-05-20 18:00:00,8 days 18:00:00,210,8.35,141.7,1005.5,17.2,71.58595684618459,0.0,0.0,0.0,0.0,0.0,0.0,0.0,0.0,0.0,0.0,0.0,0.0
2026-05-12,7,19.0,2026-05-21 00:00:00,9 days 00:00:00,216,8.76,141.4,1007.8,18.7,75.59263624270835,0.0,0.0,0.0,0.0,0.0,0.0,0.0,0.0,0.0,0.0,0.0,0.0
2026-05-12,7,19.0,2026-05-21 06:00:00,9 days 06:00:00,222,9.51,140.41,1003.6,23.9,50.628257799059256,0.0,0.0,0.0,0.0,0.0,0.0,0.0,0.0,0.0,0.0,0.0,0.0
2026-05-12,7,19.0,2026-05-21 12:00:00,9 days 12:00:00,228,9.48,139.71,999.6,35.1,39.98461869834479,0.0,0.0,39.98461869834479,0.0,0.0,0.0,0.0,0.0,0.0,0.0,0.0,0.0
2026-05-12,7,19.0,2026-05-21 18:00:00,9 days 18:00:00,234,9.58,138.94,998.2,37.3,38.68170816852069,38.68170816852069,0.0,0.0,3.437442756812029,0.0,0.0,0.0,0.0,0.0,0.0,0.0,0.0
2026-05-12,7,19.0,2026-05-22 00:00:00,10 days 00:00:00,240,9.42,137.91,999.3,36.7,47.09759034153974,0.6400723499861414,0.0,0.0,47.09759034153974,0.0,0.0,0.0,0.0,0.0,0.0,0.0,0.0
2026-05-12,7,19.0,2026-05-22 06:00:00,10 days 06:00:00,246,9.54,137.62,1000.2,34.7,48.94827005220496,2.4599590572617758,0.0,0.0,48.94827005220496,0.0,0.0,0.0,0.0,0.0,0.0,0.0,0.0
2026-05-12,7,19.0,2026-05-22 12:00:00,10 days 12:00:00,252,9.55,136.52,1004.0,29.9,40.60376018097266,0.0,0.0,0.0,0.0,0.0,0.0,0.0,0.0,0.0,0.0,0.0,0.0
2026-05-12,7,19.0,2026-05-22 18:00:00,10 days 18:00:00,258,9.88,136.04,1000.6,27.4,61.64345016802393,0.0,0.0,0.0,0.0,0.0,0.0,0.0,0.0,0.0,0.0,0.0,0.0
2026-05-12,7,19.0,2026-05-23 00:00:00,11 days 00:00:00,264,9.5,135.33,1004.8,23.1,76.99540759826264,0.0,0.0,0.0,0.0,0.0,0.0,0.0,0.0,0.0,0.0,0.0,0.0
2026-05-12,7,19.0,2026-05-23 06:00:00,11 days 06:00:00,270,9.45,134.25,1000.4,30.7,55.30394605465528,0.0,0.0,0.0,0.0,0.0,0.0,0.0,0.0,0.0,0.0,0.0,0.0
2026-05-12,7,19.0,2026-05-23 12:00:00,11 days 12:00:00,276,9.38,133.36,1004.4,32.4,101.52776082804256,0.0,0.0,0.0,0.0,0.0,0.0,0.0,0.0,0.0,0.0,0.0,0.0
2026-05-12,7,19.0,2026-05-23 18:00:00,11 days 18:00:00,282,9.62,132.49,1001.5,38.4,91.87987048209176,91.87987048209176,52.55381920429113,45.55142785081489,51.89447191465945,0.0,0.0,0.0,0.0,0.0,0.0,0.0,0.0
2026-05-12,7,19.0,2026-05-24 00:00:00,12 days 00:00:00,288,9.99,132.58,996.8,43.3,65.81699526369214,80.32254681126327,71.84206529417058,52.46394179748002,62.9061833741357,0.0,0.0,0.0,0.0,0.0,0.0,0.0,0.0
2026-05-12,7,19.0,2026-05-24 06:00:00,12 days 06:00:00,294,10.19,131.77,999.2,36.2,80.19050157320629,4.404413715516579,1.166319102550478,4.048341014096781,80.19050157320629,0.0,0.0,0.0,0.0,0.0,0.0,0.0,0.0
2026-05-12,7,19.0,2026-05-24 12:00:00,12 days 12:00:00,300,10.21,130.98,998.8,35.4,65.76631836027252,0.0,0.0,1.6159824284803932,65.76631836027252,0.0,0.0,0.0,0.0,0.0,0.0,0.0,0.0
2026-05-12,7,19.0,2026-05-24 18:00:00,12 days 18:00:00,306,10.27,129.9,993.3,50.4,52.03920549589327,181.4750585210149,162.8561065378376,134.359526073246,159.69510249320112,52.03920549589327,4.110176425799776,1.0977077226594774,5.188112265237893,0.0,0.0,0.0,0.0
2026-05-12,7,19.0,2026-05-25 00:00:00,13 days 00:00:00,312,10.37,129.37,989.1,52.9,37.8545601031355,193.4533236533196,178.53899292712478,148.19056147395446,169.44478007867485,37.8545601031355,0.0,0.0,0.0,0.0,0.0,0.0,0.0
2026-05-12,11,20.0,2026-05-23 18:00:00,11 days 18:00:00,282,8.52,135.99,1005.8,16.1,102.60241926307116,0.0,0.0,0.0,0.0,0.0,0.0,0.0,0.0,0.0,0.0,0.0,0.0
2026-05-12,11,20.0,2026-05-24 00:00:00,12 days 00:00:00,288,11.14,135.29,1006.4,21.5,82.83938802774745,0.0,0.0,0.0,0.0,0.0,0.0,0.0,0.0,0.0,0.0,0.0,0.0
2026-05-12,11,20.0,2026-05-24 06:00:00,12 days 06:00:00,294,11.84,134.24,1006.1,20.9,70.12810844474618,0.0,0.0,0.0,0.0,0.0,0.0,0.0,0.0,0.0,0.0,0.0,0.0
2026-05-12,11,20.0,2026-05-24 12:00:00,12 days 12:00:00,300,11.45,134.3,1008.1,15.5,97.74735011620498,0.0,0.0,0.0,0.0,0.0,0.0,0.0,0.0,0.0,0.0,0.0,0.0
2026-05-12,11,20.0,2026-05-24 18:00:00,12 days 18:00:00,306,12.19,133.88,1007.6,15.2,140.6864321522399,0.0,0.0,0.0,0.0,0.0,0.0,0.0,0.0,0.0,0.0,0.0,0.0
2026-05-12,11,20.0,2026-05-25 00:00:00,13 days 00:00:00,312,12.86,132.46,1007.3,19.9,148.0907981287652,0.0,0.0,0.0,0.0,0.0,0.0,0.0,0.0,0.0,0.0,0.0,0.0
2026-05-12,12,22.0,2026-05-23 00:00:00,11 days 00:00:00,264,14.4,69.78,999.7,33.4,105.0639782642082,0.0,0.0,0.0,0.0,0.0,0.0,0.0,0.0,0.0,0.0,0.0,0.0
2026-05-12,12,22.0,2026-05-23 06:00:00,11 days 06:00:00,270,14.6,69.66,1000.7,29.4,45.0489272004701,0.0,0.0,0.0,0.0,0.0,0.0,0.0,0.0,0.0,0.0,0.0,0.0
2026-05-12,12,22.0,2026-05-23 12:00:00,11 days 12:00:00,276,14.55,69.67,992.3,50.9,35.39150155851983,149.35640424197334,144.75810075332365,126.8300651389059,130.5587047796016,56.73740993947421,52.08970926231287,38.24808531373214,43.69850788689282,0.0,0.0,0.0,0.0
2026-05-12,12,22.0,2026-05-23 18:00:00,11 days 18:00:00,282,14.65,69.55,996.4,48.0,34.176512810170856,36.18351877720956,30.9124114374754,24.60990366781521,31.932891641461307,0.0,0.0,0.0,0.0,0.0,0.0,0.0,0.0
2026-05-12,12,22.0,2026-05-24 00:00:00,12 days 00:00:00,288,14.59,69.46,993.1,42.6,81.40428552450416,259.52260911411423,250.91253124512477,197.4374176092619,214.74749546764144,0.0,0.0,0.0,0.0,0.0,0.0,0.0,0.0
2026-05-12,12,22.0,2026-05-24 06:00:00,12 days 06:00:00,294,14.91,68.99,997.3,46.1,37.56269825806218,174.0867420868468,146.6059909440536,133.82210590272075,160.18721621543432,0.0,0.0,0.0,0.0,0.0,0.0,0.0,0.0
2026-05-12,12,22.0,2026-05-24 12:00:00,12 days 12:00:00,300,14.75,69.01,992.8,52.4,40.61323851406985,211.9686535995168,201.71830980493175,206.5710369841745,197.87445757300952,57.92687005638379,61.107066236794594,55.96723481756084,48.6787168839378,0.0,0.0,0.0,0.0
2026-05-12,12,22.0,2026-05-24 18:00:00,12 days 18:00:00,306,14.86,68.32,973.7,69.1,69.94239266120807,200.2579188954892,160.94666968238008,180.20045686021828,246.5098369720107,99.78664874571746,73.91129775070094,61.987513325139496,84.94467014794066,1.595526772158517,0.0,0.0,69.94239266120807
2026-05-12,12,22.0,2026-05-25 00:00:00,13 days 00:00:00,312,15.22,67.55,987.8,47.0,71.88654662933104,219.53782988033575,184.01732094235743,165.61828211838653,211.2597630516169,0.0,0.0,0.0,0.0,0.0,0.0,0.0,0.0
2026-05-12,10,23.0,2026-05-22 06:00:00,10 days 06:00:00,246,9.0,133.49,1008.4,17.6,112.2494368008879,0.0,0.0,0.0,0.0,0.0,0.0,0.0,0.0,0.0,0.0,0.0,0.0
2026-05-12,10,23.0,2026-05-22 12:00:00,10 days 12:00:00,252,8.1,132.47,1003.7,23.8,72.05630683784909,0.0,0.0,0.0,0.0,0.0,0.0,0.0,0.0,0.0,0.0,0.0,0.0
2026-05-12,10,23.0,2026-05-22 18:00:00,10 days 18:00:00,258,9.14,132.52,1006.8,17.2,72.89880774146039,0.0,0.0,0.0,0.0,0.0,0.0,0.0,0.0,0.0,0.0,0.0,0.0
2026-05-12,10,23.0,2026-05-23 00:00:00,11 days 00:00:00,264,9.31,131.81,1008.7,21.0,95.7073773813684,0.0,0.0,0.0,0.0,0.0,0.0,0.0,0.0,0.0,0.0,0.0,0.0
2026-05-12,10,23.0,2026-05-23 06:00:00,11 days 06:00:00,270,10.16,130.14,1008.1,17.8,160.11105754065375,0.0,0.0,0.0,0.0,0.0,0.0,0.0,0.0,0.0,0.0,0.0,0.0
2026-05-12,10,23.0,2026-05-23 12:00:00,11 days 12:00:00,276,8.7,130.3,1005.0,19.1,69.51956619366736,0.0,0.0,0.0,0.0,0.0,0.0,0.0,0.0,0.0,0.0,0.0,0.0
2026-05-12,10,23.0,2026-05-23 18:00:00,11 days 18:00:00,282,8.82,129.47,1005.6,20.6,70.3602249867187,0.0,0.0,0.0,0.0,0.0,0.0,0.0,0.0,0.0,0.0,0.0,0.0
2026-05-12,10,23.0,2026-05-24 00:00:00,12 days 00:00:00,288,9.02,128.5,1000.1,26.9,58.97149352607126,0.0,0.0,0.0,0.0,0.0,0.0,0.0,0.0,0.0,0.0,0.0,0.0
2026-05-12,10,23.0,2026-05-24 06:00:00,12 days 06:00:00,294,9.07,128.01,1004.1,27.6,80.8986899275388,0.0,0.0,0.0,0.0,0.0,0.0,0.0,0.0,0.0,0.0,0.0,0.0
2026-05-12,10,23.0,2026-05-24 12:00:00,12 days 12:00:00,300,9.36,128.15,1004.9,24.1,64.81555066512904,0.0,0.0,0.0,0.0,0.0,0.0,0.0,0.0,0.0,0.0,0.0,0.0
2026-05-12,10,23.0,2026-05-24 18:00:00,12 days 18:00:00,306,9.69,128.0,1003.0,25.9,59.444982196568255,0.0,0.0,0.0,0.0,0.0,0.0,0.0,0.0,0.0,0.0,0.0,0.0
2026-05-12,10,23.0,2026-05-25 00:00:00,13 days 00:00:00,312,9.65,126.65,1004.2,25.9,89.7211656296829,0.0,0.0,0.0,0.0,0.0,0.0,0.0,0.0,0.0,0.0,0.0,0.0
2026-05-12,12,24.0,2026-05-23 18:00:00,11 days 18:00:00,282,10.51,134.92,1009.3,15.2,95.92505833041002,0.0,0.0,0.0,0.0,0.0,0.0,0.0,0.0,0.0,0.0,0.0,0.0
2026-05-12,12,24.0,2026-05-24 00:00:00,12 days 00:00:00,288,10.6,134.7,1007.2,18.3,95.52647657901085,0.0,0.0,0.0,0.0,0.0,0.0,0.0,0.0,0.0,0.0,0.0,0.0
2026-05-12,12,24.0,2026-05-24 06:00:00,12 days 06:00:00,294,10.86,133.42,1005.6,24.1,71.68799864115347,0.0,0.0,0.0,0.0,0.0,0.0,0.0,0.0,0.0,0.0,0.0,0.0
2026-05-12,12,24.0,2026-05-24 12:00:00,12 days 12:00:00,300,10.83,132.73,1006.4,22.5,81.06644864179769,0.0,0.0,0.0,0.0,0.0,0.0,0.0,0.0,0.0,0.0,0.0,0.0
2026-05-12,12,24.0,2026-05-24 18:00:00,12 days 18:00:00,306,10.86,131.53,1007.0,20.2,69.50802027776761,0.0,0.0,0.0,0.0,0.0,0.0,0.0,0.0,0.0,0.0,0.0,0.0
2026-05-12,12,24.0,2026-05-25 00:00:00,13 days 00:00:00,312,11.6,129.7,1002.6,29.3,90.21335577163238,0.0,0.0,0.0,0.0,0.0,0.0,0.0,0.0,0.0,0.0,0.0,0.0
2026-05-12,2,24.0,2026-05-14 18:00:00,2 days 18:00:00,66,12.14,82.99,999.3,30.7,79.89035067313313,0.0,0.0,0.0,0.0,0.0,0.0,0.0,0.0,0.0,0.0,0.0,0.0
2026-05-12,2,24.0,2026-05-15 00:00:00,3 days 00:00:00,72,13.02,82.55,1000.6,26.1,106.4991956979014,0.0,0.0,0.0,0.0,0.0,0.0,0.0,0.0,0.0,0.0,0.0,0.0
2026-05-12,2,24.0,2026-05-15 06:00:00,3 days 06:00:00,78,11.88,81.72,992.3,45.1,48.07638357080258,48.07638357080258,13.30516331968998,11.1610552996149,14.374806842040398,0.0,0.0,0.0,0.0,0.0,0.0,0.0,0.0
2026-05-12,2,24.0,2026-05-15 12:00:00,3 days 12:00:00,84,11.92,81.69,990.9,47.3,77.76035511190659,3.585991663318873,4.71027799548292,77.76035511190659,6.442613856757438,0.0,0.0,0.0,0.0,0.0,0.0,0.0,0.0
2026-05-12,2,24.0,2026-05-15 18:00:00,3 days 18:00:00,90,11.76,81.44,984.7,49.8,30.21398422975585,79.49373614484688,68.65270206747651,52.81662641337801,72.41452699403062,0.0,0.0,0.0,0.0,0.0,0.0,0.0,0.0
2026-05-12,2,24.0,2026-05-16 00:00:00,4 days 00:00:00,96,11.93,81.08,984.8,55.5,60.42128996543705,193.7097306266578,180.3816743238625,161.29894085001703,162.98350394820517,60.42128996543705,3.831343751904978,2.177278148208924,3.2778746708654043,0.0,0.0,0.0,0.0
2026-05-12,2,24.0,2026-05-16 06:00:00,4 days 06:00:00,102,12.19,80.88,991.4,38.7,75.85106083265963,56.47225496279759,50.730951948584725,75.85106083265963,59.40422031261146,0.0,0.0,0.0,0.0,0.0,0.0,0.0,0.0
2026-05-12,2,24.0,2026-05-16 12:00:00,4 days 12:00:00,108,12.16,80.43,996.9,36.0,49.57981337604454,68.52559059459055,64.6103411051139,59.82006644098368,59.42803607106271,0.0,0.0,0.0,0.0,0.0,0.0,0.0,0.0
2026-05-12,2,24.0,2026-05-16 18:00:00,4 days 18:00:00,114,12.52,79.89,997.5,34.0,54.76159703871314,104.07496099029883,102.7227552030846,88.4078284183731,94.85377847739178,0.0,0.0,0.0,0.0,0.0,0.0,0.0,0.0
2026-05-12,2,24.0,2026-05-17 00:00:00,5 days 00:00:00,120,12.86,80.04,997.9,30.8,48.96391143369421,0.0,0.0,0.0,0.0,0.0,0.0,0.0,0.0,0.0,0.0,0.0,0.0
2026-05-12,2,24.0,2026-05-17 06:00:00,5 days 06:00:00,126,13.38,79.79,997.3,26.8,95.9871099710576,0.0,0.0,0.0,0.0,0.0,0.0,0.0,0.0,0.0,0.0,0.0,0.0
2026-05-12,2,24.0,2026-05-17 12:00:00,5 days 12:00:00,132,13.37,79.62,995.6,24.9,94.38471711709768,0.0,0.0,0.0,0.0,0.0,0.0,0.0,0.0,0.0,0.0,0.0,0.0
2026-05-12,2,24.0,2026-05-17 18:00:00,5 days 18:00:00,138,13.42,79.4,1001.3,26.5,78.18405448673826,0.0,0.0,0.0,0.0,0.0,0.0,0.0,0.0,0.0,0.0,0.0,0.0
2026-05-12,2,24.0,2026-05-18 00:00:00,6 days 00:00:00,144,14.66,78.9,1005.5,17.8,60.44557258630574,0.0,0.0,0.0,0.0,0.0,0.0,0.0,0.0,0.0,0.0,0.0,0.0
2026-05-12,10,26.0,2026-05-23 12:00:00,11 days 12:00:00,276,7.31,148.72,1007.2,21.0,150.01144296067253,0.0,0.0,0.0,0.0,0.0,0.0,0.0,0.0,0.0,0.0,0.0,0.0
2026-05-12,10,26.0,2026-05-23 18:00:00,11 days 18:00:00,282,7.29,147.5,1005.8,26.4,139.7714012780491,0.0,0.0,0.0,0.0,0.0,0.0,0.0,0.0,0.0,0.0,0.0,0.0
2026-05-12,10,26.0,2026-05-24 00:00:00,12 days 00:00:00,288,8.23,146.79,1007.4,18.0,133.48906377386305,0.0,0.0,0.0,0.0,0.0,0.0,0.0,0.0,0.0,0.0,0.0,0.0
2026-05-12,10,26.0,2026-05-24 06:00:00,12 days 06:00:00,294,8.69,145.99,1001.8,32.7,97.68941582688292,0.0,0.0,0.0,0.0,0.0,0.0,0.0,0.0,0.0,0.0,0.0,0.0
2026-05-12,10,26.0,2026-05-24 12:00:00,12 days 12:00:00,300,9.44,144.28,996.9,45.6,52.09908352568489,57.01808278081862,46.76788603604394,36.364376864210925,45.38729395860605,0.0,0.0,0.0,0.0,0.0,0.0,0.0,0.0
2026-05-12,10,26.0,2026-05-24 18:00:00,12 days 18:00:00,306,10.04,143.39,999.7,40.7,99.4992010236773,188.7704179302891,162.42186227161346,122.10096078831418,151.84587071489523,0.0,0.0,0.0,0.0,0.0,0.0,0.0,0.0
2026-05-12,10,26.0,2026-05-25 00:00:00,13 days 00:00:00,312,10.74,142.57,996.6,44.5,53.53532950892219,149.71654530998342,123.10966056989962,86.50133569307958,120.2520581140138,0.0,0.0,0.0,0.0,0.0,0.0,0.0,0.0
2026-05-12,3,26.0,2026-05-18 12:00:00,6 days 12:00:00,156,31.31,-71.07,1013.6,32.7,87.8850598663316,0.0,0.0,0.0,0.0,0.0,0.0,0.0,0.0,0.0,0.0,0.0,0.0
2026-05-12,3,26.0,2026-05-18 18:00:00,6 days 18:00:00,162,31.42,-70.04,1013.5,29.5,104.25741994483909,0.0,0.0,0.0,0.0,0.0,0.0,0.0,0.0,0.0,0.0,0.0,0.0
2026-05-12,3,26.0,2026-05-19 00:00:00,7 days 00:00:00,168,32.42,-70.73,1014.1,23.5,63.46857809844019,0.0,0.0,0.0,0.0,0.0,0.0,0.0,0.0,0.0,0.0,0.0,0.0
2026-05-12,3,26.0,2026-05-19 06:00:00,7 days 06:00:00,174,32.72,-70.51,1013.2,28.8,69.85860988133234,0.0,0.0,0.0,0.0,0.0,0.0,0.0,0.0,0.0,0.0,0.0,0.0
2026-05-12,3,26.0,2026-05-19 12:00:00,7 days 12:00:00,180,33.49,-69.77,1011.2,33.2,107.43704859692129,0.0,0.0,0.0,0.0,0.0,0.0,0.0,0.0,0.0,0.0,0.0,0.0
2026-05-12,3,26.0,2026-05-19 18:00:00,7 days 18:00:00,186,34.35,-69.72,1014.4,28.6,127.40920997649415,0.0,0.0,0.0,0.0,0.0,0.0,0.0,0.0,0.0,0.0,0.0,0.0
2026-05-12,3,26.0,2026-05-20 00:00:00,8 days 00:00:00,192,35.2,-68.95,1011.3,25.5,45.30673133380668,0.0,0.0,0.0,0.0,0.0,0.0,0.0,0.0,0.0,0.0,0.0,0.0
2026-05-12,3,26.0,2026-05-20 06:00:00,8 days 06:00:00,198,36.44,-67.38,1012.3,24.2,45.377376260535485,0.0,0.0,0.0,0.0,0.0,0.0,0.0,0.0,0.0,0.0,0.0,0.0
2026-05-12,3,26.0,2026-05-20 12:00:00,8 days 12:00:00,204,37.38,-65.06,1010.9,31.8,91.1643627099105,0.0,0.0,0.0,0.0,0.0,0.0,0.0,0.0,0.0,0.0,0.0,0.0
2026-05-12,3,26.0,2026-05-20 18:00:00,8 days 18:00:00,210,38.22,-63.04,1013.6,25.7,119.16134084552772,0.0,0.0,0.0,0.0,0.0,0.0,0.0,0.0,0.0,0.0,0.0,0.0
2026-05-12,3,26.0,2026-05-21 00:00:00,9 days 00:00:00,216,38.07,-60.42,1012.0,27.8,91.75803060782414,0.0,0.0,0.0,0.0,0.0,0.0,0.0,0.0,0.0,0.0,0.0,0.0
2026-05-12,3,26.0,2026-05-21 06:00:00,9 days 06:00:00,222,39.37,-56.65,1010.2,37.9,57.48676477953288,0.0,0.0,57.48676477953288,0.2583530336069088,0.0,0.0,0.0,0.0,0.0,0.0,0.0,0.0
2026-05-12,5,26.0,2026-05-20 12:00:00,8 days 12:00:00,204,7.4,138.86,1007.6,19.8,159.03572170235498,0.0,0.0,0.0,0.0,0.0,0.0,0.0,0.0,0.0,0.0,0.0,0.0
2026-05-12,5,26.0,2026-05-20 18:00:00,8 days 18:00:00,210,8.04,138.13,1007.0,18.6,125.02195941913637,0.0,0.0,0.0,0.0,0.0,0.0,0.0,0.0,0.0,0.0,0.0,0.0
2026-05-12,5,26.0,2026-05-21 00:00:00,9 days 00:00:00,216,8.29,138.3,1006.6,20.4,143.5286100907532,0.0,0.0,0.0,0.0,0.0,0.0,0.0,0.0,0.0,0.0,0.0,0.0
2026-05-12,5,26.0,2026-05-21 06:00:00,9 days 06:00:00,222,8.15,136.9,999.9,35.8,72.52436386632897,188.75181596592623,169.55215785274186,144.66388258122782,165.11666419491672,0.0,0.0,0.0,0.0,0.0,0.0,0.0,0.0
2026-05-12,5,26.0,2026-05-21 12:00:00,9 days 12:00:00,228,8.42,136.38,999.6,39.0,44.34644294361659,167.2917807880571,157.99651969593856,142.10457505916688,155.23099348643552,0.0,0.0,0.0,0.0,0.0,0.0,0.0,0.0
2026-05-12,5,26.0,2026-05-21 18:00:00,9 days 18:00:00,234,8.64,135.61,999.0,40.7,44.266059259860015,130.9316492425997,115.3055161220361,83.1648186348446,114.02742283348977,0.0,0.0,0.0,0.0,0.0,0.0,0.0,0.0
2026-05-12,5,26.0,2026-05-22 00:00:00,10 days 00:00:00,240,8.86,134.98,993.6,53.4,42.71780755778117,165.4836140121022,147.18186098015738,157.71768732325887,176.13404246531138,59.1513664176769,53.10586752312466,44.64847403781372,51.21423821648247,0.0,0.0,0.0,0.0
2026-05-12,5,26.0,2026-05-22 06:00:00,10 days 06:00:00,246,9.61,134.26,996.3,45.4,71.51090679027874,141.30810662005564,119.9917553379874,93.58018968210818,116.77982518254498,0.0,0.0,0.0,0.0,0.0,0.0,0.0,0.0
2026-05-12,5,26.0,2026-05-22 12:00:00,10 days 12:00:00,252,9.8,133.33,988.1,70.6,8.092562641050446,150.3053740371794,107.70673903952648,87.76544005688663,133.92221692426773,77.03462119762075,60.856434167311285,47.077721220723646,63.8142904148247,34.330269304945645,28.832196265449603,22.86007148139481,28.79643625833467
2026-05-12,5,26.0,2026-05-22 18:00:00,10 days 18:00:00,258,10.03,132.11,967.7,86.1,21.339575701894454,178.1151439612405,145.9044127155741,125.58671463249571,163.68845436241196,85.29468917336685,73.50319465298902,64.38602305769058,74.75819141288905,51.12996234939661,45.36551688632272,38.03444115959536,44.25172227250369
2026-05-12,5,26.0,2026-05-23 00:00:00,11 days 00:00:00,264,10.42,130.72,972.4,78.8,8.602576108765447,188.29053149124184,141.5805906899318,113.5943302989358,161.27428335803188,102.93521373023395,82.83869933368373,62.469043829110205,85.36585499268085,45.33888782771282,36.76615108903627,29.17267442651007,37.58314579319404
2026-05-12,5,26.0,2026-05-23 06:00:00,11 days 06:00:00,270,10.86,129.47,944.5,111.3,18.03651747424746,182.7087082041668,134.74036052365864,129.40083296962314,161.33228877935582,88.17645714203252,74.21898974870626,62.66031034402025,78.40332148474856,52.737522883478334,45.00471660586939,38.11888915360687,46.19951775290261
2026-05-12,5,26.0,2026-05-23 12:00:00,11 days 12:00:00,276,11.16,128.39,926.0,135.9,17.965169281478147,209.24143599194645,173.12473223922535,169.77038390935795,209.4321258877117,117.48043699623295,99.08982115886072,87.09114596120519,106.5049029801952,63.81435441522788,54.89803543669237,46.70314057636335,56.81283770220749
2026-05-12,5,26.0,2026-05-23 18:00:00,11 days 18:00:00,282,11.66,127.27,929.9,134.5,10.229295209358128,239.13787389821653,199.20387903359688,161.74065698105437,220.74391965600057,130.98612560929928,106.24275385905946,78.60082422001551,110.0395366566575,71.90203881202979,60.165937211858335,48.05286160905908,61.88140330596645
2026-05-12,5,26.0,2026-05-24 00:00:00,12 days 00:00:00,288,12.06,126.23,924.2,143.8,0.0,227.2790065844585,196.38866618618383,170.73982697825605,217.1835887752317,141.6242881430941,119.09784841235856,100.09106471694729,126.53027836692362,95.42946291522902,87.02954699283258,71.81963277968546,85.39059460579398
2026-05-12,5,26.0,2026-05-24 06:00:00,12 days 06:00:00,294,12.76,125.32,920.0,134.4,6.214623176802272,214.7794390774146,162.50027178198016,169.83732009670982,226.048889354217,123.34495407315472,99.34527028973764,84.91678393363604,113.51891181120774,68.13559450615884,59.56993117763245,49.62220645971778,61.19187528254775
2026-05-12,5,26.0,2026-05-24 12:00:00,12 days 12:00:00,300,13.36,124.72,937.7,118.4,10.578795126742309,168.1955534312492,147.75760462261042,130.075967126656,142.89205990052142,97.1609707296384,85.64722918562074,65.92776848955418,81.66144144070586,61.65987876521581,56.39296361176298,45.20177074966455,53.76535326160001
2026-05-12,5,26.0,2026-05-24 18:00:00,12 days 18:00:00,306,13.86,123.75,940.1,119.1,0.0,196.5880366602816,161.1748653728901,147.97433053611354,184.00920996476927,114.24922265385088,97.30513053526738,85.98780815421784,105.96278107532606,77.50805308760604,72.68393519533257,59.78728732085506,70.18191869516671
2026-05-12,5,26.0,2026-05-25 00:00:00,13 days 00:00:00,312,14.2,123.36,951.5,97.4,24.123643958132902,187.40237893720516,149.63117529928303,156.90140972410225,179.05551454243482,113.11631336145052,93.71176602222228,86.41484354747216,102.5873830896991,61.86374656370782,57.8430909065814,48.131094910773015,56.47838841177837
2026-05-12,4,27.0,2026-05-18 06:00:00,6 days 06:00:00,150,9.75,144.1,1004.1,21.7,60.68964377440433,0.0,0.0,0.0,0.0,0.0,0.0,0.0,0.0,0.0,0.0,0.0,0.0
2026-05-12,4,27.0,2026-05-18 12:00:00,6 days 12:00:00,156,8.83,143.28,1003.9,26.3,92.56346496878348,0.0,0.0,0.0,0.0,0.0,0.0,0.0,0.0,0.0,0.0,0.0,0.0
2026-05-12,4,27.0,2026-05-18 18:00:00,6 days 18:00:00,162,9.44,142.73,1003.8,27.1,41.984842594105416,0.0,0.0,0.0,0.0,0.0,0.0,0.0,0.0,0.0,0.0,0.0,0.0
2026-05-12,4,27.0,2026-05-19 00:00:00,7 days 00:00:00,168,9.7,141.54,1004.9,23.7,60.91717468453231,0.0,0.0,0.0,0.0,0.0,0.0,0.0,0.0,0.0,0.0,0.0,0.0
2026-05-12,4,27.0,2026-05-19 06:00:00,7 days 06:00:00,174,9.24,140.31,1004.2,27.1,104.10610369881346,0.0,0.0,0.0,0.0,0.0,0.0,0.0,0.0,0.0,0.0,0.0,0.0
2026-05-12,4,27.0,2026-05-19 12:00:00,7 days 12:00:00,180,9.09,139.82,1006.3,23.1,68.05460064433613,0.0,0.0,0.0,0.0,0.0,0.0,0.0,0.0,0.0,0.0,0.0,0.0
2026-05-12,4,27.0,2026-05-19 18:00:00,7 days 18:00:00,186,8.81,138.55,1003.0,27.6,64.05254984598572,0.0,0.0,0.0,0.0,0.0,0.0,0.0,0.0,0.0,0.0,0.0,0.0
2026-05-12,4,27.0,2026-05-20 00:00:00,8 days 00:00:00,192,8.19,137.85,1005.8,23.4,57.57210817058734,0.0,0.0,0.0,0.0,0.0,0.0,0.0,0.0,0.0,0.0,0.0,0.0
2026-05-12,4,27.0,2026-05-20 06:00:00,8 days 06:00:00,198,7.44,138.02,1003.2,23.8,87.91127567810457,0.0,0.0,0.0,0.0,0.0,0.0,0.0,0.0,0.0,0.0,0.0,0.0
2026-05-12,4,27.0,2026-05-20 12:00:00,8 days 12:00:00,204,7.61,137.03,1007.8,20.0,117.1611018669137,0.0,0.0,0.0,0.0,0.0,0.0,0.0,0.0,0.0,0.0,0.0,0.0
2026-05-12,4,27.0,2026-05-20 18:00:00,8 days 18:00:00,210,8.37,135.99,1004.8,21.1,107.7352138256621,0.0,0.0,0.0,0.0,0.0,0.0,0.0,0.0,0.0,0.0,0.0,0.0
2026-05-12,4,27.0,2026-05-21 00:00:00,9 days 00:00:00,216,7.85,135.5,1006.1,20.3,80.60223862314714,0.0,0.0,0.0,0.0,0.0,0.0,0.0,0.0,0.0,0.0,0.0,0.0
2026-05-12,4,27.0,2026-05-21 06:00:00,9 days 06:00:00,222,7.94,135.94,1002.1,22.6,61.89776747089628,0.0,0.0,0.0,0.0,0.0,0.0,0.0,0.0,0.0,0.0,0.0,0.0
2026-05-12,6,27.0,2026-05-22 00:00:00,10 days 00:00:00,240,7.65,133.63,1009.2,17.8,129.53214342550288,0.0,0.0,0.0,0.0,0.0,0.0,0.0,0.0,0.0,0.0,0.0,0.0
2026-05-12,6,27.0,2026-05-22 06:00:00,10 days 06:00:00,246,8.13,133.18,1003.4,21.9,63.567064335344895,0.0,0.0,0.0,0.0,0.0,0.0,0.0,0.0,0.0,0.0,0.0,0.0
2026-05-12,6,27.0,2026-05-22 12:00:00,10 days 12:00:00,252,8.28,132.6,1004.5,20.2,111.06866878898084,0.0,0.0,0.0,0.0,0.0,0.0,0.0,0.0,0.0,0.0,0.0,0.0
2026-05-12,6,27.0,2026-05-22 18:00:00,10 days 18:00:00,258,9.11,132.03,998.9,28.1,68.31506439062558,0.0,0.0,0.0,0.0,0.0,0.0,0.0,0.0,0.0,0.0,0.0,0.0
2026-05-12,6,27.0,2026-05-23 00:00:00,11 days 00:00:00,264,9.43,131.3,1000.9,39.3,58.74036661648009,58.74036661648009,14.357709019688029,7.391273313845156,7.116585980585165,0.0,0.0,0.0,0.0,0.0,0.0,0.0,0.0
2026-05-12,6,27.0,2026-05-23 06:00:00,11 days 06:00:00,270,10.14,130.11,996.7,45.2,36.16869066599412,68.1615776954942,57.01110405204631,49.16962870426721,58.16611100789624,0.0,0.0,0.0,0.0,0.0,0.0,0.0,0.0
2026-05-12,6,27.0,2026-05-23 12:00:00,11 days 12:00:00,276,10.81,128.89,998.2,42.9,57.858737086424526,10.152527920952124,10.566424562735389,23.595038206590395,57.858737086424526,0.0,0.0,0.0,0.0,0.0,0.0,0.0,0.0
2026-05-12,6,27.0,2026-05-23 18:00:00,11 days 18:00:00,282,11.41,128.52,990.6,52.6,21.05914964168882,102.8645839189408,97.50473048160636,83.22983809312245,97.39436841267326,21.05914964168882,16.61382620474413,10.904690894538556,15.20656271473949,0.0,0.0,0.0,0.0
2026-05-12,6,27.0,2026-05-24 00:00:00,12 days 00:00:00,288,11.35,126.88,986.9,64.4,34.60076234296058,126.29176186506784,119.3505300544787,121.1633279584294,127.17908732427895,54.11561398995738,46.16020239407659,37.04786737305249,44.21196487359772,2.4353817697218263,0.9892314373885972,1.0424452010173957,34.60076234296058
2026-05-12,6,27.0,2026-05-24 06:00:00,12 days 06:00:00,294,12.15,126.27,985.7,61.5,20.71415756953607,134.6403957628836,112.4863984923869,105.0448350992814,129.01278194671457,75.32393120658647,60.94696655713798,46.30430052495258,61.948406226847375,0.0,0.0,0.0,0.0
2026-05-12,6,27.0,2026-05-24 12:00:00,12 days 12:00:00,300,12.61,125.2,982.7,67.4,3.120974298502346,129.03838647958617,103.04532445194262,99.96388084397572,125.98850645214586,76.6458917920356,60.26607235444827,45.82217821111733,63.80233016096192,18.723182906132365,12.24166934691234,9.039307865617172,16.056549514453437
2026-05-12,6,27.0,2026-05-24 18:00:00,12 days 18:00:00,306,12.82,123.84,960.0,98.4,32.42532449020497,163.26416063644592,117.35734885590269,106.4902723279814,145.57640134770102,69.12310810401868,52.44907599394079,45.29395132523541,59.70151777633456,35.29507515207992,27.92631461204816,23.02483090870344,31.539581995925104
2026-05-12,6,27.0,2026-05-25 00:00:00,13 days 00:00:00,312,13.43,123.1,984.0,58.8,50.11033250489855,107.13881916593832,99.0415774854574,76.29345967060938,87.35095866285255,50.11033250489855,0.0,0.0,0.0,0.0,0.0,0.0,0.0
2026-05-12,11,28.0,2026-05-22 06:00:00,10 days 06:00:00,246,15.55,65.96,1002.6,21.0,82.56841373317967,0.0,0.0,0.0,0.0,0.0,0.0,0.0,0.0,0.0,0.0,0.0,0.0
2026-05-12,11,28.0,2026-05-22 12:00:00,10 days 12:00:00,252,16.18,65.93,999.1,34.1,50.65497075854744,0.0,0.0,50.65497075854744,1.4518711530327373,0.0,0.0,0.0,0.0,0.0,0.0,0.0,0.0
2026-05-12,11,28.0,2026-05-22 18:00:00,10 days 18:00:00,258,16.48,65.15,1001.6,30.0,64.79968729359973,0.0,0.0,0.0,0.0,0.0,0.0,0.0,0.0,0.0,0.0,0.0,0.0
2026-05-12,11,28.0,2026-05-23 00:00:00,11 days 00:00:00,264,16.91,65.04,1002.0,25.9,88.97105256877762,0.0,0.0,0.0,0.0,0.0,0.0,0.0,0.0,0.0,0.0,0.0,0.0
2026-05-12,11,28.0,2026-05-23 06:00:00,11 days 06:00:00,270,17.8,64.64,1000.8,28.7,56.94295169120996,0.0,0.0,0.0,0.0,0.0,0.0,0.0,0.0,0.0,0.0,0.0,0.0
2026-05-12,11,28.0,2026-05-23 12:00:00,11 days 12:00:00,276,18.36,64.62,1003.3,31.0,40.84812766151319,0.0,0.0,0.0,0.0,0.0,0.0,0.0,0.0,0.0,0.0,0.0,0.0
2026-05-12,11,28.0,2026-05-23 18:00:00,11 days 18:00:00,282,18.55,63.37,998.9,36.2,67.25358514625356,67.25358514625356,35.85119023137324,32.092266955108926,43.535910742274496,0.0,0.0,0.0,0.0,0.0,0.0,0.0,0.0
2026-05-12,11,28.0,2026-05-24 00:00:00,12 days 00:00:00,288,19.21,63.43,999.1,33.7,78.04512132719913,0.0,0.0,0.0,0.0,0.0,0.0,0.0,0.0,0.0,0.0,0.0,0.0
2026-05-12,11,28.0,2026-05-24 06:00:00,12 days 06:00:00,294,18.94,62.71,1000.1,33.8,34.49265928942455,0.0,0.0,0.0,0.0,0.0,0.0,0.0,0.0,0.0,0.0,0.0,0.0
2026-05-12,11,28.0,2026-05-24 12:00:00,12 days 12:00:00,300,19.27,62.36,998.3,33.9,60.25797904322763,0.0,0.0,0.0,0.0,0.0,0.0,0.0,0.0,0.0,0.0,0.0,0.0
2026-05-12,11,28.0,2026-05-24 18:00:00,12 days 18:00:00,306,19.16,61.83,999.7,39.2,57.15457328218087,57.15457328218087,51.804946590097046,40.16744164120412,51.283346403188425,0.0,0.0,0.0,0.0,0.0,0.0,0.0,0.0
2026-05-12,11,28.0,2026-05-25 00:00:00,13 days 00:00:00,312,19.17,60.86,1002.2,29.6,14.704711089030496,0.0,0.0,0.0,0.0,0.0,0.0,0.0,0.0,0.0,0.0,0.0,0.0
2026-05-12,6,28.0,2026-05-16 18:00:00,4 days 18:00:00,114,7.18,148.76,1005.9,18.5,151.51721225541243,0.0,0.0,0.0,0.0,0.0,0.0,0.0,0.0,0.0,0.0,0.0,0.0
2026-05-12,6,28.0,2026-05-17 00:00:00,5 days 00:00:00,120,8.37,147.89,1003.6,24.0,70.32094008753582,0.0,0.0,0.0,0.0,0.0,0.0,0.0,0.0,0.0,0.0,0.0,0.0
2026-05-12,6,28.0,2026-05-17 06:00:00,5 days 06:00:00,126,8.69,147.44,1005.1,23.1,122.0773033941704,0.0,0.0,0.0,0.0,0.0,0.0,0.0,0.0,0.0,0.0,0.0,0.0
2026-05-12,6,28.0,2026-05-17 12:00:00,5 days 12:00:00,132,9.67,146.73,1002.4,26.2,76.5452383780117,0.0,0.0,0.0,0.0,0.0,0.0,0.0,0.0,0.0,0.0,0.0,0.0
2026-05-12,6,28.0,2026-05-17 18:00:00,5 days 18:00:00,138,10.02,145.76,995.1,42.5,49.75834287873404,89.66545698663366,65.1911510030295,49.95963356199493,70.1712876964267,0.0,0.0,0.0,0.0,0.0,0.0,0.0,0.0
2026-05-12,6,28.0,2026-05-18 00:00:00,6 days 00:00:00,144,10.52,144.55,994.8,46.4,36.15185378521968,159.7231475976993,148.92561951019584,123.52368890259996,135.60497410889232,0.0,0.0,0.0,0.0,0.0,0.0,0.0,0.0
2026-05-12,6,28.0,2026-05-18 06:00:00,6 days 06:00:00,150,10.66,143.75,993.6,45.8,41.41878783972581,111.9274058340324,76.43262101694197,40.00587199115572,86.42331789939111,0.0,0.0,0.0,0.0,0.0,0.0,0.0,0.0
2026-05-12,6,28.0,2026-05-18 12:00:00,6 days 12:00:00,156,11.25,142.67,979.8,66.3,11.583849483648727,144.06319150363367,97.6222572218671,75.58563881964733,123.37711116980816,61.94810543006128,45.08848210198799,30.490232492277944,48.00815482266912,18.19091323614475,12.985031197489596,8.318654926025175,14.222840035386897
2026-05-12,6,28.0,2026-05-18 18:00:00,6 days 18:00:00,162,11.43,141.99,997.0,47.4,26.77819348118173,82.66544912587452,48.90700768879815,11.103715433055417,67.19199834310321,0.0,0.0,0.0,0.0,0.0,0.0,0.0,0.0
2026-05-12,6,28.0,2026-05-19 00:00:00,7 days 00:00:00,168,11.6,141.13,998.1,40.7,37.24190635425728,69.49038932083849,31.76233735855676,8.781794525935958,50.86236643074202,0.0,0.0,0.0,0.0,0.0,0.0,0.0,0.0
2026-05-12,6,28.0,2026-05-19 06:00:00,7 days 06:00:00,174,12.2,140.34,994.6,49.8,21.85006240292684,194.44476601859597,152.93048375154052,105.01087745017202,154.59847329328443,0.0,0.0,0.0,0.0,0.0,0.0,0.0,0.0
2026-05-12,6,28.0,2026-05-19 12:00:00,7 days 12:00:00,180,12.76,139.53,998.8,48.1,64.56287507787633,123.32920887013792,88.21599646690683,49.31170354811588,99.5463620481136,0.0,0.0,0.0,0.0,0.0,0.0,0.0,0.0
2026-05-12,6,28.0,2026-05-19 18:00:00,7 days 18:00:00,186,12.6,138.59,986.6,59.7,26.01895341378164,79.03357650269675,53.46470317569877,41.21716692100942,70.73553908588381,26.01895341378164,11.06510675505306,6.410946409630272,13.008103151961468,0.0,0.0,0.0,0.0
2026-05-12,6,28.0,2026-05-20 00:00:00,8 days 00:00:00,192,13.13,137.82,990.3,59.0,31.675487213632096,236.47085844409048,187.16618883362756,136.89922777422453,200.6401144661468,93.88309302246309,72.98219058255745,50.56868621713829,71.29329477828924,0.0,0.0,0.0,0.0
2026-05-12,6,28.0,2026-05-20 06:00:00,8 days 06:00:00,198,13.19,137.03,988.4,60.3,0.0,123.39303567590434,90.51243133222812,66.32425809479346,104.50417685152536,43.04211882812948,30.37182651469591,18.413685683343928,30.63309839972655,0.0,0.0,0.0,0.0
2026-05-12,6,28.0,2026-05-20 12:00:00,8 days 12:00:00,204,13.24,135.99,985.6,69.2,39.39965995848044,119.83681373522457,73.66064588957121,61.96804540936555,105.60068581934028,48.86187043238331,30.931364817365417,18.513797517387303,34.7029260559061,39.39965995848044,3.121155248922654,0.0,5.574278538806568
2026-05-12,6,28.0,2026-05-20 18:00:00,8 days 18:00:00,210,13.27,135.53,975.5,71.1,31.211623278646243,128.6495713890916,74.64330679715027,68.86999302432838,120.82096002787006,65.10035689154165,44.13123294772649,36.58207580708398,54.81246821396866,31.211623278646243,16.67574245084235,13.138678629620642,19.021100943784845
2026-05-12,6,28.0,2026-05-21 00:00:00,9 days 00:00:00,216,13.33,134.43,962.6,96.9,8.211971017149061,116.99586525191744,80.88456945213018,83.03839341450977,113.0211854564542,60.75525697671516,46.16751015071304,39.0554405084226,51.19789764989737,28.73388896313648,24.731597558860365,19.30770393460436,25.8014910508226
2026-05-12,6,28.0,2026-05-21 06:00:00,9 days 06:00:00,222,13.56,133.53,970.6,82.4,3.0819457139337763,134.59543890490872,89.0413869074038,83.750461154303,126.13915380673402,53.607463791039606,40.213841709054186,29.93872625976428,45.96230374449327,23.16395763809858,18.72066687870444,14.233980838425005,19.61801743022588
2026-05-12,6,28.0,2026-05-21 12:00:00,9 days 12:00:00,228,13.54,132.67,946.7,106.9,7.178050342670799,155.8913570439595,105.51924185786146,108.39588745214252,153.97040387804125,72.82226488769594,49.862671612583824,34.095540145128275,61.78208076547881,33.0223378388511,24.50128072640432,18.825499536615474,28.871620183173597
2026-05-12,6,28.0,2026-05-21 18:00:00,9 days 18:00:00,234,14.25,131.78,926.5,133.8,17.268680550772352,200.40304625378187,152.6666792845401,117.21336241626469,169.31874462706992,84.21212741797393,68.22018004474012,65.83596836233211,71.25952918028901,58.78664369860642,56.46687594642052,48.9311326726413,56.42005115714214
2026-05-12,6,28.0,2026-05-22 00:00:00,10 days 00:00:00,240,14.66,131.08,970.2,81.1,10.310408208131406,167.1843793331509,132.98447308360187,112.5272295023504,131.5462811273606,55.918061014153295,42.88255387028471,27.03938547817239,41.515372046246966,10.310408208131406,2.257249074466152,0.2641071811652473,3.583134656392158
2026-05-12,6,28.0,2026-05-22 06:00:00,10 days 06:00:00,246,15.11,130.51,959.3,99.2,14.449031867624608,169.70824209073135,129.1809614671919,110.28202423998864,165.20088724722174,102.1576658339039,82.50950237555236,72.39236277166994,92.37124610666538,72.90234325680997,66.40858374235873,55.172569975856526,65.19679342635985
2026-05-12,6,28.0,2026-05-22 12:00:00,10 days 12:00:00,252,15.54,129.5,967.0,87.5,23.9798718047975,138.6460881081984,104.86845982488636,112.74625301859382,133.83787749525396,85.49884199436632,68.54079267433258,56.2849646445334,79.13357494252728,46.0940285583746,39.899742974258594,31.55188139805579,40.86422845195014
2026-05-12,6,28.0,2026-05-22 18:00:00,10 days 18:00:00,258,16.09,128.8,951.7,107.3,0.0,160.66102893362344,119.99639890709526,78.25278857691228,129.4196141413035,70.84467512075942,53.10710047380027,36.19827505158123,53.57157739647944,37.39192023399611,33.12094920859602,24.90819815527113,32.27829611382231
2026-05-12,6,28.0,2026-05-23 00:00:00,11 days 00:00:00,264,16.69,127.75,966.8,97.4,15.240556329147758,170.11771227372617,132.56601927567246,84.10701776725031,131.19929411164293,69.46262163920296,56.46023481199372,40.40607472228984,53.85032431742479,37.09312425709883,30.04297221975993,24.25156155574696,31.03886180408788
2026-05-12,6,28.0,2026-05-23 06:00:00,11 days 06:00:00,270,17.51,127.4,954.1,102.9,33.58313865529663,159.37195553807194,143.55810896617842,113.62237160935112,126.49800327218624,76.20398399417289,61.41489753112177,40.90212664164055,62.18032518178201,42.67891582568502,36.10099812242753,27.79464417350887,36.33402651850509
2026-05-12,6,28.0,2026-05-23 12:00:00,11 days 12:00:00,276,18.7,126.73,926.9,123.6,16.85371039745,168.19816952972928,149.09356077284664,126.62953244053983,138.36909303688537,82.44129351238234,66.67935171447708,49.98296817058685,67.92558569046365,44.54362195321034,37.45436493136848,32.24854832953983,39.689105867950815
2026-05-12,6,28.0,2026-05-23 18:00:00,11 days 18:00:00,282,19.72,126.21,941.1,117.1,34.05261043438969,214.4157936209258,179.80370453822854,124.7691689100726,154.3597449225697,92.44649215948584,77.7153268185387,53.83610762444636,74.54721027245836,56.21473110737642,49.6589002789471,37.86311858674341,49.47965536544479
2026-05-12,6,28.0,2026-05-24 00:00:00,12 days 00:00:00,288,20.39,126.16,958.8,98.4,12.214382361595248,167.84750943288077,160.34566259743002,110.69457095456028,129.97058906139958,84.38496024167016,70.15652780945612,44.8147088267358,66.25054236692552,49.54941636145032,43.98720558634944,32.24743664988578,41.45730116546022
2026-05-12,6,28.0,2026-05-24 06:00:00,12 days 06:00:00,294,21.52,126.4,941.0,116.7,21.16033182933329,176.15184111063593,199.16571901331892,146.40045775921462,140.3660003367972,95.7555809960774,91.60771357223392,68.56107714171705,80.48582184046123,54.736599331259626,52.020149075529325,41.56239010465831,47.77745263697064
2026-05-12,6,28.0,2026-05-24 12:00:00,12 days 12:00:00,300,22.14,127.01,954.7,103.1,19.96690453239465,211.121513677885,228.66860480805929,166.78746262674028,153.50866538032602,110.49952056594212,105.8504014113318,72.77661790151895,90.4258016260924,58.09043382079782,52.66417178394804,42.7170838761122,49.03116282366944
2026-05-12,6,28.0,2026-05-24 18:00:00,12 days 18:00:00,306,23.13,127.49,964.3,95.9,28.520109112109765,216.1027197251664,222.2506375028109,161.25487827064302,170.23355987189024,114.69266794781628,109.36487649540769,90.81283483915148,99.65009884344045,70.87367225609661,67.49725088405597,54.3272853229271,61.54564070095245
2026-05-12,6,28.0,2026-05-25 00:00:00,13 days 00:00:00,312,23.4,128.49,965.7,81.1,44.95845841040461,236.94425572398123,251.1399135624856,192.11694102667505,202.4095990425422,140.68026817505822,139.99945939307153,114.24838170093712,121.18612886888886,89.1135976865094,84.88772425718233,69.54557260939812,75.62687505527788
2026-05-12,4,29.0,2026-05-19 00:00:00,7 days 00:00:00,168,7.66,137.65,1004.5,15.5,122.93594145227368,0.0,0.0,0.0,0.0,0.0,0.0,0.0,0.0,0.0,0.0,0.0,0.0
2026-05-12,4,29.0,2026-05-19 06:00:00,7 days 06:00:00,174,8.35,137.43,1005.7,15.1,116.23268186533244,0.0,0.0,0.0,0.0,0.0,0.0,0.0,0.0,0.0,0.0,0.0,0.0
2026-05-12,4,29.0,2026-05-19 12:00:00,7 days 12:00:00,180,8.02,136.84,1000.6,26.9,89.23817338808966,0.0,0.0,0.0,0.0,0.0,0.0,0.0,0.0,0.0,0.0,0.0,0.0
2026-05-12,4,29.0,2026-05-19 18:00:00,7 days 18:00:00,186,8.76,136.48,1004.5,21.3,46.19060148434942,0.0,0.0,0.0,0.0,0.0,0.0,0.0,0.0,0.0,0.0,0.0,0.0
2026-05-12,4,29.0,2026-05-20 00:00:00,8 days 00:00:00,192,9.36,135.91,1000.6,29.9,94.55479753497656,0.0,0.0,0.0,0.0,0.0,0.0,0.0,0.0,0.0,0.0,0.0,0.0
2026-05-12,4,29.0,2026-05-20 06:00:00,8 days 06:00:00,198,9.74,135.9,998.4,38.1,44.85915473484805,45.99005596516112,34.677631986991415,32.1271663548567,42.33541078504258,0.0,0.0,0.0,0.0,0.0,0.0,0.0,0.0
2026-05-12,4,29.0,2026-05-20 12:00:00,8 days 12:00:00,204,10.27,135.51,992.6,44.8,36.506999364350406,101.3718741798548,79.9837490144127,67.58381463578432,87.13072130919079,0.0,0.0,0.0,0.0,0.0,0.0,0.0,0.0
2026-05-12,4,29.0,2026-05-20 18:00:00,8 days 18:00:00,210,10.54,134.67,988.3,55.9,31.696649704290373,148.46378861932584,125.3393311217313,108.82088578782088,131.02504510827998,31.696649704290373,7.228687822381498,5.026746179865976,10.097036612703624,0.0,0.0,0.0,0.0
2026-05-12,4,29.0,2026-05-21 00:00:00,9 days 00:00:00,216,10.71,133.67,994.4,50.8,41.48681765553711,141.89356832551755,108.8530449774594,90.74576266275182,113.5317105268456,41.48681765553711,4.714234275322409,2.0605739073080294,6.197437673369041,0.0,0.0,0.0,0.0
2026-05-12,4,29.0,2026-05-21 06:00:00,9 days 06:00:00,222,10.8,132.78,988.3,56.4,25.427326981710397,127.95333836307162,91.64562164726848,79.12610788937812,110.33038619100483,35.55221691769859,26.16678505938116,16.93485858368358,26.96746357800751,0.0,0.0,0.0,0.0
2026-05-12,4,29.0,2026-05-21 12:00:00,9 days 12:00:00,228,11.16,131.92,987.3,62.6,35.34678143803542,155.28076334628855,119.27978274694256,101.8291830160855,126.2402452658676,35.34678143803542,15.723344545982014,8.71713998103555,18.66758697856732,0.0,0.0,0.0,0.0
2026-05-12,4,29.0,2026-05-21 18:00:00,9 days 18:00:00,234,11.19,130.87,987.0,64.9,32.06648853147391,191.144984366086,149.27573961900043,131.25935030947346,169.1909292537291,59.76400084853543,44.065673771722,30.39041038798229,46.89709426731815,32.06648853147391,0.0,0.0,0.0
2026-05-12,4,29.0,2026-05-22 00:00:00,10 days 00:00:00,240,11.41,129.9,981.9,71.2,28.505292743517,126.15467446529318,108.71721488340602,105.92399334497128,116.94888699942516,45.34347433526281,38.852641584381885,29.5617900424009,38.99861523058935,28.505292743517,7.843733310704641,6.4256579944234975,8.271628589064843
2026-05-12,4,29.0,2026-05-22 06:00:00,10 days 06:00:00,246,11.79,129.5,995.1,52.6,26.40876697967265,167.9748756064256,135.60425090844237,110.32802099124056,137.4365124374162,41.37211533779085,32.89774806679316,21.290450419412373,31.35668717787931,0.0,0.0,0.0,0.0
2026-05-12,4,29.0,2026-05-22 12:00:00,10 days 12:00:00,252,12.33,128.75,994.1,45.1,83.364968690061,239.6947764492461,222.2372957440365,187.0010973756264,207.33632154597908,0.0,0.0,0.0,0.0,0.0,0.0,0.0,0.0
2026-05-12,4,29.0,2026-05-22 18:00:00,10 days 18:00:00,258,12.4,128.27,999.9,46.3,82.31202083151477,180.87637965473675,155.42199292152932,126.75141292377548,153.21752031760894,0.0,0.0,0.0,0.0,0.0,0.0,0.0,0.0
2026-05-12,4,29.0,2026-05-23 00:00:00,11 days 00:00:00,264,12.4,127.65,985.2,53.4,69.583936527416,110.83130855189094,97.66822092327736,94.4228003441057,100.95126529259008,69.583936527416,5.088323972376728,5.4093109016944885,9.634399738597114,0.0,0.0,0.0,0.0
2026-05-12,4,29.0,2026-05-23 06:00:00,11 days 06:00:00,270,12.48,126.42,993.9,50.5,42.38377619746733,206.381118259582,195.56007052026985,166.75637215432778,184.3434205208836,42.38377619746733,1.872246797853221,0.0,3.4997492435508635,0.0,0.0,0.0,0.0
2026-05-12,4,29.0,2026-05-23 12:00:00,11 days 12:00:00,276,12.18,125.93,991.9,49.2,78.23655365891963,176.322903478765,173.1132377644195,146.3230880216352,157.43840743966655,0.0,0.0,0.0,0.0,0.0,0.0,0.0,0.0
2026-05-12,4,29.0,2026-05-23 18:00:00,11 days 18:00:00,282,12.29,125.25,987.5,56.2,17.531558361090788,204.83443144372225,186.79493891416772,163.64569661895575,188.61409676351275,19.21949031014254,16.5585516864604,15.897956468570612,17.33963759089324,0.0,0.0,0.0,0.0
2026-05-12,4,29.0,2026-05-24 00:00:00,12 days 00:00:00,288,12.61,124.42,993.5,42.7,86.02327710743702,197.9989967350809,179.08100085924912,149.72291901146613,169.3983501040907,0.0,0.0,0.0,0.0,0.0,0.0,0.0,0.0
2026-05-12,4,29.0,2026-05-24 06:00:00,12 days 06:00:00,294,12.57,123.62,996.6,46.3,42.320534059529614,140.423533934945,118.6045491755842,97.44632128367591,123.13930414450394,0.0,0.0,0.0,0.0,0.0,0.0,0.0,0.0
2026-05-12,4,29.0,2026-05-24 12:00:00,12 days 12:00:00,300,12.51,122.87,991.5,54.0,22.317430680212247,173.36692029446917,124.33349876674563,96.79079117862932,148.202772764672,74.87012802754339,57.60952020269251,42.048591972853465,58.47188660179489,0.0,0.0,0.0,0.0
2026-05-12,4,29.0,2026-05-24 18:00:00,12 days 18:00:00,306,12.91,122.09,991.1,54.0,40.5191613099691,175.74277275160597,148.80675162069656,114.32944778490054,145.6125620423764,40.5191613099691,7.731210467649023,3.2498038433296754,11.159442089589866,0.0,0.0,0.0,0.0
2026-05-12,4,29.0,2026-05-25 00:00:00,13 days 00:00:00,312,13.19,121.37,984.0,62.4,16.355410848332898,253.53690142680065,194.9350628194857,161.68953000733842,237.1935694475824,114.82311446319356,87.85115779702986,71.02208186631478,96.89584009292122,0.0,0.0,0.0,0.0
2026-05-12,7,29.0,2026-05-23 18:00:00,11 days 18:00:00,282,4.6,153.03,1008.3,14.3,142.91303018582047,0.0,0.0,0.0,0.0,0.0,0.0,0.0,0.0,0.0,0.0,0.0,0.0
2026-05-12,7,29.0,2026-05-24 00:00:00,12 days 00:00:00,288,5.11,151.16,1008.5,15.7,111.7537987776066,0.0,0.0,0.0,0.0,0.0,0.0,0.0,0.0,0.0,0.0,0.0,0.0
2026-05-12,7,29.0,2026-05-24 06:00:00,12 days 06:00:00,294,5.78,150.75,1003.1,19.9,123.5289142295634,0.0,0.0,0.0,0.0,0.0,0.0,0.0,0.0,0.0,0.0,0.0,0.0
2026-05-12,7,29.0,2026-05-24 12:00:00,12 days 12:00:00,300,4.46,150.52,1007.8,14.3,87.50587500944083,0.0,0.0,0.0,0.0,0.0,0.0,0.0,0.0,0.0,0.0,0.0,0.0
2026-05-12,7,29.0,2026-05-24 18:00:00,12 days 18:00:00,306,6.37,149.33,1000.5,29.1,68.04922389105703,0.0,0.0,0.0,0.0,0.0,0.0,0.0,0.0,0.0,0.0,0.0,0.0
2026-05-12,7,29.0,2026-05-25 00:00:00,13 days 00:00:00,312,6.51,148.65,1001.5,23.3,129.5858933374547,0.0,0.0,0.0,0.0,0.0,0.0,0.0,0.0,0.0,0.0,0.0,0.0
2026-05-12,8,29.0,2026-05-24 00:00:00,12 days 00:00:00,288,11.91,72.37,1004.4,30.1,90.98971872188486,0.0,0.0,0.0,0.0,0.0,0.0,0.0,0.0,0.0,0.0,0.0,0.0
2026-05-12,8,29.0,2026-05-24 06:00:00,12 days 06:00:00,294,11.81,71.91,1001.0,28.5,100.72885787805797,0.0,0.0,0.0,0.0,0.0,0.0,0.0,0.0,0.0,0.0,0.0,0.0
2026-05-12,8,29.0,2026-05-24 12:00:00,12 days 12:00:00,300,11.95,72.11,1003.3,28.5,66.02977944032219,0.0,0.0,0.0,0.0,0.0,0.0,0.0,0.0,0.0,0.0,0.0,0.0
2026-05-12,8,29.0,2026-05-24 18:00:00,12 days 18:00:00,306,11.18,72.0,999.9,28.8,51.74590018164503,0.0,0.0,0.0,0.0,0.0,0.0,0.0,0.0,0.0,0.0,0.0,0.0
2026-05-12,8,29.0,2026-05-25 00:00:00,13 days 00:00:00,312,11.29,71.78,1001.2,25.1,103.72694325988624,0.0,0.0,0.0,0.0,0.0,0.0,0.0,0.0,0.0,0.0,0.0,0.0
2026-05-12,7,32.0,2026-05-18 12:00:00,6 days 12:00:00,156,8.72,144.97,1006.7,16.8,171.42274298676125,0.0,0.0,0.0,0.0,0.0,0.0,0.0,0.0,0.0,0.0,0.0,0.0
2026-05-12,7,32.0,2026-05-18 18:00:00,6 days 18:00:00,162,9.12,145.55,1003.3,24.8,67.8566616328723,0.0,0.0,0.0,0.0,0.0,0.0,0.0,0.0,0.0,0.0,0.0,0.0
2026-05-12,7,32.0,2026-05-19 00:00:00,7 days 00:00:00,168,9.64,145.35,1000.8,29.1,66.79829698257039,0.0,0.0,0.0,0.0,0.0,0.0,0.0,0.0,0.0,0.0,0.0,0.0
2026-05-12,7,32.0,2026-05-19 06:00:00,7 days 06:00:00,174,9.54,144.93,1002.0,28.4,89.11984442288679,0.0,0.0,0.0,0.0,0.0,0.0,0.0,0.0,0.0,0.0,0.0,0.0
2026-05-12,7,32.0,2026-05-19 12:00:00,7 days 12:00:00,180,9.19,143.3,1005.0,19.4,137.94723217914836,0.0,0.0,0.0,0.0,0.0,0.0,0.0,0.0,0.0,0.0,0.0,0.0
2026-05-12,7,32.0,2026-05-19 18:00:00,7 days 18:00:00,186,9.68,143.78,1005.2,25.6,95.18365029172884,0.0,0.0,0.0,0.0,0.0,0.0,0.0,0.0,0.0,0.0,0.0,0.0
2026-05-12,7,32.0,2026-05-20 00:00:00,8 days 00:00:00,192,9.51,143.13,1000.9,24.6,131.2658870770967,0.0,0.0,0.0,0.0,0.0,0.0,0.0,0.0,0.0,0.0,0.0,0.0
2026-05-12,7,32.0,2026-05-20 06:00:00,8 days 06:00:00,198,10.09,143.37,1003.9,34.9,54.37336716511139,54.37336716511139,34.2833086298014,21.11839194215804,31.45566500291174,0.0,0.0,0.0,0.0,0.0,0.0,0.0,0.0
2026-05-12,7,32.0,2026-05-20 12:00:00,8 days 12:00:00,204,9.68,142.37,1003.5,29.9,72.50483178581538,0.0,0.0,0.0,0.0,0.0,0.0,0.0,0.0,0.0,0.0,0.0,0.0
2026-05-12,7,32.0,2026-05-20 18:00:00,8 days 18:00:00,210,10.01,142.46,1001.9,33.5,58.30164394228348,0.0,0.0,0.0,0.0,0.0,0.0,0.0,0.0,0.0,0.0,0.0,0.0
2026-05-12,7,32.0,2026-05-21 00:00:00,9 days 00:00:00,216,9.63,141.39,1005.5,30.0,66.81857974477319,0.0,0.0,0.0,0.0,0.0,0.0,0.0,0.0,0.0,0.0,0.0,0.0
2026-05-12,7,32.0,2026-05-21 06:00:00,9 days 06:00:00,222,9.45,141.07,1002.1,31.0,60.37736903159436,0.0,0.0,0.0,0.0,0.0,0.0,0.0,0.0,0.0,0.0,0.0,0.0
2026-05-12,7,32.0,2026-05-21 12:00:00,9 days 12:00:00,228,9.58,140.12,1003.9,28.3,64.11194322896341,0.0,0.0,0.0,0.0,0.0,0.0,0.0,0.0,0.0,0.0,0.0,0.0
2026-05-12,7,32.0,2026-05-21 18:00:00,9 days 18:00:00,234,9.39,139.77,1002.0,32.8,75.77573980548308,0.0,0.0,0.0,0.0,0.0,0.0,0.0,0.0,0.0,0.0,0.0,0.0
2026-05-12,7,32.0,2026-05-22 00:00:00,10 days 00:00:00,240,9.37,140.02,1003.8,28.3,52.64272194982893,0.0,0.0,0.0,0.0,0.0,0.0,0.0,0.0,0.0,0.0,0.0,0.0
2026-05-12,7,32.0,2026-05-22 06:00:00,10 days 06:00:00,246,9.26,139.46,998.6,39.1,90.04422984472683,138.84836807074026,117.07431460138724,83.87124069808783,113.7002333844863,0.0,0.0,0.0,0.0,0.0,0.0,0.0,0.0
2026-05-12,7,32.0,2026-05-22 12:00:00,10 days 12:00:00,252,8.87,139.41,1001.3,34.6,57.12942077182967,57.12942077182967,25.46739580613797,4.635945078213615,28.46463327173486,0.0,0.0,0.0,0.0,0.0,0.0,0.0,0.0
2026-05-12,7,32.0,2026-05-22 18:00:00,10 days 18:00:00,258,8.88,138.84,1003.0,31.2,76.70468499023049,0.0,0.0,0.0,0.0,0.0,0.0,0.0,0.0,0.0,0.0,0.0,0.0
2026-05-12,7,32.0,2026-05-23 00:00:00,11 days 00:00:00,264,8.71,138.57,994.0,49.6,47.78077371112136,78.73211604317947,52.46962109080238,21.99928719187145,63.2652012770385,0.0,0.0,0.0,0.0,0.0,0.0,0.0,0.0
2026-05-12,7,32.0,2026-05-23 06:00:00,11 days 06:00:00,270,8.59,137.76,988.8,64.0,30.43302024080269,132.22164669115756,98.4653244554888,86.1951519848094,111.97561746346824,64.50724720242401,45.80455336393313,29.22039616343448,51.28737722855706,0.0,0.0,0.0,0.0
2026-05-12,7,32.0,2026-05-23 12:00:00,11 days 12:00:00,276,8.98,137.33,987.2,62.9,34.24811390142612,215.0322974454263,193.3967875152184,161.78473033448535,178.21261162985223,93.53326860833276,84.73179894252236,65.33569190168352,73.8539932508109,0.0,0.0,0.0,0.0
2026-05-12,7,32.0,2026-05-23 18:00:00,11 days 18:00:00,282,9.06,136.11,988.9,55.3,57.18850600580269,102.24103030306144,76.1226300921974,61.566148944294845,97.74802183712396,57.18850600580269,17.902598551467527,12.840615703175793,18.60097597670752,0.0,0.0,0.0,0.0
2026-05-12,7,32.0,2026-05-24 00:00:00,12 days 00:00:00,288,9.52,134.99,974.3,83.3,15.396371141141572,215.22867131694693,176.349010797725,168.05120901458758,207.6538601072407,108.88129023001966,95.5708278354009,83.60742179563977,98.39129990658466,55.629850994801245,52.65511877907488,44.05692106311562,49.60719251016462
2026-05-12,7,32.0,2026-05-24 06:00:00,12 days 06:00:00,294,9.45,133.73,978.9,75.3,43.359125596834886,116.6510207133197,118.5034487156172,130.84211277523224,103.41713698909928,43.359125596834886,31.03500018194471,19.072562955271323,43.359125596834886,0.3698987695529261,0.2859829338952813,0.0,43.359125596834886
2026-05-12,7,32.0,2026-05-24 12:00:00,12 days 12:00:00,300,10.17,133.09,978.7,76.7,57.81557762477588,231.37920344783947,193.4233773921608,155.86927799496985,214.506293743397,118.0562782752648,97.75227938276048,77.71429610132165,101.05396594761076,57.81557762477588,46.57137944887316,37.214930693355456,45.20306302679207
2026-05-12,7,32.0,2026-05-24 18:00:00,12 days 18:00:00,306,10.42,132.41,957.4,100.3,19.559370138296828,272.8404324355192,247.03585447183195,226.0308722738266,251.7353743241474,140.34376233083174,128.1983176757869,110.5901512054296,125.97804705147423,70.20004993334062,66.57015826110697,56.55645486578072,62.70251642169176
2026-05-12,7,32.0,2026-05-25 00:00:00,13 days 00:00:00,312,10.87,131.67,956.8,101.3,13.438736722189944,259.3288663626256,235.5413907937657,207.0256873246666,228.58638208936495,132.08023385889177,119.78914699110486,98.81830660790602,112.4547721724702,63.07339766451204,58.91075327471314,48.41227073469719,55.10608084045414
2026-05-12,11,33.0,2026-05-23 06:00:00,11 days 06:00:00,270,6.1,152.26,1007.8,18.3,83.63374038043942,0.0,0.0,0.0,0.0,0.0,0.0,0.0,0.0,0.0,0.0,0.0,0.0
2026-05-12,11,33.0,2026-05-23 12:00:00,11 days 12:00:00,276,5.73,151.88,1002.3,26.5,96.05833788536064,0.0,0.0,0.0,0.0,0.0,0.0,0.0,0.0,0.0,0.0,0.0,0.0
2026-05-12,11,33.0,2026-05-23 18:00:00,11 days 18:00:00,282,5.94,151.5,1004.9,26.8,132.54064848858764,0.0,0.0,0.0,0.0,0.0,0.0,0.0,0.0,0.0,0.0,0.0,0.0
2026-05-12,11,33.0,2026-05-24 00:00:00,12 days 00:00:00,288,6.49,151.14,1000.8,34.0,88.10946313139482,88.10946313139482,3.597285992192125,0.0,4.938875028002162,0.0,0.0,0.0,0.0,0.0,0.0,0.0,0.0
2026-05-12,11,33.0,2026-05-24 06:00:00,12 days 06:00:00,294,6.5,150.66,999.2,33.2,118.94128807262882,0.0,0.0,0.0,0.0,0.0,0.0,0.0,0.0,0.0,0.0,0.0,0.0
2026-05-12,11,33.0,2026-05-24 12:00:00,12 days 12:00:00,300,6.87,150.32,993.9,43.5,73.86302031603176,138.11261170284703,120.66544273407794,94.82694139092922,113.25075111478496,0.0,0.0,0.0,0.0,0.0,0.0,0.0,0.0
2026-05-12,11,33.0,2026-05-24 18:00:00,12 days 18:00:00,306,6.56,149.97,995.4,46.4,41.49608430291351,89.21789578307218,69.89919367019725,57.54828871331006,72.8584689720752,0.0,0.0,0.0,0.0,0.0,0.0,0.0,0.0
2026-05-12,11,33.0,2026-05-25 00:00:00,13 days 00:00:00,312,6.53,149.11,998.8,47.2,98.70557963945916,177.3770902117847,154.9710665579707,125.47256804591282,145.2246065044236,0.0,0.0,0.0,0.0,0.0,0.0,0.0,0.0
2026-05-12,8,33.0,2026-05-20 06:00:00,8 days 06:00:00,198,8.71,144.21,1005.3,18.9,116.5947815544389,0.0,0.0,0.0,0.0,0.0,0.0,0.0,0.0,0.0,0.0,0.0,0.0
2026-05-12,8,33.0,2026-05-20 12:00:00,8 days 12:00:00,204,9.24,143.18,1004.8,20.2,114.04256929838591,0.0,0.0,0.0,0.0,0.0,0.0,0.0,0.0,0.0,0.0,0.0,0.0
2026-05-12,8,33.0,2026-05-20 18:00:00,8 days 18:00:00,210,9.92,142.02,1006.9,21.6,126.72611053600184,0.0,0.0,0.0,0.0,0.0,0.0,0.0,0.0,0.0,0.0,0.0,0.0
2026-05-12,8,33.0,2026-05-21 00:00:00,9 days 00:00:00,216,9.86,141.4,1004.3,26.5,110.08606795455724,0.0,0.0,0.0,0.0,0.0,0.0,0.0,0.0,0.0,0.0,0.0,0.0
2026-05-12,8,33.0,2026-05-21 06:00:00,9 days 06:00:00,222,10.37,140.32,1001.7,35.1,89.90383687320833,0.0,0.0,89.90383687320833,1.2224117571861477,0.0,0.0,0.0,0.0,0.0,0.0,0.0,0.0
2026-05-12,8,33.0,2026-05-21 12:00:00,9 days 12:00:00,228,10.34,139.67,995.7,42.2,102.86973214400282,102.86973214400282,74.57543939527898,62.064425969400176,75.37625474366214,0.0,0.0,0.0,0.0,0.0,0.0,0.0,0.0
2026-05-12,8,33.0,2026-05-21 18:00:00,9 days 18:00:00,234,10.82,139.12,998.5,44.8,76.02429406815602,178.1429898077688,165.1569458939601,132.61721603876612,146.602625274856,0.0,0.0,0.0,0.0,0.0,0.0,0.0,0.0
2026-05-12,8,33.0,2026-05-22 00:00:00,10 days 00:00:00,240,11.08,138.03,997.7,43.9,70.30305576807322,190.500031540015,173.50629708693037,138.32164163887157,157.3289459016748,0.0,0.0,0.0,0.0,0.0,0.0,0.0,0.0
2026-05-12,8,33.0,2026-05-22 06:00:00,10 days 06:00:00,246,11.08,137.23,984.5,56.2,37.15283283510061,141.98975545787266,138.1011448841583,144.64348923800208,134.2575122376659,0.0,0.0,37.15283283510061,0.1708148836063119,0.0,0.0,0.0,0.0
2026-05-12,8,33.0,2026-05-22 12:00:00,10 days 12:00:00,252,11.3,136.45,994.0,56.9,55.36820660817217,205.14219590560648,191.92670836299865,158.65426283585413,188.79681674420345,55.36820660817217,33.11946917894344,25.56599539964961,32.35555493777474,0.0,0.0,0.0,0.0
2026-05-12,8,33.0,2026-05-22 18:00:00,10 days 18:00:00,258,11.25,135.74,976.2,71.4,13.416743551124132,311.0168063017753,286.3720685579352,257.8532305268506,270.65808183317847,70.53950430724967,56.22985754644262,40.49847408839176,54.06537919675968,13.416743551124132,0.0,0.0,0.0
2026-05-12,8,33.0,2026-05-23 00:00:00,11 days 00:00:00,264,11.51,134.73,973.8,71.6,17.126604144062753,152.80968521850218,125.79321179696797,125.82481408037586,141.01135187799036,113.25786433743384,98.2538914602141,89.2931233052546,97.63714914515089,37.43291091909012,34.75741022109213,29.61315331738315,34.57927718990743
2026-05-12,8,33.0,2026-05-23 06:00:00,11 days 06:00:00,270,11.8,134.02,978.8,72.3,2.9859277062043894,201.82507734726084,162.26171560273164,143.2569920641243,178.40034427916856,103.6845881346616,86.81642594039653,68.00677624263096,89.19628496819712,40.367704454192015,33.900232136049304,29.42965469549076,34.90844370717505
2026-05-12,8,33.0,2026-05-23 12:00:00,11 days 12:00:00,276,11.84,133.34,965.4,89.7,41.70901738459512,145.10372072164648,142.20256219376782,121.34139491018792,142.23677411901363,62.42294905688022,50.56460230639664,41.84146514119269,52.47700844316225,41.70901738459512,18.70196193513988,15.41732776452274,19.287686648934017
2026-05-12,8,33.0,2026-05-23 18:00:00,11 days 18:00:00,282,12.02,132.67,950.2,108.5,14.581675277252245,228.96525188679124,199.64290746941924,195.6029187249087,205.1541010323587,128.5219717213932,112.00437773572123,95.04096691102276,116.1446923886676,81.33106133646437,70.11909497529585,59.89124811251013,72.26255026223139
2026-05-12,8,33.0,2026-05-24 00:00:00,12 days 00:00:00,288,12.42,131.88,941.9,118.8,15.799347520988965,289.05100323169296,254.49932012997485,205.708716549622,258.43731718976653,145.95024917302376,117.02649914766528,98.57518947736948,126.07388582255396,85.36487158574377,72.38603749750649,60.169908683802376,73.8762224279659
2026-05-12,8,33.0,2026-05-24 06:00:00,12 days 06:00:00,294,12.74,131.09,939.8,117.8,20.663539195622626,220.47318999714136,182.9743044798193,168.62381687919475,200.53907000880844,128.59570560462464,100.91871160910028,84.05569421269317,113.09208384238642,78.494626814927,66.0007274357666,55.07258287065646,69.40298497780333
2026-05-12,8,33.0,2026-05-24 12:00:00,12 days 12:00:00,300,13.01,130.31,935.6,125.1,50.06384011386792,177.05920403792555,170.12801522632657,190.08541358896568,194.92790928180156,104.07036498358376,93.37302550750374,84.0387465158709,103.122253788315,76.08062958860822,67.44195573892405,56.19907026496655,72.34500841520007
2026-05-12,8,33.0,2026-05-24 18:00:00,12 days 18:00:00,306,13.06,129.88,925.9,134.6,19.18849289947846,320.63133878283213,298.7374946773464,329.93172247240136,312.49931406034096,184.0195324815694,169.19348901649795,165.02736533493945,181.37074597752692,136.88581392793668,129.39313211299094,117.87411245061232,127.7411929376403
2026-05-12,8,33.0,2026-05-25 00:00:00,13 days 00:00:00,312,13.52,128.89,936.9,115.6,27.10374124943158,214.106272654602,218.67974196663,203.63304792226927,213.09808845838324,95.80762078044675,86.80355758777156,76.08642324446254,89.35343828527164,63.07146932405523,56.18346058419351,47.67883935208127,58.128893850259175
2026-05-12,9,33.0,2026-05-21 06:00:00,9 days 06:00:00,222,10.49,66.51,1002.8,22.9,72.98335769024388,0.0,0.0,0.0,0.0,0.0,0.0,0.0,0.0,0.0,0.0,0.0,0.0
2026-05-12,9,33.0,2026-05-21 12:00:00,9 days 12:00:00,228,10.72,66.22,1002.4,27.5,98.11891696655223,0.0,0.0,0.0,0.0,0.0,0.0,0.0,0.0,0.0,0.0,0.0,0.0
2026-05-12,9,33.0,2026-05-21 18:00:00,9 days 18:00:00,234,11.55,65.55,1000.6,30.7,113.1066564305842,0.0,0.0,0.0,0.0,0.0,0.0,0.0,0.0,0.0,0.0,0.0,0.0
2026-05-12,9,33.0,2026-05-22 00:00:00,10 days 00:00:00,240,12.15,65.15,996.3,42.9,45.400059269698176,11.347208677539792,5.663041269091241,3.7629525927037113,45.400059269698176,0.0,0.0,0.0,0.0,0.0,0.0,0.0,0.0
2026-05-12,9,33.0,2026-05-22 06:00:00,10 days 06:00:00,246,12.89,65.38,996.3,36.8,38.828235553494025,93.93402390076773,94.7113867344941,74.11130126576523,75.60042286879981,0.0,0.0,0.0,0.0,0.0,0.0,0.0,0.0
2026-05-12,9,33.0,2026-05-22 12:00:00,10 days 12:00:00,252,13.65,64.24,993.1,52.8,33.266217207205656,105.22270070420338,79.67795207392491,65.32673920458836,94.13864001054051,45.19254370158248,36.09198088644872,27.58562062967082,34.21921762316447,0.0,0.0,0.0,0.0
2026-05-12,9,33.0,2026-05-22 18:00:00,10 days 18:00:00,258,13.9,63.92,991.7,55.1,29.533854465520808,164.32715334776944,149.1831166926005,121.7204200258787,141.39700006630505,29.533854465520808,2.1522046225333824,1.269697585615008,3.6147912948100656,0.0,0.0,0.0,0.0
2026-05-12,9,33.0,2026-05-23 00:00:00,11 days 00:00:00,264,14.56,64.2,996.4,47.5,92.070464516577,231.6826770671572,229.3145821630751,184.28235309366104,187.0670858065409,0.0,0.0,0.0,0.0,0.0,0.0,0.0,0.0
2026-05-12,9,33.0,2026-05-23 06:00:00,11 days 06:00:00,270,14.66,62.74,979.6,65.2,46.81417533431439,279.6948854183705,255.9465094811559,217.08117736133417,232.9119990166032,88.77476422113115,78.02962162175457,55.568016873172354,66.8701663024212,46.81417533431439,0.8548751600100479,0.0,0.0
2026-05-12,9,33.0,2026-05-23 12:00:00,11 days 12:00:00,276,14.77,62.11,969.6,79.6,16.763522219886596,217.0548108087778,185.3372526670803,170.95425728577743,201.28869787829424,117.42350902849762,98.0574903118714,82.37114271850123,100.15895601364087,54.30031092353926,44.742076543717815,39.21065792436417,45.86974523950954
2026-05-12,9,33.0,2026-05-23 18:00:00,11 days 18:00:00,282,15.29,61.12,968.2,83.8,53.10485692457522,298.7801226846311,243.04669238874496,241.3826535910828,287.7621680436063,152.0103009416872,130.0907196450889,118.33588052650607,142.37873875680663,86.8543205145284,78.02349421924688,68.24106282072412,77.62095788966876
2026-05-12,9,33.0,2026-05-24 00:00:00,12 days 00:00:00,288,15.32,60.05,972.6,76.5,45.059151051018524,276.19878260241194,247.0769950857558,245.93875319801865,265.00167244552824,140.25561606842197,117.428773834022,108.89584915657623,126.40513364124511,70.72619673513472,60.470891026403216,53.07356475266665,62.41093199846949
2026-05-12,9,33.0,2026-05-24 06:00:00,12 days 06:00:00,294,15.32,59.33,972.8,80.7,13.21753018094894,289.37921370072576,269.34903313105445,246.55664790459736,264.385734921827,153.5652404102682,139.1123740815797,120.33629941930464,137.49401276767946,79.15698599117592,71.81640000894677,62.207340467292966,71.62872622564296
2026-05-12,9,33.0,2026-05-24 12:00:00,12 days 12:00:00,300,15.44,58.12,971.3,81.2,37.02417203431726,273.3326598268001,240.1913345503915,246.165785411094,253.4538638315875,157.55327208489203,141.7685114022319,127.12204977350284,146.20797420120505,102.23451850922667,95.01040423960605,84.22730281487944,93.25126465238424
2026-05-12,9,33.0,2026-05-24 18:00:00,12 days 18:00:00,306,15.59,57.36,982.8,65.9,29.547559011379818,270.65736891850526,252.20292111246087,234.94354195955745,235.9599357680437,62.22243610673777,48.74171662662644,35.7481106225048,46.305562401060726,29.547559011379818,0.0,0.0,0.5884000826800664
2026-05-12,9,33.0,2026-05-25 00:00:00,13 days 00:00:00,312,16.12,56.56,983.4,48.8,99.6974773182072,226.72228459374557,213.5841763620816,190.1303778159113,202.5637876841776,0.0,0.0,0.0,0.0,0.0,0.0,0.0,0.0
2026-05-12,6,34.0,2026-05-19 06:00:00,7 days 06:00:00,174,13.04,71.86,991.8,47.6,44.46734161519338,113.952537252594,97.76498759690196,86.83793585549299,102.96026248950255,0.0,0.0,0.0,0.0,0.0,0.0,0.0,0.0
2026-05-12,6,34.0,2026-05-19 12:00:00,7 days 12:00:00,180,13.46,71.53,998.8,36.7,57.23402918813213,20.26618525652832,0.0,14.352126164380884,57.23402918813213,0.0,0.0,0.0,0.0,0.0,0.0,0.0,0.0
2026-05-12,6,34.0,2026-05-19 18:00:00,7 days 18:00:00,186,13.5,71.1,994.7,46.4,90.91290664145174,149.12343450194916,134.5334477808768,97.97381460005376,123.7576497989237,0.0,0.0,0.0,0.0,0.0,0.0,0.0,0.0
2026-05-12,6,34.0,2026-05-20 00:00:00,8 days 00:00:00,192,13.88,71.34,998.7,40.2,99.65794574905378,266.14856940373363,251.9483539860672,204.48031775101825,222.51029916529305,0.0,0.0,0.0,0.0,0.0,0.0,0.0,0.0
2026-05-12,6,34.0,2026-05-20 06:00:00,8 days 06:00:00,198,13.93,71.19,997.5,38.4,78.4564552836265,105.3309532888458,100.57392231949208,79.02559627034336,86.35961514138802,0.0,0.0,0.0,0.0,0.0,0.0,0.0,0.0
2026-05-12,6,34.0,2026-05-20 12:00:00,8 days 12:00:00,204,14.51,70.94,993.4,39.2,58.74204452445713,123.58526305679352,105.29626836817616,83.46789861358235,104.97861476049025,0.0,0.0,0.0,0.0,0.0,0.0,0.0,0.0
2026-05-12,6,34.0,2026-05-20 18:00:00,8 days 18:00:00,210,15.04,71.26,992.4,45.0,61.970757747174105,94.9137105227896,85.41802529897737,70.10363490126356,80.9216960706791,0.0,0.0,0.0,0.0,0.0,0.0,0.0,0.0
2026-05-12,6,34.0,2026-05-21 00:00:00,9 days 00:00:00,216,15.09,70.52,992.8,41.2,58.77217707608516,227.90361663953428,194.86163067368727,181.02830891317652,211.09506387704857,0.0,0.0,0.0,0.0,0.0,0.0,0.0,0.0
2026-05-12,6,34.0,2026-05-21 06:00:00,9 days 06:00:00,222,15.57,70.38,995.4,42.4,28.528596148381645,146.38555400705616,130.75542759274782,122.38233276289183,140.59133575415294,0.0,0.0,0.0,0.0,0.0,0.0,0.0,0.0
2026-05-12,6,34.0,2026-05-21 12:00:00,9 days 12:00:00,228,15.61,70.41,990.7,49.5,42.755523046957904,109.17100362451552,110.5510340638128,90.46658116383226,92.0207501324148,0.0,0.0,0.0,0.0,0.0,0.0,0.0,0.0
2026-05-12,6,34.0,2026-05-21 18:00:00,9 days 18:00:00,234,16.25,69.88,989.8,48.1,42.02400856394573,142.66874078318605,134.25553305524903,112.1541675055914,122.93925393651818,0.0,0.0,0.0,0.0,0.0,0.0,0.0,0.0
2026-05-12,6,34.0,2026-05-22 00:00:00,10 days 00:00:00,240,16.28,69.57,990.6,46.0,94.8379508153314,241.18926855036705,206.06632351773357,193.6630732621039,226.6994350003301,0.0,0.0,0.0,0.0,0.0,0.0,0.0,0.0
2026-05-12,6,34.0,2026-05-22 06:00:00,10 days 06:00:00,246,16.65,68.77,993.0,44.1,26.260953068965996,169.24860232890495,160.53393660795743,140.62333538854185,147.3174019711264,0.0,0.0,0.0,0.0,0.0,0.0,0.0,0.0
2026-05-12,6,34.0,2026-05-22 12:00:00,10 days 12:00:00,252,16.97,67.94,991.2,45.5,58.96895900212554,103.24005164250975,88.08183107171791,91.82857539297916,86.75333140411838,0.0,0.0,0.0,0.0,0.0,0.0,0.0,0.0
2026-05-12,6,34.0,2026-05-22 18:00:00,10 days 18:00:00,258,16.88,66.91,992.0,48.0,28.37541059633465,216.10744930366047,189.78499075250397,185.3843763382074,209.3752078476101,0.0,0.0,0.0,0.0,0.0,0.0,0.0,0.0
2026-05-12,6,34.0,2026-05-23 00:00:00,11 days 00:00:00,264,16.66,65.45,996.1,51.3,29.895469302553728,110.11299382008464,90.097499001549,108.45530920721046,131.22564026672825,46.86261941869479,42.803434292013904,38.93921246830976,41.53480580500304,0.0,0.0,0.0,0.0
2026-05-12,6,34.0,2026-05-23 06:00:00,11 days 06:00:00,270,16.77,63.85,988.8,52.6,19.63591784242405,178.33852527673545,157.43732298403165,154.18374375573842,177.55175192605918,49.34994651945339,43.35690925535205,35.38768668523972,40.84889420207288,0.0,0.0,0.0,0.0
2026-05-12,6,34.0,2026-05-23 12:00:00,11 days 12:00:00,276,16.99,62.53,986.5,58.4,10.212430634294684,108.76348662491448,97.35959399101591,91.40459034899423,100.9489560208005,0.0,10.212430634294684,0.2797271525685492,0.0,0.0,0.0,0.0,0.0
2026-05-12,6,34.0,2026-05-23 18:00:00,11 days 18:00:00,282,16.57,60.14,992.3,57.3,56.6629922590948,188.96948949167452,166.06044983828303,150.48566035461835,174.612245566799,92.9411988132812,80.88854434429274,64.80817055743634,75.48506041336077,0.0,0.0,0.0,0.0
2026-05-12,6,34.0,2026-05-24 00:00:00,12 days 00:00:00,288,16.68,59.2,984.2,52.4,30.93207620424845,156.3621598182781,129.09862136351433,132.3652314773837,136.75968896659563,30.93207620424845,1.6615659528997293,1.2373398817027654,3.702290329815619,0.0,0.0,0.0,0.0
2026-05-12,6,34.0,2026-05-24 06:00:00,12 days 06:00:00,294,16.61,57.54,991.1,52.9,37.23428849185397,161.7024062298226,144.16545555289684,154.53656156236687,170.2389152452725,82.75700501614863,75.88725505503638,61.8129976636398,69.4420048125502,0.0,0.0,0.0,0.0
2026-05-12,6,34.0,2026-05-24 12:00:00,12 days 12:00:00,300,16.56,55.15,985.3,51.8,57.65597842857956,151.159149251136,131.24007916098438,139.41826544761665,153.25410712424858,57.65597842857956,45.93666425453577,37.85171665268821,43.53473050983081,0.0,0.0,0.0,0.0
2026-05-12,6,34.0,2026-05-24 18:00:00,12 days 18:00:00,306,16.12,53.39,996.7,46.5,25.33019986930613,128.0940112700427,114.81273907517092,114.46172758472942,122.05820382043127,0.0,0.0,0.0,0.0,0.0,0.0,0.0,0.0
2026-05-12,6,34.0,2026-05-25 00:00:00,13 days 00:00:00,312,16.1,51.67,1007.0,23.3,95.81298086100952,0.0,0.0,0.0,0.0,0.0,0.0,0.0,0.0,0.0,0.0,0.0,0.0
2026-05-12,8,34.0,2026-05-19 12:00:00,7 days 12:00:00,180,8.68,148.64,1003.2,23.9,54.41659839754504,0.0,0.0,0.0,0.0,0.0,0.0,0.0,0.0,0.0,0.0,0.0,0.0
2026-05-12,8,34.0,2026-05-19 18:00:00,7 days 18:00:00,186,7.81,147.35,1004.2,23.6,107.15353278991694,0.0,0.0,0.0,0.0,0.0,0.0,0.0,0.0,0.0,0.0,0.0,0.0
2026-05-12,8,34.0,2026-05-20 00:00:00,8 days 00:00:00,192,8.68,147.54,1003.9,25.9,166.39375687590552,0.0,0.0,0.0,0.0,0.0,0.0,0.0,0.0,0.0,0.0,0.0,0.0
2026-05-12,8,34.0,2026-05-20 06:00:00,8 days 06:00:00,198,8.99,147.62,1005.6,21.3,109.7331759387643,0.0,0.0,0.0,0.0,0.0,0.0,0.0,0.0,0.0,0.0,0.0,0.0
2026-05-12,8,34.0,2026-05-20 12:00:00,8 days 12:00:00,204,8.65,146.55,1000.9,31.7,59.85973179347634,0.0,0.0,0.0,0.0,0.0,0.0,0.0,0.0,0.0,0.0,0.0,0.0
2026-05-12,8,34.0,2026-05-20 18:00:00,8 days 18:00:00,210,8.6,146.22,1000.1,31.2,49.08447257522196,0.0,0.0,0.0,0.0,0.0,0.0,0.0,0.0,0.0,0.0,0.0,0.0
2026-05-12,8,34.0,2026-05-21 00:00:00,9 days 00:00:00,216,8.97,145.52,989.7,65.9,24.03978328073294,140.11559725557743,91.45397331762864,90.84017013369616,139.4634872223084,35.23711446349554,20.147767060478586,16.870044756258917,32.28971174996548,0.8557314442229631,0.0,0.0,24.03978328073294
2026-05-12,8,34.0,2026-05-21 06:00:00,9 days 06:00:00,222,9.27,144.89,972.2,81.5,23.524610645067387,158.45560429478604,129.08638659318814,106.67332371317536,147.34226894641714,74.81326233367807,59.48372122332411,46.9592638392177,61.65151271335985,23.524610645067387,17.21602912478276,13.906712603787346,19.181416834756977
2026-05-12,8,34.0,2026-05-21 12:00:00,9 days 12:00:00,228,9.04,144.06,969.1,87.4,0.0,127.2810247458632,82.38388816115503,76.7404244726539,122.52802580277528,53.926080938076666,41.224117180975725,37.20623116080783,51.20004452709193,26.7846594812076,20.519847777425426,18.15613256948288,23.153758777153968
2026-05-12,8,34.0,2026-05-21 18:00:00,9 days 18:00:00,234,8.99,143.7,967.9,88.3,8.083265563022668,127.79686331200308,101.82624515365168,117.26891432379936,123.14829995839877,59.23844928018608,55.86061131219482,56.41818103056713,57.1856780908992,47.845028463809726,44.91233711618734,38.996633160119735,42.357573693709824
2026-05-12,8,34.0,2026-05-22 00:00:00,10 days 00:00:00,240,9.4,142.76,946.9,116.2,29.695639098588373,102.77576286749743,77.06445595526415,96.26568890637712,105.15562070324732,58.25504736467778,50.299810118835126,46.62245353769227,54.79965341001969,36.27757320148221,32.59835726143838,28.143350055991093,33.354951825652286
2026-05-12,8,34.0,2026-05-22 06:00:00,10 days 06:00:00,246,9.83,142.19,973.3,78.7,7.462901565674542,135.0451379132087,109.72590022224632,97.51667109542608,122.456532244483,65.8918663973875,52.97868688898643,46.73226768386883,55.91645206300723,29.841740121192288,24.83550489628269,20.884794031898625,24.96764008123625
2026-05-12,8,34.0,2026-05-22 12:00:00,10 days 12:00:00,252,10.31,141.95,971.2,98.8,9.993095011346746,230.77893674437303,178.41395914506404,166.5696328642788,233.09333289504636,104.38697781687416,83.38017382382927,65.01544648718783,93.73475587533125,38.854419256635325,29.59512787719936,24.33972338573981,34.34415230958872
2026-05-12,8,34.0,2026-05-22 18:00:00,10 days 18:00:00,258,10.78,141.15,976.6,74.9,35.50395308569634,236.11420233168548,175.16009067582718,169.48619684559182,227.4402591107538,125.92422920279436,107.91982475973074,91.656865547633,112.2624610610655,65.6063209545776,58.09715633401485,48.13749590971199,56.2683561006218
2026-05-12,8,34.0,2026-05-23 00:00:00,11 days 00:00:00,264,11.0,140.27,981.9,80.9,52.64174466506565,258.2923105288435,205.3527284178148,178.3600418008829,238.57664399638023,144.42900705598385,131.45672320226106,115.4995062594528,134.63369785776263,83.54563837125247,78.28286148789871,67.87926518385254,75.16747799293296
2026-05-12,8,34.0,2026-05-23 06:00:00,11 days 06:00:00,270,11.76,139.8,980.0,78.0,18.13871212079118,197.07121643252952,149.24400872321047,153.82294673302428,179.42097342540754,92.29480534962286,83.87253375858744,73.68088590616219,84.48430026231273,50.74135260765807,44.32828536368383,38.168596176148014,43.48560220664878
2026-05-12,8,34.0,2026-05-23 12:00:00,11 days 12:00:00,276,12.58,138.8,964.8,103.0,2.6144954678752192,213.89537891488592,172.42086418547203,144.99631219614602,178.20103612552575,91.40310341358384,79.2079371897862,67.44114759631208,78.58684656394007,52.826047231042764,46.08816906079832,38.62730011492845,45.20172898158065
2026-05-12,8,34.0,2026-05-23 18:00:00,11 days 18:00:00,282,13.09,137.74,943.4,125.6,50.83006552726684,196.6080986208575,186.204387345276,176.9561103822864,179.8821450903497,106.22611572673075,93.20307699626306,78.46346110485791,92.07096411955804,61.64135946779547,55.44729217108957,45.40628354957565,53.573547185574
2026-05-12,8,34.0,2026-05-24 00:00:00,12 days 00:00:00,288,13.79,136.65,962.3,93.1,22.302842829607677,263.3266618933864,211.5488451241205,163.43182871711855,223.17905804209855,129.07450067511462,109.18582099307716,88.1063266942769,111.47364854783632,73.08218007350202,64.18037497710952,52.65359731172108,62.90166738508712
2026-05-12,8,34.0,2026-05-24 06:00:00,12 days 06:00:00,294,14.39,135.78,944.3,111.9,11.363239785564014,207.65555704457316,172.67234435331693,155.10090086093427,188.62161833066472,105.9518805728043,92.01065196044549,74.66872527033266,91.14529183202492,57.10976879400288,50.38289029023528,41.17104433414988,48.95189664373966
2026-05-12,8,34.0,2026-05-24 12:00:00,12 days 12:00:00,300,14.86,134.88,932.2,121.8,24.654432405381694,265.75018706939534,225.13812250701315,217.66746571169972,255.8052709089372,139.04410610354535,122.7115628235046,108.86718875970568,124.51539647231137,72.64704226036055,65.11987628953419,55.87577114802959,64.33497762362475
2026-05-12,8,34.0,2026-05-24 18:00:00,12 days 18:00:00,306,15.12,133.69,936.3,121.5,17.985712978960557,207.0191963599032,190.3879538274069,171.33498306306095,197.2932032303568,110.8513047033312,94.33049383729528,78.97769324820447,96.12661692339236,58.579888428281976,49.4128036313225,41.15395538867918,51.08464364984819
2026-05-12,8,34.0,2026-05-25 00:00:00,13 days 00:00:00,312,15.14,132.87,934.4,124.1,13.466104773558854,156.69801524303531,124.59551359325825,123.34876507852697,163.117650704522,83.61709659943847,59.91075408250863,57.23063251550781,76.67578987667213,50.88012297703085,44.74178310018589,37.88517470193387,46.425539200536434
2026-05-12,11,36.0,2026-05-19 12:00:00,7 days 12:00:00,180,15.46,91.76,1002.8,27.2,77.39544431175418,0.0,0.0,0.0,0.0,0.0,0.0,0.0,0.0,0.0,0.0,0.0,0.0
2026-05-12,11,36.0,2026-05-19 18:00:00,7 days 18:00:00,186,15.15,92.94,999.2,22.0,141.49548969189527,0.0,0.0,0.0,0.0,0.0,0.0,0.0,0.0,0.0,0.0,0.0,0.0
2026-05-12,11,36.0,2026-05-20 00:00:00,8 days 00:00:00,192,15.03,93.86,1001.8,23.3,135.25997293188408,0.0,0.0,0.0,0.0,0.0,0.0,0.0,0.0,0.0,0.0,0.0,0.0
2026-05-12,11,36.0,2026-05-20 06:00:00,8 days 06:00:00,198,14.58,93.92,997.6,27.1,69.48023836298907,0.0,0.0,0.0,0.0,0.0,0.0,0.0,0.0,0.0,0.0,0.0,0.0
2026-05-12,11,36.0,2026-05-20 12:00:00,8 days 12:00:00,204,15.0,94.81,993.3,30.5,48.2074447073552,0.0,0.0,0.0,0.0,0.0,0.0,0.0,0.0,0.0,0.0,0.0,0.0
2026-05-12,11,36.0,2026-05-20 18:00:00,8 days 18:00:00,210,15.93,94.92,992.9,34.6,55.7853481876243,29.826696016937568,55.7853481876243,26.40897221163747,25.69661776321753,0.0,0.0,0.0,0.0,0.0,0.0,0.0,0.0
2026-05-12,11,36.0,2026-05-21 00:00:00,9 days 00:00:00,216,16.54,95.12,996.0,33.2,47.92075774528814,0.0,0.0,0.0,0.0,0.0,0.0,0.0,0.0,0.0,0.0,0.0,0.0
2026-05-12,11,36.0,2026-05-21 06:00:00,9 days 06:00:00,222,17.13,94.86,997.4,34.2,74.36762859214275,74.36762859214275,41.79176114145643,39.2646686615504,48.95671893255523,0.0,0.0,0.0,0.0,0.0,0.0,0.0,0.0
2026-05-12,11,36.0,2026-05-21 12:00:00,9 days 12:00:00,228,18.03,94.75,998.3,32.2,56.90532240816778,0.0,0.0,0.0,0.0,0.0,0.0,0.0,0.0,0.0,0.0,0.0,0.0
2026-05-12,11,36.0,2026-05-21 18:00:00,9 days 18:00:00,234,18.93,94.19,995.5,32.2,104.57973769559476,0.0,0.0,0.0,0.0,0.0,0.0,0.0,0.0,0.0,0.0,0.0,0.0
2026-05-12,11,36.0,2026-05-22 00:00:00,10 days 00:00:00,240,19.19,93.74,1002.6,28.5,49.60870014414078,0.0,0.0,0.0,0.0,0.0,0.0,0.0,0.0,0.0,0.0,0.0,0.0
2026-05-12,11,36.0,2026-05-22 06:00:00,10 days 06:00:00,246,19.66,93.49,1005.2,23.5,114.83996496123127,0.0,0.0,0.0,0.0,0.0,0.0,0.0,0.0,0.0,0.0,0.0,0.0
2026-05-12,17,36.0,2026-05-23 18:00:00,11 days 18:00:00,282,13.3,71.06,1000.9,30.4,51.67418646191221,0.0,0.0,0.0,0.0,0.0,0.0,0.0,0.0,0.0,0.0,0.0,0.0
2026-05-12,17,36.0,2026-05-24 00:00:00,12 days 00:00:00,288,14.12,71.9,1004.7,27.6,45.77116060374964,0.0,0.0,0.0,0.0,0.0,0.0,0.0,0.0,0.0,0.0,0.0,0.0
2026-05-12,17,36.0,2026-05-24 06:00:00,12 days 06:00:00,294,13.88,71.04,1005.7,26.1,85.57828510997692,0.0,0.0,0.0,0.0,0.0,0.0,0.0,0.0,0.0,0.0,0.0,0.0
2026-05-12,17,36.0,2026-05-24 12:00:00,12 days 12:00:00,300,13.84,70.75,1004.1,30.9,59.74131859417406,0.0,0.0,0.0,0.0,0.0,0.0,0.0,0.0,0.0,0.0,0.0,0.0
2026-05-12,17,36.0,2026-05-24 18:00:00,12 days 18:00:00,306,14.28,70.66,1001.3,28.5,65.86160000267114,0.0,0.0,0.0,0.0,0.0,0.0,0.0,0.0,0.0,0.0,0.0,0.0
2026-05-12,17,36.0,2026-05-25 00:00:00,13 days 00:00:00,312,14.03,70.74,998.7,34.8,52.9923981175523,13.979878466386308,25.645708851118453,52.9923981175523,13.910652516203625,0.0,0.0,0.0,0.0,0.0,0.0,0.0,0.0
2026-05-12,10,37.0,2026-05-24 00:00:00,12 days 00:00:00,288,7.19,149.16,1008.0,13.9,153.41412032303288,0.0,0.0,0.0,0.0,0.0,0.0,0.0,0.0,0.0,0.0,0.0,0.0
2026-05-12,10,37.0,2026-05-24 06:00:00,12 days 06:00:00,294,7.72,147.9,1006.0,16.0,73.09705713919655,0.0,0.0,0.0,0.0,0.0,0.0,0.0,0.0,0.0,0.0,0.0,0.0
2026-05-12,10,37.0,2026-05-24 12:00:00,12 days 12:00:00,300,7.09,146.42,1007.8,19.0,72.37162695764678,0.0,0.0,0.0,0.0,0.0,0.0,0.0,0.0,0.0,0.0,0.0,0.0
2026-05-12,10,37.0,2026-05-24 18:00:00,12 days 18:00:00,306,7.41,146.66,1001.0,26.0,141.82219093450317,0.0,0.0,0.0,0.0,0.0,0.0,0.0,0.0,0.0,0.0,0.0,0.0
2026-05-12,10,37.0,2026-05-25 00:00:00,13 days 00:00:00,312,7.37,146.54,1005.1,26.0,50.11212937384022,0.0,0.0,0.0,0.0,0.0,0.0,0.0,0.0,0.0,0.0,0.0,0.0
2026-05-12,5,37.0,2026-05-19 00:00:00,7 days 00:00:00,168,8.54,141.52,1006.6,19.3,103.69436421152824,0.0,0.0,0.0,0.0,0.0,0.0,0.0,0.0,0.0,0.0,0.0,0.0
2026-05-12,5,37.0,2026-05-19 06:00:00,7 days 06:00:00,174,8.43,139.84,1001.6,29.1,40.1157963470977,0.0,0.0,0.0,0.0,0.0,0.0,0.0,0.0,0.0,0.0,0.0,0.0
2026-05-12,5,37.0,2026-05-19 12:00:00,7 days 12:00:00,180,8.82,139.53,1008.5,21.1,122.69054055674408,0.0,0.0,0.0,0.0,0.0,0.0,0.0,0.0,0.0,0.0,0.0,0.0
2026-05-12,5,37.0,2026-05-19 18:00:00,7 days 18:00:00,186,8.77,138.9,1000.2,39.6,65.13276475450809,81.36189285294384,66.34019647752639,48.20215807915249,67.04232581069185,0.0,0.0,0.0,0.0,0.0,0.0,0.0,0.0
2026-05-12,5,37.0,2026-05-20 00:00:00,8 days 00:00:00,192,8.64,139.08,1001.4,27.8,40.2973381594622,0.0,0.0,0.0,0.0,0.0,0.0,0.0,0.0,0.0,0.0,0.0,0.0
2026-05-12,5,37.0,2026-05-20 06:00:00,8 days 06:00:00,198,8.92,139.02,1001.9,27.6,59.88724819715903,0.0,0.0,0.0,0.0,0.0,0.0,0.0,0.0,0.0,0.0,0.0,0.0
2026-05-12,5,37.0,2026-05-20 12:00:00,8 days 12:00:00,204,9.51,139.01,1000.0,36.7,55.90496261707058,55.90496261707058,0.0,0.0,2.7999127870180587,0.0,0.0,0.0,0.0,0.0,0.0,0.0,0.0
2026-05-12,5,37.0,2026-05-20 18:00:00,8 days 18:00:00,210,9.76,138.57,999.8,37.4,48.27265900628137,99.09463238437448,88.56106105201545,69.44672701770615,81.29823765816,0.0,0.0,0.0,0.0,0.0,0.0,0.0,0.0
2026-05-12,5,37.0,2026-05-21 00:00:00,9 days 00:00:00,216,9.67,137.68,997.6,45.0,37.158030502620704,102.93593819529372,74.09532242219245,66.82031014406965,96.60417295128548,0.0,0.0,0.0,0.0,0.0,0.0,0.0,0.0
2026-05-12,5,37.0,2026-05-21 06:00:00,9 days 06:00:00,222,10.02,137.14,995.1,51.5,43.35680127980425,231.150259442661,185.69751414643943,159.95702732742706,192.9098811228513,43.35680127980425,12.926623660498793,5.335515058044132,14.26397946351138,0.0,0.0,0.0,0.0
2026-05-12,5,37.0,2026-05-21 12:00:00,9 days 12:00:00,228,9.92,136.19,990.0,52.8,29.974604362292517,99.91795515440867,76.32029812259971,75.86312456987507,96.62541795542585,0.0,0.0,0.0,29.974604362292517,0.0,0.0,0.0,0.0
2026-05-12,5,37.0,2026-05-21 18:00:00,9 days 18:00:00,234,10.04,135.33,995.6,50.1,27.15630119619484,124.21137674722594,86.90052739814837,74.20391451360817,108.24624604194008,27.15630119619484,0.0,0.0,3.112279116053416,0.0,0.0,0.0,0.0
2026-05-12,5,37.0,2026-05-22 00:00:00,10 days 00:00:00,240,9.97,134.21,994.0,59.0,29.49384405435103,121.75657843061924,76.6057807409465,65.1418310717973,99.78635244061792,29.49384405435103,18.43515413526228,11.945023695306126,20.1071772773974,0.0,0.0,0.0,0.0
2026-05-12,5,37.0,2026-05-22 06:00:00,10 days 06:00:00,246,9.83,133.68,991.3,59.1,32.46891628597987,135.54477814455788,86.36825003109087,95.07815851495728,135.5117045534712,79.1563894742946,62.681476565763575,48.78595880920178,66.99198746525599,0.0,0.0,0.0,0.0
2026-05-12,5,37.0,2026-05-22 12:00:00,10 days 12:00:00,252,9.75,132.82,987.1,68.1,17.571176706138353,156.4555172222611,107.11995956281136,111.30269637039494,145.11294321409838,63.73391996142988,50.799660571122985,36.84788995294213,51.42247237408057,17.571176706138353,2.272720751944836,0.4012310737585197,2.22669628401198
2026-05-12,5,37.0,2026-05-22 18:00:00,10 days 18:00:00,258,9.78,131.73,978.8,72.1,32.35206034481142,200.60727648284552,156.72621322568386,164.0334343495495,195.4468296667184,117.38136975107034,97.26469850224304,81.0667680900427,107.28772337906094,47.41673744263177,40.36420632006882,33.69270730723804,43.28019699210262
2026-05-12,5,37.0,2026-05-23 00:00:00,11 days 00:00:00,264,10.0,131.28,978.8,76.7,35.35540929446026,158.3073049778439,119.7676103625484,138.46529338282863,149.58061340542793,103.644984449277,88.56593187647681,79.63351409827047,95.2108655406729,53.96014508175719,47.18669339202225,41.19321380592304,48.48679399125013
2026-05-12,5,37.0,2026-05-23 06:00:00,11 days 06:00:00,270,10.37,130.53,985.3,57.1,26.4039499804137,224.9292424490509,171.33510661354055,148.60551555841107,183.44738280756064,88.81014307067517,71.50682741832566,50.85378406600341,69.09125841392324,0.0,0.0,0.0,0.0
2026-05-12,5,37.0,2026-05-23 12:00:00,11 days 12:00:00,276,10.59,129.81,993.2,54.8,49.33911992861312,104.1109121553248,82.9843532528177,68.95040573485016,92.28827111661911,49.33911992861312,32.201909049785115,23.539477997196077,35.036444147402506,0.0,0.0,0.0,0.0
2026-05-12,5,37.0,2026-05-23 18:00:00,11 days 18:00:00,282,10.68,129.0,980.7,68.6,34.658001995647524,173.6304995152173,133.8887770143531,120.6438280817896,144.3219706684585,97.89806280083144,80.3122805615675,61.76730182533779,80.37194512158669,34.658001995647524,21.181224583663436,16.862855541282325,21.11198238780626
2026-05-12,5,37.0,2026-05-24 00:00:00,12 days 00:00:00,288,11.02,128.18,974.7,77.0,41.05449801404565,167.0734286158504,145.10400258105744,153.62369482269935,171.64207202153136,104.50128392815512,88.23014206904253,77.30476933380014,100.51732683120356,66.06680057116844,56.421394289731424,49.520798940475366,59.01858700745616
2026-05-12,5,37.0,2026-05-24 06:00:00,12 days 06:00:00,294,11.26,127.27,962.9,90.0,9.927606714733896,195.00141219799576,163.17936128525884,177.84280410695476,195.1260602877264,99.12821196737904,82.59107077020126,71.13167146245107,90.3835217459296,58.69320713725067,51.31531034975222,43.61044211194036,53.4969118780603
2026-05-12,5,37.0,2026-05-24 12:00:00,12 days 12:00:00,300,11.48,126.4,968.4,83.7,22.60146478965113,150.80524388301632,138.12554671919813,142.41586740990644,147.9245593797635,90.67095808944262,76.1123402098493,66.87043503413062,88.81656874415401,56.356471322780536,47.82183197909176,41.14385790939937,52.295141559185154
2026-05-12,5,37.0,2026-05-24 18:00:00,12 days 18:00:00,306,11.85,125.48,962.1,90.4,23.004201182166497,194.6941495605506,172.1733850707074,139.9699245655712,187.70516375935117,93.70816137022229,75.96052443271029,61.80120459812359,88.38470034737122,58.84019169378932,51.41510409123766,41.2079008360365,56.09412894293828
2026-05-12,5,37.0,2026-05-25 00:00:00,13 days 00:00:00,312,11.69,125.16,967.5,81.2,35.59250405876068,209.44430189597364,172.94750122820955,156.07001770488262,193.4690388825377,90.84837112723956,78.40127634310142,61.38958274404669,87.58995220994026,42.86830230603839,36.58075739775407,29.15935459836195,39.43732369475509
2026-05-12,11,38.0,2026-05-19 00:00:00,7 days 00:00:00,168,13.32,71.65,1002.8,25.3,84.23530298656738,0.0,0.0,0.0,0.0,0.0,0.0,0.0,0.0,0.0,0.0,0.0,0.0
2026-05-12,11,38.0,2026-05-19 06:00:00,7 days 06:00:00,174,13.42,70.03,1001.4,29.6,59.11242044458217,0.0,0.0,0.0,0.0,0.0,0.0,0.0,0.0,0.0,0.0,0.0,0.0
2026-05-12,11,38.0,2026-05-19 12:00:00,7 days 12:00:00,180,13.86,69.44,1005.3,19.8,66.05159315783426,0.0,0.0,0.0,0.0,0.0,0.0,0.0,0.0,0.0,0.0,0.0,0.0
2026-05-12,11,38.0,2026-05-19 18:00:00,7 days 18:00:00,186,13.99,67.84,1000.5,22.1,48.30962002996456,0.0,0.0,0.0,0.0,0.0,0.0,0.0,0.0,0.0,0.0,0.0,0.0
2026-05-12,11,38.0,2026-05-20 00:00:00,8 days 00:00:00,192,15.09,66.27,997.4,32.5,74.17185344587764,0.0,0.0,0.0,0.0,0.0,0.0,0.0,0.0,0.0,0.0,0.0,0.0
2026-05-12,11,38.0,2026-05-20 06:00:00,8 days 06:00:00,198,14.57,66.74,1001.1,27.2,103.62920017631689,0.0,0.0,0.0,0.0,0.0,0.0,0.0,0.0,0.0,0.0,0.0,0.0
2026-05-12,11,38.0,2026-05-20 12:00:00,8 days 12:00:00,204,15.67,67.15,1002.7,27.4,71.32716854299133,0.0,0.0,0.0,0.0,0.0,0.0,0.0,0.0,0.0,0.0,0.0,0.0
2026-05-12,11,38.0,2026-05-20 18:00:00,8 days 18:00:00,210,16.25,66.72,994.8,38.4,40.800213240604286,40.800213240604286,30.743390650567008,20.936754620222374,31.332453024259973,0.0,0.0,0.0,0.0,0.0,0.0,0.0,0.0
2026-05-12,11,38.0,2026-05-21 00:00:00,9 days 00:00:00,216,16.91,66.76,990.5,47.7,40.21452060283637,108.03000740495732,101.05010524003636,81.7853137548265,90.8988620054148,0.0,0.0,0.0,0.0,0.0,0.0,0.0,0.0
2026-05-12,11,38.0,2026-05-21 06:00:00,9 days 06:00:00,222,17.5,66.05,987.8,50.9,110.23310767058692,205.8987404358423,178.1710805858677,135.00512866999964,173.57152047619692,110.23310767058692,0.0,0.0,0.968418209055172,0.0,0.0,0.0,0.0
2026-05-12,11,38.0,2026-05-21 12:00:00,9 days 12:00:00,228,17.82,66.3,980.0,66.2,12.88929714440698,153.95425137670134,144.34754629373504,126.27481394969286,132.30249573493654,87.06748141735527,83.98681540540464,70.56772159980548,73.9641305486948,39.034976677691205,36.114616840707015,30.681252255352614,33.41121735168316
2026-05-12,11,38.0,2026-05-21 18:00:00,9 days 18:00:00,234,18.51,66.19,989.9,54.1,56.44409908445513,144.66802430795292,143.28540369083933,123.52555143330628,131.29419498070612,86.47689280203994,79.59442208147358,61.13250637406696,69.09893863383212,0.0,0.0,0.0,0.0
2026-05-12,11,38.0,2026-05-22 00:00:00,10 days 00:00:00,240,19.13,66.18,967.6,80.6,21.43242491809923,180.44816777631303,177.6465288338352,150.5084067406483,145.75204277515144,93.98242548437108,94.70756210298808,79.82584835137094,77.10697610804725,50.2807138523396,49.90973753387554,41.54346200059497,43.362778220941
2026-05-12,11,38.0,2026-05-22 06:00:00,10 days 06:00:00,246,19.82,65.76,958.7,94.9,0.0,96.81165906622653,108.81511594896511,104.90292692166122,82.80467526086318,52.16787837936823,56.03196719767948,50.56988160774981,48.09950517689788,37.44110139616944,35.963460150942865,31.243246051816527,33.212038588226434
2026-05-12,11,38.0,2026-05-22 12:00:00,10 days 12:00:00,252,20.41,65.77,949.9,105.7,5.63574022793707,169.06837797405723,168.98262966679317,181.73630775367775,165.59497848482283,89.67112909947676,88.42642818087054,83.06569942185847,82.51369011246346,49.97382149385682,48.009712217025935,41.34498760980249,44.59993448817388
2026-05-12,11,38.0,2026-05-22 18:00:00,10 days 18:00:00,258,20.49,65.49,957.6,86.7,19.485279064827875,154.94569262010455,132.16391747295734,166.86452526013193,173.54856850762891,85.28714896643193,71.92344248499506,72.01571226918213,80.80443444575499,44.97808428686415,38.59728125902304,34.1447714975873,39.87441602601583
2026-05-12,11,38.0,2026-05-23 00:00:00,11 days 00:00:00,264,20.43,65.6,973.2,79.9,49.03194232770444,158.7021993663535,151.8057113102018,146.07517584737138,153.75552102823252,82.90739544473374,78.68439643071146,71.20904340268014,74.91689499648463,49.03194232770444,37.39866286866844,33.37654164219707,35.15233727820328
2026-05-12,11,38.0,2026-05-23 06:00:00,11 days 06:00:00,270,20.53,65.28,976.2,62.7,45.67758911457253,217.8902560525472,199.2663159123867,212.09266616286143,230.8392326114226,116.32357349153882,101.42330336156752,91.18615671287928,97.855898586019,0.0,0.0,0.0,0.0
2026-05-12,11,38.0,2026-05-23 12:00:00,11 days 12:00:00,276,20.82,64.71,978.5,70.9,44.023884044271,146.0294944303696,129.45560817738055,144.85473099502974,148.4705822322819,71.7146500184941,67.47864702578147,63.181124861209184,66.87017785054036,44.023884044271,39.04704579537554,34.27006611913798,38.12896845198975
2026-05-12,11,38.0,2026-05-23 18:00:00,11 days 18:00:00,282,20.56,63.95,969.8,67.7,29.76714127515249,104.81953846688816,78.38311943342238,100.48874015757202,131.67588225662826,57.76488095962367,44.11631060354817,38.41868565351717,53.29548483829916,29.76714127515249,17.427005119516174,14.912995044220276,20.40773083547237
2026-05-12,11,38.0,2026-05-24 00:00:00,12 days 00:00:00,288,20.75,63.29,979.6,65.7,55.98091127229626,129.3408474001131,102.77576303813962,125.52633096370108,135.25311168916977,58.744237121148586,53.2378477213506,49.481085911585886,52.631291053809946,55.98091127229626,9.919245730700924,9.14938790401455,11.499340919035244
2026-05-12,11,38.0,2026-05-24 06:00:00,12 days 06:00:00,294,20.58,62.81,982.9,60.6,24.38134486043348,199.34236194243857,194.76651765898896,193.2245766209261,196.4173266362602,80.3228936785561,72.18573150900124,58.40586598201126,62.50509753543712,0.0,0.0,0.0,0.0
2026-05-12,11,38.0,2026-05-24 12:00:00,12 days 12:00:00,300,20.46,62.09,990.5,42.9,28.53950514135381,150.62004005975322,138.87483841626465,150.06460006090802,165.54579445963665,0.0,0.0,0.0,0.0,0.0,0.0,0.0,0.0
2026-05-12,11,38.0,2026-05-24 18:00:00,12 days 18:00:00,306,20.63,61.61,987.5,50.8,62.874658520029215,134.5041303537372,127.25021097760764,104.62733742950104,115.05418680972092,0.9180025005375364,62.874658520029215,0.1858914857601128,0.0,0.0,0.0,0.0,0.0
2026-05-12,11,38.0,2026-05-25 00:00:00,13 days 00:00:00,312,20.22,60.85,995.4,42.0,46.69884054297594,128.3729996887243,116.81562433896738,103.69918581790768,116.63822831475764,0.0,0.0,0.0,0.0,0.0,0.0,0.0,0.0
2026-05-12,13,38.0,2026-05-22 12:00:00,10 days 12:00:00,252,8.2,149.98,1010.0,14.5,92.98212461799208,0.0,0.0,0.0,0.0,0.0,0.0,0.0,0.0,0.0,0.0,0.0,0.0
2026-05-12,13,38.0,2026-05-22 18:00:00,10 days 18:00:00,258,8.8,150.61,1011.4,17.9,84.74906745978858,0.0,0.0,0.0,0.0,0.0,0.0,0.0,0.0,0.0,0.0,0.0,0.0
2026-05-12,13,38.0,2026-05-23 00:00:00,11 days 00:00:00,264,9.41,149.5,1002.3,26.3,90.96295814125408,0.0,0.0,0.0,0.0,0.0,0.0,0.0,0.0,0.0,0.0,0.0,0.0
2026-05-12,13,38.0,2026-05-23 06:00:00,11 days 06:00:00,270,9.12,149.2,1004.6,22.9,79.06985708567184,0.0,0.0,0.0,0.0,0.0,0.0,0.0,0.0,0.0,0.0,0.0,0.0
2026-05-12,13,38.0,2026-05-23 12:00:00,11 days 12:00:00,276,9.74,148.59,1004.6,23.0,113.59490991674384,0.0,0.0,0.0,0.0,0.0,0.0,0.0,0.0,0.0,0.0,0.0,0.0
2026-05-12,13,38.0,2026-05-23 18:00:00,11 days 18:00:00,282,10.33,147.96,1002.3,26.9,66.23573317602886,0.0,0.0,0.0,0.0,0.0,0.0,0.0,0.0,0.0,0.0,0.0,0.0
2026-05-12,13,38.0,2026-05-24 00:00:00,12 days 00:00:00,288,10.92,147.4,999.8,32.2,103.56636208428289,0.0,0.0,0.0,0.0,0.0,0.0,0.0,0.0,0.0,0.0,0.0,0.0
2026-05-12,13,38.0,2026-05-24 06:00:00,12 days 06:00:00,294,11.53,146.72,988.4,52.0,65.63363698578007,150.33700176916744,121.59691525453846,81.38717423303625,115.62225332156656,65.63363698578007,0.0,0.0,0.5051328510257858,0.0,0.0,0.0,0.0
2026-05-12,13,38.0,2026-05-24 12:00:00,12 days 12:00:00,300,12.2,145.89,981.0,63.7,27.41255892092237,259.9626367112889,237.6431931577127,217.5552087720208,246.3698016115846,118.160860897099,106.02526718974632,83.00452835384176,95.46414552936724,0.0,0.0,0.0,0.0
2026-05-12,13,38.0,2026-05-24 18:00:00,12 days 18:00:00,306,12.64,144.09,984.1,62.2,30.041447552182436,157.9307823734585,133.4168787586512,103.40834081882257,130.77947383370903,76.4722327303005,66.59442390676091,51.882707074535446,62.53754445059522,0.0,0.0,0.0,0.0
2026-05-12,13,38.0,2026-05-25 00:00:00,13 days 00:00:00,312,12.65,142.85,979.2,71.3,26.790301264013078,177.02913832273663,143.84843016876565,126.5743270112233,157.87179020868558,88.50457822320274,78.0164712416499,64.91838830959487,76.49515364130701,40.70036040813228,36.07173518737006,29.918363058433076,35.20521140386878
2026-05-12,7,39.0,2026-05-21 18:00:00,9 days 18:00:00,234,6.91,140.5,1007.5,15.8,88.31772185054407,0.0,0.0,0.0,0.0,0.0,0.0,0.0,0.0,0.0,0.0,0.0,0.0
2026-05-12,7,39.0,2026-05-22 00:00:00,10 days 00:00:00,240,7.03,140.32,1005.9,16.6,81.83520316270254,0.0,0.0,0.0,0.0,0.0,0.0,0.0,0.0,0.0,0.0,0.0,0.0
2026-05-12,7,39.0,2026-05-22 06:00:00,10 days 06:00:00,246,7.34,139.82,1006.4,19.0,74.17025935487936,0.0,0.0,0.0,0.0,0.0,0.0,0.0,0.0,0.0,0.0,0.0,0.0
2026-05-12,7,39.0,2026-05-22 12:00:00,10 days 12:00:00,252,8.22,138.9,1008.7,25.0,84.71619205805519,0.0,0.0,0.0,0.0,0.0,0.0,0.0,0.0,0.0,0.0,0.0,0.0
2026-05-12,7,39.0,2026-05-22 18:00:00,10 days 18:00:00,258,9.12,138.57,1006.0,24.6,51.01826052583965,0.0,0.0,0.0,0.0,0.0,0.0,0.0,0.0,0.0,0.0,0.0,0.0
2026-05-12,7,39.0,2026-05-23 00:00:00,11 days 00:00:00,264,9.23,137.5,1005.3,28.2,47.50153792117548,0.0,0.0,0.0,0.0,0.0,0.0,0.0,0.0,0.0,0.0,0.0,0.0
2026-05-12,7,39.0,2026-05-23 06:00:00,11 days 06:00:00,270,9.14,136.9,1005.6,23.4,88.50971831073733,0.0,0.0,0.0,0.0,0.0,0.0,0.0,0.0,0.0,0.0,0.0,0.0
2026-05-12,7,39.0,2026-05-23 12:00:00,11 days 12:00:00,276,9.81,136.01,1004.2,35.3,67.28133164207247,67.28133164207247,30.197909787894083,17.00086363144073,32.898870645815855,0.0,0.0,0.0,0.0,0.0,0.0,0.0,0.0
2026-05-12,7,39.0,2026-05-23 18:00:00,11 days 18:00:00,282,10.46,134.78,995.6,44.0,29.810208439441052,32.27202157635463,22.958386585543487,22.395871946762448,29.768998218300325,0.0,0.0,0.0,0.0,0.0,0.0,0.0,0.0
2026-05-12,7,39.0,2026-05-24 00:00:00,12 days 00:00:00,288,10.93,133.81,996.9,43.7,40.94769380306218,98.09459434450665,78.88939058501208,55.43871755996496,76.44126832824568,0.0,0.0,0.0,0.0,0.0,0.0,0.0,0.0
2026-05-12,7,39.0,2026-05-24 06:00:00,12 days 06:00:00,294,11.36,132.98,994.0,52.6,113.71548734871996,232.9242615116033,209.60446682615049,173.4598391322897,189.61561831743364,2.4064077701637414,0.0,113.71548734871996,1.2961095484641918,0.0,0.0,0.0,0.0
2026-05-12,7,39.0,2026-05-24 12:00:00,12 days 12:00:00,300,11.64,131.89,999.1,44.3,56.36247191027347,108.63109125525207,90.36879219701864,63.048229633470726,91.5933012801599,0.0,0.0,0.0,0.0,0.0,0.0,0.0,0.0
2026-05-12,7,39.0,2026-05-24 18:00:00,12 days 18:00:00,306,11.95,130.71,999.7,37.8,52.44748395583295,52.44748395583295,28.259915746959848,20.028134351324677,28.074766643198096,0.0,0.0,0.0,0.0,0.0,0.0,0.0,0.0
2026-05-12,7,39.0,2026-05-25 00:00:00,13 days 00:00:00,312,12.33,129.85,999.1,39.5,50.04384526543532,67.95312596043905,52.74655747275447,45.59110692489192,58.44066696179179,0.0,0.0,0.0,0.0,0.0,0.0,0.0,0.0
2026-05-12,9,39.0,2026-05-22 12:00:00,10 days 12:00:00,252,8.91,150.56,1004.2,29.4,88.62928460813426,0.0,0.0,0.0,0.0,0.0,0.0,0.0,0.0,0.0,0.0,0.0,0.0
2026-05-12,9,39.0,2026-05-22 18:00:00,10 days 18:00:00,258,9.69,150.87,1005.8,20.4,81.31220259751332,0.0,0.0,0.0,0.0,0.0,0.0,0.0,0.0,0.0,0.0,0.0,0.0
2026-05-12,9,39.0,2026-05-23 00:00:00,11 days 00:00:00,264,9.01,149.89,1003.1,21.7,51.65240575188807,0.0,0.0,0.0,0.0,0.0,0.0,0.0,0.0,0.0,0.0,0.0,0.0
2026-05-12,9,39.0,2026-05-23 06:00:00,11 days 06:00:00,270,9.85,149.39,1006.7,25.0,109.2337641936022,0.0,0.0,0.0,0.0,0.0,0.0,0.0,0.0,0.0,0.0,0.0,0.0
2026-05-12,9,39.0,2026-05-23 12:00:00,11 days 12:00:00,276,10.79,149.07,1006.7,26.9,113.23013289452292,0.0,0.0,0.0,0.0,0.0,0.0,0.0,0.0,0.0,0.0,0.0,0.0
2026-05-12,9,39.0,2026-05-23 18:00:00,11 days 18:00:00,282,11.62,148.29,1005.1,26.7,60.635701513257104,0.0,0.0,0.0,0.0,0.0,0.0,0.0,0.0,0.0,0.0,0.0,0.0
2026-05-12,9,39.0,2026-05-24 00:00:00,12 days 00:00:00,288,11.92,147.52,1005.8,29.4,65.13546941105422,0.0,0.0,0.0,0.0,0.0,0.0,0.0,0.0,0.0,0.0,0.0,0.0
2026-05-12,9,39.0,2026-05-24 06:00:00,12 days 06:00:00,294,12.99,146.48,1004.9,29.3,52.703974559399214,0.0,0.0,0.0,0.0,0.0,0.0,0.0,0.0,0.0,0.0,0.0,0.0
2026-05-12,9,39.0,2026-05-24 12:00:00,12 days 12:00:00,300,12.46,145.81,1004.7,31.2,108.71575385049954,0.0,0.0,0.0,0.0,0.0,0.0,0.0,0.0,0.0,0.0,0.0,0.0
2026-05-12,9,39.0,2026-05-24 18:00:00,12 days 18:00:00,306,12.57,145.05,1005.8,31.1,51.879195867028194,0.0,0.0,0.0,0.0,0.0,0.0,0.0,0.0,0.0,0.0,0.0,0.0
2026-05-12,9,39.0,2026-05-25 00:00:00,13 days 00:00:00,312,12.52,144.1,1002.1,32.8,52.4526771389978,0.0,0.0,0.0,0.0,0.0,0.0,0.0,0.0,0.0,0.0,0.0,0.0
2026-05-12,11,41.0,2026-05-23 00:00:00,11 days 00:00:00,264,8.42,146.88,1000.7,39.6,67.49619217066162,67.49619217066162,10.403122046088097,8.189396541159969,17.429736191290978,0.0,0.0,0.0,0.0,0.0,0.0,0.0,0.0
2026-05-12,11,41.0,2026-05-23 06:00:00,11 days 06:00:00,270,8.66,146.59,1002.2,29.3,21.37878019061668,0.0,0.0,0.0,0.0,0.0,0.0,0.0,0.0,0.0,0.0,0.0,0.0
2026-05-12,11,41.0,2026-05-23 12:00:00,11 days 12:00:00,276,9.13,146.89,1008.3,20.2,96.43329310372968,0.0,0.0,0.0,0.0,0.0,0.0,0.0,0.0,0.0,0.0,0.0,0.0
2026-05-12,11,41.0,2026-05-23 18:00:00,11 days 18:00:00,282,9.57,146.33,1004.3,25.9,71.13873399404761,0.0,0.0,0.0,0.0,0.0,0.0,0.0,0.0,0.0,0.0,0.0,0.0
2026-05-12,11,41.0,2026-05-24 00:00:00,12 days 00:00:00,288,9.45,145.97,1004.0,29.7,90.9203411990367,0.0,0.0,0.0,0.0,0.0,0.0,0.0,0.0,0.0,0.0,0.0,0.0
2026-05-12,11,41.0,2026-05-24 06:00:00,12 days 06:00:00,294,9.94,145.34,1003.3,26.6,102.68209094617772,0.0,0.0,0.0,0.0,0.0,0.0,0.0,0.0,0.0,0.0,0.0,0.0
2026-05-12,11,41.0,2026-05-24 12:00:00,12 days 12:00:00,300,10.42,145.07,1004.5,35.8,128.66237145938618,206.020886808745,181.4456669012607,144.19185508934407,166.25472128442948,0.0,0.0,0.0,0.0,0.0,0.0,0.0,0.0
2026-05-12,11,41.0,2026-05-24 18:00:00,12 days 18:00:00,306,10.87,144.62,998.4,32.8,63.35003415788139,0.0,0.0,0.0,0.0,0.0,0.0,0.0,0.0,0.0,0.0,0.0,0.0
2026-05-12,11,41.0,2026-05-25 00:00:00,13 days 00:00:00,312,11.16,143.81,999.6,42.4,128.6393608365275,215.9122915587417,193.9592392989165,154.84041751287924,173.70456177178542,0.0,0.0,0.0,0.0,0.0,0.0,0.0,0.0
2026-05-12,7,42.0,2026-05-17 00:00:00,5 days 00:00:00,120,9.33,150.56,1003.1,24.9,120.74221395827786,0.0,0.0,0.0,0.0,0.0,0.0,0.0,0.0,0.0,0.0,0.0,0.0
2026-05-12,7,42.0,2026-05-17 06:00:00,5 days 06:00:00,126,9.83,149.82,1003.4,29.0,74.3839982945752,0.0,0.0,0.0,0.0,0.0,0.0,0.0,0.0,0.0,0.0,0.0,0.0
2026-05-12,7,42.0,2026-05-17 12:00:00,5 days 12:00:00,132,10.85,148.79,999.0,42.4,22.218113559497453,73.08192310080778,56.6348918090585,36.852960594822896,53.556874360335314,0.0,0.0,0.0,0.0,0.0,0.0,0.0,0.0
2026-05-12,7,42.0,2026-05-17 18:00:00,5 days 18:00:00,138,11.29,147.8,988.5,51.9,31.140305939605614,142.66427825061845,107.1199902115687,64.40459711571552,109.2390427193004,31.140305939605614,1.7823128594008166,0.0,4.12333618708508,0.0,0.0,0.0,0.0
2026-05-12,7,42.0,2026-05-18 00:00:00,6 days 00:00:00,144,11.69,147.38,966.8,91.0,0.0,143.9029088996544,100.04006496973008,79.67008645359012,118.38610912839972,73.4275448683114,56.30437957928619,41.36966522966432,60.859169160622834,33.97019090968867,26.53352869567958,21.104708489749186,28.449540411820344
2026-05-12,7,42.0,2026-05-18 06:00:00,6 days 06:00:00,150,12.31,146.33,979.7,68.6,5.495629802142975,206.885935920356,139.24313212112992,107.87206448412208,179.29605347995806,111.32850768111008,90.76817552066566,68.76395157524647,96.01189128355628,59.47012535840904,51.26231332863885,40.323816826492646,50.26474827561613
2026-05-12,7,42.0,2026-05-18 12:00:00,6 days 12:00:00,156,12.88,145.55,968.8,89.2,0.0,116.74458922560984,57.94223211743353,38.14108498952372,103.04193593492192,40.84790243508185,20.669919643819615,16.056350934572727,37.97070965812873,20.36778764768842,14.82716565221965,11.64076395401743,19.11865968253954
2026-05-12,7,42.0,2026-05-18 18:00:00,6 days 18:00:00,162,13.33,144.86,957.4,99.8,17.180017723683314,154.83547259686256,114.1213791914164,89.52445742309496,146.5193152197441,81.96970553195456,61.64620410630637,49.53116976066799,71.37711271334138,43.71530734284391,36.62635211040387,30.25475306173639,37.97337594932979
2026-05-12,7,42.0,2026-05-19 00:00:00,7 days 00:00:00,168,13.8,143.85,952.3,113.5,10.778692530467907,133.11821077170856,98.78664641208172,77.02134551038324,134.8544016183008,63.04177916038063,43.546254088338415,36.34764546664067,57.21437664049182,37.04943582830913,31.03468603054006,25.311173996575462,34.37852428466533
2026-05-12,7,42.0,2026-05-19 06:00:00,7 days 06:00:00,174,14.18,142.94,942.6,113.1,1.810005502047936,119.64895431201806,87.77531794980005,94.20805636952691,123.46401127624394,59.96142102629114,50.04686686166471,48.94807205026094,59.41231046901052,40.897697309788896,34.35625657724884,30.62325708642805,36.34794809246675
2026-05-12,7,42.0,2026-05-19 12:00:00,7 days 12:00:00,180,14.64,142.07,969.6,90.3,4.474340122308803,109.07807400156616,75.50858538234077,69.93219617234055,102.3865541832461,49.73794788116986,38.29130120861242,32.8882847669862,46.546724084677166,26.089147706771733,20.62701087179721,17.861648424791305,22.7512012922121
2026-05-12,7,42.0,2026-05-19 18:00:00,7 days 18:00:00,186,15.05,141.28,967.7,82.2,0.0,136.90372241947173,86.65838712615661,95.3306749480115,132.35808881075246,64.34499869749524,54.55550650954447,46.93930522189652,64.43832042223022,44.09100452872845,37.29829345219573,31.585708787893413,38.33840325459308
2026-05-12,7,42.0,2026-05-20 00:00:00,8 days 00:00:00,192,15.85,140.11,969.4,91.1,24.21539531235635,167.17249832358902,131.28882069883912,110.01594495327254,149.33520124015558,77.59415717463412,63.5574074632832,52.956764265278366,66.19582261808932,44.350737916635126,37.87379122058962,31.9894604651127,38.757409657692506
2026-05-12,7,42.0,2026-05-20 06:00:00,8 days 06:00:00,198,15.98,139.21,970.9,85.2,3.3476648489244942,186.66816524233167,145.81300405873083,101.46037657355534,149.15601873459332,92.9720354718209,79.51198316597942,64.27109031172976,83.30575282394976,55.152431439447824,46.93069729014669,38.49259524749476,46.36189249700952
2026-05-12,7,42.0,2026-05-20 12:00:00,8 days 12:00:00,204,16.13,138.36,972.3,84.7,0.0,71.60261165846593,42.55639346185866,45.84240738986799,64.00825425969487,32.427569538743306,20.58766821465988,17.473996881076463,31.044339126589392,12.905451663228426,8.484594195853143,6.883243909808307,11.511788553272083
2026-05-12,7,42.0,2026-05-20 18:00:00,8 days 18:00:00,210,16.39,137.3,952.3,105.8,0.0,150.89353785311383,98.2441097668534,103.95213595170632,146.34469024963218,67.20482927936291,56.36428528477924,51.866692372558646,65.61454856231171,43.407750320465205,37.11448147524999,32.23258128555342,38.86423240808084
2026-05-12,7,42.0,2026-05-21 00:00:00,9 days 00:00:00,216,16.39,136.1,968.7,87.2,0.0,105.50444232982385,71.08217110926273,65.48780740852217,98.9725978967486,50.64156391409252,39.19916272526925,31.701225751424385,45.63349948480455,31.865484491350514,25.45507162175896,20.59961893443545,28.03367023614428
2026-05-12,7,42.0,2026-05-21 06:00:00,9 days 06:00:00,222,16.7,135.03,965.6,92.8,0.0,126.8087012018247,106.2460605629816,114.46565597465474,128.12703110928942,59.26034779841064,53.67261933203992,49.18897087989163,56.76332421661613,41.53164578773132,36.40266273323141,31.529648273070197,37.07395044206479
2026-05-12,7,42.0,2026-05-21 12:00:00,9 days 12:00:00,228,16.75,133.85,968.1,86.4,0.0,87.69620791379812,49.54891256163598,60.795970553342514,88.74460409178934,42.67535225714488,31.561549006802377,30.416753703194274,40.324395024477205,23.103069387818103,17.962587211543855,16.310245606038876,20.35265299441062
2026-05-12,7,42.0,2026-05-21 18:00:00,9 days 18:00:00,234,17.03,132.58,973.4,79.1,3.435167585394616,154.5379374125704,107.83681937082471,83.25092641752045,133.05100353926957,76.51295055068675,61.31545124899972,46.732240406495656,65.80793878125255,43.8960567077893,36.538352212106254,29.30300649002136,37.04180236281131
2026-05-12,7,42.0,2026-05-22 00:00:00,10 days 00:00:00,240,17.39,131.4,962.4,90.5,0.0,108.41693479782116,76.33414600945757,70.50054833884764,105.03973277164198,60.49213593950808,44.58908138622529,37.84490413756229,55.62593720097146,34.69198157020531,26.549127170665137,22.65303528086996,30.313501446054826
2026-05-12,7,42.0,2026-05-22 06:00:00,10 days 06:00:00,246,17.66,130.23,982.9,68.2,2.6383189859868708,111.74856922451764,67.68684571707612,53.08648168074329,102.61287859586974,26.143839265228188,15.991327594761144,9.577420413480343,20.563842206624063,2.6383189859868708,0.0,0.0,2.068315570706746
2026-05-12,7,42.0,2026-05-22 12:00:00,10 days 12:00:00,252,18.0,129.37,982.6,70.0,0.0,98.64583255441843,50.89165068189824,41.715506741669486,71.1747025257368,36.98207726608379,24.64634392228292,17.515425618328727,28.69131789317393,7.68329713475701,3.761288886130631,2.521858177264831,6.126293384735286
2026-05-12,7,42.0,2026-05-22 18:00:00,10 days 18:00:00,258,18.62,128.38,986.3,65.3,9.500655293568428,87.38413732754984,64.30838286819326,45.66397300009078,71.77975422086573,36.32190915650658,26.65611588376248,17.896838093806473,26.64360642769753,9.500655293568428,0.9915144713306638,0.4144897651418091,1.992475083268701
2026-05-12,7,42.0,2026-05-23 00:00:00,11 days 00:00:00,264,18.96,127.36,995.7,44.0,31.8628335773802,134.7424259838237,102.76878853226086,63.29574692074751,115.06710466492044,0.0,0.0,0.0,0.0,0.0,0.0,0.0,0.0
2026-05-12,7,42.0,2026-05-23 06:00:00,11 days 06:00:00,270,18.72,126.67,1000.9,44.2,23.29209073953433,73.19399707839122,55.098866212551926,37.927250760167794,65.30584219112336,0.0,0.0,0.0,0.0,0.0,0.0,0.0,0.0
2026-05-12,7,42.0,2026-05-23 12:00:00,11 days 12:00:00,276,19.34,125.92,1002.9,44.4,27.815678728530003,67.35609644804987,46.980028777314914,22.412680592042637,55.6848176328065,0.0,0.0,0.0,0.0,0.0,0.0,0.0,0.0
2026-05-12,7,42.0,2026-05-23 18:00:00,11 days 18:00:00,282,19.52,124.68,1004.9,38.1,27.503034019218045,27.503034019218045,0.0,0.0,0.0,0.0,0.0,0.0,0.0,0.0,0.0,0.0,0.0
2026-05-12,7,42.0,2026-05-24 00:00:00,12 days 00:00:00,288,19.49,123.83,1006.9,31.4,28.34682224858259,0.0,0.0,0.0,0.0,0.0,0.0,0.0,0.0,0.0,0.0,0.0,0.0
2026-05-12,7,42.0,2026-05-24 06:00:00,12 days 06:00:00,294,20.29,122.96,1010.9,20.5,113.79778786846754,0.0,0.0,0.0,0.0,0.0,0.0,0.0,0.0,0.0,0.0,0.0,0.0
2026-05-12,7,42.0,2026-05-24 12:00:00,12 days 12:00:00,300,20.62,122.46,1008.6,22.3,61.62703211234606,0.0,0.0,0.0,0.0,0.0,0.0,0.0,0.0,0.0,0.0,0.0,0.0
2026-05-12,7,42.0,2026-05-24 18:00:00,12 days 18:00:00,306,21.19,121.99,1007.8,21.8,62.34764879240704,0.0,0.0,0.0,0.0,0.0,0.0,0.0,0.0,0.0,0.0,0.0,0.0
2026-05-12,7,42.0,2026-05-25 00:00:00,13 days 00:00:00,312,21.12,121.81,1011.7,17.9,64.68249871282954,0.0,0.0,0.0,0.0,0.0,0.0,0.0,0.0,0.0,0.0,0.0,0.0
2026-05-12,11,44.0,2026-05-19 18:00:00,7 days 18:00:00,186,14.94,84.11,997.9,29.4,81.63092265969524,0.0,0.0,0.0,0.0,0.0,0.0,0.0,0.0,0.0,0.0,0.0,0.0
2026-05-12,11,44.0,2026-05-20 00:00:00,8 days 00:00:00,192,15.41,86.23,1001.2,23.9,79.21406314782757,0.0,0.0,0.0,0.0,0.0,0.0,0.0,0.0,0.0,0.0,0.0,0.0
2026-05-12,11,44.0,2026-05-20 06:00:00,8 days 06:00:00,198,14.83,86.1,1000.2,27.6,142.22424309217612,0.0,0.0,0.0,0.0,0.0,0.0,0.0,0.0,0.0,0.0,0.0,0.0
2026-05-12,11,44.0,2026-05-20 12:00:00,8 days 12:00:00,204,14.2,86.92,997.7,36.8,77.28061910027785,11.1526684743348,77.28061910027785,12.775773618561184,12.818297864493982,0.0,0.0,0.0,0.0,0.0,0.0,0.0,0.0
2026-05-12,11,44.0,2026-05-20 18:00:00,8 days 18:00:00,210,14.17,88.16,994.9,36.0,43.71078923637008,0.0,1.0442147588656354,43.71078923637008,0.0,0.0,0.0,0.0,0.0,0.0,0.0,0.0,0.0
2026-05-12,11,44.0,2026-05-21 00:00:00,9 days 00:00:00,216,14.65,88.35,991.5,49.7,76.35886980898361,262.76608820276584,264.2729628656048,247.38145189689888,230.6161200147,0.0,0.0,0.0,0.0,0.0,0.0,0.0,0.0
2026-05-12,11,44.0,2026-05-21 06:00:00,9 days 06:00:00,222,14.53,89.35,991.3,45.3,68.40254092704018,210.29828261538344,210.85819596065585,165.60893107503284,181.7461110313651,0.0,0.0,0.0,0.0,0.0,0.0,0.0,0.0
2026-05-12,11,44.0,2026-05-21 12:00:00,9 days 12:00:00,228,14.94,89.74,989.1,50.5,52.67679485922308,93.36030044029312,103.14461937711717,81.2310063601277,83.347495542306,27.61676053074557,52.67679485922308,21.94013426648798,19.76540606961521,0.0,0.0,0.0,0.0
2026-05-12,11,44.0,2026-05-21 18:00:00,9 days 18:00:00,234,15.55,90.36,982.2,59.4,52.21031606097871,169.6389807535885,172.32826408690613,148.14383455095515,138.3256690043156,54.69116869183989,55.30705851858126,43.053692197875634,42.48134695153188,0.0,0.0,0.0,0.0
2026-05-12,11,44.0,2026-05-22 00:00:00,10 days 00:00:00,240,15.7,90.79,971.0,68.0,36.23329241002692,197.64355079335948,211.30948126384263,199.95456496603023,176.62631244037456,64.31307056164167,67.58169615486133,54.88452365036073,49.5575630368785,3.687860089974204,4.936221890344678,36.23329241002692,2.7703317236021303
2026-05-12,11,44.0,2026-05-22 06:00:00,10 days 06:00:00,246,16.23,91.18,987.2,46.5,53.07675794113567,180.13462164094813,180.23600455172289,146.65736290856535,160.1162202560355,0.0,0.0,0.0,0.0,0.0,0.0,0.0,0.0
2026-05-12,11,44.0,2026-05-22 12:00:00,10 days 12:00:00,252,16.93,91.46,985.1,53.6,58.33150259926661,120.04820874907348,123.31063162812583,95.14907006631118,103.16334410446488,0.0,58.33150259926661,0.1855599983260689,0.0,0.0,0.0,0.0,0.0
2026-05-12,11,44.0,2026-05-22 18:00:00,10 days 18:00:00,258,17.91,91.62,986.0,53.5,62.51570114624445,198.90909681621335,188.7448583737764,139.56009128236417,162.62907291780857,4.043711215516359,62.51570114624445,1.4559943356053506,1.337195913157811,0.0,0.0,0.0,0.0
2026-05-12,11,44.0,2026-05-23 00:00:00,11 days 00:00:00,264,18.85,91.48,972.4,71.1,0.0,207.16520032005468,192.9362318083092,158.80200947951465,194.2294372080888,113.34776611197825,101.94178199959354,82.99410042871368,99.4651392081475,50.17341752788174,43.78245665109736,36.31798759110425,42.4807097604142
2026-05-12,11,44.0,2026-05-23 06:00:00,11 days 06:00:00,270,19.83,91.48,970.1,79.8,29.16802978645473,187.7545637719666,194.76944135811996,164.45303317196175,165.90641931163594,104.1227725132252,99.10692296518052,84.06049867276454,90.60625030903708,50.14219293372162,47.19025316864317,39.1202491958542,42.58733177488165
2026-05-12,11,44.0,2026-05-23 12:00:00,11 days 12:00:00,276,20.58,91.57,972.7,76.8,19.508273705013167,188.531660008364,188.98037897762256,167.00032426064791,158.57349196137284,84.04340125528395,79.91503371679444,65.90423281599716,67.39946456560327,22.65728068555945,21.9465630173994,17.065565071483014,18.461687616182644
2026-05-12,11,44.0,2026-05-23 18:00:00,11 days 18:00:00,282,21.25,91.89,952.4,90.2,0.0,183.5579253318513,209.71091609402416,164.67547975244315,152.15313417567003,38.91434400102776,39.23425834346117,23.844494266560712,27.59371527049709,7.341336214539378,7.170732711496968,5.733929192970763,5.661112809477786
2026-05-12,11,44.0,2026-05-24 00:00:00,12 days 00:00:00,288,22.53,92.55,983.4,61.6,20.85313133738285,175.81505235953472,190.1713834537311,144.26980187674937,131.41285056020163,53.16671461131868,54.18565686926439,36.64526442217483,41.32406803020284,0.0,0.0,0.0,0.0
2026-05-12,11,44.0,2026-05-24 06:00:00,12 days 06:00:00,294,23.52,93.38,983.6,51.4,63.856541465433565,231.48143305301156,223.06277019981655,189.8966881989488,182.2184046842929,25.39148768999509,63.856541465433565,22.04966724911728,19.703732580523152,0.0,0.0,0.0,0.0
2026-05-12,11,44.0,2026-05-24 12:00:00,12 days 12:00:00,300,24.39,94.18,1001.7,24.5,39.10675113021816,0.0,0.0,0.0,0.0,0.0,0.0,0.0,0.0,0.0,0.0,0.0,0.0
2026-05-12,6,45.0,2026-05-23 00:00:00,11 days 00:00:00,264,8.23,148.38,1009.0,26.2,112.89747763143085,0.0,0.0,0.0,0.0,0.0,0.0,0.0,0.0,0.0,0.0,0.0,0.0
2026-05-12,6,45.0,2026-05-23 06:00:00,11 days 06:00:00,270,8.33,146.88,1007.6,19.6,95.54398027238535,0.0,0.0,0.0,0.0,0.0,0.0,0.0,0.0,0.0,0.0,0.0,0.0
2026-05-12,6,45.0,2026-05-23 12:00:00,11 days 12:00:00,276,8.65,146.21,1004.3,20.8,83.84085691238964,0.0,0.0,0.0,0.0,0.0,0.0,0.0,0.0,0.0,0.0,0.0,0.0
2026-05-12,6,45.0,2026-05-23 18:00:00,11 days 18:00:00,282,9.03,145.93,1003.4,23.3,107.021504988527,0.0,0.0,0.0,0.0,0.0,0.0,0.0,0.0,0.0,0.0,0.0,0.0
2026-05-12,6,45.0,2026-05-24 00:00:00,12 days 00:00:00,288,8.93,145.01,1004.7,29.4,79.52569052968148,0.0,0.0,0.0,0.0,0.0,0.0,0.0,0.0,0.0,0.0,0.0,0.0
2026-05-12,6,45.0,2026-05-24 06:00:00,12 days 06:00:00,294,9.26,144.24,1001.3,33.7,101.80229140812278,0.0,0.0,0.0,0.0,0.0,0.0,0.0,0.0,0.0,0.0,0.0,0.0
2026-05-12,6,45.0,2026-05-24 12:00:00,12 days 12:00:00,300,8.7,143.32,1006.0,23.0,65.06743317716712,0.0,0.0,0.0,0.0,0.0,0.0,0.0,0.0,0.0,0.0,0.0,0.0
2026-05-12,6,45.0,2026-05-24 18:00:00,12 days 18:00:00,306,9.17,143.08,999.6,39.0,106.05349374783222,159.0639377882693,147.68162218539555,112.0269223495906,126.70803623601276,0.0,0.0,0.0,0.0,0.0,0.0,0.0,0.0
2026-05-12,6,45.0,2026-05-25 00:00:00,13 days 00:00:00,312,9.56,143.16,998.3,30.6,78.85945614337822,0.0,0.0,0.0,0.0,0.0,0.0,0.0,0.0,0.0,0.0,0.0,0.0
2026-05-12,14,46.0,2026-05-20 18:00:00,8 days 18:00:00,210,7.92,140.26,1003.5,26.3,75.67547821284157,0.0,0.0,0.0,0.0,0.0,0.0,0.0,0.0,0.0,0.0,0.0,0.0
2026-05-12,14,46.0,2026-05-21 00:00:00,9 days 00:00:00,216,7.93,139.94,1000.3,30.4,63.03503508325824,0.0,0.0,0.0,0.0,0.0,0.0,0.0,0.0,0.0,0.0,0.0,0.0
2026-05-12,14,46.0,2026-05-21 06:00:00,9 days 06:00:00,222,7.97,139.75,1003.0,27.8,86.40684719194587,0.0,0.0,0.0,0.0,0.0,0.0,0.0,0.0,0.0,0.0,0.0,0.0
2026-05-12,14,46.0,2026-05-21 12:00:00,9 days 12:00:00,228,8.44,139.81,999.1,35.0,32.50148498442135,16.138283859866277,13.796556989467874,11.589936286000992,32.50148498442135,0.0,0.0,0.0,0.0,0.0,0.0,0.0,0.0
2026-05-12,14,46.0,2026-05-21 18:00:00,9 days 18:00:00,234,8.44,139.18,1001.4,30.9,70.83837776167513,0.0,0.0,0.0,0.0,0.0,0.0,0.0,0.0,0.0,0.0,0.0,0.0
2026-05-12,14,46.0,2026-05-22 00:00:00,10 days 00:00:00,240,9.18,138.8,1000.7,35.2,78.46705430532586,78.46705430532586,0.0,0.0,0.0,0.0,0.0,0.0,0.0,0.0,0.0,0.0,0.0
2026-05-12,14,46.0,2026-05-22 06:00:00,10 days 06:00:00,246,10.06,138.07,1001.4,32.1,47.0286675815786,0.0,0.0,0.0,0.0,0.0,0.0,0.0,0.0,0.0,0.0,0.0,0.0
2026-05-12,14,46.0,2026-05-22 12:00:00,10 days 12:00:00,252,10.33,137.17,1001.2,33.0,70.83910724222203,0.0,0.0,0.0,0.0,0.0,0.0,0.0,0.0,0.0,0.0,0.0,0.0
2026-05-12,14,46.0,2026-05-22 18:00:00,10 days 18:00:00,258,10.62,136.31,991.1,53.7,37.94788210130116,129.75872349651513,103.46645170218584,91.75916788643669,116.8015644694026,37.94788210130116,24.455067674247715,17.76150108534071,22.24658706439681,0.0,0.0,0.0,0.0
2026-05-12,14,46.0,2026-05-23 00:00:00,11 days 00:00:00,264,11.11,134.88,990.6,57.2,21.842360490035155,125.9369602035866,104.55130554766984,90.05672084706342,110.985234564923,33.13386100779799,27.50813786895163,19.30319590966244,25.26157049462724,0.0,0.0,0.0,0.0
2026-05-12,14,46.0,2026-05-23 06:00:00,11 days 06:00:00,270,10.99,133.58,978.3,74.2,22.512528787840168,173.14979865203432,125.95041877950204,128.28010742469934,175.5407062002315,88.0712961041582,76.02383526156922,65.9460708039538,79.89789779144496,48.65595285611243,43.24193303306484,36.40458522699828,42.79605491092663
2026-05-12,14,46.0,2026-05-23 12:00:00,11 days 12:00:00,276,11.62,132.48,970.0,85.8,3.256189150708491,135.32804846479914,96.73660877075388,89.82424811257823,125.5527472161041,69.082289937151,55.99690924072251,46.97859454423528,58.92103098726619,30.506375140259905,24.866311477491447,21.036537135025146,26.19918741984049
2026-05-12,14,46.0,2026-05-23 18:00:00,11 days 18:00:00,282,11.96,131.56,984.6,78.2,0.0,134.6734442212457,94.91369843135443,105.76645543099492,136.8909579401439,65.11835427970655,54.98129455776876,47.44375555164986,57.55651277542813,37.3986943704675,32.93649001895758,27.32580328756105,32.0670544172077
2026-05-12,14,46.0,2026-05-24 00:00:00,12 days 00:00:00,288,12.34,130.29,984.4,69.7,54.024507294754926,229.28361914751304,180.0294239126556,175.8133751986088,238.3509656409551,101.9257951162458,80.31660570386566,61.74459313863099,86.59260944424295,54.024507294754926,4.39938986947088,2.309520236066298,7.970688046691265
2026-05-12,14,46.0,2026-05-24 06:00:00,12 days 06:00:00,294,12.8,129.26,987.5,62.0,36.0828915259797,159.03154822159686,121.5077059332482,116.0967718887897,135.0876868032867,65.00841267511902,53.68172593866548,46.62984887862319,54.94289796063414,0.0,0.0,0.0,0.0
2026-05-12,14,46.0,2026-05-24 12:00:00,12 days 12:00:00,300,13.03,128.3,980.1,69.7,14.682155027393216,150.13230208942852,118.72758250931102,122.70110659707612,147.64751694626892,81.99317229515556,73.6065994932794,63.726774545757365,72.81785316774359,40.259335974947,36.80379984457397,31.50560762106315,35.313206032809056
2026-05-12,14,46.0,2026-05-24 18:00:00,12 days 18:00:00,306,13.24,127.65,974.7,84.1,18.32445736692984,165.89980564206587,143.12331712392353,152.488524605876,165.0345197648409,82.55355756899183,76.46891077254364,69.99375118639524,74.75227383305966,49.30590179154646,46.29651624945957,39.77020214207218,43.73160592272304
2026-05-12,14,46.0,2026-05-25 00:00:00,13 days 00:00:00,312,13.74,126.52,978.1,75.2,15.61008105674708,165.6799462255588,127.93121039685454,103.16703454883758,143.5754441125195,88.53448373694816,73.64107066002104,55.65033063169378,73.73570095542375,39.99380852345304,33.47176750925851,26.34831255551594,33.65162268155748
2026-05-12,13,47.0,2026-05-22 18:00:00,10 days 18:00:00,258,14.18,71.9,1007.7,23.4,67.22475976566915,0.0,0.0,0.0,0.0,0.0,0.0,0.0,0.0,0.0,0.0,0.0,0.0
2026-05-12,13,47.0,2026-05-23 00:00:00,11 days 00:00:00,264,14.25,72.45,1004.1,27.2,111.1600593751578,0.0,0.0,0.0,0.0,0.0,0.0,0.0,0.0,0.0,0.0,0.0,0.0
2026-05-12,13,47.0,2026-05-23 06:00:00,11 days 06:00:00,270,13.92,71.67,999.8,32.0,33.149853471103164,0.0,0.0,0.0,0.0,0.0,0.0,0.0,0.0,0.0,0.0,0.0,0.0
2026-05-12,13,47.0,2026-05-23 12:00:00,11 days 12:00:00,276,13.9,71.52,1003.8,29.3,164.57803809757638,0.0,0.0,0.0,0.0,0.0,0.0,0.0,0.0,0.0,0.0,0.0,0.0
2026-05-12,13,47.0,2026-05-23 18:00:00,11 days 18:00:00,282,13.6,70.95,994.7,41.8,59.40891353760038,132.04250840819057,122.5688553521426,120.50088747655036,127.6051179493068,0.0,0.0,0.0,0.0,0.0,0.0,0.0,0.0
2026-05-12,13,47.0,2026-05-24 00:00:00,12 days 00:00:00,288,13.48,71.01,996.4,42.0,119.91376211510344,13.693899061688734,13.85490631065762,119.91376211510344,13.209410721399635,0.0,0.0,0.0,0.0,0.0,0.0,0.0,0.0
2026-05-12,13,47.0,2026-05-24 06:00:00,12 days 06:00:00,294,13.26,70.75,992.6,47.9,52.18335134349552,79.28788742140767,71.80728870536905,63.1740106209591,76.27546218268532,0.0,0.0,0.0,0.0,0.0,0.0,0.0,0.0
2026-05-12,13,47.0,2026-05-24 12:00:00,12 days 12:00:00,300,13.16,70.73,992.9,46.0,61.57186443753385,5.567677420429368,1.9485902730275615,61.57186443753385,8.68320234762774,0.0,0.0,0.0,0.0,0.0,0.0,0.0,0.0
2026-05-12,13,47.0,2026-05-24 18:00:00,12 days 18:00:00,306,13.17,70.68,988.3,54.0,31.46357731178168,151.09099801472394,144.74968644284309,127.50768845086895,136.224897795657,31.46357731178168,15.182615529070354,10.443835707270216,13.324018729950282,0.0,0.0,0.0,0.0
2026-05-12,13,47.0,2026-05-25 00:00:00,13 days 00:00:00,312,13.5,70.65,993.1,44.3,64.497636287682,120.61696378878186,115.94002237396492,94.18772510582076,99.62063185038848,0.0,0.0,0.0,0.0,0.0,0.0,0.0,0.0
2026-05-12,14,47.0,2026-05-23 12:00:00,11 days 12:00:00,276,8.42,144.51,1007.5,21.2,132.48603741957228,0.0,0.0,0.0,0.0,0.0,0.0,0.0,0.0,0.0,0.0,0.0,0.0
2026-05-12,14,47.0,2026-05-23 18:00:00,11 days 18:00:00,282,8.93,143.77,1004.2,25.9,66.86172455900612,0.0,0.0,0.0,0.0,0.0,0.0,0.0,0.0,0.0,0.0,0.0,0.0
2026-05-12,14,47.0,2026-05-24 00:00:00,12 days 00:00:00,288,8.48,143.92,1009.2,17.5,106.61788996880404,0.0,0.0,0.0,0.0,0.0,0.0,0.0,0.0,0.0,0.0,0.0,0.0
2026-05-12,14,47.0,2026-05-24 06:00:00,12 days 06:00:00,294,8.55,142.95,1006.2,17.0,103.06304780291782,0.0,0.0,0.0,0.0,0.0,0.0,0.0,0.0,0.0,0.0,0.0,0.0
2026-05-12,14,47.0,2026-05-24 12:00:00,12 days 12:00:00,300,8.88,141.74,1007.6,20.9,131.50962842483625,0.0,0.0,0.0,0.0,0.0,0.0,0.0,0.0,0.0,0.0,0.0,0.0
2026-05-12,14,47.0,2026-05-24 18:00:00,12 days 18:00:00,306,8.68,141.83,1004.8,24.1,110.72785982087048,0.0,0.0,0.0,0.0,0.0,0.0,0.0,0.0,0.0,0.0,0.0,0.0
2026-05-12,14,47.0,2026-05-25 00:00:00,13 days 00:00:00,312,9.21,141.17,1004.9,23.3,84.5151623455732,0.0,0.0,0.0,0.0,0.0,0.0,0.0,0.0,0.0,0.0,0.0,0.0
2026-05-12,8,47.0,2026-05-19 18:00:00,7 days 18:00:00,186,10.69,138.46,1004.8,22.0,85.53798284188053,0.0,0.0,0.0,0.0,0.0,0.0,0.0,0.0,0.0,0.0,0.0,0.0
2026-05-12,8,47.0,2026-05-20 00:00:00,8 days 00:00:00,192,10.99,138.57,1004.8,26.3,69.55803085969633,0.0,0.0,0.0,0.0,0.0,0.0,0.0,0.0,0.0,0.0,0.0,0.0
2026-05-12,8,47.0,2026-05-20 06:00:00,8 days 06:00:00,198,10.98,137.92,1002.8,26.6,77.0995837502266,0.0,0.0,0.0,0.0,0.0,0.0,0.0,0.0,0.0,0.0,0.0,0.0
2026-05-12,8,47.0,2026-05-20 12:00:00,8 days 12:00:00,204,10.43,137.17,1004.0,24.5,70.37055656820237,0.0,0.0,0.0,0.0,0.0,0.0,0.0,0.0,0.0,0.0,0.0,0.0
2026-05-12,8,47.0,2026-05-20 18:00:00,8 days 18:00:00,210,10.37,136.42,1006.1,25.4,139.5795292310703,0.0,0.0,0.0,0.0,0.0,0.0,0.0,0.0,0.0,0.0,0.0,0.0
2026-05-12,8,47.0,2026-05-21 00:00:00,9 days 00:00:00,216,10.2,135.51,1004.4,27.4,122.3576128299984,0.0,0.0,0.0,0.0,0.0,0.0,0.0,0.0,0.0,0.0,0.0,0.0
2026-05-12,8,47.0,2026-05-21 06:00:00,9 days 06:00:00,222,10.43,134.66,1005.3,26.5,109.46936574112316,0.0,0.0,0.0,0.0,0.0,0.0,0.0,0.0,0.0,0.0,0.0,0.0
2026-05-12,8,47.0,2026-05-21 12:00:00,9 days 12:00:00,228,10.5,134.22,1000.3,30.6,86.82090929520777,0.0,0.0,0.0,0.0,0.0,0.0,0.0,0.0,0.0,0.0,0.0,0.0
2026-05-12,8,47.0,2026-05-21 18:00:00,9 days 18:00:00,234,10.22,133.57,1001.0,31.4,95.0541090093718,0.0,0.0,0.0,0.0,0.0,0.0,0.0,0.0,0.0,0.0,0.0,0.0
2026-05-12,8,47.0,2026-05-22 00:00:00,10 days 00:00:00,240,10.15,133.14,1004.8,24.0,112.26025282661055,0.0,0.0,0.0,0.0,0.0,0.0,0.0,0.0,0.0,0.0,0.0,0.0
2026-05-12,8,47.0,2026-05-22 06:00:00,10 days 06:00:00,246,10.39,132.58,1003.4,24.3,89.25371706667872,0.0,0.0,0.0,0.0,0.0,0.0,0.0,0.0,0.0,0.0,0.0,0.0
2026-05-12,8,47.0,2026-05-22 12:00:00,10 days 12:00:00,252,10.65,131.91,1002.0,34.0,89.73898090489638,89.73898090489638,0.0,0.0,0.6240502554445584,0.0,0.0,0.0,0.0,0.0,0.0,0.0,0.0
2026-05-12,8,47.0,2026-05-22 18:00:00,10 days 18:00:00,258,10.65,131.32,1001.3,34.5,50.635568254398734,50.635568254398734,20.28063114278333,11.454118946408665,20.099744704334604,0.0,0.0,0.0,0.0,0.0,0.0,0.0,0.0
2026-05-12,8,47.0,2026-05-23 00:00:00,11 days 00:00:00,264,10.87,130.59,1000.4,41.5,68.0837370672316,68.0837370672316,0.2533192357327607,0.0,1.0083460351719395,0.0,0.0,0.0,0.0,0.0,0.0,0.0,0.0
2026-05-12,8,47.0,2026-05-23 06:00:00,11 days 06:00:00,270,11.0,129.66,1001.1,35.5,69.16000619106607,75.87481374238297,59.47416228709138,38.37911902718385,54.733671472055725,0.0,0.0,0.0,0.0,0.0,0.0,0.0,0.0
2026-05-12,8,47.0,2026-05-23 12:00:00,11 days 12:00:00,276,11.44,128.5,1003.3,30.9,72.38114909482533,0.0,0.0,0.0,0.0,0.0,0.0,0.0,0.0,0.0,0.0,0.0,0.0
2026-05-12,8,47.0,2026-05-23 18:00:00,11 days 18:00:00,282,11.77,127.76,993.4,52.6,14.95040738030137,86.79077916548687,78.9321924104676,59.25804965141237,78.7023785909187,33.90575840155815,26.679522569937035,18.34251313467549,26.696163840804708,0.0,0.0,0.0,0.0
2026-05-12,8,47.0,2026-05-24 00:00:00,12 days 00:00:00,288,12.18,126.96,987.9,56.5,13.711182699740732,104.47821431094631,83.02869120185778,61.68233596710914,92.56970117280063,28.25238062025028,23.583286428607664,15.51708377473382,21.852601451691143,0.0,0.0,0.0,0.0
2026-05-12,8,47.0,2026-05-24 06:00:00,12 days 06:00:00,294,13.1,125.83,987.6,59.5,33.271524313759784,93.55703604178017,75.38152573749088,46.144326812112006,67.58901814739923,0.6963264280839017,33.271524313759784,0.0,0.0,0.0,0.0,0.0,0.0
2026-05-12,8,47.0,2026-05-24 12:00:00,12 days 12:00:00,300,13.37,124.63,979.2,76.6,32.77468552769169,130.46269496991565,117.988837662119,104.5248881181712,121.23187948656673,35.8592233572264,28.0742313834239,18.34748681512196,29.311137062389843,32.77468552769169,0.0,0.0,2.3844936677974338
2026-05-12,8,47.0,2026-05-24 18:00:00,12 days 18:00:00,306,13.67,123.51,971.8,74.7,33.70634939488142,153.40524755051823,122.06969189257356,91.50437638571393,132.85347133608727,72.29590306509036,46.347412421210485,26.9056568878075,57.41602594997029,37.79711818619614,23.122404333666303,15.49352195353366,30.72649957640169
2026-05-12,8,47.0,2026-05-25 00:00:00,13 days 00:00:00,312,14.09,122.1,974.6,82.1,18.761812770228268,87.72599597184612,77.25307650690311,58.70233810366017,87.16155273309396,18.761812770228268,0.2455177442105116,0.0,1.5700372808829417,18.761812770228268,0.2455177442105116,0.0,1.5700372808829417
2026-05-12,7,48.0,2026-05-17 12:00:00,5 days 12:00:00,132,7.33,149.39,1006.5,24.0,123.4229922542212,0.0,0.0,0.0,0.0,0.0,0.0,0.0,0.0,0.0,0.0,0.0,0.0
2026-05-12,7,48.0,2026-05-17 18:00:00,5 days 18:00:00,138,8.84,147.81,1007.6,15.7,89.16420959205513,0.0,0.0,0.0,0.0,0.0,0.0,0.0,0.0,0.0,0.0,0.0,0.0
2026-05-12,7,48.0,2026-05-18 00:00:00,6 days 00:00:00,144,8.83,146.77,1006.1,16.7,78.0679975149406,0.0,0.0,0.0,0.0,0.0,0.0,0.0,0.0,0.0,0.0,0.0,0.0
2026-05-12,7,48.0,2026-05-18 06:00:00,6 days 06:00:00,150,8.18,145.22,1003.4,22.5,68.13902977834074,0.0,0.0,0.0,0.0,0.0,0.0,0.0,0.0,0.0,0.0,0.0,0.0
2026-05-12,7,48.0,2026-05-18 12:00:00,6 days 12:00:00,156,8.7,144.98,1003.1,23.9,89.6285060678714,0.0,0.0,0.0,0.0,0.0,0.0,0.0,0.0,0.0,0.0,0.0,0.0
2026-05-12,7,48.0,2026-05-18 18:00:00,6 days 18:00:00,162,8.63,144.45,1004.8,23.4,85.33987164406562,0.0,0.0,0.0,0.0,0.0,0.0,0.0,0.0,0.0,0.0,0.0,0.0
2026-05-12,7,48.0,2026-05-19 00:00:00,7 days 00:00:00,168,9.61,143.87,1002.2,35.3,31.074944326870234,57.25349241287056,46.9661241441163,33.225285944844515,55.595924374995015,0.0,0.0,0.0,0.0,0.0,0.0,0.0,0.0
2026-05-12,7,48.0,2026-05-19 06:00:00,7 days 06:00:00,174,9.66,142.9,990.7,50.3,7.832057878583662,106.6616419180586,71.63916652748902,45.57119396716328,90.80145197060372,23.246274145391663,15.374362168018347,9.8245788567173,15.019264345141794,0.0,0.0,0.0,0.0
2026-05-12,7,48.0,2026-05-19 12:00:00,7 days 12:00:00,180,10.0,142.16,992.1,54.8,26.563032656132226,132.70489633698725,96.30618370910136,75.31053181308991,110.12237720944628,41.12935344763537,29.903708364615653,20.41296192191978,30.66604665766807,0.0,0.0,0.0,0.0
2026-05-12,7,48.0,2026-05-19 18:00:00,7 days 18:00:00,186,10.64,141.27,989.6,60.3,11.07769983662422,106.95823197274234,81.49896837337002,55.43389887703941,94.08852815923724,33.74396464781444,21.362342373057544,11.896361022588271,24.0720684525684,0.0,0.0,0.0,0.0
2026-05-12,7,48.0,2026-05-20 00:00:00,8 days 00:00:00,192,10.69,140.5,983.1,71.0,0.0,64.33024001678962,36.45546381696362,39.13720924614413,77.02495196845112,42.76548497283749,26.935214818451435,18.839951653165556,35.62178935781617,16.279362321539566,11.180524245517796,7.455341314313104,12.905677192385514
2026-05-12,7,48.0,2026-05-20 06:00:00,8 days 06:00:00,198,11.03,139.6,983.2,78.2,34.32453609286682,117.50945343961328,86.82475315719758,78.04367900958684,105.45055462817142,61.46556212125822,49.74029447092877,42.13071356766346,56.83384740760704,34.68102662566125,31.571588628858315,24.860245787846157,30.714683150054636
2026-05-12,7,48.0,2026-05-20 12:00:00,8 days 12:00:00,204,11.4,138.73,981.4,71.1,21.69274528841994,118.64537263298192,86.90506205511225,83.57437946210563,105.3330903978049,52.43945417681844,38.79420440281952,28.51072733497225,42.7597520737228,21.69274528841994,11.842440136653558,7.943986331611678,12.949353613922572
2026-05-12,7,48.0,2026-05-20 18:00:00,8 days 18:00:00,210,11.86,137.91,974.7,77.5,14.508840159588772,124.8890136873718,96.7424984575974,92.65558128330592,117.14601711213872,71.83995620972631,59.83563692122944,53.06779526275636,64.54201226330333,46.1683380022371,42.63193059301166,34.93402591375495,40.48284035204672
2026-05-12,7,48.0,2026-05-21 00:00:00,9 days 00:00:00,216,12.13,137.27,953.5,104.2,18.520764530012464,126.6629222309243,103.98892677116604,99.86091640542352,124.70437302181077,64.7019952592652,54.65927312122268,55.10963763115773,57.35165014979098,42.639115907266046,41.33301077271868,35.13082115879512,39.70384996948784
2026-05-12,7,48.0,2026-05-21 06:00:00,9 days 06:00:00,222,12.6,136.51,945.8,121.2,0.9810695394019132,126.747348706844,91.10673002559804,85.9358851080556,125.2653125685952,68.75472123467856,54.33545964264778,53.21537875802621,62.772352602766816,42.23552281220458,38.19151331821624,32.48739783149131,39.52743638813629
2026-05-12,7,48.0,2026-05-21 12:00:00,9 days 12:00:00,228,12.9,136.09,938.3,121.5,32.27550668755657,148.38098895570994,115.60894913516432,108.92921658524374,132.72996488025774,74.9677574306104,61.68566783922584,59.432990665149134,65.14015783123126,52.99655552188715,49.64147365563811,43.17016485250231,49.12447084212575
2026-05-12,7,48.0,2026-05-21 18:00:00,9 days 18:00:00,234,13.17,135.32,934.1,135.2,33.3292377390744,155.84148664958553,128.8104765977842,135.55676618413008,157.00945045925488,86.52197354226286,73.34782844863963,68.30529866738247,78.28417678933447,58.66566867083297,51.51594988991409,44.78483653992163,53.0336078293164
2026-05-12,7,48.0,2026-05-22 00:00:00,10 days 00:00:00,240,13.49,134.79,925.4,144.5,10.683921701542566,195.7758368317215,138.95705479744447,122.40539697333216,178.8278279603922,101.6275190485506,79.05619970398638,65.1651052676792,90.6433204843062,63.21331481685584,55.14382496148432,45.354675597634994,58.14688326786023
2026-05-12,7,48.0,2026-05-22 06:00:00,10 days 06:00:00,246,13.89,134.06,925.8,142.0,15.516937952389547,149.26325839053413,127.0548619211218,123.83022110917108,142.33899852730977,79.84525616310796,66.19080879974359,60.75217031747378,73.18521588623543,57.67181455308429,52.18621996064861,45.2202181710499,53.34350319254466
2026-05-12,7,48.0,2026-05-22 12:00:00,10 days 12:00:00,252,13.85,133.09,917.9,143.0,12.772948414508594,141.59339038062774,115.63780939975568,132.19283352477163,147.81767476327587,65.62956108780124,49.81944693639686,47.37118667349917,57.60660940967719,38.24062075385261,32.48680497278216,29.549428265545867,37.22867157391113
2026-05-12,7,48.0,2026-05-22 18:00:00,10 days 18:00:00,258,13.71,132.19,923.9,136.0,28.95256249074332,206.8169932959945,158.8984692013883,145.35934441362446,190.2229640713787,101.20560172889137,83.87908957883934,66.49486124271252,85.88940302800854,59.297330986251794,52.67062470709868,44.27411254545813,54.127404241456105
2026-05-12,7,48.0,2026-05-23 00:00:00,11 days 00:00:00,264,13.85,131.3,908.1,152.6,0.0,132.5321161626537,106.54081230966732,129.66146856999995,154.3012653167459,84.04568286767937,70.15335051860154,67.94301303616174,81.88477456814724,64.73362453710598,58.27277410524067,52.14760922174037,61.16594659583859
2026-05-12,7,48.0,2026-05-23 06:00:00,11 days 06:00:00,270,14.03,130.68,935.6,136.0,10.144878289415828,137.436073474242,108.49574885592506,125.737636362986,148.56588319421007,79.14062912755298,67.89485472929846,65.72202362162261,81.20038708785796,64.56291287990837,60.44840791850959,53.29033160231495,61.09949781036903
2026-05-12,7,48.0,2026-05-23 12:00:00,11 days 12:00:00,276,13.88,129.93,940.1,121.4,21.06752474931289,156.61556955305315,119.35577957284642,133.59946760043658,154.75877699280534,79.98858687162519,65.71857275473661,61.98654568354623,76.68101440369654,49.15147849103344,46.338890803484105,40.68271648725637,46.97053383031594
2026-05-12,7,48.0,2026-05-23 18:00:00,11 days 18:00:00,282,13.92,128.61,951.6,108.5,4.694613803877632,127.29100874425488,108.07007733804222,115.50487043506592,138.06369411303655,67.4407969406856,53.98038355983739,54.76267825996338,61.620125852953,44.31901213218026,42.80849511295137,36.330238449765744,42.36316511926736
2026-05-12,7,48.0,2026-05-24 00:00:00,12 days 00:00:00,288,14.05,127.82,943.0,119.1,6.684996448213911,159.84156339060397,130.97303005672666,142.06307746093935,163.465955222385,90.87926231274642,75.24778654805463,66.06330713224902,84.33128430229578,59.17103066589904,53.61163247588692,44.889976360193565,53.40626988652411
2026-05-12,7,48.0,2026-05-24 06:00:00,12 days 06:00:00,294,14.47,126.98,971.0,81.4,0.0,129.87663071321688,93.3316306783394,97.90570578363231,148.5933879294349,74.90714443693034,54.19042643101902,46.64854115088727,73.19570624098274,44.72921313357175,39.46866272693883,32.05614692947012,41.06286604961307
2026-05-12,7,48.0,2026-05-24 12:00:00,12 days 12:00:00,300,14.28,126.31,972.3,86.2,15.636985520489528,128.59631607289572,86.68374746031195,106.30787761151808,141.62903414205252,65.00981066802271,49.554529924736215,46.93376119345402,61.20705903960939,33.55186209514044,31.276843692665047,27.0028266419486,32.13820443777441
2026-05-12,7,48.0,2026-05-24 18:00:00,12 days 18:00:00,306,14.45,125.23,967.5,85.0,29.70124110752407,101.30311872758392,76.72270762350792,76.30212310010062,110.1268999081164,40.055533334131695,30.523720501554344,29.89541074728006,37.15842453678796,29.70124110752407,26.903613264285035,23.244819975540768,27.299391972159285
2026-05-12,7,48.0,2026-05-25 00:00:00,13 days 00:00:00,312,14.58,124.5,965.4,94.9,14.169887247259089,156.36637937195414,116.62053707806945,111.32401209420412,158.32671743769902,91.93622465991189,71.34567880057233,62.28307052240607,86.14254364542919,58.88232643208643,53.02946503154328,43.23285786629494,53.26411031005938
2026-05-12,9,48.0,2026-05-18 18:00:00,6 days 18:00:00,162,12.78,71.31,1002.1,25.6,62.40769327257566,0.0,0.0,0.0,0.0,0.0,0.0,0.0,0.0,0.0,0.0,0.0,0.0
2026-05-12,9,48.0,2026-05-19 00:00:00,7 days 00:00:00,168,13.39,70.07,1000.8,32.3,28.687624680548456,0.0,0.0,0.0,0.0,0.0,0.0,0.0,0.0,0.0,0.0,0.0,0.0
2026-05-12,9,48.0,2026-05-19 06:00:00,7 days 06:00:00,174,14.3,69.77,999.7,28.9,36.60643531190493,0.0,0.0,0.0,0.0,0.0,0.0,0.0,0.0,0.0,0.0,0.0,0.0
2026-05-12,9,48.0,2026-05-19 12:00:00,7 days 12:00:00,180,14.67,69.26,1003.5,23.8,69.33324091312352,0.0,0.0,0.0,0.0,0.0,0.0,0.0,0.0,0.0,0.0,0.0,0.0
2026-05-12,9,48.0,2026-05-19 18:00:00,7 days 18:00:00,186,15.58,68.73,999.4,39.3,36.858347865066925,54.41717648091398,51.46238494547872,41.27244840335106,47.291887486760295,0.0,0.0,0.0,0.0,0.0,0.0,0.0,0.0
2026-05-12,9,48.0,2026-05-20 00:00:00,8 days 00:00:00,192,16.06,68.27,995.0,38.4,23.986462784735195,43.02248950507811,31.955105809120766,32.0358444351222,37.98801811764781,0.0,0.0,0.0,0.0,0.0,0.0,0.0,0.0
2026-05-12,9,48.0,2026-05-20 06:00:00,8 days 06:00:00,198,17.45,67.62,994.5,42.6,44.50333491540211,44.50333491540211,13.189581250476454,8.754238800584877,22.648131849545813,0.0,0.0,0.0,0.0,0.0,0.0,0.0,0.0
2026-05-12,9,48.0,2026-05-20 12:00:00,8 days 12:00:00,204,17.97,67.07,993.8,41.1,30.577727263578797,4.624678790907627,3.5107263297068734,30.577727263578797,3.149945810614448,0.0,0.0,0.0,0.0,0.0,0.0,0.0,0.0
2026-05-12,9,48.0,2026-05-20 18:00:00,8 days 18:00:00,210,18.95,67.01,995.1,42.6,16.104032318536554,34.34141029266056,26.186439825887177,16.954835089894047,26.790226108570018,0.0,0.0,0.0,0.0,0.0,0.0,0.0,0.0
2026-05-12,9,48.0,2026-05-21 00:00:00,9 days 00:00:00,216,20.03,66.75,991.6,44.3,55.72036250015458,125.82607382681,129.3829851185892,118.2830532053854,112.48207613635714,0.0,0.0,0.0,0.0,0.0,0.0,0.0,0.0
2026-05-12,9,48.0,2026-05-21 06:00:00,9 days 06:00:00,222,21.09,66.54,995.9,38.0,47.78153720731704,47.78153720731704,19.08174816585626,14.25153645517318,16.416924595376493,0.0,0.0,0.0,0.0,0.0,0.0,0.0,0.0
2026-05-12,9,48.0,2026-05-21 12:00:00,9 days 12:00:00,228,22.01,66.87,989.0,47.3,14.731729666779486,36.57915683823124,34.66412578264205,18.92723634680594,26.32078640930817,0.0,0.0,0.0,0.0,0.0,0.0,0.0,0.0
2026-05-12,9,48.0,2026-05-21 18:00:00,9 days 18:00:00,234,22.34,67.0,992.8,38.4,19.678750384118057,19.678750384118057,8.978476673811729,6.3051208730363975,5.793919178265612,0.0,0.0,0.0,0.0,0.0,0.0,0.0,0.0
2026-05-12,9,48.0,2026-05-22 00:00:00,10 days 00:00:00,240,23.15,67.51,992.3,34.6,22.55935430296045,6.049227768147224,7.966808435353526,22.55935430296045,5.017168197200919,0.0,0.0,0.0,0.0,0.0,0.0,0.0,0.0
2026-05-12,9,48.0,2026-05-22 06:00:00,10 days 06:00:00,246,23.39,68.03,993.2,39.9,29.204668258454817,2.481575713713786,29.204668258454817,9.611101911282324,0.1323913420118891,0.0,0.0,0.0,0.0,0.0,0.0,0.0,0.0
2026-05-12,9,48.0,2026-05-22 12:00:00,10 days 12:00:00,252,23.94,68.77,1000.3,29.0,85.84611064635675,0.0,0.0,0.0,0.0,0.0,0.0,0.0,0.0,0.0,0.0,0.0,0.0
2026-05-12,9,48.0,2026-05-22 18:00:00,10 days 18:00:00,258,24.33,69.71,998.7,24.2,70.9756232273473,0.0,0.0,0.0,0.0,0.0,0.0,0.0,0.0,0.0,0.0,0.0,0.0
2026-05-12,9,48.0,2026-05-23 00:00:00,11 days 00:00:00,264,24.63,70.63,997.2,33.1,58.892910267404886,0.0,0.0,0.0,0.0,0.0,0.0,0.0,0.0,0.0,0.0,0.0,0.0
2026-05-12,9,48.0,2026-05-23 06:00:00,11 days 06:00:00,270,24.64,71.0,1000.1,25.4,105.62835160547374,0.0,0.0,0.0,0.0,0.0,0.0,0.0,0.0,0.0,0.0,0.0,0.0
2026-05-12,5,49.0,2026-05-20 06:00:00,8 days 06:00:00,198,14.37,66.84,1002.8,27.4,108.6775638489416,0.0,0.0,0.0,0.0,0.0,0.0,0.0,0.0,0.0,0.0,0.0,0.0
2026-05-12,5,49.0,2026-05-20 12:00:00,8 days 12:00:00,204,14.34,66.06,993.0,34.3,86.9098805146793,0.0,0.0,86.9098805146793,0.0,0.0,0.0,0.0,0.0,0.0,0.0,0.0,0.0
2026-05-12,5,49.0,2026-05-20 18:00:00,8 days 18:00:00,210,14.87,65.32,992.8,46.1,46.840045082748965,136.51859752824413,121.06670187582364,105.86026835301122,116.73939815934162,0.0,0.0,0.0,0.0,0.0,0.0,0.0,0.0
2026-05-12,5,49.0,2026-05-21 00:00:00,9 days 00:00:00,216,15.38,64.9,989.8,54.1,42.38024622905908,127.7818989629347,112.26201622186608,99.40307160421648,114.32114159245752,42.38024622905908,24.28001393682789,16.4123994445005,21.64760587979832,0.0,0.0,0.0,0.0
2026-05-12,5,49.0,2026-05-21 06:00:00,9 days 06:00:00,222,15.95,64.38,983.5,54.5,27.54145267831143,183.75154271207657,162.7317257324703,140.40247785937936,151.97920428547968,32.43269690352452,25.958480905332465,18.2182542919486,24.568605346358595,0.0,0.0,0.0,0.0
2026-05-12,5,49.0,2026-05-21 12:00:00,9 days 12:00:00,228,16.17,63.93,977.2,60.8,36.86759200358702,355.6071186542092,346.8599148333402,332.0377627520189,310.0471037618771,143.97554375377712,133.67401143216995,104.79869342289818,113.52919121287894,0.0,0.0,0.0,0.0
2026-05-12,5,49.0,2026-05-21 18:00:00,9 days 18:00:00,234,16.62,62.37,977.5,73.0,41.35408544766159,113.3023533270812,99.15310380017624,93.28748933184944,99.94911178563092,47.26941753153025,40.12424783165103,26.96127330899121,36.14308230916272,41.35408544766159,1.7825398057453503,0.9425035378728136,1.5767447631157347
2026-05-12,5,49.0,2026-05-22 00:00:00,10 days 00:00:00,240,17.24,61.78,975.7,70.2,42.0787838118507,199.07231986335165,171.58409130877814,167.09387649127376,191.9340830838562,95.48412323967548,80.17622586104513,66.22030047768507,79.81779087081726,42.0787838118507,23.50605069816373,20.101649307330785,24.06948523727053
2026-05-12,5,49.0,2026-05-22 06:00:00,10 days 06:00:00,246,17.55,60.52,983.6,63.4,34.34837143929683,135.50831873404832,119.0273024810669,106.10860043434728,124.8295260673062,91.97353349356872,76.14990674458286,64.77133468912486,74.26118232422681,0.0,0.0,0.0,0.0
2026-05-12,5,49.0,2026-05-22 12:00:00,10 days 12:00:00,252,17.77,59.43,976.9,72.5,26.12448381896778,187.8254090906664,170.42151744888878,168.25620976404346,165.3818727065815,70.27765996328135,60.17352199360163,46.20559795374324,55.77302071368856,26.12448381896778,7.7606423607208015,6.873357767970149,8.27490116303563
2026-05-12,5,49.0,2026-05-22 18:00:00,10 days 18:00:00,258,18.22,58.38,978.9,69.6,24.12751302677288,149.95584301642336,129.48138190108202,115.78532730472256,138.50122787425434,78.661705892318,64.50806941581592,50.83047984242938,66.47709673109483,26.267011525055054,21.670475969913937,17.951071600486845,22.14515476337404
2026-05-12,5,49.0,2026-05-23 00:00:00,11 days 00:00:00,264,18.55,57.66,972.4,78.5,28.541631242957468,153.49153040937742,132.77657489809147,133.27653753850234,134.18812030742342,92.2168504167695,79.81653667173154,66.49001989040323,86.48963184153521,59.591939662857456,51.049036463549854,43.84265716136126,53.51251457250071
2026-05-12,5,49.0,2026-05-23 06:00:00,11 days 06:00:00,270,18.89,57.03,989.4,49.1,27.569736290105045,132.4589997090309,99.75801958237366,86.61894516053623,111.17858387034444,0.0,0.0,0.0,0.0,0.0,0.0,0.0,0.0
2026-05-12,5,49.0,2026-05-23 12:00:00,11 days 12:00:00,276,19.64,55.87,985.1,56.5,5.775077757685399,164.31203738492596,134.6341343259057,111.50334202369902,129.1592678325465,15.192268405002904,9.70258229270096,5.971948748615411,12.96203306540732,0.0,0.0,0.0,0.0
2026-05-12,5,49.0,2026-05-23 18:00:00,11 days 18:00:00,282,20.19,54.72,991.8,40.1,44.469165168112426,58.67624710271291,39.77195028706622,31.00438095792852,46.97525953403673,0.0,0.0,0.0,0.0,0.0,0.0,0.0,0.0
2026-05-12,5,49.0,2026-05-24 00:00:00,12 days 00:00:00,288,20.17,53.72,997.1,32.0,51.45519396903451,0.0,0.0,0.0,0.0,0.0,0.0,0.0,0.0,0.0,0.0,0.0,0.0
2026-05-12,5,49.0,2026-05-24 06:00:00,12 days 06:00:00,294,20.1,52.4,981.5,57.9,29.976101400759493,239.1513326177679,222.2617636586811,201.09146120770492,203.21699773868605,0.0,0.0,0.8024664886076995,29.976101400759493,0.0,0.0,0.0,0.0
2026-05-12,5,49.0,2026-05-24 12:00:00,12 days 12:00:00,300,20.55,51.45,995.0,33.3,51.3161815648632,0.0,0.0,0.0,0.0,0.0,0.0,0.0,0.0,0.0,0.0,0.0,0.0
2026-05-12,5,49.0,2026-05-24 18:00:00,12 days 18:00:00,306,21.1,50.52,996.9,28.9,51.7544631788556,0.0,0.0,0.0,0.0,0.0,0.0,0.0,0.0,0.0,0.0,0.0,0.0
2026-05-12,5,49.0,2026-05-25 00:00:00,13 days 00:00:00,312,21.42,49.53,997.8,23.9,84.86978085699957,0.0,0.0,0.0,0.0,0.0,0.0,0.0,0.0,0.0,0.0,0.0,0.0
2026-05-12,6,49.0,2026-05-20 06:00:00,8 days 06:00:00,198,9.47,147.33,1000.9,28.4,84.29852362445416,0.0,0.0,0.0,0.0,0.0,0.0,0.0,0.0,0.0,0.0,0.0,0.0
2026-05-12,6,49.0,2026-05-20 12:00:00,8 days 12:00:00,204,9.17,146.85,1010.1,18.8,97.4779994556942,0.0,0.0,0.0,0.0,0.0,0.0,0.0,0.0,0.0,0.0,0.0,0.0
2026-05-12,6,49.0,2026-05-20 18:00:00,8 days 18:00:00,210,9.44,146.52,1003.5,29.5,68.51648232894483,0.0,0.0,0.0,0.0,0.0,0.0,0.0,0.0,0.0,0.0,0.0,0.0
2026-05-12,6,49.0,2026-05-21 00:00:00,9 days 00:00:00,216,10.09,144.94,1000.9,33.8,80.02278480368642,0.0,0.0,0.0,0.0,0.0,0.0,0.0,0.0,0.0,0.0,0.0,0.0
2026-05-12,6,49.0,2026-05-21 06:00:00,9 days 06:00:00,222,10.33,143.57,1001.0,34.4,51.45656109732983,111.00124169368024,96.96709395225048,73.88190583525909,91.23777679530916,0.0,0.0,0.0,0.0,0.0,0.0,0.0,0.0
2026-05-12,6,49.0,2026-05-21 12:00:00,9 days 12:00:00,228,10.55,142.41,994.9,43.4,40.5238533328188,149.89544055140206,143.67852702097312,124.82245417269816,126.56832960538752,0.0,0.0,0.0,0.0,0.0,0.0,0.0,0.0
2026-05-12,6,49.0,2026-05-21 18:00:00,9 days 18:00:00,234,10.65,141.3,989.7,52.8,30.62030389162999,137.96207362686087,118.27507428565802,96.32880632527132,112.08633519457074,30.62030389162999,5.029945320538652,2.443579345135785,5.356004193350741,0.0,0.0,0.0,0.0
2026-05-12,6,49.0,2026-05-22 00:00:00,10 days 00:00:00,240,11.13,139.84,984.1,63.7,32.32931247753826,133.72830496942817,89.38611420238428,72.07865108262071,116.49031470313388,84.35955773483751,65.52089567185433,50.17683844720477,68.98643691521436,0.0,0.0,0.0,0.0
2026-05-12,6,49.0,2026-05-22 06:00:00,10 days 06:00:00,246,11.1,138.97,991.4,55.5,45.738706790498114,133.17809437166528,99.98052901446766,86.04530947263338,108.80309121224263,45.738706790498114,14.960630767383943,9.793303287525765,17.511153376964593,0.0,0.0,0.0,0.0
2026-05-12,6,49.0,2026-05-22 12:00:00,10 days 12:00:00,252,10.98,137.88,986.5,63.9,33.96200393622918,131.9745616453271,80.4872276431166,70.06349998681151,114.51107628389693,76.13602589627726,60.63793046704643,45.266235254510576,66.16859098803695,0.0,0.0,0.0,0.0
2026-05-12,6,49.0,2026-05-22 18:00:00,10 days 18:00:00,258,11.12,137.02,965.6,92.9,18.65520455184874,198.28522219133305,171.95537886611132,159.4569351738669,171.7281989602247,114.80099271568756,97.61051525945156,82.65502983662685,96.77950888528852,39.77724365909145,31.89975445803544,28.404131575072046,34.95132530752677
2026-05-12,6,49.0,2026-05-23 00:00:00,11 days 00:00:00,264,11.12,135.73,941.8,113.7,7.431782953176935,154.95717451750903,129.24625285418605,131.01278369889545,150.31027622441297,93.113575422916,79.9866376061149,65.0025676381498,83.92104418687006,47.80665100145626,42.18929656155773,34.6735059809546,43.42424893738817
2026-05-12,6,49.0,2026-05-23 06:00:00,11 days 06:00:00,270,11.87,134.84,926.4,136.3,0.0,239.5265140770285,210.0058554811561,181.72041215493172,224.81594544348823,127.27439883955896,98.80392437604556,84.43058089874229,111.99656550182122,67.49224334857044,55.187962184078046,45.27850352579553,59.14339792320379
2026-05-12,6,49.0,2026-05-23 12:00:00,11 days 12:00:00,276,12.12,133.48,920.3,146.1,24.11190620370944,185.60365269969708,160.04839583554747,160.86360652646067,188.50462806478689,110.56303726156185,84.37509838570182,73.50879620315862,100.60538708072364,69.94032586582742,60.53591340549404,50.499028065228686,67.20364989438868
2026-05-12,6,49.0,2026-05-23 18:00:00,11 days 18:00:00,282,12.69,132.59,932.7,130.2,13.838875103751104,212.94216815625657,193.23777800091165,228.77522447890308,232.53171792457107,130.8905402846871,119.0032657397303,114.13442182450122,129.68267305240045,86.93417202778464,80.36432247911,72.49795133871113,81.77285027596754
2026-05-12,6,49.0,2026-05-24 00:00:00,12 days 00:00:00,288,13.08,131.34,960.3,100.6,17.555835254923142,225.43061392915925,198.05301088791455,185.6730247439961,211.5231593316632,109.39604183208768,93.0862079577726,79.30326387029719,98.56070387924224,60.01420261546872,51.86431299476163,44.136120969652005,54.63575051211351
2026-05-12,6,49.0,2026-05-24 06:00:00,12 days 06:00:00,294,13.22,130.53,956.8,96.6,38.17854020166868,155.5975601836189,148.880554971564,175.2951196950416,166.67093233863852,114.23716278453728,106.74927949067626,96.63043115406283,106.97921055616524,57.59037467517438,52.72106804353767,48.64817934385249,54.52715258296831
2026-05-12,6,49.0,2026-05-24 12:00:00,12 days 12:00:00,300,13.63,129.86,952.3,98.9,1.6723375671269665,301.84951419604204,296.9990751604326,304.03514229238215,270.104987531103,137.9392442762526,127.22948910541147,111.45549777061098,115.03048158932224,49.14120275120606,48.201732032128106,42.646454459059655,43.95735139518782
2026-05-12,6,49.0,2026-05-24 18:00:00,12 days 18:00:00,306,13.72,128.48,982.9,70.2,40.39702120745148,237.5059068341668,209.35770436634215,211.35882165143929,225.40934973099397,133.7503305784953,117.06836057286,100.16517129496803,115.34135786899968,43.01566366730083,36.76798279049882,33.104271106857794,38.60853532159864
2026-05-12,6,49.0,2026-05-25 00:00:00,13 days 00:00:00,312,13.88,127.57,975.6,79.7,34.66377536130179,216.630943702937,186.46820350211223,167.56092946384385,203.3403479086994,122.11344787903846,101.4121074622389,87.60102523523446,108.46065959350852,66.95537257795287,56.36849063947227,48.35579189984879,58.66269049668304
