init_time,track_id,sample,lead_time_hours,lat,lon,minimum_sea_level_pressure_hpa,maximum_sustained_wind_speed_knots
2026-05-14 18:00:00,70W,1,6,9.9,154.1,1009.0,27.991296000000002
2026-05-14 18:00:00,70W,1,12,10.0,153.3,1006.0,26.047456
2026-05-14 18:00:00,70W,2,90,8.6,163.70000000000002,1007.0,21.965392
2026-05-14 18:00:00,70W,2,102,9.1,160.3,1008.0,19.049632000000003
2026-05-14 18:00:00,70W,2,108,10.3,158.4,1007.0,20.021552
2026-05-14 18:00:00,70W,2,126,10.9,156.3,1009.0,19.049632000000003
2026-05-14 18:00:00,70W,2,138,9.3,154.9,1009.0,20.021552
2026-05-14 18:00:00,70W,3,12,6.8,148.4,1005.0,19.049632000000003
2026-05-14 18:00:00,70W,3,18,6.4,145.20000000000002,1008.0,20.021552
2026-05-14 18:00:00,70W,3,24,6.7,145.9,1006.0,21.965392
2026-05-14 18:00:00,70W,3,30,7.9,148.5,1008.0,25.075536
2026-05-14 18:00:00,70W,3,36,6.9,146.6,1005.0,22.937312000000002
2026-05-14 18:00:00,70W,3,42,7.9,145.6,1007.0,23.909232000000003
2026-05-14 18:00:00,70W,3,54,7.6000000000000005,141.9,1006.0,21.965392
2026-05-14 18:00:00,70W,3,60,6.8,140.0,1004.0,22.937312000000002
2026-05-14 18:00:00,70W,3,66,6.4,142.1,1007.0,21.965392
2026-05-14 18:00:00,70W,3,72,8.1,144.6,1005.0,23.909232000000003
2026-05-14 18:00:00,70W,3,84,9.4,142.3,1005.0,25.075536
2026-05-14 18:00:00,70W,3,90,9.1,141.1,1007.0,23.909232000000003
2026-05-14 18:00:00,70W,3,96,10.0,140.0,1004.0,23.909232000000003
2026-05-14 18:00:00,70W,3,102,10.700000000000001,139.1,1006.0,27.991296000000002
2026-05-14 18:00:00,70W,3,108,10.6,137.8,1004.0,26.047456
2026-05-14 18:00:00,70W,3,114,11.0,136.5,1006.0,30.907056
2026-05-14 18:00:00,70W,3,120,11.4,135.4,1004.0,27.991296000000002
2026-05-14 18:00:00,70W,3,126,11.8,134.3,1006.0,26.047456
2026-05-14 18:00:00,70W,3,132,12.4,133.3,1004.0,26.047456
2026-05-14 18:00:00,70W,3,138,12.6,132.2,1005.0,29.935136
2026-05-14 18:00:00,70W,3,144,13.0,131.2,1003.0,32.07336
2026-05-14 18:00:00,70W,4,6,8.5,162.6,1008.0,28.963216
2026-05-14 18:00:00,70W,4,12,8.0,159.5,1005.0,27.019376
2026-05-14 18:00:00,70W,4,18,7.6000000000000005,158.20000000000002,1007.0,23.909232000000003
2026-05-14 18:00:00,70W,4,24,7.3,156.9,1004.0,25.075536
2026-05-14 18:00:00,70W,4,30,7.1000000000000005,155.8,1007.0,23.909232000000003
2026-05-14 18:00:00,70W,4,42,6.9,154.0,1007.0,22.937312000000002
2026-05-14 18:00:00,70W,4,48,6.9,153.1,1004.0,21.965392
2026-05-14 18:00:00,70W,4,54,6.9,152.3,1006.0,26.047456
2026-05-14 18:00:00,70W,4,60,6.4,151.8,1004.0,25.075536
2026-05-14 18:00:00,70W,4,72,7.4,149.0,1005.0,20.993472
2026-05-14 18:00:00,70W,4,78,7.6000000000000005,147.8,1008.0,20.993472
2026-05-14 18:00:00,70W,4,84,7.1000000000000005,146.5,1005.0,20.993472
2026-05-14 18:00:00,70W,4,90,6.1000000000000005,146.3,1008.0,21.965392
2026-05-14 18:00:00,70W,4,96,7.4,145.1,1006.0,21.965392
2026-05-14 18:00:00,70W,4,102,7.2,144.9,1008.0,19.049632000000003
2026-05-14 18:00:00,70W,4,108,6.9,144.4,1006.0,20.993472
2026-05-14 18:00:00,70W,4,114,5.8,142.8,1008.0,19.049632000000003
2026-05-14 18:00:00,70W,4,120,7.4,143.4,1006.0,20.993472
2026-05-14 18:00:00,70W,4,126,7.2,143.1,1008.0,21.965392
2026-05-14 18:00:00,70W,4,132,7.4,143.0,1005.0,20.993472
2026-05-14 18:00:00,70W,4,138,7.3,142.70000000000002,1007.0,20.993472
2026-05-14 18:00:00,70W,4,144,7.7,142.8,1005.0,20.021552
2026-05-14 18:00:00,70W,5,0,6.6000000000000005,159.3,1007.0,25.075536
2026-05-14 18:00:00,70W,5,12,7.8,158.4,1006.0,25.075536
2026-05-14 18:00:00,70W,5,18,7.9,157.70000000000002,1007.0,27.991296000000002
2026-05-14 18:00:00,70W,5,24,8.1,156.3,1005.0,32.07336
2026-05-14 18:00:00,70W,5,30,7.6000000000000005,155.3,1007.0,27.991296000000002
2026-05-14 18:00:00,70W,5,48,6.8,150.70000000000002,1004.0,23.909232000000003
2026-05-14 18:00:00,70W,5,72,8.0,147.0,1005.0,22.937312000000002
2026-05-14 18:00:00,70W,5,96,7.4,144.4,1005.0,20.021552
2026-05-14 18:00:00,70W,5,102,8.6,143.3,1007.0,23.909232000000003
2026-05-14 18:00:00,70W,5,108,8.4,142.8,1005.0,21.965392
2026-05-14 18:00:00,70W,5,114,8.6,142.1,1007.0,20.993472
2026-05-14 18:00:00,70W,5,120,8.6,140.6,1006.0,21.965392
2026-05-14 18:00:00,70W,6,126,11.3,136.2,1008.0,25.075536
2026-05-14 18:00:00,70W,6,144,12.3,133.3,1006.0,21.965392
2026-05-14 18:00:00,70W,7,114,9.4,159.8,1009.0,29.935136
2026-05-14 18:00:00,70W,7,126,9.9,157.9,1009.0,23.909232000000003
2026-05-14 18:00:00,70W,10,6,6.1000000000000005,149.20000000000002,1008.0,20.993472
2026-05-14 18:00:00,70W,10,18,7.4,149.4,1008.0,20.993472
2026-05-14 18:00:00,70W,11,30,8.3,153.9,1007.0,25.075536
2026-05-14 18:00:00,70W,11,36,7.2,153.20000000000002,1005.0,22.937312000000002
2026-05-14 18:00:00,70W,11,42,7.7,151.5,1008.0,25.075536
2026-05-14 18:00:00,70W,12,66,6.3,150.3,1007.0,25.075536
2026-05-14 18:00:00,70W,12,72,6.4,150.1,1005.0,25.075536
2026-05-14 18:00:00,70W,12,78,7.8,148.4,1008.0,23.909232000000003
2026-05-14 18:00:00,70W,12,84,8.1,147.5,1005.0,26.047456
2026-05-14 18:00:00,70W,13,42,5.7,149.9,1007.0,20.021552
2026-05-14 18:00:00,70W,13,48,6.7,152.3,1005.0,21.965392
2026-05-14 18:00:00,70W,13,72,8.6,149.5,1006.0,20.993472
2026-05-14 18:00:00,70W,13,90,6.2,148.3,1009.0,14.967568
2026-05-14 18:00:00,70W,14,0,6.5,158.9,1007.0,21.965392
2026-05-14 18:00:00,70W,14,6,6.1000000000000005,159.9,1009.0,20.993472
2026-05-14 18:00:00,70W,14,30,7.1000000000000005,156.1,1008.0,26.047456
2026-05-14 18:00:00,70W,14,36,5.7,155.0,1006.0,21.965392
2026-05-14 18:00:00,70W,15,48,7.0,144.4,1006.0,20.021552
2026-05-14 18:00:00,70W,15,60,6.9,141.1,1005.0,19.049632000000003
2026-05-14 18:00:00,70W,15,66,5.7,139.4,1008.0,20.021552
2026-05-14 18:00:00,70W,15,72,7.0,137.0,1005.0,18.077712000000002
2026-05-14 18:00:00,70W,15,78,6.5,136.2,1008.0,20.993472
2026-05-14 18:00:00,70W,15,84,7.9,136.70000000000002,1006.0,19.049632000000003
2026-05-14 18:00:00,70W,15,90,8.4,135.3,1008.0,20.993472
2026-05-14 18:00:00,70W,15,96,9.0,135.0,1006.0,20.993472
2026-05-14 18:00:00,70W,15,102,9.200000000000001,133.3,1008.0,26.047456
2026-05-14 18:00:00,70W,15,108,9.4,132.3,1006.0,22.937312000000002
2026-05-14 18:00:00,70W,15,114,9.6,131.9,1008.0,23.909232000000003
2026-05-14 18:00:00,70W,15,120,9.8,131.4,1005.0,25.075536
2026-05-14 18:00:00,70W,15,126,9.8,130.5,1007.0,27.991296000000002
2026-05-14 18:00:00,70W,15,132,10.0,129.7,1004.0,27.019376
2026-05-14 18:00:00,70W,15,138,10.1,128.6,1005.0,34.98912
2026-05-14 18:00:00,70W,15,144,10.200000000000001,127.9,1001.0,34.0172
2026-05-14 18:00:00,70W,16,0,8.1,155.3,1007.0,27.991296000000002
2026-05-14 18:00:00,70W,16,6,9.5,153.9,1009.0,26.047456
2026-05-14 18:00:00,70W,16,12,9.200000000000001,151.8,1006.0,25.075536
2026-05-14 18:00:00,70W,17,0,8.0,158.3,1007.0,27.019376
2026-05-14 18:00:00,70W,17,12,6.2,156.0,1006.0,20.993472
2026-05-14 18:00:00,70W,17,24,7.9,157.70000000000002,1006.0,26.047456
2026-05-14 18:00:00,70W,17,36,8.4,154.4,1005.0,28.963216
2026-05-14 18:00:00,70W,17,42,6.6000000000000005,150.9,1007.0,27.019376
2026-05-14 18:00:00,70W,18,42,6.2,153.0,1008.0,26.047456
2026-05-14 18:00:00,70W,18,48,8.8,150.3,1005.0,26.047456
2026-05-14 18:00:00,70W,18,54,8.5,148.9,1006.0,28.963216
2026-05-14 18:00:00,70W,18,60,8.4,147.70000000000002,1002.0,30.907056
2026-05-14 18:00:00,70W,18,66,8.4,146.8,1005.0,27.991296000000002
2026-05-14 18:00:00,70W,18,72,8.3,145.9,1002.0,27.991296000000002
2026-05-14 18:00:00,70W,18,78,8.5,145.0,1006.0,29.935136
2026-05-14 18:00:00,70W,18,84,8.9,144.4,1002.0,23.909232000000003
2026-05-14 18:00:00,70W,18,90,9.1,143.9,1004.0,32.07336
2026-05-14 18:00:00,70W,18,96,9.3,143.1,1001.0,30.907056
2026-05-14 18:00:00,70W,18,102,9.6,142.6,1003.0,32.07336
2026-05-14 18:00:00,70W,18,108,10.1,142.1,1000.0,36.93296
2026-05-14 18:00:00,70W,18,114,10.5,141.20000000000002,1001.0,35.96104
2026-05-14 18:00:00,70W,18,120,10.8,140.4,997.0,41.015024000000004
2026-05-14 18:00:00,70W,18,126,11.200000000000001,139.5,998.0,43.930784
2026-05-14 18:00:00,70W,18,132,11.700000000000001,138.8,995.0,45.09708800000001
2026-05-14 18:00:00,70W,18,138,12.0,138.0,996.0,48.012848000000005
2026-05-14 18:00:00,70W,18,144,12.4,137.3,994.0,50.928608000000004
2026-05-14 18:00:00,70W,19,6,22.8,142.20000000000002,1005.0,33.04528
2026-05-14 18:00:00,70W,19,12,23.7,142.6,1005.0,36.93296
2026-05-14 18:00:00,70W,20,84,21.400000000000002,130.3,1003.0,40.043104
2026-05-14 18:00:00,70W,20,90,22.400000000000002,130.1,999.0,53.066832000000005
2026-05-14 18:00:00,70W,20,96,23.6,130.0,998.0,48.012848000000005
2026-05-14 18:00:00,70W,20,102,24.900000000000002,129.7,998.0,49.95668800000001
2026-05-14 18:00:00,70W,20,108,26.2,129.8,993.0,48.012848000000005
2026-05-14 18:00:00,70W,20,114,27.3,129.7,997.0,41.986944
2026-05-14 18:00:00,70W,20,120,28.400000000000002,129.7,999.0,37.90488
2026-05-14 18:00:00,70W,20,126,29.2,129.7,1001.0,34.98912
2026-05-14 18:00:00,70W,20,132,30.1,130.3,1001.0,32.07336
2026-05-14 18:00:00,70W,20,138,31.1,131.2,1004.0,33.04528
2026-05-14 18:00:00,70W,20,144,32.5,133.2,1003.0,33.04528
2026-05-14 18:00:00,70W,21,6,22.7,142.3,1006.0,35.96104
2026-05-14 18:00:00,70W,21,24,26.8,144.9,1006.0,36.93296
2026-05-14 18:00:00,70W,21,30,28.6,145.8,1006.0,41.986944
2026-05-14 18:00:00,70W,22,0,7.1000000000000005,154.6,1007.0,25.075536
2026-05-14 18:00:00,70W,22,6,6.9,153.9,1009.0,32.07336
2026-05-14 18:00:00,70W,22,12,9.3,151.20000000000002,1007.0,28.963216
2026-05-14 18:00:00,70W,23,0,6.8,151.20000000000002,1006.0,22.937312000000002
2026-05-14 18:00:00,70W,23,6,6.7,148.0,1008.0,21.965392
2026-05-14 18:00:00,70W,24,36,5.6000000000000005,178.3,1007.0,18.077712000000002
2026-05-14 18:00:00,70W,24,60,5.1000000000000005,175.70000000000002,1005.0,25.075536
2026-05-14 18:00:00,70W,24,72,7.4,174.5,1004.0,35.96104
2026-05-14 18:00:00,70W,24,78,8.1,174.5,1005.0,34.98912
2026-05-14 18:00:00,70W,24,84,8.1,172.6,1001.0,45.09708800000001
2026-05-14 18:00:00,70W,24,90,8.1,171.20000000000002,1003.0,43.930784
2026-05-14 18:00:00,70W,24,96,7.9,169.6,1003.0,34.0172
2026-05-14 18:00:00,70W,24,102,7.4,168.0,1004.0,30.907056
2026-05-14 18:00:00,70W,24,108,6.8,167.4,1004.0,28.963216
2026-05-14 18:00:00,70W,24,114,9.0,167.70000000000002,1007.0,32.07336
2026-05-14 18:00:00,70W,24,120,9.1,165.8,1005.0,27.991296000000002
2026-05-14 18:00:00,70W,24,126,9.3,164.8,1007.0,27.991296000000002
2026-05-14 18:00:00,70W,24,132,10.200000000000001,164.3,1005.0,23.909232000000003
2026-05-14 18:00:00,70W,24,138,10.9,162.9,1008.0,21.965392
2026-05-14 18:00:00,70W,24,144,10.700000000000001,161.8,1006.0,22.937312000000002
2026-05-14 18:00:00,70W,26,0,6.0,152.6,1006.0,20.993472
2026-05-14 18:00:00,70W,26,6,6.8,153.20000000000002,1008.0,23.909232000000003
2026-05-14 18:00:00,70W,26,12,6.0,152.20000000000002,1006.0,22.937312000000002
2026-05-14 18:00:00,70W,26,24,4.6000000000000005,152.5,1005.0,22.937312000000002
2026-05-14 18:00:00,70W,26,48,7.2,153.3,1005.0,23.909232000000003
2026-05-14 18:00:00,70W,26,54,7.6000000000000005,152.0,1008.0,23.909232000000003
2026-05-14 18:00:00,70W,26,60,7.8,148.8,1005.0,25.075536
2026-05-14 18:00:00,70W,26,78,9.200000000000001,147.4,1008.0,25.075536
2026-05-14 18:00:00,70W,26,84,7.6000000000000005,145.1,1006.0,21.965392
2026-05-14 18:00:00,70W,26,96,8.3,143.4,1006.0,20.993472
2026-05-14 18:00:00,70W,26,114,9.9,141.5,1009.0,20.021552
2026-05-14 18:00:00,70W,26,120,10.700000000000001,139.8,1007.0,21.965392
2026-05-14 18:00:00,70W,26,126,11.3,138.70000000000002,1009.0,20.993472
2026-05-14 18:00:00,70W,26,132,12.1,137.4,1007.0,20.021552
2026-05-14 18:00:00,70W,26,138,11.9,136.2,1009.0,20.021552
2026-05-14 18:00:00,70W,26,144,12.3,135.7,1007.0,20.993472
2026-05-14 18:00:00,70W,27,0,22.1,139.9,1007.0,26.047456
2026-05-14 18:00:00,70W,27,6,22.8,141.70000000000002,1006.0,25.075536
2026-05-14 18:00:00,70W,27,18,24.7,144.20000000000002,1009.0,25.075536
2026-05-14 18:00:00,70W,29,6,5.9,179.5,1008.0,22.937312000000002
2026-05-14 18:00:00,70W,29,24,4.2,175.5,1007.0,18.077712000000002
2026-05-14 18:00:00,70W,29,36,4.1,175.0,1007.0,20.993472
2026-05-14 18:00:00,70W,29,48,3.4,172.8,1006.0,21.965392
2026-05-14 18:00:00,70W,29,60,2.9,170.20000000000002,1006.0,14.967568
2026-05-14 18:00:00,70W,30,78,9.200000000000001,141.1,1008.0,25.075536
2026-05-14 18:00:00,70W,30,96,10.0,138.8,1006.0,21.965392
2026-05-14 18:00:00,70W,30,102,9.3,137.9,1009.0,26.047456
2026-05-14 18:00:00,70W,30,108,9.5,136.5,1006.0,21.965392
2026-05-14 18:00:00,70W,30,120,8.8,135.2,1006.0,20.993472
2026-05-14 18:00:00,70W,30,132,9.6,133.2,1006.0,29.935136
2026-05-14 18:00:00,70W,30,138,10.3,132.6,1008.0,29.935136
2026-05-14 18:00:00,70W,30,144,10.8,131.7,1006.0,28.963216
2026-05-14 18:00:00,70W,31,24,19.7,111.60000000000001,1005.0,20.021552
2026-05-14 18:00:00,70W,31,30,19.7,112.2,1007.0,26.047456
2026-05-14 18:00:00,70W,34,6,9.1,154.4,1009.0,28.963216
2026-05-14 18:00:00,70W,34,18,8.8,149.8,1008.0,22.937312000000002
2026-05-14 18:00:00,70W,35,0,21.2,140.4,1008.0,26.047456
2026-05-14 18:00:00,70W,35,6,22.8,141.70000000000002,1009.0,26.047456
2026-05-14 18:00:00,70W,36,0,7.2,151.1,1006.0,21.965392
2026-05-14 18:00:00,70W,36,6,6.3,149.4,1008.0,20.993472
2026-05-14 18:00:00,70W,37,6,22.900000000000002,142.5,1008.0,27.019376
2026-05-14 18:00:00,70W,37,18,25.6,145.1,1008.0,29.935136
2026-05-14 18:00:00,70W,37,24,27.2,146.4,1001.0,41.015024000000004
2026-05-14 18:00:00,70W,37,30,29.0,147.3,1007.0,41.015024000000004
2026-05-14 18:00:00,70W,38,0,7.1000000000000005,149.20000000000002,1007.0,22.937312000000002
2026-05-14 18:00:00,70W,38,6,5.5,147.20000000000002,1009.0,19.049632000000003
2026-05-14 18:00:00,70W,38,30,7.1000000000000005,146.6,1007.0,27.019376
2026-05-14 18:00:00,70W,38,48,5.4,145.4,1006.0,21.965392
2026-05-14 18:00:00,70W,38,60,6.0,142.6,1005.0,18.077712000000002
2026-05-14 18:00:00,70W,38,84,7.1000000000000005,144.1,1005.0,20.021552
2026-05-14 18:00:00,70W,38,102,8.1,142.1,1008.0,23.909232000000003
2026-05-14 18:00:00,70W,38,108,8.8,140.8,1005.0,20.993472
2026-05-14 18:00:00,70W,38,114,9.3,140.9,1008.0,20.993472
2026-05-14 18:00:00,70W,38,126,8.8,139.20000000000002,1008.0,22.937312000000002
2026-05-14 18:00:00,70W,38,138,9.8,137.9,1008.0,25.075536
2026-05-14 18:00:00,70W,38,144,11.6,136.4,1006.0,25.075536
2026-05-14 18:00:00,70W,39,6,8.6,160.70000000000002,1009.0,22.937312000000002
2026-05-14 18:00:00,70W,39,12,8.6,159.1,1007.0,25.075536
2026-05-14 18:00:00,70W,39,18,8.5,157.4,1007.0,27.991296000000002
2026-05-14 18:00:00,70W,39,24,8.3,155.70000000000002,1004.0,27.019376
2026-05-14 18:00:00,70W,39,30,8.0,154.4,1008.0,26.047456
2026-05-14 18:00:00,70W,39,36,7.6000000000000005,153.4,1004.0,27.991296000000002
2026-05-14 18:00:00,70W,39,42,7.6000000000000005,152.20000000000002,1007.0,27.019376
2026-05-14 18:00:00,70W,39,48,8.1,151.1,1004.0,23.909232000000003
2026-05-14 18:00:00,70W,39,54,8.1,150.3,1006.0,25.075536
2026-05-14 18:00:00,70W,39,60,8.1,149.6,1003.0,23.909232000000003
2026-05-14 18:00:00,70W,39,66,7.9,148.9,1006.0,23.909232000000003
2026-05-14 18:00:00,70W,39,72,8.1,148.4,1005.0,21.965392
2026-05-14 18:00:00,70W,39,78,8.3,148.4,1008.0,20.993472
2026-05-14 18:00:00,70W,39,84,8.4,148.0,1005.0,23.909232000000003
2026-05-14 18:00:00,70W,39,90,8.700000000000001,147.1,1007.0,26.047456
2026-05-14 18:00:00,70W,39,96,9.200000000000001,146.8,1006.0,27.019376
2026-05-14 18:00:00,70W,39,102,9.4,146.1,1008.0,27.991296000000002
2026-05-14 18:00:00,70W,39,108,9.4,145.1,1005.0,26.047456
2026-05-14 18:00:00,70W,39,114,9.6,144.20000000000002,1007.0,25.075536
2026-05-14 18:00:00,70W,39,120,9.8,143.4,1005.0,27.019376
2026-05-14 18:00:00,70W,39,126,9.6,142.5,1007.0,27.019376
2026-05-14 18:00:00,70W,39,132,9.9,141.4,1004.0,25.075536
2026-05-14 18:00:00,70W,39,138,9.9,140.6,1007.0,27.019376
2026-05-14 18:00:00,70W,39,144,10.1,139.5,1005.0,26.047456
2026-05-14 18:00:00,70W,40,0,4.9,167.6,1007.0,22.937312000000002
2026-05-14 18:00:00,70W,40,6,6.3,170.1,1007.0,23.909232000000003
2026-05-14 18:00:00,70W,40,12,8.3,169.70000000000002,1007.0,23.909232000000003
2026-05-14 18:00:00,70W,40,18,7.5,167.70000000000002,1008.0,22.937312000000002
2026-05-14 18:00:00,70W,41,6,6.5,174.5,1008.0,23.909232000000003
2026-05-14 18:00:00,70W,41,30,8.1,172.3,1008.0,23.909232000000003
2026-05-14 18:00:00,70W,41,48,7.6000000000000005,169.4,1006.0,21.965392
2026-05-14 18:00:00,70W,41,60,9.3,170.4,1006.0,25.075536
2026-05-14 18:00:00,70W,41,66,9.5,170.0,1008.0,28.963216
2026-05-14 18:00:00,70W,41,72,10.0,169.4,1006.0,26.047456
2026-05-14 18:00:00,70W,41,78,10.5,168.5,1008.0,25.075536
2026-05-14 18:00:00,70W,41,84,11.1,167.6,1006.0,23.909232000000003
2026-05-14 18:00:00,70W,41,102,11.4,164.5,1008.0,20.993472
2026-05-14 18:00:00,70W,41,120,12.1,160.3,1007.0,20.993472
2026-05-14 18:00:00,70W,42,30,8.2,153.20000000000002,1007.0,26.047456
2026-05-14 18:00:00,70W,42,36,7.6000000000000005,153.20000000000002,1005.0,29.935136
2026-05-14 18:00:00,70W,42,42,8.8,151.8,1006.0,27.991296000000002
2026-05-14 18:00:00,70W,42,48,8.8,149.4,1004.0,28.963216
2026-05-14 18:00:00,70W,42,54,8.4,147.3,1003.0,42.958864000000005
2026-05-14 18:00:00,70W,42,60,8.5,145.8,1002.0,29.935136
2026-05-14 18:00:00,70W,42,66,8.4,144.3,1004.0,28.963216
2026-05-14 18:00:00,70W,42,72,8.4,143.0,1001.0,29.935136
2026-05-14 18:00:00,70W,42,78,8.6,142.0,1002.0,34.98912
2026-05-14 18:00:00,70W,42,84,9.200000000000001,141.1,999.0,36.93296
2026-05-14 18:00:00,70W,42,90,9.700000000000001,139.70000000000002,1002.0,40.043104
2026-05-14 18:00:00,70W,42,96,10.0,138.4,999.0,39.071184
2026-05-14 18:00:00,70W,42,102,10.1,137.1,1002.0,34.98912
2026-05-14 18:00:00,70W,42,108,10.4,136.2,1000.0,33.04528
2026-05-14 18:00:00,70W,42,114,10.5,135.4,1002.0,40.043104
2026-05-14 18:00:00,70W,42,120,10.5,134.2,998.0,40.043104
2026-05-14 18:00:00,70W,42,126,10.700000000000001,133.1,1001.0,37.90488
2026-05-14 18:00:00,70W,42,132,10.700000000000001,132.2,995.0,41.015024000000004
2026-05-14 18:00:00,70W,42,138,10.9,131.4,995.0,52.094912
2026-05-14 18:00:00,70W,42,144,11.1,130.0,996.0,42.958864000000005
2026-05-14 18:00:00,70W,44,0,6.0,150.8,1007.0,20.021552
2026-05-14 18:00:00,70W,44,12,6.8,151.1,1007.0,20.993472
2026-05-14 18:00:00,70W,45,0,22.0,142.1,1003.0,34.0172
2026-05-14 18:00:00,70W,45,6,22.6,143.0,1006.0,32.07336
2026-05-14 18:00:00,70W,45,12,23.6,144.0,1005.0,29.935136
2026-05-14 18:00:00,70W,45,18,25.5,145.20000000000002,1007.0,36.93296
2026-05-14 18:00:00,70W,46,6,0.5,168.9,1008.0,20.993472
2026-05-14 18:00:00,70W,46,12,2.5,169.3,1005.0,22.937312000000002
2026-05-14 18:00:00,70W,48,0,22.3,139.9,1007.0,27.991296000000002
2026-05-14 18:00:00,70W,48,6,22.400000000000002,142.5,1009.0,26.047456
2026-05-14 18:00:00,70W,49,6,5.3,172.20000000000002,1007.0,22.937312000000002
2026-05-14 18:00:00,70W,49,12,5.3,171.5,1007.0,23.909232000000003
2026-05-14 18:00:00,70W,49,18,5.5,169.4,1009.0,18.077712000000002
2026-05-14 18:00:00,70W,50,0,4.5,177.8,1007.0,25.075536
2026-05-14 18:00:00,70W,50,12,3.9,179.3,1006.0,25.075536
2026-05-14 18:00:00,70W,50,18,5.1000000000000005,178.4,1007.0,22.937312000000002
2026-05-14 18:00:00,70W,50,24,5.7,178.1,1006.0,22.937312000000002
2026-05-14 18:00:00,70W,50,30,6.9,176.9,1007.0,27.019376
2026-05-14 18:00:00,71W,1,18,7.4,161.0,1009.0,28.963216
2026-05-14 18:00:00,71W,1,24,8.5,159.1,1006.0,29.935136
2026-05-14 18:00:00,71W,1,30,7.5,157.70000000000002,1007.0,29.935136
2026-05-14 18:00:00,71W,1,48,6.7,153.8,1005.0,26.047456
2026-05-14 18:00:00,71W,1,54,6.5,153.1,1007.0,22.937312000000002
2026-05-14 18:00:00,71W,1,60,6.7,153.3,1004.0,23.909232000000003
2026-05-14 18:00:00,71W,1,66,6.6000000000000005,152.9,1006.0,26.047456
2026-05-14 18:00:00,71W,1,72,6.2,152.3,1004.0,25.075536
2026-05-14 18:00:00,71W,1,78,6.5,152.5,1005.0,25.075536
2026-05-14 18:00:00,71W,1,84,8.1,152.0,1001.0,41.986944
2026-05-14 18:00:00,71W,1,90,8.1,151.20000000000002,1003.0,40.043104
2026-05-14 18:00:00,71W,1,96,8.1,150.8,994.0,53.066832000000005
2026-05-14 18:00:00,71W,1,102,8.6,149.6,996.0,49.95668800000001
2026-05-14 18:00:00,71W,1,108,8.6,148.8,991.0,55.010672
2026-05-14 18:00:00,71W,1,114,9.1,148.3,986.0,60.06465600000001
2026-05-14 18:00:00,71W,1,120,9.4,147.0,984.0,48.984768
2026-05-14 18:00:00,71W,1,126,9.700000000000001,145.8,986.0,49.95668800000001
2026-05-14 18:00:00,71W,1,132,9.9,144.8,986.0,53.066832000000005
2026-05-14 18:00:00,71W,1,138,10.200000000000001,143.70000000000002,988.0,48.012848000000005
2026-05-14 18:00:00,71W,1,144,10.4,142.6,985.0,52.094912
2026-05-14 18:00:00,71W,3,36,21.400000000000002,113.10000000000001,1002.0,35.96104
2026-05-14 18:00:00,71W,3,42,22.1,112.60000000000001,999.0,36.93296
2026-05-14 18:00:00,71W,3,54,21.1,112.4,1002.0,34.98912
2026-05-14 18:00:00,71W,3,60,21.8,112.2,1002.0,29.935136
2026-05-14 18:00:00,71W,3,78,21.6,112.2,1004.0,33.04528
2026-05-14 18:00:00,71W,3,90,21.400000000000002,111.4,1005.0,27.019376
2026-05-14 18:00:00,71W,3,102,23.0,113.9,1006.0,23.909232000000003
2026-05-14 18:00:00,71W,3,108,25.2,112.9,1005.0,19.049632000000003
2026-05-14 18:00:00,71W,4,6,3.6,171.70000000000002,1007.0,25.075536
2026-05-14 18:00:00,71W,4,12,2.9,170.20000000000002,1006.0,22.937312000000002
2026-05-14 18:00:00,71W,4,24,3.3000000000000003,168.0,1007.0,16.911408
2026-05-14 18:00:00,71W,4,30,2.0,166.9,1007.0,15.939488000000003
2026-05-14 18:00:00,71W,5,36,18.6,125.9,1005.0,34.98912
2026-05-14 18:00:00,71W,5,54,17.8,126.0,1005.0,32.07336
2026-05-14 18:00:00,71W,5,60,18.0,125.7,1003.0,30.907056
2026-05-14 18:00:00,71W,5,66,17.8,125.9,1005.0,30.907056
2026-05-14 18:00:00,71W,5,84,18.8,125.7,1004.0,28.963216
2026-05-14 18:00:00,71W,5,90,19.900000000000002,126.0,1005.0,27.991296000000002
2026-05-14 18:00:00,71W,5,114,22.3,124.5,1006.0,19.049632000000003
2026-05-14 18:00:00,71W,5,120,23.0,124.5,1006.0,20.021552
2026-05-14 18:00:00,71W,5,126,23.6,124.7,1008.0,18.077712000000002
2026-05-14 18:00:00,71W,10,96,9.9,142.8,1007.0,22.937312000000002
2026-05-14 18:00:00,71W,10,102,9.5,140.9,1009.0,21.965392
2026-05-14 18:00:00,71W,10,108,10.9,139.9,1007.0,23.909232000000003
2026-05-14 18:00:00,71W,10,114,11.700000000000001,138.5,1009.0,21.965392
2026-05-14 18:00:00,71W,10,120,12.0,137.0,1005.0,25.075536
2026-05-14 18:00:00,71W,10,126,12.4,135.5,1006.0,34.0172
2026-05-14 18:00:00,71W,10,132,12.6,134.2,1005.0,39.071184
2026-05-14 18:00:00,71W,10,138,12.8,132.8,1007.0,36.93296
2026-05-14 18:00:00,71W,10,144,12.6,131.4,1006.0,29.935136
2026-05-14 18:00:00,71W,12,102,10.9,144.0,1009.0,28.963216
2026-05-14 18:00:00,71W,12,108,11.0,142.70000000000002,1006.0,27.019376
2026-05-14 18:00:00,71W,12,114,11.1,142.1,1008.0,22.937312000000002
2026-05-14 18:00:00,71W,12,120,11.700000000000001,141.1,1005.0,25.075536
2026-05-14 18:00:00,71W,12,126,11.9,139.70000000000002,1004.0,30.907056
2026-05-14 18:00:00,71W,12,132,12.6,138.5,999.0,42.958864000000005
2026-05-14 18:00:00,71W,12,138,13.200000000000001,137.1,998.0,46.069008000000004
2026-05-14 18:00:00,71W,12,144,13.8,135.6,998.0,41.986944
2026-05-14 18:00:00,71W,14,6,5.0,171.20000000000002,1007.0,20.993472
2026-05-14 18:00:00,71W,14,12,4.9,171.20000000000002,1007.0,20.993472
2026-05-14 18:00:00,71W,14,18,2.9,171.3,1009.0,20.021552
2026-05-14 18:00:00,71W,14,30,4.9,170.4,1009.0,16.911408
2026-05-14 18:00:00,71W,16,18,6.3,178.3,1006.0,25.075536
2026-05-14 18:00:00,71W,16,24,6.1000000000000005,177.3,1005.0,23.909232000000003
2026-05-14 18:00:00,71W,16,30,6.5,175.0,1006.0,26.047456
2026-05-14 18:00:00,71W,16,36,6.8,174.4,1004.0,29.935136
2026-05-14 18:00:00,71W,16,42,7.3,172.8,1004.0,33.04528
2026-05-14 18:00:00,71W,16,48,6.9,170.6,1003.0,27.019376
2026-05-14 18:00:00,71W,16,54,7.2,169.5,1005.0,25.075536
2026-05-14 18:00:00,71W,16,60,7.1000000000000005,168.5,1004.0,27.019376
2026-05-14 18:00:00,71W,16,66,6.9,167.20000000000002,1006.0,25.075536
2026-05-14 18:00:00,71W,16,72,6.5,164.8,1005.0,23.909232000000003
2026-05-14 18:00:00,71W,16,90,5.4,161.3,1007.0,22.937312000000002
2026-05-14 18:00:00,71W,16,96,6.6000000000000005,161.1,1005.0,20.993472
2026-05-14 18:00:00,71W,16,102,7.2,159.3,1007.0,20.993472
2026-05-14 18:00:00,71W,16,108,6.6000000000000005,158.20000000000002,1005.0,18.077712000000002
2026-05-14 18:00:00,71W,16,114,7.6000000000000005,157.8,1008.0,21.965392
2026-05-14 18:00:00,71W,16,120,6.1000000000000005,156.6,1006.0,18.077712000000002
2026-05-14 18:00:00,71W,16,138,7.2,154.4,1009.0,20.993472
2026-05-14 18:00:00,71W,17,0,5.3,179.8,1006.0,23.909232000000003
2026-05-14 18:00:00,71W,17,12,4.1,-179.6,1007.0,19.049632000000003
2026-05-14 18:00:00,71W,19,18,6.6000000000000005,157.1,1008.0,21.965392
2026-05-14 18:00:00,71W,19,24,7.0,155.6,1005.0,23.909232000000003
2026-05-14 18:00:00,71W,19,30,6.2,155.1,1007.0,27.019376
2026-05-14 18:00:00,71W,19,54,7.6000000000000005,151.3,1008.0,21.965392
2026-05-14 18:00:00,71W,19,78,7.3,147.4,1009.0,20.993472
2026-05-14 18:00:00,71W,19,90,9.4,146.8,1008.0,25.075536
2026-05-14 18:00:00,71W,19,96,10.0,145.4,1007.0,22.937312000000002
2026-05-14 18:00:00,71W,19,102,9.8,143.70000000000002,1009.0,26.047456
2026-05-14 18:00:00,71W,19,108,8.6,143.20000000000002,1007.0,23.909232000000003
2026-05-14 18:00:00,71W,19,114,9.3,141.9,1009.0,20.021552
2026-05-14 18:00:00,71W,19,120,9.4,140.20000000000002,1007.0,20.021552
2026-05-14 18:00:00,71W,20,96,5.6000000000000005,170.0,1007.0,20.021552
2026-05-14 18:00:00,71W,20,120,6.9,169.1,1006.0,23.909232000000003
2026-05-14 18:00:00,71W,20,126,6.5,169.9,1008.0,23.909232000000003
2026-05-14 18:00:00,71W,21,6,6.4,159.3,1008.0,23.909232000000003
2026-05-14 18:00:00,71W,21,12,6.8,158.9,1006.0,21.965392
2026-05-14 18:00:00,71W,21,18,7.4,157.6,1008.0,23.909232000000003
2026-05-14 18:00:00,71W,21,24,6.7,157.4,1006.0,26.047456
2026-05-14 18:00:00,71W,21,30,7.9,158.9,1008.0,25.075536
2026-05-14 18:00:00,71W,21,42,7.6000000000000005,155.1,1007.0,26.047456
2026-05-14 18:00:00,71W,21,48,8.4,153.9,1005.0,23.909232000000003
2026-05-14 18:00:00,71W,21,54,8.700000000000001,152.70000000000002,1007.0,22.937312000000002
2026-05-14 18:00:00,71W,21,60,8.2,149.70000000000002,1005.0,23.909232000000003
2026-05-14 18:00:00,71W,21,66,9.3,149.6,1007.0,25.075536
2026-05-14 18:00:00,71W,21,78,9.3,147.20000000000002,1008.0,23.909232000000003
2026-05-14 18:00:00,71W,21,84,10.1,146.1,1005.0,21.965392
2026-05-14 18:00:00,71W,21,90,10.5,145.1,1007.0,20.993472
2026-05-14 18:00:00,71W,21,96,10.5,143.70000000000002,1006.0,22.937312000000002
2026-05-14 18:00:00,71W,21,102,11.0,143.0,1007.0,26.047456
2026-05-14 18:00:00,71W,21,108,11.0,141.9,1004.0,25.075536
2026-05-14 18:00:00,71W,21,114,11.200000000000001,141.0,1006.0,27.019376
2026-05-14 18:00:00,71W,21,120,11.4,139.70000000000002,1002.0,34.0172
2026-05-14 18:00:00,71W,21,126,11.6,138.5,1002.0,39.071184
2026-05-14 18:00:00,71W,21,132,11.700000000000001,137.3,998.0,34.98912
2026-05-14 18:00:00,71W,21,138,11.700000000000001,136.1,999.0,40.043104
2026-05-14 18:00:00,71W,21,144,11.700000000000001,135.1,992.0,50.928608000000004
2026-05-14 18:00:00,71W,22,6,7.9,160.3,1007.0,27.019376
2026-05-14 18:00:00,71W,22,12,8.0,158.6,1005.0,23.909232000000003
2026-05-14 18:00:00,71W,22,18,7.9,157.20000000000002,1008.0,21.965392
2026-05-14 18:00:00,71W,22,24,7.6000000000000005,156.0,1005.0,22.937312000000002
2026-05-14 18:00:00,71W,22,36,7.4,154.1,1005.0,25.075536
2026-05-14 18:00:00,71W,22,48,7.0,152.4,1005.0,23.909232000000003
2026-05-14 18:00:00,71W,22,54,7.6000000000000005,151.8,1007.0,25.075536
2026-05-14 18:00:00,71W,22,60,7.8,151.0,1005.0,23.909232000000003
2026-05-14 18:00:00,71W,22,66,7.6000000000000005,149.70000000000002,1007.0,26.047456
2026-05-14 18:00:00,71W,22,72,8.0,150.1,1005.0,25.075536
2026-05-14 18:00:00,71W,22,78,7.8,148.20000000000002,1007.0,23.909232000000003
2026-05-14 18:00:00,71W,22,84,7.7,147.70000000000002,1005.0,26.047456
2026-05-14 18:00:00,71W,22,90,7.6000000000000005,147.0,1007.0,25.075536
2026-05-14 18:00:00,71W,22,96,7.5,146.6,1005.0,25.075536
2026-05-14 18:00:00,71W,22,102,7.3,146.3,1007.0,27.991296000000002
2026-05-14 18:00:00,71W,22,108,7.0,146.0,1002.0,27.019376
2026-05-14 18:00:00,71W,22,114,6.9,145.6,1004.0,30.907056
2026-05-14 18:00:00,71W,22,120,7.0,145.4,999.0,34.98912
2026-05-14 18:00:00,71W,22,126,7.9,144.70000000000002,999.0,55.010672
2026-05-14 18:00:00,71W,22,132,7.9,144.4,986.0,70.95016
2026-05-14 18:00:00,71W,22,138,8.1,144.70000000000002,980.0,73.088384
2026-05-14 18:00:00,71W,22,144,9.1,144.20000000000002,977.0,70.95016
2026-05-14 18:00:00,71W,23,84,7.8,138.1,1006.0,15.939488000000003
2026-05-14 18:00:00,71W,23,96,9.3,135.2,1006.0,19.049632000000003
2026-05-14 18:00:00,71W,23,114,10.6,134.7,1009.0,19.049632000000003
2026-05-14 18:00:00,71W,23,120,9.8,132.9,1007.0,18.077712000000002
2026-05-14 18:00:00,71W,23,132,9.8,132.1,1006.0,18.077712000000002
2026-05-14 18:00:00,71W,23,138,12.5,132.1,1009.0,19.049632000000003
2026-05-14 18:00:00,71W,23,144,11.8,130.4,1007.0,18.077712000000002
2026-05-14 18:00:00,71W,26,6,22.3,142.6,1008.0,28.963216
2026-05-14 18:00:00,71W,26,12,24.1,144.0,1006.0,33.04528
2026-05-14 18:00:00,71W,26,18,25.2,144.4,1009.0,27.019376
2026-05-14 18:00:00,71W,27,0,6.0,152.70000000000002,1006.0,20.993472
2026-05-14 18:00:00,71W,27,12,8.1,152.6,1006.0,20.993472
2026-05-14 18:00:00,71W,31,72,9.5,147.70000000000002,1005.0,23.909232000000003
2026-05-14 18:00:00,71W,31,78,10.6,147.6,1008.0,23.909232000000003
2026-05-14 18:00:00,71W,31,84,10.700000000000001,146.8,1005.0,21.965392
2026-05-14 18:00:00,71W,31,90,11.0,145.4,1008.0,22.937312000000002
2026-05-14 18:00:00,71W,31,96,11.5,145.0,1006.0,21.965392
2026-05-14 18:00:00,71W,31,102,11.9,143.5,1008.0,23.909232000000003
2026-05-14 18:00:00,71W,31,108,12.200000000000001,142.6,1006.0,20.993472
2026-05-14 18:00:00,71W,31,114,12.700000000000001,141.5,1009.0,20.021552
2026-05-14 18:00:00,71W,31,120,13.200000000000001,140.70000000000002,1007.0,19.049632000000003
2026-05-14 18:00:00,71W,31,126,13.5,139.4,1009.0,21.965392
2026-05-14 18:00:00,71W,31,144,13.8,134.8,1007.0,21.965392
2026-05-14 18:00:00,71W,34,24,20.0,109.7,1004.0,21.965392
2026-05-14 18:00:00,71W,34,30,21.6,112.0,1004.0,28.963216
2026-05-14 18:00:00,71W,34,36,20.8,112.5,1003.0,32.07336
2026-05-14 18:00:00,71W,34,42,21.900000000000002,112.0,1004.0,28.963216
2026-05-14 18:00:00,71W,34,60,21.400000000000002,111.8,1004.0,27.991296000000002
2026-05-14 18:00:00,71W,34,78,21.8,110.8,1005.0,27.991296000000002
2026-05-14 18:00:00,71W,34,102,23.2,112.4,1002.0,25.075536
2026-05-14 18:00:00,71W,35,0,6.3,179.9,1005.0,32.07336
2026-05-14 18:00:00,71W,35,6,5.0,178.3,1007.0,26.047456
2026-05-14 18:00:00,71W,35,12,4.1,178.0,1006.0,22.937312000000002
2026-05-14 18:00:00,71W,36,0,7.6000000000000005,154.3,1007.0,25.075536
2026-05-14 18:00:00,71W,36,6,10.0,154.4,1009.0,25.075536
2026-05-14 18:00:00,71W,37,18,4.6000000000000005,171.70000000000002,1008.0,21.965392
2026-05-14 18:00:00,71W,37,24,2.8000000000000003,169.1,1006.0,20.021552
2026-05-14 18:00:00,71W,39,6,3.9,172.70000000000002,1007.0,23.909232000000003
2026-05-14 18:00:00,71W,39,18,3.6,170.70000000000002,1008.0,19.049632000000003
2026-05-14 18:00:00,71W,40,84,21.7,130.0,1004.0,30.907056
2026-05-14 18:00:00,71W,40,90,22.1,129.9,1004.0,32.07336
2026-05-14 18:00:00,71W,40,96,23.7,130.2,1002.0,43.930784
2026-05-14 18:00:00,71W,40,102,25.2,129.7,997.0,47.04092800000001
2026-05-14 18:00:00,71W,40,108,26.3,129.6,992.0,41.015024000000004
2026-05-14 18:00:00,71W,40,114,27.2,129.2,995.0,34.0172
2026-05-14 18:00:00,71W,40,120,28.0,129.0,997.0,35.96104
2026-05-14 18:00:00,71W,40,126,28.900000000000002,129.3,1000.0,32.07336
2026-05-14 18:00:00,71W,40,132,29.900000000000002,130.0,1001.0,32.07336
2026-05-14 18:00:00,71W,40,138,30.900000000000002,130.9,1003.0,30.907056
2026-05-14 18:00:00,71W,40,144,32.0,132.6,1003.0,28.963216
2026-05-14 18:00:00,71W,41,24,6.8,142.70000000000002,1005.0,16.911408
2026-05-14 18:00:00,71W,41,42,7.6000000000000005,142.3,1008.0,20.021552
2026-05-14 18:00:00,71W,42,36,20.7,113.8,1003.0,33.04528
2026-05-14 18:00:00,71W,42,42,21.6,112.5,1002.0,29.935136
2026-05-14 18:00:00,71W,44,6,21.900000000000002,142.20000000000002,1010.0,25.075536
2026-05-14 18:00:00,71W,44,12,22.7,143.5,1009.0,30.907056
2026-05-14 18:00:00,71W,45,24,7.7,155.3,1006.0,27.991296000000002
2026-05-14 18:00:00,71W,45,30,8.1,156.5,1007.0,26.047456
2026-05-14 18:00:00,71W,45,36,8.6,154.8,1005.0,27.019376
2026-05-14 18:00:00,71W,45,42,8.6,152.70000000000002,1007.0,23.909232000000003
2026-05-14 18:00:00,71W,45,54,9.3,151.5,1005.0,27.991296000000002
2026-05-14 18:00:00,71W,45,60,9.8,150.6,1002.0,29.935136
2026-05-14 18:00:00,71W,45,66,9.1,149.20000000000002,1005.0,28.963216
2026-05-14 18:00:00,71W,45,72,9.1,148.70000000000002,1002.0,33.04528
2026-05-14 18:00:00,71W,45,78,10.3,148.6,1000.0,49.95668800000001
2026-05-14 18:00:00,71W,45,84,10.5,147.0,993.0,46.069008000000004
2026-05-14 18:00:00,71W,45,90,10.3,146.0,987.0,50.928608000000004
2026-05-14 18:00:00,71W,45,96,10.4,145.1,980.0,55.982592000000004
2026-05-14 18:00:00,71W,45,102,10.700000000000001,144.20000000000002,985.0,56.954512
2026-05-14 18:00:00,71W,45,108,10.9,143.20000000000002,976.0,63.952335999999995
2026-05-14 18:00:00,71W,45,114,11.200000000000001,142.3,972.0,73.088384
2026-05-14 18:00:00,71W,45,120,11.4,141.20000000000002,976.0,62.00849600000001
2026-05-14 18:00:00,71W,45,126,11.700000000000001,139.9,977.0,61.036576000000004
2026-05-14 18:00:00,71W,45,132,12.1,138.70000000000002,969.0,69.00632
2026-05-14 18:00:00,71W,45,138,12.1,137.5,965.0,85.91772800000001
2026-05-14 18:00:00,71W,45,144,12.3,136.3,963.0,84.945808
2026-05-14 18:00:00,72W,3,66,20.0,113.0,1002.0,35.96104
2026-05-14 18:00:00,72W,3,72,19.5,112.2,1004.0,27.991296000000002
2026-05-14 18:00:00,72W,10,132,6.0,153.20000000000002,1005.0,20.993472
2026-05-14 18:00:00,72W,10,138,7.2,154.0,1008.0,25.075536
2026-05-14 18:00:00,72W,10,144,8.1,153.4,1005.0,27.019376
2026-05-14 18:00:00,72W,14,78,21.6,130.3,1008.0,27.019376
2026-05-14 18:00:00,72W,14,84,22.400000000000002,130.3,1005.0,32.07336
2026-05-14 18:00:00,72W,16,78,3.2,159.3,1007.0,21.965392
2026-05-14 18:00:00,72W,16,96,1.7,159.6,1005.0,18.077712000000002
2026-05-14 18:00:00,72W,16,102,1.7,159.20000000000002,1007.0,15.939488000000003
2026-05-14 18:00:00,72W,17,18,5.7,178.5,1008.0,21.965392
2026-05-14 18:00:00,72W,17,36,6.7,172.6,1007.0,21.965392
2026-05-14 18:00:00,72W,19,54,5.2,170.6,1007.0,22.937312000000002
2026-05-14 18:00:00,72W,19,60,7.3,169.70000000000002,1005.0,23.909232000000003
2026-05-14 18:00:00,72W,21,12,8.8,151.6,1006.0,25.075536
2026-05-14 18:00:00,72W,21,18,8.8,149.9,1008.0,23.909232000000003
2026-05-14 18:00:00,72W,21,30,8.1,147.0,1007.0,20.021552
2026-05-14 18:00:00,72W,21,48,7.2,143.0,1005.0,23.909232000000003
2026-05-14 18:00:00,72W,21,54,7.2,141.6,1008.0,18.077712000000002
2026-05-14 18:00:00,72W,21,66,5.7,141.8,1007.0,19.049632000000003
2026-05-14 18:00:00,72W,26,6,8.1,164.6,1007.0,25.075536
2026-05-14 18:00:00,72W,26,12,8.6,163.4,1005.0,27.019376
2026-05-14 18:00:00,72W,34,78,6.1000000000000005,168.5,1007.0,22.937312000000002
2026-05-14 18:00:00,72W,34,90,7.2,167.9,1008.0,27.019376
2026-05-14 18:00:00,72W,34,96,7.6000000000000005,166.20000000000002,1006.0,27.019376
2026-05-14 18:00:00,72W,34,102,6.7,164.9,1008.0,23.909232000000003
2026-05-14 18:00:00,72W,34,108,8.4,163.8,1005.0,23.909232000000003
2026-05-14 18:00:00,72W,35,12,5.5,175.70000000000002,1005.0,21.965392
2026-05-14 18:00:00,72W,35,18,6.2,175.1,1007.0,27.019376
2026-05-14 18:00:00,72W,35,36,7.2,175.0,1006.0,27.991296000000002
2026-05-14 18:00:00,72W,35,42,7.9,178.9,1008.0,27.019376
2026-05-14 18:00:00,72W,36,30,21.6,112.4,1006.0,33.04528
2026-05-14 18:00:00,72W,36,36,21.6,114.10000000000001,1001.0,41.015024000000004
2026-05-14 18:00:00,72W,36,42,21.8,113.2,1000.0,37.90488
2026-05-14 18:00:00,72W,36,48,20.7,113.9,1003.0,28.963216
2026-05-14 18:00:00,72W,42,84,5.2,156.20000000000002,1003.0,21.965392
2026-05-14 18:00:00,72W,42,90,6.5,153.6,1006.0,23.909232000000003
2026-05-14 18:00:00,72W,42,96,5.0,150.3,1004.0,25.075536
2026-05-14 18:00:00,72W,42,108,2.9,150.9,1002.0,23.909232000000003
2026-05-14 18:00:00,72W,42,114,2.9,150.5,1001.0,39.071184
2026-05-14 18:00:00,72W,42,120,3.2,150.1,1001.0,26.047456
2026-05-14 18:00:00,72W,42,126,3.6,149.8,1005.0,26.047456
2026-05-14 18:00:00,72W,42,132,3.6,149.8,999.0,32.07336
2026-05-14 18:00:00,72W,42,138,3.9,149.6,1003.0,26.047456
2026-05-14 18:00:00,72W,42,144,3.8000000000000003,149.4,1000.0,29.935136
2026-05-14 18:00:00,72W,45,66,2.1,159.6,1006.0,25.075536
2026-05-14 18:00:00,72W,45,72,2.0,158.20000000000002,1003.0,25.075536
2026-05-14 18:00:00,72W,45,90,3.9,155.0,1005.0,32.07336
2026-05-14 18:00:00,72W,45,96,4.2,155.3,997.0,55.010672
2026-05-14 18:00:00,72W,45,102,5.1000000000000005,155.5,999.0,48.012848000000005
2026-05-14 18:00:00,72W,45,108,5.0,154.70000000000002,993.0,46.069008000000004
2026-05-14 18:00:00,72W,45,114,4.8,154.4,991.0,53.066832000000005
2026-05-14 18:00:00,72W,45,120,4.9,154.4,988.0,60.06465600000001
2026-05-14 18:00:00,72W,45,126,5.3,154.1,985.0,77.947984
2026-05-14 18:00:00,72W,45,132,5.8,153.70000000000002,981.0,88.055952
2026-05-14 18:00:00,72W,45,138,6.0,153.70000000000002,990.0,70.95016
2026-05-14 18:00:00,72W,45,144,7.5,153.1,990.0,66.09056
2026-05-14 18:00:00,73W,21,120,10.700000000000001,161.70000000000002,1006.0,25.075536
2026-05-14 18:00:00,73W,21,132,12.4,160.0,1005.0,26.047456
2026-05-14 18:00:00,73W,21,138,10.5,158.9,1008.0,21.965392
2026-05-14 18:00:00,73W,21,144,11.8,158.1,1006.0,20.993472
2026-05-14 18:00:00,73W,35,18,8.3,156.5,1008.0,23.909232000000003
2026-05-14 18:00:00,73W,35,24,8.1,155.3,1006.0,26.047456
2026-05-14 18:00:00,73W,35,30,7.7,154.5,1007.0,29.935136
2026-05-14 18:00:00,73W,35,36,8.1,153.70000000000002,1004.0,29.935136
2026-05-14 18:00:00,73W,35,42,8.4,152.20000000000002,1005.0,32.07336
2026-05-14 18:00:00,73W,35,48,8.5,150.70000000000002,1003.0,28.963216
2026-05-14 18:00:00,73W,35,54,8.6,149.9,1004.0,30.907056
2026-05-14 18:00:00,73W,35,60,9.1,149.20000000000002,1001.0,33.04528
2026-05-14 18:00:00,73W,35,66,9.4,147.9,1004.0,29.935136
2026-05-14 18:00:00,73W,35,72,9.8,146.9,1003.0,27.991296000000002
2026-05-14 18:00:00,73W,35,78,10.4,146.20000000000002,1006.0,28.963216
2026-05-14 18:00:00,73W,35,84,10.9,145.4,1004.0,29.935136
2026-05-14 18:00:00,73W,35,90,11.1,144.4,1007.0,32.07336
2026-05-14 18:00:00,73W,35,96,11.1,143.20000000000002,1004.0,33.04528
2026-05-14 18:00:00,73W,35,102,11.9,142.4,1006.0,34.98912
2026-05-14 18:00:00,73W,35,108,11.8,141.3,1004.0,35.96104
2026-05-14 18:00:00,73W,35,114,12.5,139.8,1006.0,34.98912
2026-05-14 18:00:00,73W,35,120,12.700000000000001,138.9,1004.0,30.907056
2026-05-14 18:00:00,73W,35,126,12.9,137.4,1006.0,30.907056
2026-05-14 18:00:00,73W,35,132,13.1,136.4,1003.0,34.0172
2026-05-14 18:00:00,73W,35,138,12.8,134.9,1005.0,30.907056
2026-05-14 18:00:00,73W,35,144,12.8,134.0,1004.0,30.907056
2026-05-14 18:00:00,73W,36,120,8.6,140.6,1006.0,20.021552
2026-05-14 18:00:00,73W,36,126,9.200000000000001,140.20000000000002,1009.0,20.993472
2026-05-14 18:00:00,73W,36,132,9.6,138.70000000000002,1007.0,20.993472
2026-05-14 18:00:00,73W,36,138,10.6,137.0,1009.0,20.993472
2026-05-14 18:00:00,73W,36,144,10.6,136.3,1007.0,22.937312000000002
2026-05-14 18:00:00,73W,42,102,11.700000000000001,101.3,1003.0,22.937312000000002
2026-05-14 18:00:00,73W,42,114,12.8,100.7,1002.0,20.993472
2026-05-14 18:00:00,73W,42,120,12.200000000000001,102.2,1002.0,26.047456
2026-05-14 18:00:00,73W,42,138,15.4,100.4,1001.0,19.049632000000003
2026-05-14 18:00:00,70E,1,126,10.3,-103.9,1007.0,19.049632000000003
2026-05-14 18:00:00,70E,1,132,12.5,-103.5,1010.0,20.021552
2026-05-14 18:00:00,70E,9,0,52.9,-106.8,981.0,37.90488
2026-05-14 18:00:00,70E,9,6,53.800000000000004,-102.9,979.0,33.04528
2026-05-14 18:00:00,70E,10,0,52.800000000000004,-107.10000000000001,980.0,36.93296
2026-05-14 18:00:00,70E,10,6,52.800000000000004,-102.7,979.0,28.963216
2026-05-14 18:00:00,70E,10,18,53.800000000000004,-97.0,980.0,27.019376
2026-05-14 18:00:00,70E,11,0,51.7,-106.7,981.0,34.98912
2026-05-14 18:00:00,70E,11,6,52.6,-101.2,980.0,33.04528
2026-05-14 18:00:00,70E,14,0,53.2,-104.60000000000001,980.0,28.963216
2026-05-14 18:00:00,70E,14,12,53.5,-98.5,979.0,29.935136
2026-05-14 18:00:00,70E,15,0,53.800000000000004,-105.2,980.0,29.935136
2026-05-14 18:00:00,70E,15,6,53.4,-102.10000000000001,978.0,34.98912
2026-05-14 18:00:00,70E,16,84,6.0,-139.3,1009.0,20.993472
2026-05-14 18:00:00,70E,16,96,7.5,-143.20000000000002,1009.0,28.963216
2026-05-14 18:00:00,70E,16,108,8.5,-144.20000000000002,1008.0,21.965392
2026-05-14 18:00:00,70E,16,114,8.3,-145.20000000000002,1006.0,19.049632000000003
2026-05-14 18:00:00,70E,16,120,8.3,-146.20000000000002,1009.0,22.937312000000002
2026-05-14 18:00:00,70E,16,126,8.1,-147.3,1006.0,19.049632000000003
2026-05-14 18:00:00,70E,16,138,8.6,-150.20000000000002,1007.0,19.049632000000003
2026-05-14 18:00:00,70E,16,144,9.0,-151.5,1010.0,20.021552
2026-05-14 18:00:00,70E,17,0,52.4,-105.8,979.0,40.043104
2026-05-14 18:00:00,70E,17,6,53.4,-102.10000000000001,979.0,30.907056
2026-05-14 18:00:00,70E,18,138,7.5,-130.9,1006.0,28.963216
2026-05-14 18:00:00,70E,18,144,7.2,-133.1,1009.0,27.019376
2026-05-14 18:00:00,70E,20,6,9.1,-108.5,1007.0,20.021552
2026-05-14 18:00:00,70E,20,18,9.0,-112.10000000000001,1008.0,15.939488000000003
2026-05-14 18:00:00,70E,21,138,8.8,-139.0,1007.0,23.909232000000003
2026-05-14 18:00:00,70E,21,144,8.4,-140.8,1009.0,26.047456
2026-05-14 18:00:00,70E,22,0,6.9,-130.0,1010.0,20.021552
2026-05-14 18:00:00,70E,22,6,8.1,-129.3,1007.0,20.993472
2026-05-14 18:00:00,70E,25,6,3.1,-138.8,1005.0,15.939488000000003
2026-05-14 18:00:00,70E,25,18,5.9,-142.0,1006.0,22.937312000000002
2026-05-14 18:00:00,70E,26,0,51.7,-106.8,982.0,43.930784
2026-05-14 18:00:00,70E,26,6,53.1,-102.3,980.0,29.935136
2026-05-14 18:00:00,70E,28,102,8.0,-125.2,1006.0,19.049632000000003
2026-05-14 18:00:00,70E,28,120,6.4,-126.0,1010.0,20.021552
2026-05-14 18:00:00,70E,28,126,7.2,-127.0,1007.0,20.993472
2026-05-14 18:00:00,70E,28,132,6.7,-127.7,1010.0,26.047456
2026-05-14 18:00:00,70E,28,138,8.700000000000001,-130.0,1006.0,23.909232000000003
2026-05-14 18:00:00,70E,32,0,52.800000000000004,-107.10000000000001,981.0,34.98912
2026-05-14 18:00:00,70E,32,6,52.5,-101.2,978.0,34.0172
2026-05-14 18:00:00,70E,33,126,8.2,-123.2,1007.0,20.993472
2026-05-14 18:00:00,70E,33,138,9.4,-124.7,1008.0,20.021552
2026-05-14 18:00:00,70E,33,144,10.5,-125.8,1010.0,20.993472
2026-05-14 18:00:00,70E,35,42,8.6,-123.2,1007.0,21.965392
2026-05-14 18:00:00,70E,35,60,8.6,-129.3,1010.0,21.965392
2026-05-14 18:00:00,70E,35,72,9.9,-132.2,1010.0,21.965392
2026-05-14 18:00:00,70E,36,132,8.4,-98.60000000000001,1010.0,19.049632000000003
2026-05-14 18:00:00,70E,36,138,8.9,-97.9,1009.0,16.911408
2026-05-14 18:00:00,70E,37,126,8.9,-135.3,1005.0,27.991296000000002
2026-05-14 18:00:00,70E,37,138,8.2,-138.9,1007.0,33.04528
2026-05-14 18:00:00,70E,37,144,7.3,-137.70000000000002,1009.0,27.019376
2026-05-14 18:00:00,70E,38,72,7.6000000000000005,-89.5,1009.0,21.965392
2026-05-14 18:00:00,70E,38,96,7.1000000000000005,-93.4,1008.0,20.993472
2026-05-14 18:00:00,70E,38,102,7.9,-94.9,1007.0,21.965392
2026-05-14 18:00:00,70E,38,114,8.4,-98.7,1007.0,18.077712000000002
2026-05-14 18:00:00,70E,39,0,53.9,-106.60000000000001,981.0,29.935136
2026-05-14 18:00:00,70E,39,6,52.5,-103.3,980.0,37.90488
2026-05-14 18:00:00,70E,41,0,53.300000000000004,-107.2,979.0,39.071184
2026-05-14 18:00:00,70E,41,6,52.4,-101.2,978.0,36.93296
2026-05-14 18:00:00,70E,44,0,7.9,-125.3,1009.0,23.909232000000003
2026-05-14 18:00:00,70E,44,6,7.3,-129.8,1006.0,21.965392
2026-05-14 18:00:00,70E,44,18,8.3,-134.0,1007.0,27.019376
2026-05-14 18:00:00,70E,44,24,8.6,-136.5,1009.0,27.019376
2026-05-14 18:00:00,70E,44,30,8.4,-137.70000000000002,1006.0,22.937312000000002
2026-05-14 18:00:00,70E,45,0,52.5,-107.3,981.0,41.015024000000004
2026-05-14 18:00:00,70E,45,6,52.6,-103.3,980.0,30.907056
2026-05-14 18:00:00,71E,15,18,7.2,-139.6,1006.0,25.075536
2026-05-14 18:00:00,71E,15,24,5.8,-143.0,1010.0,21.965392
2026-05-14 18:00:00,70L,1,0,55.800000000000004,-45.7,991.0,41.015024000000004
2026-05-14 18:00:00,70L,1,6,56.4,-42.2,994.0,35.96104
2026-05-14 18:00:00,70L,1,12,56.6,-37.7,997.0,35.96104
2026-05-14 18:00:00,70L,2,0,55.6,-45.300000000000004,990.0,39.071184
2026-05-14 18:00:00,70L,2,6,56.2,-42.0,993.0,36.93296
2026-05-14 18:00:00,70L,2,12,56.5,-37.5,997.0,35.96104
2026-05-14 18:00:00,70L,3,0,55.7,-45.1,990.0,41.015024000000004
2026-05-14 18:00:00,70L,3,6,56.6,-42.0,993.0,39.071184
2026-05-14 18:00:00,70L,3,12,56.9,-37.2,996.0,36.93296
2026-05-14 18:00:00,70L,4,0,55.800000000000004,-45.6,991.0,40.043104
2026-05-14 18:00:00,70L,4,6,56.6,-42.0,994.0,37.90488
2026-05-14 18:00:00,70L,4,12,57.0,-37.300000000000004,997.0,37.90488
2026-05-14 18:00:00,70L,5,0,3.7,-54.800000000000004,1010.0,26.047456
2026-05-14 18:00:00,70L,5,6,6.0,-55.5,1013.0,27.019376
2026-05-14 18:00:00,70L,5,12,6.0,-56.6,1012.0,21.965392
2026-05-14 18:00:00,70L,5,18,5.9,-57.800000000000004,1015.0,22.937312000000002
2026-05-14 18:00:00,70L,6,0,55.9,-45.5,991.0,40.043104
2026-05-14 18:00:00,70L,6,6,56.9,-41.7,994.0,34.98912
2026-05-14 18:00:00,70L,6,12,57.1,-37.9,996.0,35.96104
2026-05-14 18:00:00,70L,7,0,55.7,-45.7,990.0,37.90488
2026-05-14 18:00:00,70L,7,6,56.6,-42.2,993.0,35.96104
2026-05-14 18:00:00,70L,7,12,57.0,-37.800000000000004,996.0,35.96104
2026-05-14 18:00:00,70L,8,0,55.7,-45.4,991.0,42.958864000000005
2026-05-14 18:00:00,70L,8,6,56.4,-41.7,994.0,41.015024000000004
2026-05-14 18:00:00,70L,8,12,56.9,-37.300000000000004,996.0,34.98912
2026-05-14 18:00:00,70L,9,0,55.7,-45.9,992.0,37.90488
2026-05-14 18:00:00,70L,9,6,56.300000000000004,-41.5,995.0,37.90488
2026-05-14 18:00:00,70L,9,12,56.9,-37.2,997.0,34.98912
2026-05-14 18:00:00,70L,10,0,55.800000000000004,-45.300000000000004,990.0,40.043104
2026-05-14 18:00:00,70L,10,6,56.6,-42.2,993.0,37.90488
2026-05-14 18:00:00,70L,10,12,57.0,-37.6,996.0,34.98912
2026-05-14 18:00:00,70L,10,18,58.7,-32.7,997.0,35.96104
2026-05-14 18:00:00,70L,11,0,56.300000000000004,-46.1,992.0,40.043104
2026-05-14 18:00:00,70L,11,6,56.800000000000004,-41.5,994.0,34.98912
2026-05-14 18:00:00,70L,11,12,57.1,-37.7,996.0,32.07336
2026-05-14 18:00:00,70L,12,0,55.9,-45.6,991.0,40.043104
2026-05-14 18:00:00,70L,12,6,56.300000000000004,-42.300000000000004,994.0,37.90488
2026-05-14 18:00:00,70L,12,12,56.7,-37.6,997.0,35.96104
2026-05-14 18:00:00,70L,13,0,55.7,-45.1,989.0,41.986944
2026-05-14 18:00:00,70L,13,6,56.5,-41.9,992.0,40.043104
2026-05-14 18:00:00,70L,13,12,57.0,-37.5,995.0,41.015024000000004
2026-05-14 18:00:00,70L,14,0,55.800000000000004,-45.4,990.0,39.071184
2026-05-14 18:00:00,70L,14,6,56.6,-41.800000000000004,993.0,40.043104
2026-05-14 18:00:00,70L,14,12,57.0,-37.800000000000004,996.0,35.96104
2026-05-14 18:00:00,70L,14,18,58.800000000000004,-33.2,997.0,35.96104
2026-05-14 18:00:00,70L,15,0,56.1,-46.0,991.0,37.90488
2026-05-14 18:00:00,70L,15,6,56.7,-42.2,994.0,37.90488
2026-05-14 18:00:00,70L,15,12,56.800000000000004,-37.5,996.0,42.958864000000005
2026-05-14 18:00:00,70L,16,0,55.9,-45.6,989.0,41.015024000000004
2026-05-14 18:00:00,70L,16,6,56.800000000000004,-42.0,992.0,40.043104
2026-05-14 18:00:00,70L,16,12,56.800000000000004,-37.5,995.0,37.90488
2026-05-14 18:00:00,70L,17,0,55.800000000000004,-45.5,991.0,41.015024000000004
2026-05-14 18:00:00,70L,17,6,56.6,-42.0,994.0,35.96104
2026-05-14 18:00:00,70L,17,12,56.9,-37.5,997.0,34.98912
2026-05-14 18:00:00,70L,18,0,55.7,-45.1,991.0,39.071184
2026-05-14 18:00:00,70L,18,6,56.5,-41.9,994.0,36.93296
2026-05-14 18:00:00,70L,18,12,56.800000000000004,-37.2,996.0,35.96104
2026-05-14 18:00:00,70L,19,0,55.9,-45.6,991.0,40.043104
2026-05-14 18:00:00,70L,19,6,56.6,-41.800000000000004,994.0,39.071184
2026-05-14 18:00:00,70L,19,12,56.9,-37.300000000000004,996.0,40.043104
2026-05-14 18:00:00,70L,20,0,55.7,-45.300000000000004,991.0,42.958864000000005
2026-05-14 18:00:00,70L,20,6,56.6,-42.0,994.0,35.96104
2026-05-14 18:00:00,70L,20,12,56.9,-37.4,996.0,34.98912
2026-05-14 18:00:00,70L,21,0,55.6,-45.300000000000004,992.0,39.071184
2026-05-14 18:00:00,70L,21,6,56.2,-42.2,995.0,35.96104
2026-05-14 18:00:00,70L,22,0,55.9,-46.0,991.0,42.958864000000005
2026-05-14 18:00:00,70L,22,6,56.6,-41.800000000000004,994.0,36.93296
2026-05-14 18:00:00,70L,22,12,56.9,-37.5,996.0,35.96104
2026-05-14 18:00:00,70L,23,0,56.0,-46.800000000000004,990.0,39.071184
2026-05-14 18:00:00,70L,23,6,56.6,-41.6,995.0,39.071184
2026-05-14 18:00:00,70L,23,12,57.1,-37.7,997.0,39.071184
2026-05-14 18:00:00,70L,23,18,58.6,-32.7,998.0,35.96104
2026-05-14 18:00:00,70L,24,0,55.6,-45.1,991.0,37.90488
2026-05-14 18:00:00,70L,24,6,56.2,-42.0,994.0,35.96104
2026-05-14 18:00:00,70L,24,12,56.800000000000004,-37.2,997.0,35.96104
2026-05-14 18:00:00,70L,24,18,58.9,-33.2,998.0,35.96104
2026-05-14 18:00:00,70L,25,0,55.800000000000004,-45.5,990.0,39.071184
2026-05-14 18:00:00,70L,25,6,56.6,-41.9,993.0,37.90488
2026-05-14 18:00:00,70L,25,12,57.1,-37.4,995.0,37.90488
2026-05-14 18:00:00,70L,26,0,55.7,-45.5,990.0,36.93296
2026-05-14 18:00:00,70L,26,6,56.4,-41.9,993.0,40.043104
2026-05-14 18:00:00,70L,26,12,56.800000000000004,-37.2,996.0,37.90488
2026-05-14 18:00:00,70L,26,18,58.300000000000004,-33.0,997.0,36.93296
2026-05-14 18:00:00,70L,26,36,61.1,-35.6,992.0,35.96104
2026-05-14 18:00:00,70L,27,0,55.800000000000004,-45.0,990.0,42.958864000000005
2026-05-14 18:00:00,70L,27,6,56.300000000000004,-42.4,993.0,39.071184
2026-05-14 18:00:00,70L,27,12,56.2,-37.800000000000004,996.0,34.0172
2026-05-14 18:00:00,70L,28,0,55.5,-44.7,989.0,41.015024000000004
2026-05-14 18:00:00,70L,28,6,56.6,-42.2,992.0,36.93296
2026-05-14 18:00:00,70L,28,12,57.0,-37.4,996.0,36.93296
2026-05-14 18:00:00,70L,29,0,55.800000000000004,-45.4,989.0,39.071184
2026-05-14 18:00:00,70L,29,6,56.5,-42.1,993.0,37.90488
2026-05-14 18:00:00,70L,29,12,57.0,-37.0,996.0,35.96104
2026-05-14 18:00:00,70L,30,0,55.800000000000004,-46.0,991.0,41.986944
2026-05-14 18:00:00,70L,30,6,56.7,-41.7,995.0,36.93296
2026-05-14 18:00:00,70L,30,12,56.9,-37.2,997.0,37.90488
2026-05-14 18:00:00,70L,31,0,55.9,-45.5,990.0,41.015024000000004
2026-05-14 18:00:00,70L,31,6,56.800000000000004,-41.7,993.0,35.96104
2026-05-14 18:00:00,70L,31,12,57.0,-38.0,995.0,35.96104
2026-05-14 18:00:00,70L,31,18,59.1,-33.3,997.0,34.98912
2026-05-14 18:00:00,70L,31,42,61.1,-31.1,992.0,33.04528
2026-05-14 18:00:00,70L,32,0,55.6,-46.0,990.0,39.071184
2026-05-14 18:00:00,70L,32,6,56.2,-41.7,994.0,36.93296
2026-05-14 18:00:00,70L,32,12,56.9,-37.0,996.0,34.98912
2026-05-14 18:00:00,70L,33,0,55.7,-45.2,991.0,41.015024000000004
2026-05-14 18:00:00,70L,33,6,56.5,-42.0,994.0,35.96104
2026-05-14 18:00:00,70L,33,12,56.800000000000004,-37.4,996.0,35.96104
2026-05-14 18:00:00,70L,34,0,55.7,-45.4,991.0,40.043104
2026-05-14 18:00:00,70L,34,6,56.2,-42.1,994.0,35.96104
2026-05-14 18:00:00,70L,34,12,56.9,-37.1,996.0,34.98912
2026-05-14 18:00:00,70L,35,0,55.7,-46.2,991.0,40.043104
2026-05-14 18:00:00,70L,35,6,56.4,-41.5,994.0,37.90488
2026-05-14 18:00:00,70L,35,12,57.0,-37.0,996.0,34.98912
2026-05-14 18:00:00,70L,35,18,58.7,-32.7,997.0,34.98912
2026-05-14 18:00:00,70L,35,36,61.1,-35.800000000000004,990.0,36.93296
2026-05-14 18:00:00,70L,36,0,56.0,-45.7,991.0,41.015024000000004
2026-05-14 18:00:00,70L,36,6,56.800000000000004,-42.0,993.0,36.93296
2026-05-14 18:00:00,70L,36,12,57.0,-37.5,995.0,40.043104
2026-05-14 18:00:00,70L,37,0,55.9,-46.5,992.0,40.043104
2026-05-14 18:00:00,70L,37,6,56.5,-41.1,995.0,36.93296
2026-05-14 18:00:00,70L,37,12,57.4,-37.5,996.0,33.04528
2026-05-14 18:00:00,70L,38,0,55.800000000000004,-46.1,992.0,42.958864000000005
2026-05-14 18:00:00,70L,38,6,56.4,-41.300000000000004,995.0,41.015024000000004
2026-05-14 18:00:00,70L,38,12,57.1,-37.4,996.0,37.90488
2026-05-14 18:00:00,70L,39,0,55.9,-46.5,990.0,41.015024000000004
2026-05-14 18:00:00,70L,39,6,56.800000000000004,-41.800000000000004,994.0,36.93296
2026-05-14 18:00:00,70L,39,12,57.1,-37.5,996.0,36.93296
2026-05-14 18:00:00,70L,40,0,55.800000000000004,-45.5,991.0,37.90488
2026-05-14 18:00:00,70L,40,6,56.6,-42.0,994.0,36.93296
2026-05-14 18:00:00,70L,40,12,57.0,-37.4,997.0,34.98912
2026-05-14 18:00:00,70L,40,18,60.300000000000004,-34.1,997.0,32.07336
2026-05-14 18:00:00,70L,40,42,61.2,-35.1,990.0,36.93296
2026-05-14 18:00:00,70L,41,0,55.9,-46.5,992.0,41.015024000000004
2026-05-14 18:00:00,70L,41,6,56.5,-40.800000000000004,996.0,35.96104
2026-05-14 18:00:00,70L,41,12,57.5,-37.5,996.0,35.96104
2026-05-14 18:00:00,70L,41,18,59.6,-33.9,997.0,32.07336
2026-05-14 18:00:00,70L,42,0,5.0,-52.4,1010.0,23.909232000000003
2026-05-14 18:00:00,70L,42,6,5.6000000000000005,-53.1,1011.0,30.907056
2026-05-14 18:00:00,70L,42,12,6.0,-54.6,1011.0,22.937312000000002
2026-05-14 18:00:00,70L,42,18,6.1000000000000005,-56.5,1014.0,22.937312000000002
2026-05-14 18:00:00,70L,43,0,56.0,-46.300000000000004,992.0,39.071184
2026-05-14 18:00:00,70L,43,6,56.5,-41.5,995.0,39.071184
2026-05-14 18:00:00,70L,43,12,57.0,-37.5,996.0,39.071184
2026-05-14 18:00:00,70L,44,0,55.7,-45.4,990.0,41.015024000000004
2026-05-14 18:00:00,70L,44,6,56.4,-42.0,994.0,35.96104
2026-05-14 18:00:00,70L,44,12,56.9,-37.2,997.0,36.93296
2026-05-14 18:00:00,70L,45,0,55.800000000000004,-46.0,989.0,41.015024000000004
2026-05-14 18:00:00,70L,45,6,56.5,-42.2,994.0,39.071184
2026-05-14 18:00:00,70L,45,12,56.800000000000004,-37.2,996.0,37.90488
2026-05-14 18:00:00,70L,46,0,55.800000000000004,-45.800000000000004,991.0,41.986944
2026-05-14 18:00:00,70L,46,6,56.4,-42.2,994.0,37.90488
2026-05-14 18:00:00,70L,46,12,56.7,-37.300000000000004,997.0,35.96104
2026-05-14 18:00:00,70L,47,0,55.7,-45.9,990.0,39.071184
2026-05-14 18:00:00,70L,47,6,56.2,-42.2,994.0,36.93296
2026-05-14 18:00:00,70L,47,12,56.5,-37.4,997.0,35.96104
2026-05-14 18:00:00,70L,48,0,55.9,-45.6,990.0,37.90488
2026-05-14 18:00:00,70L,48,6,56.4,-42.4,994.0,36.93296
2026-05-14 18:00:00,70L,48,12,56.5,-37.7,997.0,34.98912
2026-05-14 18:00:00,70L,49,0,55.9,-46.1,992.0,37.90488
2026-05-14 18:00:00,70L,49,6,56.7,-41.4,995.0,37.90488
2026-05-14 18:00:00,70L,49,12,57.5,-37.9,997.0,34.0172
2026-05-14 18:00:00,70L,49,18,58.800000000000004,-33.1,997.0,36.93296
2026-05-14 18:00:00,70L,50,0,55.9,-46.4,991.0,37.90488
2026-05-14 18:00:00,70L,50,6,56.4,-41.300000000000004,994.0,36.93296
2026-05-14 18:00:00,70L,50,12,56.9,-37.2,996.0,34.0172
2026-05-14 18:00:00,70L,51,0,55.800000000000004,-45.5,990.0,39.071184
2026-05-14 18:00:00,70L,51,6,56.4,-42.0,994.0,36.93296
2026-05-14 18:00:00,70L,51,12,56.9,-37.300000000000004,996.0,34.98912
2026-05-14 18:00:00,71L,2,102,9.8,-78.3,1008.0,25.075536
2026-05-14 18:00:00,71L,2,108,10.3,-76.0,1009.0,29.935136
2026-05-14 18:00:00,71L,5,0,55.800000000000004,-45.4,990.0,41.015024000000004
2026-05-14 18:00:00,71L,5,6,56.6,-41.9,992.0,36.93296
2026-05-14 18:00:00,71L,5,12,56.9,-38.1,995.0,34.98912
2026-05-14 18:00:00,71L,11,84,12.6,-17.1,1013.0,14.967568
2026-05-14 18:00:00,71L,11,90,11.0,-16.2,1013.0,12.051808000000001
2026-05-14 18:00:00,71L,11,96,9.5,-12.700000000000001,1009.0,14.967568
2026-05-14 18:00:00,71L,11,108,8.4,-13.8,1010.0,27.019376
2026-05-14 18:00:00,71L,35,18,2.0,-42.2,1014.0,20.021552
2026-05-14 18:00:00,71L,35,30,2.1,-43.4,1012.0,21.965392
2026-05-14 18:00:00,71L,35,36,2.9,-43.4,1010.0,25.075536
2026-05-14 18:00:00,71L,35,42,2.6,-43.800000000000004,1012.0,21.965392
2026-05-14 18:00:00,71L,35,54,2.8000000000000003,-44.6,1011.0,20.021552
2026-05-14 18:00:00,71L,35,60,3.1,-45.2,1009.0,19.049632000000003
2026-05-14 18:00:00,71L,35,66,2.6,-47.6,1012.0,20.021552
2026-05-14 18:00:00,71L,35,84,5.0,-51.5,1010.0,20.993472
2026-05-14 18:00:00,71L,35,102,5.5,-53.300000000000004,1012.0,21.965392
2026-05-14 18:00:00,71L,40,6,1.3,-41.300000000000004,1013.0,22.937312000000002
2026-05-14 18:00:00,71L,40,12,2.6,-41.5,1009.0,26.047456
2026-05-14 18:00:00,71L,40,18,1.9000000000000001,-41.7,1012.0,27.991296000000002
2026-05-14 18:00:00,71L,40,30,1.5,-42.0,1012.0,20.021552
2026-05-14 18:00:00,71L,40,36,0.1,-38.800000000000004,1011.0,16.911408
2026-05-14 18:00:00,71L,40,54,-0.9,-40.800000000000004,1013.0,15.939488000000003
2026-05-14 18:00:00,71L,42,0,55.7,-45.6,989.0,41.015024000000004
2026-05-14 18:00:00,71L,42,6,56.2,-42.4,993.0,39.071184
2026-05-14 18:00:00,71L,42,12,56.4,-37.2,996.0,35.96104
2026-05-14 18:00:00,71L,43,54,9.4,-73.5,1005.0,26.047456
2026-05-14 18:00:00,71L,43,60,10.4,-75.10000000000001,1007.0,27.019376
2026-05-14 18:00:00,71L,43,84,10.9,-76.10000000000001,1008.0,25.075536
2026-05-14 18:00:00,71L,44,18,3.6,-45.300000000000004,1014.0,20.993472
2026-05-14 18:00:00,71L,44,36,3.6,-48.6,1010.0,20.021552
2026-05-14 18:00:00,71L,46,36,6.2,-14.0,1009.0,19.049632000000003
2026-05-14 18:00:00,71L,46,54,6.8,-17.1,1013.0,14.967568
2026-05-14 18:00:00,71L,47,6,1.3,-41.300000000000004,1014.0,20.021552
2026-05-14 18:00:00,71L,47,12,1.2,-41.6,1010.0,22.937312000000002
2026-05-14 18:00:00,71L,47,30,1.7,-42.2,1013.0,18.077712000000002
2026-05-14 18:00:00,72L,42,30,5.7,-19.0,1012.0,19.049632000000003
2026-05-14 18:00:00,72L,42,36,6.1000000000000005,-20.7,1009.0,21.965392
2026-05-14 18:00:00,72L,42,48,5.3,-19.0,1009.0,23.909232000000003
2026-05-14 18:00:00,72L,42,54,6.2,-18.2,1012.0,22.937312000000002
2026-05-14 18:00:00,72L,42,60,7.6000000000000005,-15.9,1011.0,15.939488000000003
2026-05-14 18:00:00,72L,47,6,1.7,-35.800000000000004,1012.0,29.935136
2026-05-14 18:00:00,72L,47,12,2.0,-36.300000000000004,1010.0,22.937312000000002
2026-05-14 18:00:00,70C,1,6,5.2,-170.8,1007.0,20.993472
2026-05-14 18:00:00,70C,1,12,4.8,-172.1,1007.0,20.993472
2026-05-14 18:00:00,70C,1,18,5.6000000000000005,-173.4,1008.0,21.965392
2026-05-14 18:00:00,70C,1,36,3.2,-175.20000000000002,1006.0,15.939488000000003
2026-05-14 18:00:00,70C,2,6,4.1,-178.20000000000002,1007.0,26.047456
2026-05-14 18:00:00,70C,2,12,3.9,-179.5,1007.0,23.909232000000003
2026-05-14 18:00:00,70C,2,18,5.3,-179.8,1007.0,20.993472
2026-05-14 18:00:00,70C,2,30,6.1000000000000005,178.8,1007.0,20.021552
2026-05-14 18:00:00,70C,3,0,3.9,-162.3,1007.0,20.993472
2026-05-14 18:00:00,70C,3,18,5.0,-162.9,1007.0,19.049632000000003
2026-05-14 18:00:00,70C,6,0,4.8,-178.6,1006.0,27.019376
2026-05-14 18:00:00,70C,6,6,6.1000000000000005,-179.6,1008.0,25.075536
2026-05-14 18:00:00,70C,6,18,5.4,178.3,1007.0,22.937312000000002
2026-05-14 18:00:00,70C,6,24,5.5,176.8,1007.0,22.937312000000002
2026-05-14 18:00:00,70C,6,30,4.8,178.1,1006.0,25.075536
2026-05-14 18:00:00,70C,6,42,6.7,177.1,1008.0,20.993472
2026-05-14 18:00:00,70C,7,0,4.3,-179.20000000000002,1007.0,23.909232000000003
2026-05-14 18:00:00,70C,7,24,4.4,179.4,1007.0,20.021552
2026-05-14 18:00:00,70C,7,30,4.6000000000000005,179.0,1007.0,20.021552
2026-05-14 18:00:00,70C,7,36,6.7,178.9,1008.0,20.021552
2026-05-14 18:00:00,70C,8,0,4.8,-179.8,1006.0,23.909232000000003
2026-05-14 18:00:00,70C,8,6,4.3,179.4,1007.0,20.993472
2026-05-14 18:00:00,70C,8,18,3.9,-178.70000000000002,1007.0,21.965392
2026-05-14 18:00:00,70C,8,24,6.2,-178.20000000000002,1008.0,20.021552
2026-05-14 18:00:00,70C,8,36,6.0,177.8,1008.0,20.021552
2026-05-14 18:00:00,70C,8,60,8.5,178.70000000000002,1005.0,26.047456
2026-05-14 18:00:00,70C,13,0,5.8,-179.3,1007.0,27.991296000000002
2026-05-14 18:00:00,70C,13,6,7.0,-178.5,1008.0,23.909232000000003
2026-05-14 18:00:00,70C,14,0,3.2,-178.1,1006.0,27.991296000000002
2026-05-14 18:00:00,70C,14,12,4.0,178.3,1007.0,20.993472
2026-05-14 18:00:00,70C,14,18,6.2,177.70000000000002,1008.0,20.021552
2026-05-14 18:00:00,70C,14,30,5.9,175.70000000000002,1008.0,20.021552
2026-05-14 18:00:00,70C,14,42,5.3,173.8,1008.0,20.993472
2026-05-14 18:00:00,70C,16,0,4.1,-161.5,1007.0,20.993472
2026-05-14 18:00:00,70C,16,6,1.9000000000000001,-163.3,1006.0,20.021552
2026-05-14 18:00:00,70C,18,0,4.1,-157.20000000000002,1008.0,20.993472
2026-05-14 18:00:00,70C,18,12,4.4,-159.9,1008.0,18.077712000000002
2026-05-14 18:00:00,70C,19,0,6.2,-179.0,1007.0,28.963216
2026-05-14 18:00:00,70C,19,6,6.0,-180.0,1007.0,25.075536
2026-05-14 18:00:00,70C,19,18,5.9,-179.3,1009.0,21.965392
2026-05-14 18:00:00,70C,22,0,4.8,-179.3,1007.0,25.075536
2026-05-14 18:00:00,70C,22,24,5.6000000000000005,178.5,1007.0,19.049632000000003
2026-05-14 18:00:00,70C,22,36,4.6000000000000005,175.9,1007.0,16.911408
2026-05-14 18:00:00,70C,24,12,4.5,-170.20000000000002,1007.0,20.021552
2026-05-14 18:00:00,70C,24,18,4.6000000000000005,-169.6,1007.0,20.993472
2026-05-14 18:00:00,70C,24,30,6.1000000000000005,-172.70000000000002,1007.0,19.049632000000003
2026-05-14 18:00:00,70C,24,48,7.8,-177.4,1007.0,23.909232000000003
2026-05-14 18:00:00,70C,26,0,5.7,-178.9,1007.0,26.047456
2026-05-14 18:00:00,70C,26,6,5.1000000000000005,179.5,1007.0,23.909232000000003
2026-05-14 18:00:00,70C,26,12,4.7,177.4,1006.0,20.993472
2026-05-14 18:00:00,70C,26,24,5.0,176.70000000000002,1006.0,20.993472
2026-05-14 18:00:00,70C,26,30,4.6000000000000005,174.5,1007.0,20.993472
2026-05-14 18:00:00,70C,26,36,6.0,175.1,1005.0,22.937312000000002
2026-05-14 18:00:00,70C,26,42,5.5,173.20000000000002,1007.0,25.075536
2026-05-14 18:00:00,70C,26,48,6.7,173.0,1005.0,22.937312000000002
2026-05-14 18:00:00,70C,26,66,9.0,172.20000000000002,1008.0,22.937312000000002
2026-05-14 18:00:00,70C,26,72,9.200000000000001,171.3,1006.0,21.965392
2026-05-14 18:00:00,70C,26,78,9.3,170.1,1008.0,22.937312000000002
2026-05-14 18:00:00,70C,26,84,9.6,169.3,1006.0,21.965392
2026-05-14 18:00:00,70C,26,90,9.9,168.3,1008.0,22.937312000000002
2026-05-14 18:00:00,70C,26,96,9.700000000000001,167.4,1006.0,25.075536
2026-05-14 18:00:00,70C,26,102,9.9,166.3,1008.0,22.937312000000002
2026-05-14 18:00:00,70C,26,108,10.0,165.0,1006.0,21.965392
2026-05-14 18:00:00,70C,27,0,4.8,-179.6,1007.0,27.019376
2026-05-14 18:00:00,70C,27,6,6.0,-178.70000000000002,1008.0,23.909232000000003
2026-05-14 18:00:00,70C,27,18,5.7,-177.20000000000002,1008.0,20.021552
2026-05-14 18:00:00,70C,31,0,5.4,-169.20000000000002,1007.0,27.991296000000002
2026-05-14 18:00:00,70C,31,12,4.5,-172.6,1006.0,21.965392
2026-05-14 18:00:00,70C,31,18,5.3,-172.9,1008.0,20.993472
2026-05-14 18:00:00,70C,31,36,6.2,-175.3,1007.0,16.911408
2026-05-14 18:00:00,70C,31,42,4.3,-176.5,1008.0,18.077712000000002
2026-05-14 18:00:00,70C,31,54,6.0,-178.6,1006.0,20.993472
2026-05-14 18:00:00,70C,32,0,5.0,-179.3,1007.0,25.075536
2026-05-14 18:00:00,70C,32,24,4.8,179.8,1007.0,20.021552
2026-05-14 18:00:00,70C,33,0,2.9,-140.5,1008.0,21.965392
2026-05-14 18:00:00,70C,33,6,2.5,-138.8,1005.0,20.993472
2026-05-14 18:00:00,70C,34,6,3.7,-159.9,1007.0,16.911408
2026-05-14 18:00:00,70C,34,12,4.0,-159.1,1008.0,20.993472
2026-05-14 18:00:00,70C,35,12,5.1000000000000005,-144.6,1007.0,25.075536
2026-05-14 18:00:00,70C,35,24,5.3,-144.4,1010.0,20.993472
2026-05-14 18:00:00,70C,36,0,5.3,-179.1,1007.0,27.019376
2026-05-14 18:00:00,70C,36,12,7.0,-178.9,1006.0,26.047456
2026-05-14 18:00:00,70C,36,24,6.8,-179.70000000000002,1006.0,22.937312000000002
2026-05-14 18:00:00,70C,36,36,5.5,178.9,1007.0,18.077712000000002
2026-05-14 18:00:00,70C,36,42,5.4,176.3,1008.0,20.021552
2026-05-14 18:00:00,70C,36,60,6.0,175.4,1006.0,18.077712000000002
2026-05-14 18:00:00,70C,36,66,4.7,173.4,1007.0,15.939488000000003
2026-05-14 18:00:00,70C,38,0,5.0,-179.8,1007.0,28.963216
2026-05-14 18:00:00,70C,38,6,5.7,-178.6,1008.0,21.965392
2026-05-14 18:00:00,70C,39,6,8.3,-151.5,1006.0,27.019376
2026-05-14 18:00:00,70C,39,30,8.2,-156.70000000000002,1006.0,19.049632000000003
2026-05-14 18:00:00,70C,41,18,4.3,-140.8,1006.0,21.965392
2026-05-14 18:00:00,70C,41,30,4.8,-147.1,1006.0,20.993472
2026-05-14 18:00:00,70C,42,0,4.5,-178.4,1007.0,27.019376
2026-05-14 18:00:00,70C,42,6,6.1000000000000005,-179.3,1008.0,25.075536
2026-05-14 18:00:00,70C,42,30,6.2,-178.3,1008.0,19.049632000000003
2026-05-14 18:00:00,70C,42,42,6.4,179.4,1008.0,20.021552
2026-05-14 18:00:00,70C,44,0,5.0,-179.8,1007.0,27.991296000000002
2026-05-14 18:00:00,70C,44,6,6.4,-178.9,1007.0,25.075536
2026-05-14 18:00:00,70C,44,18,4.8,178.8,1008.0,22.937312000000002
2026-05-14 18:00:00,70C,44,24,6.2,177.6,1007.0,26.047456
2026-05-14 18:00:00,70C,44,30,7.1000000000000005,177.20000000000002,1007.0,23.909232000000003
2026-05-14 18:00:00,70C,44,36,6.5,176.1,1007.0,22.937312000000002
2026-05-14 18:00:00,70C,44,42,6.6000000000000005,175.3,1006.0,25.075536
2026-05-14 18:00:00,70C,44,48,7.2,174.3,1005.0,23.909232000000003
2026-05-14 18:00:00,70C,44,54,7.5,173.1,1006.0,21.965392
2026-05-14 18:00:00,70C,44,66,7.6000000000000005,171.0,1007.0,25.075536
2026-05-14 18:00:00,70C,44,72,7.8,169.8,1004.0,28.963216
2026-05-14 18:00:00,70C,44,78,8.1,168.3,1004.0,30.907056
2026-05-14 18:00:00,70C,44,84,8.1,167.4,1003.0,27.019376
2026-05-14 18:00:00,70C,44,90,7.6000000000000005,166.20000000000002,1006.0,22.937312000000002
2026-05-14 18:00:00,70C,44,96,7.7,165.20000000000002,1005.0,21.965392
2026-05-14 18:00:00,70C,44,108,8.1,163.3,1006.0,20.993472
2026-05-14 18:00:00,70C,44,120,8.1,161.8,1007.0,22.937312000000002
2026-05-14 18:00:00,70C,44,126,7.5,162.1,1009.0,19.049632000000003
2026-05-14 18:00:00,70C,45,0,5.3,-179.0,1007.0,25.075536
2026-05-14 18:00:00,70C,45,6,4.0,-179.70000000000002,1007.0,23.909232000000003
2026-05-14 18:00:00,70C,45,12,4.3,-180.0,1007.0,20.993472
2026-05-14 18:00:00,70C,45,18,2.2,179.6,1007.0,18.077712000000002
2026-05-14 18:00:00,70C,46,0,4.9,-179.3,1006.0,40.043104
2026-05-14 18:00:00,70C,46,6,6.9,179.8,1006.0,34.0172
2026-05-14 18:00:00,70C,46,12,6.6000000000000005,179.9,1006.0,34.0172
2026-05-14 18:00:00,70C,46,18,5.4,177.8,1006.0,25.075536
2026-05-14 18:00:00,70C,46,24,6.7,178.3,1007.0,22.937312000000002
2026-05-14 18:00:00,70C,46,30,7.7,176.1,1007.0,27.991296000000002
2026-05-14 18:00:00,70C,46,36,6.1000000000000005,174.3,1006.0,26.047456
2026-05-14 18:00:00,70C,47,0,4.6000000000000005,-179.70000000000002,1007.0,23.909232000000003
2026-05-14 18:00:00,70C,47,18,6.0,177.3,1007.0,22.937312000000002
2026-05-14 18:00:00,70C,47,24,4.8,175.3,1007.0,19.049632000000003
2026-05-14 18:00:00,70C,48,0,5.7,-179.6,1007.0,27.019376
2026-05-14 18:00:00,70C,48,6,6.5,-178.9,1007.0,22.937312000000002
2026-05-14 18:00:00,70C,49,0,6.2,-178.1,1007.0,25.075536
2026-05-14 18:00:00,70C,49,6,6.0,-179.5,1007.0,23.909232000000003
2026-05-14 18:00:00,70C,49,18,6.6000000000000005,177.3,1007.0,23.909232000000003
2026-05-14 18:00:00,70C,49,36,4.7,175.4,1007.0,19.049632000000003
2026-05-14 18:00:00,70C,49,42,4.1,173.3,1009.0,20.021552
2026-05-14 18:00:00,70C,49,54,5.1000000000000005,172.1,1006.0,21.965392
2026-05-14 18:00:00,70C,51,0,3.9,-178.70000000000002,1007.0,21.965392
2026-05-14 18:00:00,70C,51,6,4.4,-179.0,1008.0,21.965392
2026-05-14 18:00:00,70C,51,24,4.6000000000000005,179.8,1007.0,18.077712000000002
2026-05-14 18:00:00,70C,51,30,4.6000000000000005,177.4,1008.0,18.077712000000002
2026-05-14 18:00:00,71C,2,24,5.9,-144.9,1009.0,25.075536
2026-05-14 18:00:00,71C,2,36,5.0,-149.0,1008.0,26.047456
2026-05-14 18:00:00,71C,2,48,5.0,-151.5,1009.0,25.075536
2026-05-14 18:00:00,71C,2,54,4.8,-155.0,1007.0,20.021552
2026-05-14 18:00:00,71C,2,60,4.8,-155.3,1008.0,20.993472
2026-05-14 18:00:00,71C,2,78,6.3,-158.4,1008.0,22.937312000000002
2026-05-14 18:00:00,71C,8,0,5.0,-156.3,1008.0,25.075536
2026-05-14 18:00:00,71C,8,12,4.2,-160.4,1007.0,18.077712000000002
2026-05-14 18:00:00,71C,8,36,4.8,-166.8,1007.0,16.911408
2026-05-14 18:00:00,71C,14,6,4.8,-143.70000000000002,1005.0,22.937312000000002
2026-05-14 18:00:00,71C,14,18,6.2,-145.5,1007.0,22.937312000000002
2026-05-14 18:00:00,71C,16,6,5.2,-170.6,1006.0,21.965392
2026-05-14 18:00:00,71C,16,18,5.2,-170.8,1007.0,20.993472
2026-05-14 18:00:00,71C,22,18,3.1,-162.4,1006.0,19.049632000000003
2026-05-14 18:00:00,71C,22,36,4.7,-164.70000000000002,1008.0,13.995648000000001
2026-05-14 18:00:00,71C,32,6,6.8,-152.3,1007.0,23.909232000000003
2026-05-14 18:00:00,71C,32,12,8.0,-154.6,1006.0,37.90488
2026-05-14 18:00:00,71C,36,0,7.2,-150.20000000000002,1008.0,22.937312000000002
2026-05-14 18:00:00,71C,36,6,7.6000000000000005,-149.9,1006.0,22.937312000000002
2026-05-14 18:00:00,71C,39,42,5.8,-149.70000000000002,1006.0,21.965392
2026-05-14 18:00:00,71C,39,54,6.8,-152.1,1007.0,19.049632000000003
2026-05-14 18:00:00,71C,39,66,6.4,-155.9,1007.0,20.993472
2026-05-14 18:00:00,71C,39,72,5.7,-160.8,1009.0,20.993472
2026-05-14 18:00:00,71C,45,12,4.7,-171.3,1007.0,19.049632000000003
2026-05-14 18:00:00,71C,45,18,4.9,-172.8,1007.0,20.021552
2026-05-14 18:00:00,71C,45,24,4.9,-173.9,1006.0,23.909232000000003
2026-05-14 18:00:00,71C,45,36,6.0,-175.4,1006.0,18.077712000000002
2026-05-14 18:00:00,71C,45,42,6.4,-176.20000000000002,1006.0,20.021552
2026-05-14 18:00:00,71C,46,90,4.6000000000000005,-177.70000000000002,1006.0,20.993472
2026-05-14 18:00:00,71C,46,96,6.0,-179.5,1007.0,27.991296000000002
2026-05-14 18:00:00,71C,46,102,6.7,179.70000000000002,1007.0,26.047456
2026-05-14 18:00:00,71C,46,108,5.3,178.1,1006.0,22.937312000000002
2026-05-14 18:00:00,71C,46,120,6.4,176.70000000000002,1007.0,26.047456
2026-05-14 18:00:00,71C,49,0,5.0,-170.20000000000002,1007.0,23.909232000000003
2026-05-14 18:00:00,71C,49,6,2.7,-171.5,1008.0,19.049632000000003
2026-05-14 18:00:00,71C,49,18,4.1,-173.4,1007.0,27.991296000000002
2026-05-14 18:00:00,71C,49,24,4.6000000000000005,-174.8,1007.0,25.075536
2026-05-14 18:00:00,71C,49,30,4.6000000000000005,-176.0,1007.0,20.021552
2026-05-14 18:00:00,71C,49,36,3.2,-175.5,1007.0,20.021552
2026-05-14 18:00:00,71C,49,42,3.6,-177.20000000000002,1008.0,19.049632000000003
2026-05-14 18:00:00,71C,49,54,3.1,-178.0,1007.0,15.939488000000003
2026-05-14 18:00:00,71C,49,60,2.9,-179.6,1006.0,18.077712000000002
2026-05-14 18:00:00,71C,49,66,3.5,178.9,1007.0,19.049632000000003
2026-05-14 18:00:00,72C,8,12,5.4,-170.3,1006.0,23.909232000000003
2026-05-14 18:00:00,72C,8,18,4.5,-173.70000000000002,1007.0,19.049632000000003
2026-05-14 18:00:00,72C,14,42,6.3,-165.70000000000002,1007.0,20.993472
2026-05-14 18:00:00,72C,14,48,7.2,-168.4,1008.0,20.993472
2026-05-14 18:00:00,72C,36,18,5.1000000000000005,-179.20000000000002,1007.0,21.965392
2026-05-14 18:00:00,72C,36,30,4.3,177.5,1007.0,22.937312000000002
2026-05-14 18:00:00,73C,8,42,6.5,-150.4,1006.0,21.965392
2026-05-14 18:00:00,73C,8,48,6.7,-152.6,1008.0,22.937312000000002
2026-05-14 18:00:00,73C,8,54,7.4,-152.3,1006.0,23.909232000000003
2026-05-14 18:00:00,73C,8,60,6.4,-154.70000000000002,1008.0,23.909232000000003
2026-05-14 18:00:00,73C,8,66,6.2,-155.20000000000002,1006.0,27.019376
2026-05-14 18:00:00,73C,8,72,6.5,-156.1,1008.0,23.909232000000003
2026-05-14 18:00:00,73C,8,78,7.2,-157.9,1007.0,22.937312000000002
2026-05-14 18:00:00,73C,8,84,6.4,-158.5,1007.0,22.937312000000002
2026-05-14 18:00:00,73C,36,42,6.9,-167.5,1007.0,19.049632000000003
2026-05-14 18:00:00,73C,36,48,6.9,-167.5,1007.0,20.993472
2026-05-14 18:00:00,73C,36,54,7.2,-169.70000000000002,1007.0,21.965392
2026-05-14 18:00:00,74C,8,108,8.9,-166.9,1008.0,20.021552
2026-05-14 18:00:00,74C,8,114,8.1,-167.3,1008.0,21.965392
2026-05-14 18:00:00,74C,8,120,6.4,-168.6,1008.0,20.021552
2026-05-14 18:00:00,74C,8,126,7.5,-169.3,1008.0,20.021552
2026-05-14 18:00:00,74C,36,66,5.5,-173.8,1008.0,20.021552
2026-05-14 18:00:00,74C,36,78,4.5,-174.1,1006.0,19.049632000000003
2026-05-14 18:00:00,75C,36,126,6.0,-169.1,1008.0,20.021552
2026-05-14 18:00:00,75C,36,144,7.3,-176.20000000000002,1009.0,21.965392
2026-05-14 18:00:00,70A,34,48,11.5,75.3,1005.0,20.021552
2026-05-14 18:00:00,70A,34,54,12.3,72.3,1002.0,23.909232000000003
2026-05-14 18:00:00,70A,34,66,12.3,72.7,1000.0,27.991296000000002
2026-05-14 18:00:00,70A,34,72,12.200000000000001,71.8,1001.0,27.019376
2026-05-14 18:00:00,70A,34,78,12.8,71.5,999.0,29.935136
2026-05-14 18:00:00,70A,34,84,13.200000000000001,70.3,1001.0,27.019376
2026-05-14 18:00:00,70A,34,90,13.700000000000001,69.8,998.0,27.019376
2026-05-14 18:00:00,70A,34,96,14.200000000000001,69.3,1001.0,27.991296000000002
2026-05-14 18:00:00,70A,34,102,14.6,68.8,997.0,28.963216
2026-05-14 18:00:00,70A,34,108,15.200000000000001,68.5,999.0,32.07336
2026-05-14 18:00:00,70A,34,114,15.9,68.0,995.0,39.071184
2026-05-14 18:00:00,70A,34,120,17.2,67.9,997.0,32.07336
2026-05-14 18:00:00,70A,34,126,18.1,68.1,993.0,35.96104
2026-05-14 18:00:00,70A,34,132,18.5,67.7,992.0,45.09708800000001
2026-05-14 18:00:00,70A,34,138,19.8,67.9,988.0,40.043104
2026-05-14 18:00:00,70A,34,144,20.400000000000002,67.7,988.0,43.930784
2026-05-14 18:00:00,70A,37,102,14.200000000000001,74.10000000000001,1005.0,20.993472
2026-05-14 18:00:00,70A,37,108,15.200000000000001,74.0,1007.0,15.939488000000003
2026-05-14 18:00:00,70A,37,126,14.3,72.4,1005.0,18.077712000000002
2026-05-14 18:00:00,70A,37,138,15.0,72.2,1004.0,15.939488000000003
2026-05-14 18:00:00,71A,13,72,13.0,73.3,1003.0,25.075536
2026-05-14 18:00:00,71A,13,78,13.6,72.5,999.0,34.0172
2026-05-14 18:00:00,71A,13,84,14.5,72.2,1002.0,30.907056
2026-05-14 18:00:00,71A,13,90,14.4,73.2,1001.0,27.991296000000002
2026-05-14 18:00:00,71A,13,96,14.8,73.10000000000001,1002.0,26.047456
2026-05-14 18:00:00,71A,13,102,15.200000000000001,72.60000000000001,999.0,36.93296
2026-05-14 18:00:00,71A,13,108,15.700000000000001,72.9,1001.0,34.98912
2026-05-14 18:00:00,71A,13,114,16.5,72.7,1000.0,27.019376
2026-05-14 18:00:00,71A,13,120,17.3,72.60000000000001,1001.0,34.0172
2026-05-14 18:00:00,71A,13,126,18.3,72.5,999.0,35.96104
2026-05-14 18:00:00,71A,26,60,11.700000000000001,75.0,1007.0,20.993472
2026-05-14 18:00:00,71A,26,72,14.1,74.10000000000001,1005.0,20.021552
2026-05-14 18:00:00,71A,26,78,14.1,73.4,998.0,42.958864000000005
2026-05-14 18:00:00,71A,26,84,13.6,73.4,1003.0,32.07336
2026-05-14 18:00:00,71A,26,90,13.8,73.10000000000001,1001.0,25.075536
2026-05-14 18:00:00,71A,26,96,14.3,73.2,1004.0,21.965392
2026-05-14 18:00:00,71A,26,102,14.9,72.5,1003.0,21.965392
2026-05-14 18:00:00,71A,26,108,14.700000000000001,71.8,1004.0,27.019376
2026-05-14 18:00:00,71A,26,114,14.9,72.10000000000001,1002.0,26.047456
2026-05-14 18:00:00,71A,26,126,16.1,72.4,1004.0,18.077712000000002
2026-05-14 18:00:00,71A,26,138,17.1,73.0,1004.0,20.021552
2026-05-14 18:00:00,71A,30,72,13.6,74.2,1004.0,23.909232000000003
2026-05-14 18:00:00,71A,30,78,12.3,74.7,1001.0,27.991296000000002
2026-05-14 18:00:00,71A,30,84,12.8,74.8,1002.0,28.963216
2026-05-14 18:00:00,71A,30,90,13.3,74.2,999.0,26.047456
2026-05-14 18:00:00,71A,30,96,13.6,74.10000000000001,1001.0,28.963216
2026-05-14 18:00:00,71A,30,102,14.200000000000001,73.2,999.0,28.963216
2026-05-14 18:00:00,71A,30,108,13.6,72.7,1001.0,27.991296000000002
2026-05-14 18:00:00,71A,30,114,14.0,72.60000000000001,999.0,30.907056
2026-05-14 18:00:00,71A,30,120,14.3,72.4,1002.0,25.075536
2026-05-14 18:00:00,71A,30,126,14.1,72.2,1001.0,27.019376
2026-05-14 18:00:00,71A,30,132,15.0,72.4,1003.0,27.019376
2026-05-14 18:00:00,71A,30,138,15.200000000000001,71.7,1000.0,25.075536
2026-05-14 18:00:00,71A,30,144,15.700000000000001,71.2,1004.0,21.965392
2026-05-14 18:00:00,71A,31,84,12.200000000000001,74.0,1007.0,15.939488000000003
2026-05-14 18:00:00,71A,31,90,12.6,73.7,1005.0,19.049632000000003
2026-05-14 18:00:00,71A,31,96,13.4,73.8,1006.0,20.021552
2026-05-14 18:00:00,71A,31,102,13.700000000000001,73.8,1004.0,19.049632000000003
2026-05-14 18:00:00,71A,31,108,15.700000000000001,73.8,1006.0,18.077712000000002
2026-05-14 18:00:00,71A,31,114,15.9,73.0,1004.0,18.077712000000002
2026-05-14 18:00:00,71A,31,120,15.9,72.4,1006.0,20.993472
2026-05-14 18:00:00,71A,31,126,15.9,72.60000000000001,1003.0,20.993472
2026-05-14 18:00:00,71A,31,132,16.6,72.7,1005.0,22.937312000000002
2026-05-14 18:00:00,71A,31,138,17.2,72.4,1001.0,20.993472
2026-05-14 18:00:00,71A,31,144,17.5,72.0,1003.0,20.021552
2026-05-14 18:00:00,71A,42,72,14.5,74.10000000000001,1004.0,20.993472
2026-05-14 18:00:00,71A,42,78,12.8,74.60000000000001,1001.0,23.909232000000003
2026-05-14 18:00:00,71A,42,84,12.8,74.60000000000001,1002.0,26.047456
2026-05-14 18:00:00,71A,42,90,13.0,74.5,997.0,34.98912
2026-05-14 18:00:00,71A,42,96,13.5,74.2,1001.0,34.0172
2026-05-14 18:00:00,71A,42,102,13.700000000000001,73.9,992.0,41.015024000000004
2026-05-14 18:00:00,71A,42,108,13.9,73.60000000000001,990.0,52.094912
2026-05-14 18:00:00,71A,42,114,14.5,73.60000000000001,985.0,55.010672
2026-05-14 18:00:00,71A,42,120,14.700000000000001,73.5,993.0,41.986944
2026-05-14 18:00:00,71A,42,126,15.0,73.10000000000001,988.0,52.094912
2026-05-14 18:00:00,71A,42,132,15.3,72.9,987.0,55.010672
2026-05-14 18:00:00,71A,42,138,15.700000000000001,72.8,987.0,46.069008000000004
2026-05-14 18:00:00,71A,42,144,15.9,72.7,989.0,47.04092800000001
2026-05-14 18:00:00,71A,44,72,10.200000000000001,51.0,1006.0,29.935136
2026-05-14 18:00:00,71A,44,78,10.5,51.4,1005.0,29.935136
2026-05-14 18:00:00,71A,44,102,9.8,54.4,1005.0,32.07336
2026-05-14 18:00:00,71A,44,126,9.5,53.6,1003.0,32.07336
2026-05-14 18:00:00,71A,44,138,11.0,54.9,1004.0,28.963216
2026-05-14 18:00:00,71A,48,54,11.5,73.9,1003.0,20.993472
2026-05-14 18:00:00,71A,48,60,10.6,75.0,1005.0,28.963216
2026-05-14 18:00:00,71A,48,72,11.700000000000001,75.2,1005.0,20.993472
2026-05-14 18:00:00,71A,48,78,13.6,72.7,1003.0,27.991296000000002
2026-05-14 18:00:00,71A,48,90,12.0,71.8,1002.0,25.075536
2026-05-14 18:00:00,71A,48,96,13.9,71.0,1005.0,26.047456
2026-05-14 18:00:00,71A,48,102,13.9,70.7,1001.0,28.963216
2026-05-14 18:00:00,71A,48,108,14.700000000000001,70.4,1001.0,30.907056
2026-05-14 18:00:00,71A,48,114,14.9,70.10000000000001,989.0,49.95668800000001
2026-05-14 18:00:00,71A,48,120,15.200000000000001,69.9,989.0,48.984768
2026-05-14 18:00:00,71A,48,126,16.0,69.7,980.0,55.982592000000004
2026-05-14 18:00:00,71A,48,132,16.5,69.0,973.0,74.060304
2026-05-14 18:00:00,71A,48,138,16.8,69.3,975.0,64.924256
2026-05-14 18:00:00,71A,48,144,17.3,69.10000000000001,976.0,68.0344
2026-05-14 18:00:00,71A,50,72,13.6,73.8,1003.0,28.963216
2026-05-14 18:00:00,71A,50,78,13.3,74.10000000000001,1000.0,36.93296
2026-05-14 18:00:00,71A,50,84,13.200000000000001,73.10000000000001,999.0,43.930784
2026-05-14 18:00:00,71A,50,90,13.0,73.0,993.0,41.015024000000004
2026-05-14 18:00:00,71A,50,96,13.1,72.9,998.0,37.90488
2026-05-14 18:00:00,71A,50,102,13.9,72.8,997.0,34.98912
2026-05-14 18:00:00,71A,50,108,14.700000000000001,72.10000000000001,993.0,37.90488
2026-05-14 18:00:00,71A,50,114,15.0,71.9,992.0,43.930784
2026-05-14 18:00:00,71A,50,120,15.200000000000001,72.0,999.0,34.0172
2026-05-14 18:00:00,71A,50,126,16.0,71.5,991.0,52.094912
2026-05-14 18:00:00,71A,50,132,16.6,71.10000000000001,991.0,56.954512
2026-05-14 18:00:00,71A,50,138,17.1,71.10000000000001,995.0,34.98912
2026-05-14 18:00:00,71A,50,144,17.8,70.5,997.0,40.043104
2026-05-14 18:00:00,72A,22,78,12.9,74.5,1001.0,32.07336
2026-05-14 18:00:00,72A,22,84,13.0,74.10000000000001,1000.0,40.043104
2026-05-14 18:00:00,72A,22,90,12.8,73.8,1001.0,27.991296000000002
2026-05-14 18:00:00,72A,22,102,13.8,74.0,1003.0,22.937312000000002
2026-05-14 18:00:00,72A,22,126,13.4,74.10000000000001,1005.0,14.967568
2026-05-14 18:00:00,72A,22,132,14.700000000000001,73.7,1007.0,15.939488000000003
2026-05-14 18:00:00,72A,32,102,13.6,74.10000000000001,1004.0,21.965392
2026-05-14 18:00:00,72A,32,114,15.9,73.10000000000001,1002.0,23.909232000000003
2026-05-14 18:00:00,72A,32,138,16.3,72.10000000000001,1004.0,20.021552
2026-05-14 18:00:00,70B,1,0,10.5,82.4,1002.0,26.047456
2026-05-14 18:00:00,70B,1,6,10.9,82.3,1000.0,26.047456
2026-05-14 18:00:00,70B,1,12,11.4,82.3,1002.0,26.047456
2026-05-14 18:00:00,70B,1,18,12.1,82.4,1000.0,27.019376
2026-05-14 18:00:00,70B,1,24,12.4,82.10000000000001,1002.0,21.965392
2026-05-14 18:00:00,70B,1,30,12.9,81.4,1000.0,26.047456
2026-05-14 18:00:00,70B,1,42,12.8,80.60000000000001,999.0,22.937312000000002
2026-05-14 18:00:00,70B,1,48,13.0,80.2,1004.0,25.075536
2026-05-14 18:00:00,70B,1,54,13.3,80.7,1002.0,33.04528
2026-05-14 18:00:00,70B,1,60,14.3,80.5,1004.0,20.993472
2026-05-14 18:00:00,70B,1,66,14.8,78.9,1001.0,21.965392
2026-05-14 18:00:00,70B,1,72,14.5,80.7,1005.0,27.019376
2026-05-14 18:00:00,70B,1,78,14.1,80.2,1003.0,25.075536
2026-05-14 18:00:00,70B,1,84,13.8,79.60000000000001,1004.0,23.909232000000003
2026-05-14 18:00:00,70B,1,90,14.5,78.60000000000001,1000.0,22.937312000000002
2026-05-14 18:00:00,70B,2,6,11.6,82.8,1001.0,25.075536
2026-05-14 18:00:00,70B,2,12,12.3,82.0,1003.0,23.909232000000003
2026-05-14 18:00:00,70B,2,18,12.1,81.7,998.0,26.047456
2026-05-14 18:00:00,70B,2,24,12.0,81.4,996.0,28.963216
2026-05-14 18:00:00,70B,2,30,12.3,81.2,990.0,42.958864000000005
2026-05-14 18:00:00,70B,2,36,12.5,81.0,989.0,53.066832000000005
2026-05-14 18:00:00,70B,2,42,12.4,80.60000000000001,991.0,39.071184
2026-05-14 18:00:00,70B,2,48,12.200000000000001,80.2,992.0,47.04092800000001
2026-05-14 18:00:00,70B,2,54,12.6,80.2,993.0,39.071184
2026-05-14 18:00:00,70B,2,60,13.0,80.2,997.0,29.935136
2026-05-14 18:00:00,70B,2,66,12.8,80.0,990.0,34.98912
2026-05-14 18:00:00,70B,2,72,13.1,80.3,994.0,41.986944
2026-05-14 18:00:00,70B,2,78,13.6,80.5,994.0,36.93296
2026-05-14 18:00:00,70B,2,84,13.8,80.60000000000001,994.0,40.043104
2026-05-14 18:00:00,70B,2,90,14.1,81.0,992.0,39.071184
2026-05-14 18:00:00,70B,2,96,14.5,81.3,999.0,30.907056
2026-05-14 18:00:00,70B,2,102,14.6,82.0,997.0,34.0172
2026-05-14 18:00:00,70B,2,108,14.5,82.4,999.0,36.93296
2026-05-14 18:00:00,70B,2,114,14.700000000000001,83.3,996.0,33.04528
2026-05-14 18:00:00,70B,2,120,14.8,84.5,998.0,33.04528
2026-05-14 18:00:00,70B,2,126,15.0,85.10000000000001,997.0,34.98912
2026-05-14 18:00:00,70B,2,132,14.3,84.3,997.0,46.069008000000004
2026-05-14 18:00:00,70B,2,138,14.0,86.3,993.0,39.071184
2026-05-14 18:00:00,70B,2,144,14.200000000000001,87.60000000000001,996.0,37.90488
2026-05-14 18:00:00,70B,3,6,11.4,83.2,1002.0,21.965392
2026-05-14 18:00:00,70B,3,12,12.5,81.7,1005.0,20.021552
2026-05-14 18:00:00,70B,3,18,12.200000000000001,81.7,1002.0,19.049632000000003
2026-05-14 18:00:00,70B,3,36,14.0,80.0,1005.0,16.911408
2026-05-14 18:00:00,70B,3,42,14.5,78.7,1002.0,16.911408
2026-05-14 18:00:00,70B,5,0,16.7,92.7,1004.0,25.075536
2026-05-14 18:00:00,70B,5,6,18.7,93.0,1001.0,23.909232000000003
2026-05-14 18:00:00,70B,5,12,18.900000000000002,93.0,1002.0,22.937312000000002
2026-05-14 18:00:00,70B,5,18,19.2,93.3,1000.0,21.965392
2026-05-14 18:00:00,70B,6,0,12.1,82.10000000000001,1002.0,23.909232000000003
2026-05-14 18:00:00,70B,6,6,11.1,82.8,1001.0,27.019376
2026-05-14 18:00:00,70B,6,12,11.9,82.2,1003.0,21.965392
2026-05-14 18:00:00,70B,6,24,11.0,80.5,1003.0,22.937312000000002
2026-05-14 18:00:00,70B,6,30,11.200000000000001,80.9,1002.0,21.965392
2026-05-14 18:00:00,70B,6,36,12.6,80.0,1004.0,20.021552
2026-05-14 18:00:00,70B,6,42,14.5,79.5,1001.0,20.021552
2026-05-14 18:00:00,70B,7,12,12.0,83.3,1004.0,23.909232000000003
2026-05-14 18:00:00,70B,7,18,12.6,82.60000000000001,1001.0,23.909232000000003
2026-05-14 18:00:00,70B,7,24,12.0,82.60000000000001,1003.0,28.963216
2026-05-14 18:00:00,70B,7,30,12.4,82.10000000000001,1001.0,21.965392
2026-05-14 18:00:00,70B,7,36,14.200000000000001,79.10000000000001,1004.0,16.911408
2026-05-14 18:00:00,70B,9,6,12.6,82.5,1001.0,20.993472
2026-05-14 18:00:00,70B,9,12,12.1,82.10000000000001,1004.0,25.075536
2026-05-14 18:00:00,70B,9,18,14.1,80.7,1001.0,15.939488000000003
2026-05-14 18:00:00,70B,9,24,13.0,81.8,1004.0,18.077712000000002
2026-05-14 18:00:00,70B,9,48,13.5,81.60000000000001,1004.0,23.909232000000003
2026-05-14 18:00:00,70B,9,54,15.700000000000001,80.2,1003.0,19.049632000000003
2026-05-14 18:00:00,70B,10,0,11.200000000000001,82.9,1003.0,25.075536
2026-05-14 18:00:00,70B,10,6,12.1,82.5,1002.0,20.021552
2026-05-14 18:00:00,70B,10,30,13.3,82.7,1002.0,20.993472
2026-05-14 18:00:00,70B,10,48,13.200000000000001,81.7,1004.0,22.937312000000002
2026-05-14 18:00:00,70B,10,60,14.9,81.9,1005.0,21.965392
2026-05-14 18:00:00,70B,10,66,13.0,81.4,1002.0,28.963216
2026-05-14 18:00:00,70B,10,72,13.6,82.60000000000001,1002.0,27.991296000000002
2026-05-14 18:00:00,70B,10,78,13.1,82.4,1001.0,29.935136
2026-05-14 18:00:00,70B,11,0,10.5,82.8,1003.0,27.991296000000002
2026-05-14 18:00:00,70B,11,6,12.700000000000001,83.8,1001.0,19.049632000000003
2026-05-14 18:00:00,70B,11,12,11.9,83.3,1003.0,27.019376
2026-05-14 18:00:00,70B,11,24,12.4,82.60000000000001,1003.0,32.07336
2026-05-14 18:00:00,70B,11,30,12.6,83.3,1002.0,29.935136
2026-05-14 18:00:00,70B,11,36,13.4,82.8,1003.0,25.075536
2026-05-14 18:00:00,70B,11,42,13.3,82.7,1001.0,20.993472
2026-05-14 18:00:00,70B,11,54,14.700000000000001,82.8,1003.0,25.075536
2026-05-14 18:00:00,70B,11,60,13.9,83.10000000000001,1005.0,23.909232000000003
2026-05-14 18:00:00,70B,11,72,15.5,82.8,1005.0,25.075536
2026-05-14 18:00:00,70B,13,0,10.6,82.5,1001.0,26.047456
2026-05-14 18:00:00,70B,13,18,12.0,80.60000000000001,1000.0,22.937312000000002
2026-05-14 18:00:00,70B,13,24,11.9,81.9,1003.0,22.937312000000002
2026-05-14 18:00:00,70B,13,30,13.5,80.2,1001.0,22.937312000000002
2026-05-14 18:00:00,70B,13,36,13.700000000000001,80.0,1003.0,18.077712000000002
2026-05-14 18:00:00,70B,14,18,11.9,81.0,1001.0,16.911408
2026-05-14 18:00:00,70B,14,24,11.4,80.5,1003.0,20.993472
2026-05-14 18:00:00,70B,14,30,11.9,80.2,1002.0,20.993472
2026-05-14 18:00:00,70B,14,36,11.5,80.10000000000001,1005.0,22.937312000000002
2026-05-14 18:00:00,70B,14,48,13.4,80.7,1005.0,21.965392
2026-05-14 18:00:00,70B,14,54,14.0,80.2,1003.0,21.965392
2026-05-14 18:00:00,70B,14,60,14.1,79.2,1005.0,20.021552
2026-05-14 18:00:00,70B,14,66,15.1,79.3,1002.0,18.077712000000002
2026-05-14 18:00:00,70B,14,78,15.1,81.60000000000001,1004.0,21.965392
2026-05-14 18:00:00,70B,15,0,10.3,83.0,1003.0,25.075536
2026-05-14 18:00:00,70B,15,6,12.3,83.60000000000001,1001.0,20.993472
2026-05-14 18:00:00,70B,15,12,12.8,82.60000000000001,1003.0,27.019376
2026-05-14 18:00:00,70B,15,18,11.4,81.4,999.0,29.935136
2026-05-14 18:00:00,70B,15,24,11.200000000000001,81.7,1001.0,27.019376
2026-05-14 18:00:00,70B,15,30,11.9,82.4,1000.0,27.019376
2026-05-14 18:00:00,70B,15,42,13.9,81.2,1000.0,20.993472
2026-05-14 18:00:00,70B,15,48,14.3,80.5,1005.0,18.077712000000002
2026-05-14 18:00:00,70B,15,66,16.6,79.5,1002.0,16.911408
2026-05-14 18:00:00,70B,15,78,15.200000000000001,80.2,1005.0,20.021552
2026-05-14 18:00:00,70B,15,90,16.8,79.2,1002.0,21.965392
2026-05-14 18:00:00,70B,16,12,11.200000000000001,80.9,1003.0,23.909232000000003
2026-05-14 18:00:00,70B,16,18,12.0,81.4,999.0,25.075536
2026-05-14 18:00:00,70B,16,24,12.200000000000001,81.3,1002.0,21.965392
2026-05-14 18:00:00,70B,16,36,12.6,80.0,1004.0,21.965392
2026-05-14 18:00:00,70B,16,54,14.1,79.60000000000001,1003.0,19.049632000000003
2026-05-14 18:00:00,70B,16,60,14.5,78.8,1004.0,18.077712000000002
2026-05-14 18:00:00,70B,16,72,14.6,80.2,1005.0,21.965392
2026-05-14 18:00:00,70B,16,90,16.5,79.4,1000.0,20.021552
2026-05-14 18:00:00,70B,18,6,11.6,82.9,1002.0,20.993472
2026-05-14 18:00:00,70B,18,12,11.200000000000001,81.10000000000001,1004.0,21.965392
2026-05-14 18:00:00,70B,18,18,11.200000000000001,80.7,1000.0,22.937312000000002
2026-05-14 18:00:00,70B,18,24,11.0,81.0,1003.0,25.075536
2026-05-14 18:00:00,70B,18,30,11.4,81.60000000000001,1002.0,26.047456
2026-05-14 18:00:00,70B,18,36,12.4,81.9,1004.0,22.937312000000002
2026-05-14 18:00:00,70B,18,48,14.4,80.8,1005.0,21.965392
2026-05-14 18:00:00,70B,19,6,11.1,81.9,1002.0,27.019376
2026-05-14 18:00:00,70B,19,12,10.700000000000001,83.10000000000001,1005.0,27.019376
2026-05-14 18:00:00,70B,20,0,11.200000000000001,83.8,1001.0,25.075536
2026-05-14 18:00:00,70B,20,6,11.8,83.5,999.0,25.075536
2026-05-14 18:00:00,70B,20,12,11.5,83.60000000000001,1002.0,28.963216
2026-05-14 18:00:00,70B,20,18,11.5,83.3,1000.0,33.04528
2026-05-14 18:00:00,70B,20,24,11.9,83.4,1001.0,26.047456
2026-05-14 18:00:00,70B,20,30,13.0,83.60000000000001,1000.0,27.019376
2026-05-14 18:00:00,70B,20,36,13.9,83.10000000000001,1003.0,26.047456
2026-05-14 18:00:00,70B,20,42,14.5,82.2,1001.0,16.911408
2026-05-14 18:00:00,70B,20,48,15.200000000000001,81.0,1004.0,19.049632000000003
2026-05-14 18:00:00,70B,20,54,15.5,80.3,1004.0,20.993472
2026-05-14 18:00:00,70B,20,66,16.9,79.2,1002.0,15.939488000000003
2026-05-14 18:00:00,70B,21,0,15.9,96.3,1005.0,33.04528
2026-05-14 18:00:00,70B,21,6,18.400000000000002,96.60000000000001,1006.0,19.049632000000003
2026-05-14 18:00:00,70B,22,0,11.8,84.4,1000.0,27.019376
2026-05-14 18:00:00,70B,22,12,12.200000000000001,81.10000000000001,997.0,42.958864000000005
2026-05-14 18:00:00,70B,22,18,11.8,82.3,996.0,36.93296
2026-05-14 18:00:00,70B,22,24,13.700000000000001,81.7,1001.0,23.909232000000003
2026-05-14 18:00:00,70B,22,30,12.8,80.8,998.0,29.935136
2026-05-14 18:00:00,70B,22,36,12.4,80.9,1002.0,26.047456
2026-05-14 18:00:00,70B,22,48,13.1,81.7,1003.0,25.075536
2026-05-14 18:00:00,70B,22,54,14.5,81.4,1002.0,23.909232000000003
2026-05-14 18:00:00,70B,22,60,15.200000000000001,80.4,1004.0,21.965392
2026-05-14 18:00:00,70B,22,72,14.1,80.0,1003.0,26.047456
2026-05-14 18:00:00,70B,22,78,14.3,80.0,1002.0,22.937312000000002
2026-05-14 18:00:00,70B,22,84,16.1,80.5,1004.0,21.965392
2026-05-14 18:00:00,70B,22,102,15.6,80.3,1001.0,21.965392
2026-05-14 18:00:00,70B,23,0,11.700000000000001,82.9,1002.0,27.019376
2026-05-14 18:00:00,70B,23,6,12.200000000000001,82.10000000000001,1001.0,23.909232000000003
2026-05-14 18:00:00,70B,23,12,10.6,81.60000000000001,1003.0,28.963216
2026-05-14 18:00:00,70B,23,18,11.3,82.8,1001.0,29.935136
2026-05-14 18:00:00,70B,23,24,11.8,83.0,1003.0,23.909232000000003
2026-05-14 18:00:00,70B,23,30,12.700000000000001,83.60000000000001,1002.0,22.937312000000002
2026-05-14 18:00:00,70B,23,36,13.5,83.4,1004.0,20.021552
2026-05-14 18:00:00,70B,23,42,14.1,83.10000000000001,1001.0,20.021552
2026-05-14 18:00:00,70B,23,48,14.8,83.10000000000001,1005.0,21.965392
2026-05-14 18:00:00,70B,23,54,15.5,83.2,1004.0,21.965392
2026-05-14 18:00:00,70B,23,60,17.6,83.0,1005.0,14.967568
2026-05-14 18:00:00,70B,23,66,19.1,83.8,1002.0,20.021552
2026-05-14 18:00:00,70B,26,6,11.200000000000001,83.10000000000001,1000.0,27.991296000000002
2026-05-14 18:00:00,70B,26,12,11.700000000000001,80.0,1003.0,23.909232000000003
2026-05-14 18:00:00,70B,26,24,12.1,80.9,1002.0,21.965392
2026-05-14 18:00:00,70B,26,30,12.9,80.4,1001.0,20.993472
2026-05-14 18:00:00,70B,26,36,12.4,80.60000000000001,1003.0,21.965392
2026-05-14 18:00:00,70B,26,42,13.0,80.3,1001.0,20.993472
2026-05-14 18:00:00,70B,27,0,17.2,89.9,1003.0,20.993472
2026-05-14 18:00:00,70B,27,12,15.200000000000001,90.10000000000001,1003.0,27.019376
2026-05-14 18:00:00,70B,27,30,15.700000000000001,90.9,1003.0,22.937312000000002
2026-05-14 18:00:00,70B,29,6,12.9,83.8,999.0,23.909232000000003
2026-05-14 18:00:00,70B,29,12,11.3,83.5,1001.0,27.019376
2026-05-14 18:00:00,70B,29,18,11.9,83.2,996.0,26.047456
2026-05-14 18:00:00,70B,29,24,11.9,83.10000000000001,998.0,29.935136
2026-05-14 18:00:00,70B,29,30,11.9,82.8,993.0,39.071184
2026-05-14 18:00:00,70B,29,36,12.6,82.7,991.0,43.930784
2026-05-14 18:00:00,70B,29,42,13.0,82.3,985.0,48.984768
2026-05-14 18:00:00,70B,29,48,13.3,81.9,987.0,45.09708800000001
2026-05-14 18:00:00,70B,29,54,13.700000000000001,81.3,984.0,45.09708800000001
2026-05-14 18:00:00,70B,29,60,13.9,81.0,978.0,55.010672
2026-05-14 18:00:00,70B,29,66,14.3,80.7,975.0,52.094912
2026-05-14 18:00:00,70B,29,72,14.700000000000001,80.4,973.0,66.09056
2026-05-14 18:00:00,70B,29,78,15.0,80.2,972.0,64.924256
2026-05-14 18:00:00,70B,29,84,15.200000000000001,80.10000000000001,983.0,46.069008000000004
2026-05-14 18:00:00,70B,29,90,15.5,80.0,987.0,41.986944
2026-05-14 18:00:00,70B,29,96,15.5,79.8,993.0,35.96104
2026-05-14 18:00:00,70B,29,102,15.700000000000001,79.7,991.0,39.071184
2026-05-14 18:00:00,70B,29,108,16.0,79.8,994.0,34.98912
2026-05-14 18:00:00,70B,29,114,16.0,79.5,994.0,25.075536
2026-05-14 18:00:00,70B,29,120,15.700000000000001,79.4,994.0,29.935136
2026-05-14 18:00:00,70B,29,126,15.700000000000001,79.7,997.0,27.991296000000002
2026-05-14 18:00:00,70B,29,132,15.4,79.7,999.0,27.019376
2026-05-14 18:00:00,70B,29,138,15.200000000000001,80.4,997.0,23.909232000000003
2026-05-14 18:00:00,70B,29,144,15.200000000000001,81.0,997.0,34.98912
2026-05-14 18:00:00,70B,30,0,11.1,82.4,1003.0,27.019376
2026-05-14 18:00:00,70B,30,6,11.3,82.3,1001.0,20.993472
2026-05-14 18:00:00,70B,30,12,11.9,82.0,1004.0,21.965392
2026-05-14 18:00:00,70B,30,18,11.200000000000001,80.0,1001.0,21.965392
2026-05-14 18:00:00,70B,30,24,10.8,79.9,1004.0,25.075536
2026-05-14 18:00:00,70B,30,36,10.8,79.60000000000001,1004.0,22.937312000000002
2026-05-14 18:00:00,70B,30,48,9.200000000000001,78.60000000000001,1005.0,27.019376
2026-05-14 18:00:00,70B,30,54,8.700000000000001,77.4,1003.0,28.963216
2026-05-14 18:00:00,70B,30,60,11.200000000000001,78.0,1005.0,28.963216
2026-05-14 18:00:00,70B,31,0,10.6,82.9,1002.0,23.909232000000003
2026-05-14 18:00:00,70B,31,6,11.5,83.10000000000001,1001.0,23.909232000000003
2026-05-14 18:00:00,70B,31,12,11.9,82.60000000000001,1003.0,22.937312000000002
2026-05-14 18:00:00,70B,31,18,11.9,81.4,1000.0,25.075536
2026-05-14 18:00:00,70B,31,30,11.700000000000001,80.60000000000001,1001.0,27.019376
2026-05-14 18:00:00,70B,31,36,11.9,80.5,1003.0,22.937312000000002
2026-05-14 18:00:00,70B,31,42,11.700000000000001,80.0,1001.0,22.937312000000002
2026-05-14 18:00:00,70B,31,48,12.1,80.7,1005.0,25.075536
2026-05-14 18:00:00,70B,31,54,11.9,80.3,1003.0,25.075536
2026-05-14 18:00:00,70B,32,0,10.700000000000001,82.2,1002.0,25.075536
2026-05-14 18:00:00,70B,32,6,11.200000000000001,82.4,1000.0,27.019376
2026-05-14 18:00:00,70B,32,12,11.9,81.3,1003.0,21.965392
2026-05-14 18:00:00,70B,32,18,11.4,82.0,1000.0,27.019376
2026-05-14 18:00:00,70B,32,24,11.5,80.4,1003.0,23.909232000000003
2026-05-14 18:00:00,70B,32,30,11.6,80.9,1001.0,23.909232000000003
2026-05-14 18:00:00,70B,32,36,12.1,80.8,1003.0,22.937312000000002
2026-05-14 18:00:00,70B,32,42,12.4,80.60000000000001,1001.0,27.019376
2026-05-14 18:00:00,70B,32,48,13.3,80.5,1004.0,20.021552
2026-05-14 18:00:00,70B,32,60,14.1,79.60000000000001,1005.0,19.049632000000003
2026-05-14 18:00:00,70B,32,66,12.6,79.2,1002.0,23.909232000000003
2026-05-14 18:00:00,70B,32,78,13.700000000000001,80.0,1004.0,21.965392
2026-05-14 18:00:00,70B,32,84,15.1,78.5,1005.0,20.021552
2026-05-14 18:00:00,70B,32,108,14.5,73.8,1006.0,20.021552
2026-05-14 18:00:00,70B,32,120,16.0,72.9,1004.0,23.909232000000003
2026-05-14 18:00:00,70B,32,126,17.3,75.5,1004.0,26.047456
2026-05-14 18:00:00,70B,35,12,12.4,83.5,1005.0,26.047456
2026-05-14 18:00:00,70B,35,24,14.4,80.8,1004.0,18.077712000000002
2026-05-14 18:00:00,70B,35,36,12.200000000000001,81.3,1004.0,26.047456
2026-05-14 18:00:00,70B,35,42,12.8,80.9,1001.0,26.047456
2026-05-14 18:00:00,70B,35,48,12.8,80.5,1004.0,21.965392
2026-05-14 18:00:00,70B,35,54,13.3,80.5,1003.0,25.075536
2026-05-14 18:00:00,70B,35,60,14.0,80.7,1006.0,20.993472
2026-05-14 18:00:00,70B,35,66,14.0,80.2,1003.0,21.965392
2026-05-14 18:00:00,70B,35,78,15.5,80.2,1005.0,26.047456
2026-05-14 18:00:00,70B,35,96,15.6,80.7,1005.0,27.019376
2026-05-14 18:00:00,70B,36,6,11.8,85.0,1001.0,22.937312000000002
2026-05-14 18:00:00,70B,36,12,12.8,83.4,1003.0,21.965392
2026-05-14 18:00:00,70B,36,18,12.3,82.8,998.0,27.019376
2026-05-14 18:00:00,70B,36,24,12.0,82.60000000000001,998.0,32.07336
2026-05-14 18:00:00,70B,36,30,12.5,83.10000000000001,999.0,25.075536
2026-05-14 18:00:00,70B,36,36,12.8,83.3,1002.0,26.047456
2026-05-14 18:00:00,70B,36,42,13.3,83.7,999.0,28.963216
2026-05-14 18:00:00,70B,36,48,14.200000000000001,84.0,1002.0,23.909232000000003
2026-05-14 18:00:00,70B,38,6,13.0,82.4,1001.0,26.047456
2026-05-14 18:00:00,70B,38,18,13.1,82.8,999.0,25.075536
2026-05-14 18:00:00,70B,38,24,12.8,81.5,1000.0,22.937312000000002
2026-05-14 18:00:00,70B,38,30,12.3,80.9,997.0,32.07336
2026-05-14 18:00:00,70B,38,36,11.9,80.2,1002.0,25.075536
2026-05-14 18:00:00,70B,38,42,11.700000000000001,80.7,1000.0,23.909232000000003
2026-05-14 18:00:00,70B,38,48,12.1,81.2,1004.0,20.993472
2026-05-14 18:00:00,70B,38,54,13.1,81.5,1003.0,21.965392
2026-05-14 18:00:00,70B,38,60,14.1,79.60000000000001,1005.0,18.077712000000002
2026-05-14 18:00:00,70B,38,72,15.5,80.7,1005.0,20.021552
2026-05-14 18:00:00,70B,38,84,15.8,80.2,1004.0,20.021552
2026-05-14 18:00:00,70B,38,90,16.6,79.8,1002.0,15.939488000000003
2026-05-14 18:00:00,70B,38,102,15.6,80.8,1004.0,22.937312000000002
2026-05-14 18:00:00,70B,39,0,15.5,95.3,1002.0,34.98912
2026-05-14 18:00:00,70B,39,6,16.9,95.4,1001.0,25.075536
2026-05-14 18:00:00,70B,39,12,17.400000000000002,95.9,1004.0,20.993472
2026-05-14 18:00:00,70B,39,18,19.0,95.0,1002.0,15.939488000000003
2026-05-14 18:00:00,70B,40,0,11.6,82.60000000000001,1003.0,25.075536
2026-05-14 18:00:00,70B,40,6,12.1,82.3,1001.0,20.993472
2026-05-14 18:00:00,70B,40,12,12.1,81.9,1003.0,23.909232000000003
2026-05-14 18:00:00,70B,40,18,11.4,80.9,1001.0,20.993472
2026-05-14 18:00:00,70B,40,24,11.6,81.0,1003.0,22.937312000000002
2026-05-14 18:00:00,70B,40,36,12.6,81.3,1004.0,20.021552
2026-05-14 18:00:00,70B,40,42,13.5,81.10000000000001,1001.0,20.021552
2026-05-14 18:00:00,70B,40,54,15.1,80.3,1003.0,20.021552
2026-05-14 18:00:00,70B,40,60,14.0,80.0,1005.0,20.021552
2026-05-14 18:00:00,70B,40,66,14.5,78.60000000000001,1000.0,20.993472
2026-05-14 18:00:00,70B,40,90,16.5,79.4,999.0,20.993472
2026-05-14 18:00:00,70B,41,0,12.9,84.3,1003.0,26.047456
2026-05-14 18:00:00,70B,41,6,13.0,82.7,1001.0,23.909232000000003
2026-05-14 18:00:00,70B,41,24,11.4,82.4,1001.0,26.047456
2026-05-14 18:00:00,70B,41,30,11.9,82.2,1000.0,23.909232000000003
2026-05-14 18:00:00,70B,41,42,11.9,82.10000000000001,1000.0,23.909232000000003
2026-05-14 18:00:00,70B,41,48,12.5,82.2,1001.0,33.04528
2026-05-14 18:00:00,70B,41,54,13.3,82.4,1001.0,22.937312000000002
2026-05-14 18:00:00,70B,41,60,13.700000000000001,82.7,1004.0,21.965392
2026-05-14 18:00:00,70B,41,66,14.0,83.0,1001.0,20.021552
2026-05-14 18:00:00,70B,41,78,15.4,83.10000000000001,1003.0,27.019376
2026-05-14 18:00:00,70B,42,6,11.8,81.8,1000.0,23.909232000000003
2026-05-14 18:00:00,70B,42,12,12.1,81.2,1003.0,22.937312000000002
2026-05-14 18:00:00,70B,42,18,10.9,80.2,999.0,25.075536
2026-05-14 18:00:00,70B,42,24,11.200000000000001,80.5,1002.0,23.909232000000003
2026-05-14 18:00:00,70B,42,30,11.8,80.2,1000.0,22.937312000000002
2026-05-14 18:00:00,70B,42,36,11.4,79.7,1004.0,23.909232000000003
2026-05-14 18:00:00,70B,42,42,12.1,79.8,1002.0,22.937312000000002
2026-05-14 18:00:00,70B,42,48,12.0,80.0,1006.0,22.937312000000002
2026-05-14 18:00:00,70B,43,0,15.9,92.7,1005.0,25.075536
2026-05-14 18:00:00,70B,43,6,16.7,91.8,1005.0,20.021552
2026-05-14 18:00:00,70B,43,18,19.2,94.7,1003.0,14.967568
2026-05-14 18:00:00,70B,44,6,12.200000000000001,82.3,1001.0,22.937312000000002
2026-05-14 18:00:00,70B,44,12,10.5,81.2,1003.0,27.019376
2026-05-14 18:00:00,70B,44,18,11.0,81.7,999.0,27.991296000000002
2026-05-14 18:00:00,70B,44,24,10.8,81.9,1002.0,26.047456
2026-05-14 18:00:00,70B,44,30,11.4,82.2,1001.0,27.019376
2026-05-14 18:00:00,70B,44,36,12.0,82.4,1003.0,26.047456
2026-05-14 18:00:00,70B,44,42,12.9,82.10000000000001,1000.0,20.993472
2026-05-14 18:00:00,70B,44,48,13.8,81.3,1004.0,18.077712000000002
2026-05-14 18:00:00,70B,44,54,14.700000000000001,80.7,1003.0,20.021552
2026-05-14 18:00:00,70B,44,66,15.0,78.9,1002.0,14.967568
2026-05-14 18:00:00,70B,44,72,16.0,80.2,1006.0,19.049632000000003
2026-05-14 18:00:00,70B,44,78,15.0,80.5,1004.0,19.049632000000003
2026-05-14 18:00:00,70B,44,84,15.1,78.5,1006.0,18.077712000000002
2026-05-14 18:00:00,70B,44,96,14.1,79.60000000000001,1006.0,20.993472
2026-05-14 18:00:00,70B,44,114,15.3,79.4,1002.0,19.049632000000003
2026-05-14 18:00:00,70B,44,126,16.0,80.5,1003.0,23.909232000000003
2026-05-14 18:00:00,70B,44,132,15.200000000000001,79.9,1005.0,18.077712000000002
2026-05-14 18:00:00,70B,45,12,13.200000000000001,79.8,1004.0,19.049632000000003
2026-05-14 18:00:00,70B,45,18,11.0,80.9,1001.0,23.909232000000003
2026-05-14 18:00:00,70B,45,24,11.3,81.0,1003.0,22.937312000000002
2026-05-14 18:00:00,70B,46,6,11.1,83.7,1000.0,23.909232000000003
2026-05-14 18:00:00,70B,46,12,12.1,83.60000000000001,1003.0,26.047456
2026-05-14 18:00:00,70B,46,18,12.1,82.8,1000.0,26.047456
2026-05-14 18:00:00,70B,46,24,12.0,83.0,1002.0,28.963216
2026-05-14 18:00:00,70B,46,30,12.200000000000001,83.2,1000.0,27.991296000000002
2026-05-14 18:00:00,70B,46,36,13.1,82.8,1002.0,26.047456
2026-05-14 18:00:00,70B,46,42,13.4,82.8,1000.0,21.965392
2026-05-14 18:00:00,70B,46,48,14.3,82.8,1003.0,20.993472
2026-05-14 18:00:00,70B,46,54,15.0,82.3,1002.0,21.965392
2026-05-14 18:00:00,70B,46,66,15.200000000000001,81.9,1002.0,20.993472
2026-05-14 18:00:00,70B,46,72,15.700000000000001,82.4,1005.0,20.021552
2026-05-14 18:00:00,70B,47,6,11.200000000000001,82.60000000000001,1002.0,27.019376
2026-05-14 18:00:00,70B,47,12,10.200000000000001,81.3,1004.0,27.991296000000002
2026-05-14 18:00:00,70B,48,12,11.700000000000001,80.0,1003.0,20.021552
2026-05-14 18:00:00,70B,48,18,11.4,80.0,1000.0,21.965392
2026-05-14 18:00:00,70B,48,24,11.4,79.9,1003.0,18.077712000000002
2026-05-14 18:00:00,70B,48,30,11.4,79.8,1002.0,18.077712000000002
2026-05-14 18:00:00,70B,48,36,11.4,79.2,1004.0,20.993472
2026-05-14 18:00:00,70B,50,0,16.2,91.3,1004.0,22.937312000000002
2026-05-14 18:00:00,70B,50,6,17.6,93.5,1004.0,16.911408
2026-05-14 18:00:00,70B,50,12,19.400000000000002,94.7,1005.0,16.911408
2026-05-14 18:00:00,70B,50,24,19.900000000000002,94.9,1004.0,13.023728
2026-05-14 18:00:00,70B,50,42,22.1,94.0,1000.0,15.939488000000003
2026-05-14 18:00:00,71B,1,0,14.8,92.7,1005.0,27.019376
2026-05-14 18:00:00,71B,1,6,16.4,95.60000000000001,1003.0,25.075536
2026-05-14 18:00:00,71B,1,12,17.3,96.10000000000001,1004.0,21.965392
2026-05-14 18:00:00,71B,1,18,18.1,96.8,1002.0,20.021552
2026-05-14 18:00:00,71B,1,24,17.8,99.4,1005.0,13.995648000000001
2026-05-14 18:00:00,71B,5,6,11.9,81.2,1000.0,23.909232000000003
2026-05-14 18:00:00,71B,5,12,10.0,81.8,1003.0,27.991296000000002
2026-05-14 18:00:00,71B,5,18,11.0,81.7,1000.0,30.907056
2026-05-14 18:00:00,71B,5,24,10.9,82.2,1002.0,26.047456
2026-05-14 18:00:00,71B,5,36,11.9,83.10000000000001,1003.0,22.937312000000002
2026-05-14 18:00:00,71B,5,42,12.6,83.60000000000001,1001.0,21.965392
2026-05-14 18:00:00,71B,7,48,13.8,81.2,1004.0,19.049632000000003
2026-05-14 18:00:00,71B,7,54,14.4,80.9,1003.0,20.021552
2026-05-14 18:00:00,71B,7,60,14.3,80.0,1005.0,18.077712000000002
2026-05-14 18:00:00,71B,7,66,14.5,78.7,1001.0,19.049632000000003
2026-05-14 18:00:00,71B,7,72,15.200000000000001,80.4,1005.0,22.937312000000002
2026-05-14 18:00:00,71B,7,78,14.8,80.2,1003.0,20.993472
2026-05-14 18:00:00,71B,7,90,15.5,80.4,1002.0,25.075536
2026-05-14 18:00:00,71B,7,102,15.700000000000001,80.4,1003.0,26.047456
2026-05-14 18:00:00,71B,10,96,15.0,85.7,1004.0,25.075536
2026-05-14 18:00:00,71B,10,102,15.0,87.7,1002.0,27.019376
2026-05-14 18:00:00,71B,10,108,14.8,88.2,1002.0,32.07336
2026-05-14 18:00:00,71B,10,114,14.3,89.5,1000.0,29.935136
2026-05-14 18:00:00,71B,10,120,14.3,90.7,1000.0,28.963216
2026-05-14 18:00:00,71B,10,126,13.6,91.0,999.0,34.0172
2026-05-14 18:00:00,71B,10,132,13.1,92.3,1000.0,30.907056
2026-05-14 18:00:00,71B,10,138,12.8,93.7,999.0,30.907056
2026-05-14 18:00:00,71B,10,144,13.200000000000001,95.4,1001.0,28.963216
2026-05-14 18:00:00,71B,11,30,2.3000000000000003,97.4,1006.0,14.967568
2026-05-14 18:00:00,71B,11,42,3.4,96.9,1006.0,13.023728
2026-05-14 18:00:00,71B,11,48,2.4,97.4,1007.0,20.021552
2026-05-14 18:00:00,71B,11,66,0.4,98.5,1007.0,32.07336
2026-05-14 18:00:00,71B,16,60,2.3000000000000003,97.3,1006.0,14.967568
2026-05-14 18:00:00,71B,16,72,2.3000000000000003,97.3,1008.0,13.995648000000001
2026-05-14 18:00:00,71B,16,96,2.2,97.0,1009.0,18.077712000000002
2026-05-14 18:00:00,71B,16,108,3.4,98.2,1007.0,20.021552
2026-05-14 18:00:00,71B,16,120,2.1,97.4,1008.0,20.021552
2026-05-14 18:00:00,71B,19,48,13.3,96.4,1002.0,32.07336
2026-05-14 18:00:00,71B,19,54,16.2,97.4,1002.0,32.07336
2026-05-14 18:00:00,71B,19,60,17.0,97.8,1000.0,27.991296000000002
2026-05-14 18:00:00,71B,19,72,17.0,97.5,1000.0,26.047456
2026-05-14 18:00:00,71B,19,78,16.7,97.60000000000001,999.0,27.991296000000002
2026-05-14 18:00:00,71B,19,90,16.7,97.8,998.0,28.963216
2026-05-14 18:00:00,71B,19,96,16.3,97.5,1001.0,25.075536
2026-05-14 18:00:00,71B,19,102,16.4,98.2,1001.0,26.047456
2026-05-14 18:00:00,71B,19,126,15.9,99.7,1002.0,20.993472
2026-05-14 18:00:00,71B,19,144,17.1,99.7,1002.0,18.077712000000002
2026-05-14 18:00:00,71B,21,6,12.1,83.10000000000001,1001.0,20.993472
2026-05-14 18:00:00,71B,21,12,11.4,80.2,1003.0,22.937312000000002
2026-05-14 18:00:00,71B,21,18,11.5,79.9,999.0,32.07336
2026-05-14 18:00:00,71B,21,24,10.5,79.8,1002.0,23.909232000000003
2026-05-14 18:00:00,71B,21,30,10.5,80.8,1000.0,27.991296000000002
2026-05-14 18:00:00,71B,21,36,11.6,81.2,1002.0,25.075536
2026-05-14 18:00:00,71B,21,42,12.1,80.60000000000001,1000.0,25.075536
2026-05-14 18:00:00,71B,21,48,12.4,80.7,1004.0,27.019376
2026-05-14 18:00:00,71B,21,54,13.200000000000001,80.7,1003.0,30.907056
2026-05-14 18:00:00,71B,21,60,13.6,80.60000000000001,1005.0,27.991296000000002
2026-05-14 18:00:00,71B,21,66,13.3,80.3,1002.0,26.047456
2026-05-14 18:00:00,71B,21,72,14.3,80.5,1005.0,21.965392
2026-05-14 18:00:00,71B,21,78,15.0,80.4,1003.0,21.965392
2026-05-14 18:00:00,71B,21,84,14.700000000000001,78.60000000000001,1006.0,20.993472
2026-05-14 18:00:00,71B,21,90,15.1,80.2,1003.0,20.021552
2026-05-14 18:00:00,71B,21,96,15.5,80.7,1005.0,21.965392
2026-05-14 18:00:00,71B,21,108,16.0,80.10000000000001,1005.0,22.937312000000002
2026-05-14 18:00:00,71B,21,126,16.3,80.2,1003.0,20.993472
2026-05-14 18:00:00,71B,22,0,16.4,92.4,1002.0,27.019376
2026-05-14 18:00:00,71B,22,6,17.3,93.3,1000.0,27.991296000000002
2026-05-14 18:00:00,71B,22,24,18.8,95.3,1003.0,16.911408
2026-05-14 18:00:00,71B,27,6,12.0,82.4,1000.0,20.993472
2026-05-14 18:00:00,71B,27,12,10.700000000000001,82.10000000000001,1003.0,32.07336
2026-05-14 18:00:00,71B,29,126,12.6,96.3,1004.0,27.019376
2026-05-14 18:00:00,71B,29,138,11.4,98.5,1003.0,23.909232000000003
2026-05-14 18:00:00,71B,32,12,11.200000000000001,92.5,1006.0,28.963216
2026-05-14 18:00:00,71B,32,30,14.0,96.8,1005.0,26.047456
2026-05-14 18:00:00,71B,36,84,12.700000000000001,90.9,1002.0,32.07336
2026-05-14 18:00:00,71B,36,96,12.9,95.3,999.0,39.071184
2026-05-14 18:00:00,71B,36,102,13.8,97.10000000000001,993.0,48.012848000000005
2026-05-14 18:00:00,71B,36,108,14.700000000000001,97.5,992.0,34.98912
2026-05-14 18:00:00,71B,36,114,15.5,97.8,990.0,35.96104
2026-05-14 18:00:00,71B,36,120,15.8,98.10000000000001,995.0,30.907056
2026-05-14 18:00:00,71B,36,126,16.6,98.0,995.0,27.019376
2026-05-14 18:00:00,71B,36,132,17.0,99.0,994.0,23.909232000000003
2026-05-14 18:00:00,71B,36,138,17.5,99.7,994.0,22.937312000000002
2026-05-14 18:00:00,71B,36,144,18.5,100.7,997.0,16.911408
2026-05-14 18:00:00,71B,38,132,13.700000000000001,88.10000000000001,1001.0,33.04528
2026-05-14 18:00:00,71B,38,138,13.3,89.0,999.0,32.07336
2026-05-14 18:00:00,71B,38,144,13.6,89.9,1000.0,33.04528
2026-05-14 18:00:00,71B,41,48,15.200000000000001,95.9,1005.0,27.991296000000002
2026-05-14 18:00:00,71B,41,66,15.4,99.9,1002.0,25.075536
2026-05-14 18:00:00,71B,41,72,15.1,99.9,1004.0,21.965392
2026-05-14 18:00:00,71B,41,78,15.4,100.4,1004.0,20.993472
2026-05-14 18:00:00,71B,41,96,15.1,99.9,1004.0,21.965392
2026-05-14 18:00:00,71B,41,102,16.2,97.4,1004.0,21.965392
2026-05-14 18:00:00,71B,41,120,15.1,99.9,1003.0,19.049632000000003
2026-05-14 18:00:00,71B,41,126,16.6,99.60000000000001,1003.0,18.077712000000002
2026-05-14 18:00:00,71B,41,138,17.1,96.3,1001.0,13.995648000000001
2026-05-14 18:00:00,71B,41,144,16.2,97.3,1002.0,15.939488000000003
2026-05-14 18:00:00,71B,45,72,12.8,83.3,1003.0,25.075536
2026-05-14 18:00:00,71B,45,78,13.1,83.5,998.0,39.071184
2026-05-14 18:00:00,71B,45,96,15.0,87.0,1003.0,29.935136
2026-05-14 18:00:00,71B,45,102,14.9,88.60000000000001,999.0,39.071184
2026-05-14 18:00:00,71B,45,108,15.3,89.0,999.0,36.93296
2026-05-14 18:00:00,71B,45,114,14.9,90.2,997.0,41.986944
2026-05-14 18:00:00,71B,45,120,13.9,89.8,997.0,45.09708800000001
2026-05-14 18:00:00,71B,45,126,14.3,91.2,995.0,42.958864000000005
2026-05-14 18:00:00,71B,47,114,15.200000000000001,95.9,1000.0,29.935136
2026-05-14 18:00:00,71B,47,120,14.4,96.8,1001.0,29.935136
2026-05-14 18:00:00,71B,47,126,13.8,96.9,999.0,32.07336
2026-05-14 18:00:00,71B,47,132,13.8,96.7,997.0,33.04528
2026-05-14 18:00:00,71B,47,138,14.200000000000001,97.2,995.0,40.043104
2026-05-14 18:00:00,71B,47,144,14.5,97.5,992.0,42.958864000000005
2026-05-14 18:00:00,72B,7,90,18.1,95.4,1002.0,20.021552
2026-05-14 18:00:00,72B,7,102,14.700000000000001,96.10000000000001,1004.0,22.937312000000002
2026-05-14 18:00:00,72B,7,126,14.200000000000001,96.60000000000001,1002.0,27.019376
2026-05-14 18:00:00,72B,7,132,15.4,95.9,1001.0,29.935136
2026-05-14 18:00:00,72B,7,138,15.3,95.60000000000001,1000.0,26.047456
2026-05-14 18:00:00,72B,7,144,14.200000000000001,96.5,1001.0,28.963216
2026-05-14 18:00:00,72B,11,48,16.3,97.3,1005.0,18.077712000000002
2026-05-14 18:00:00,72B,11,54,16.2,97.3,1005.0,19.049632000000003
2026-05-14 18:00:00,72B,11,72,15.3,99.60000000000001,1004.0,21.965392
2026-05-14 18:00:00,72B,11,78,14.5,99.7,1004.0,28.963216
2026-05-14 18:00:00,72B,27,72,16.7,90.2,1004.0,23.909232000000003
2026-05-14 18:00:00,72B,27,78,16.6,91.7,1003.0,30.907056
2026-05-14 18:00:00,72B,27,90,16.0,94.8,1001.0,23.909232000000003
2026-05-14 18:00:00,72B,27,96,15.9,96.10000000000001,1002.0,27.991296000000002
2026-05-14 18:00:00,72B,27,102,15.5,97.2,1001.0,27.019376
2026-05-14 18:00:00,72B,27,108,17.3,97.7,999.0,26.047456
2026-05-14 18:00:00,72B,27,114,16.0,97.0,999.0,26.047456
2026-05-14 18:00:00,72B,27,120,15.8,97.10000000000001,999.0,25.075536
2026-05-14 18:00:00,72B,27,126,15.0,97.60000000000001,999.0,28.963216
2026-05-14 18:00:00,72B,27,132,17.5,97.4,998.0,27.991296000000002
2026-05-14 18:00:00,72B,27,138,17.1,97.8,998.0,25.075536
2026-05-14 18:00:00,72B,27,144,16.2,96.60000000000001,998.0,26.047456
2026-05-14 18:00:00,72B,45,132,15.1,96.4,997.0,42.958864000000005
2026-05-14 18:00:00,72B,45,138,16.0,96.8,992.0,37.90488
2026-05-14 18:00:00,72B,45,144,16.4,97.0,993.0,34.98912
2026-05-14 18:00:00,72B,48,102,16.2,96.4,1005.0,41.015024000000004
2026-05-14 18:00:00,72B,48,114,15.9,96.3,1002.0,32.07336
2026-05-14 18:00:00,72B,48,126,15.9,97.0,1003.0,30.907056
2026-05-14 18:00:00,72B,48,132,17.2,96.8,1002.0,26.047456
2026-05-14 18:00:00,72B,48,138,16.2,97.3,1001.0,27.991296000000002
2026-05-14 18:00:00,72B,48,144,16.3,98.7,1002.0,28.963216
2026-05-14 18:00:00,72B,50,96,15.6,96.8,1005.0,20.993472
2026-05-14 18:00:00,72B,50,102,15.5,96.8,1004.0,20.021552
2026-05-14 18:00:00,72B,50,108,16.1,97.9,1003.0,19.049632000000003
2026-05-14 18:00:00,72B,50,114,14.700000000000001,97.10000000000001,1002.0,20.021552
2026-05-14 18:00:00,72B,50,120,14.8,96.8,1003.0,19.049632000000003
2026-05-14 18:00:00,72B,50,132,15.700000000000001,95.5,1002.0,21.965392
2026-05-14 18:00:00,72B,50,138,15.5,94.7,1000.0,22.937312000000002
2026-05-14 18:00:00,72B,50,144,15.200000000000001,94.4,1002.0,23.909232000000003
2026-05-14 18:00:00,73B,11,102,14.8,95.9,1002.0,27.019376
2026-05-14 18:00:00,73B,11,108,14.8,96.3,999.0,27.991296000000002
2026-05-14 18:00:00,73B,11,114,14.700000000000001,96.60000000000001,993.0,35.96104
2026-05-14 18:00:00,73B,11,120,15.3,96.0,990.0,35.96104
2026-05-14 18:00:00,73B,11,126,15.6,95.2,987.0,37.90488
2026-05-14 18:00:00,73B,11,132,15.6,94.5,985.0,41.986944
2026-05-14 18:00:00,73B,11,138,15.8,94.5,985.0,46.069008000000004
2026-05-14 18:00:00,73B,11,144,16.4,94.10000000000001,988.0,42.958864000000005
2026-05-14 18:00:00,73B,32,126,12.5,97.7,1001.0,27.019376
2026-05-14 18:00:00,73B,32,132,12.9,98.5,999.0,32.07336
2026-05-14 18:00:00,73B,32,138,14.4,97.8,996.0,29.935136
2026-05-14 18:00:00,73B,32,144,14.6,97.0,992.0,37.90488
2026-05-14 18:00:00,70S,1,0,-14.5,81.60000000000001,1002.0,34.98912
2026-05-14 18:00:00,70S,1,6,-15.700000000000001,80.2,1001.0,33.04528
2026-05-14 18:00:00,70S,1,12,-15.5,79.5,1003.0,35.96104
2026-05-14 18:00:00,70S,1,18,-15.4,78.60000000000001,1002.0,34.98912
2026-05-14 18:00:00,70S,1,24,-15.5,77.9,1005.0,34.0172
2026-05-14 18:00:00,70S,1,30,-15.700000000000001,77.2,1004.0,32.07336
2026-05-14 18:00:00,70S,1,42,-16.4,76.0,1005.0,37.90488
2026-05-14 18:00:00,70S,1,48,-17.1,74.8,1007.0,33.04528
2026-05-14 18:00:00,70S,1,54,-17.400000000000002,73.4,1006.0,27.991296000000002
2026-05-14 18:00:00,70S,2,120,-13.5,60.9,1009.0,20.021552
2026-05-14 18:00:00,70S,2,126,-12.5,59.2,1007.0,21.965392
2026-05-14 18:00:00,70S,3,0,-14.5,81.9,1002.0,35.96104
2026-05-14 18:00:00,70S,3,6,-14.5,81.2,1001.0,32.07336
2026-05-14 18:00:00,70S,3,12,-15.0,80.60000000000001,1003.0,32.07336
2026-05-14 18:00:00,70S,3,18,-15.3,79.8,1003.0,32.07336
2026-05-14 18:00:00,70S,3,24,-15.5,78.9,1005.0,32.07336
2026-05-14 18:00:00,70S,3,30,-15.700000000000001,78.0,1004.0,32.07336
2026-05-14 18:00:00,70S,3,36,-16.2,76.9,1007.0,30.907056
2026-05-14 18:00:00,70S,4,0,-14.8,81.8,999.0,37.90488
2026-05-14 18:00:00,70S,4,6,-15.200000000000001,80.60000000000001,999.0,32.07336
2026-05-14 18:00:00,70S,4,12,-15.3,80.0,1002.0,35.96104
2026-05-14 18:00:00,70S,4,18,-15.8,79.3,1001.0,37.90488
2026-05-14 18:00:00,70S,4,24,-16.6,78.5,1003.0,39.071184
2026-05-14 18:00:00,70S,4,30,-18.8,77.9,999.0,55.982592000000004
2026-05-14 18:00:00,70S,4,36,-17.8,76.2,1004.0,41.986944
2026-05-14 18:00:00,70S,5,108,-14.3,63.7,1011.0,21.965392
2026-05-14 18:00:00,70S,5,126,-15.6,61.4,1007.0,26.047456
2026-05-14 18:00:00,70S,6,0,-14.6,82.0,1003.0,42.958864000000005
2026-05-14 18:00:00,70S,6,6,-15.6,80.7,1001.0,28.963216
2026-05-14 18:00:00,70S,6,12,-15.6,79.7,1003.0,32.07336
2026-05-14 18:00:00,70S,6,18,-15.5,79.10000000000001,1002.0,30.907056
2026-05-14 18:00:00,70S,6,30,-16.1,77.7,1003.0,33.04528
2026-05-14 18:00:00,70S,6,36,-16.7,76.9,1006.0,34.98912
2026-05-14 18:00:00,70S,9,0,-15.1,82.60000000000001,1003.0,41.986944
2026-05-14 18:00:00,70S,9,12,-15.8,80.2,1003.0,37.90488
2026-05-14 18:00:00,70S,9,18,-15.9,79.0,1003.0,34.0172
2026-05-14 18:00:00,70S,9,24,-15.700000000000001,77.9,1005.0,33.04528
2026-05-14 18:00:00,70S,9,30,-15.6,77.2,1004.0,30.907056
2026-05-14 18:00:00,70S,10,0,-14.3,81.7,1004.0,30.907056
2026-05-14 18:00:00,70S,10,6,-14.5,80.4,1003.0,29.935136
2026-05-14 18:00:00,70S,10,12,-14.5,79.7,1005.0,27.991296000000002
2026-05-14 18:00:00,70S,10,18,-13.700000000000001,78.60000000000001,1003.0,28.963216
2026-05-14 18:00:00,70S,10,24,-14.1,78.0,1006.0,27.019376
2026-05-14 18:00:00,70S,10,30,-14.200000000000001,78.10000000000001,1004.0,27.019376
2026-05-14 18:00:00,70S,11,0,-14.200000000000001,82.0,1004.0,27.019376
2026-05-14 18:00:00,70S,11,6,-14.700000000000001,81.5,1003.0,28.963216
2026-05-14 18:00:00,70S,11,18,-15.3,80.0,1004.0,34.98912
2026-05-14 18:00:00,70S,11,24,-15.5,78.9,1006.0,33.04528
2026-05-14 18:00:00,70S,11,30,-15.700000000000001,77.7,1005.0,35.96104
2026-05-14 18:00:00,70S,11,36,-16.2,76.5,1007.0,33.04528
2026-05-14 18:00:00,70S,11,48,-16.6,74.0,1008.0,30.907056
2026-05-14 18:00:00,70S,11,66,-17.8,70.8,1006.0,28.963216
2026-05-14 18:00:00,70S,11,72,-18.1,70.10000000000001,1008.0,26.047456
2026-05-14 18:00:00,70S,11,78,-18.3,69.3,1008.0,22.937312000000002
2026-05-14 18:00:00,70S,11,84,-18.400000000000002,68.4,1010.0,23.909232000000003
2026-05-14 18:00:00,70S,11,90,-18.2,67.4,1008.0,25.075536
2026-05-14 18:00:00,70S,12,6,-15.0,81.2,1001.0,30.907056
2026-05-14 18:00:00,70S,12,12,-14.5,80.2,1002.0,33.04528
2026-05-14 18:00:00,70S,12,18,-14.4,79.8,1001.0,34.98912
2026-05-14 18:00:00,70S,12,24,-14.5,79.0,1004.0,34.0172
2026-05-14 18:00:00,70S,12,30,-15.0,78.2,1002.0,35.96104
2026-05-14 18:00:00,70S,12,36,-15.1,77.4,1004.0,34.0172
2026-05-14 18:00:00,70S,12,42,-15.6,76.5,1002.0,37.90488
2026-05-14 18:00:00,70S,12,48,-15.8,75.3,1005.0,33.04528
2026-05-14 18:00:00,70S,12,54,-15.700000000000001,74.3,1004.0,28.963216
2026-05-14 18:00:00,70S,12,66,-16.9,72.7,1004.0,25.075536
2026-05-14 18:00:00,70S,12,72,-16.8,70.60000000000001,1006.0,23.909232000000003
2026-05-14 18:00:00,70S,12,78,-17.2,70.60000000000001,1005.0,21.965392
2026-05-14 18:00:00,70S,12,84,-17.7,69.8,1007.0,27.991296000000002
2026-05-14 18:00:00,70S,12,96,-17.400000000000002,67.9,1009.0,25.075536
2026-05-14 18:00:00,70S,12,102,-17.6,66.9,1008.0,23.909232000000003
2026-05-14 18:00:00,70S,13,90,-4.3,86.4,1007.0,23.909232000000003
2026-05-14 18:00:00,70S,13,96,-4.8,84.3,1008.0,33.04528
2026-05-14 18:00:00,70S,13,102,-4.4,83.7,1006.0,25.075536
2026-05-14 18:00:00,70S,13,108,-5.3,83.5,1009.0,20.993472
2026-05-14 18:00:00,70S,13,114,-4.8,81.7,1007.0,20.021552
2026-05-14 18:00:00,70S,13,126,-4.7,82.10000000000001,1007.0,20.021552
2026-05-14 18:00:00,70S,13,138,-3.1,80.5,1006.0,18.077712000000002
2026-05-14 18:00:00,70S,15,0,-14.9,81.5,1000.0,46.069008000000004
2026-05-14 18:00:00,70S,15,6,-14.9,80.7,999.0,32.07336
2026-05-14 18:00:00,70S,15,12,-14.9,80.10000000000001,1002.0,29.935136
2026-05-14 18:00:00,70S,15,18,-14.9,79.4,1001.0,29.935136
2026-05-14 18:00:00,70S,15,24,-15.200000000000001,78.60000000000001,1004.0,29.935136
2026-05-14 18:00:00,70S,15,30,-15.5,77.5,1003.0,32.07336
2026-05-14 18:00:00,70S,15,36,-16.0,76.60000000000001,1006.0,32.07336
2026-05-14 18:00:00,70S,17,0,-14.3,81.7,1003.0,40.043104
2026-05-14 18:00:00,70S,17,6,-14.9,80.5,1002.0,35.96104
2026-05-14 18:00:00,70S,17,12,-15.6,79.8,1004.0,35.96104
2026-05-14 18:00:00,70S,17,18,-15.200000000000001,78.10000000000001,1003.0,32.07336
2026-05-14 18:00:00,70S,17,24,-15.0,77.9,1005.0,39.071184
2026-05-14 18:00:00,70S,17,30,-15.4,77.60000000000001,1005.0,35.96104
2026-05-14 18:00:00,70S,17,36,-16.3,77.3,1007.0,34.0172
2026-05-14 18:00:00,70S,18,102,-6.2,86.4,1009.0,15.939488000000003
2026-05-14 18:00:00,70S,18,114,-3.6,84.8,1007.0,19.049632000000003
2026-05-14 18:00:00,70S,18,120,-1.9000000000000001,85.7,1008.0,18.077712000000002
2026-05-14 18:00:00,70S,18,132,-3.8000000000000003,86.0,1008.0,20.993472
2026-05-14 18:00:00,70S,18,138,-4.6000000000000005,86.60000000000001,1007.0,19.049632000000003
2026-05-14 18:00:00,70S,19,0,-14.1,81.7,1004.0,27.991296000000002
2026-05-14 18:00:00,70S,19,6,-14.5,80.7,1003.0,32.07336
2026-05-14 18:00:00,70S,19,12,-14.3,79.8,1005.0,30.907056
2026-05-14 18:00:00,70S,19,18,-14.6,79.10000000000001,1003.0,30.907056
2026-05-14 18:00:00,70S,19,24,-14.6,78.10000000000001,1005.0,32.07336
2026-05-14 18:00:00,70S,19,30,-14.6,77.0,1004.0,32.07336
2026-05-14 18:00:00,70S,19,48,-15.4,75.10000000000001,1007.0,34.0172
2026-05-14 18:00:00,70S,24,0,-14.4,81.8,1004.0,28.963216
2026-05-14 18:00:00,70S,24,6,-14.9,81.2,1003.0,33.04528
2026-05-14 18:00:00,70S,24,12,-15.200000000000001,80.2,1005.0,36.93296
2026-05-14 18:00:00,70S,24,18,-14.700000000000001,79.4,1004.0,36.93296
2026-05-14 18:00:00,70S,24,24,-15.6,78.8,1005.0,34.98912
2026-05-14 18:00:00,70S,24,30,-16.0,77.9,1004.0,30.907056
2026-05-14 18:00:00,70S,24,36,-17.7,77.8,1006.0,33.04528
2026-05-14 18:00:00,70S,24,42,-17.6,76.60000000000001,1004.0,34.0172
2026-05-14 18:00:00,70S,28,102,-2.3000000000000003,84.7,1008.0,15.939488000000003
2026-05-14 18:00:00,70S,28,114,-3.2,84.5,1007.0,19.049632000000003
2026-05-14 18:00:00,70S,32,0,-14.3,81.7,1003.0,41.015024000000004
2026-05-14 18:00:00,70S,32,6,-14.5,80.4,1001.0,33.04528
2026-05-14 18:00:00,70S,32,18,-15.0,80.0,1002.0,39.071184
2026-05-14 18:00:00,70S,32,24,-15.5,78.7,1004.0,45.09708800000001
2026-05-14 18:00:00,70S,32,30,-16.2,77.60000000000001,1003.0,37.90488
2026-05-14 18:00:00,70S,32,42,-17.0,75.0,1003.0,34.98912
2026-05-14 18:00:00,70S,32,48,-17.5,75.2,1005.0,41.986944
2026-05-14 18:00:00,70S,32,60,-19.3,73.0,1006.0,30.907056
2026-05-14 18:00:00,70S,32,66,-19.900000000000002,71.60000000000001,1005.0,27.991296000000002
2026-05-14 18:00:00,70S,32,72,-19.900000000000002,70.60000000000001,1007.0,25.075536
2026-05-14 18:00:00,70S,37,42,-16.0,75.3,1003.0,35.96104
2026-05-14 18:00:00,70S,37,48,-16.6,74.3,1005.0,33.04528
2026-05-14 18:00:00,70S,37,54,-16.8,73.4,1004.0,30.907056
2026-05-14 18:00:00,70S,37,60,-16.9,72.5,1006.0,26.047456
2026-05-14 18:00:00,70S,37,66,-18.0,71.4,1005.0,25.075536
2026-05-14 18:00:00,70S,37,72,-18.1,70.3,1006.0,25.075536
2026-05-14 18:00:00,70S,37,78,-18.400000000000002,69.4,1004.0,25.075536
2026-05-14 18:00:00,70S,37,84,-18.5,68.3,1007.0,23.909232000000003
2026-05-14 18:00:00,70S,39,0,-14.6,81.9,1001.0,36.93296
2026-05-14 18:00:00,70S,39,6,-15.0,80.7,1000.0,40.043104
2026-05-14 18:00:00,70S,39,12,-15.5,80.10000000000001,1002.0,41.015024000000004
2026-05-14 18:00:00,70S,39,18,-15.3,79.60000000000001,1000.0,33.04528
2026-05-14 18:00:00,70S,39,24,-15.3,78.8,1003.0,32.07336
2026-05-14 18:00:00,70S,39,30,-15.5,78.0,1003.0,34.0172
2026-05-14 18:00:00,70S,39,36,-15.700000000000001,77.3,1006.0,32.07336
2026-05-14 18:00:00,70S,39,42,-16.2,76.5,1005.0,32.07336
2026-05-14 18:00:00,70S,39,60,-18.3,73.7,1009.0,28.963216
2026-05-14 18:00:00,70S,39,66,-18.1,70.9,1006.0,23.909232000000003
2026-05-14 18:00:00,70S,39,72,-18.3,70.10000000000001,1009.0,22.937312000000002
2026-05-14 18:00:00,70S,39,78,-18.5,69.10000000000001,1008.0,21.965392
2026-05-14 18:00:00,70S,40,84,-13.3,63.800000000000004,1012.0,15.939488000000003
2026-05-14 18:00:00,70S,40,96,-12.1,62.4,1011.0,15.939488000000003
2026-05-14 18:00:00,70S,40,102,-13.4,62.5,1010.0,18.077712000000002
2026-05-14 18:00:00,70S,40,108,-13.8,62.4,1012.0,20.993472
2026-05-14 18:00:00,70S,40,120,-12.8,61.800000000000004,1011.0,15.939488000000003
2026-05-14 18:00:00,70S,41,60,-15.700000000000001,69.4,1009.0,20.993472
2026-05-14 18:00:00,70S,41,72,-17.8,67.6,1009.0,23.909232000000003
2026-05-14 18:00:00,70S,42,6,-14.3,81.10000000000001,1002.0,32.07336
2026-05-14 18:00:00,70S,42,12,-15.0,80.3,1004.0,32.07336
2026-05-14 18:00:00,70S,42,18,-15.200000000000001,79.9,1003.0,34.98912
2026-05-14 18:00:00,70S,43,0,-14.8,81.7,1002.0,34.98912
2026-05-14 18:00:00,70S,43,6,-14.700000000000001,80.8,1000.0,35.96104
2026-05-14 18:00:00,70S,43,12,-14.8,79.9,1003.0,33.04528
2026-05-14 18:00:00,70S,43,18,-14.700000000000001,79.4,1002.0,33.04528
2026-05-14 18:00:00,70S,43,24,-15.3,78.9,1004.0,33.04528
2026-05-14 18:00:00,70S,43,30,-15.6,78.2,1003.0,33.04528
2026-05-14 18:00:00,70S,43,48,-18.3,75.5,1005.0,34.98912
2026-05-14 18:00:00,70S,44,0,-14.700000000000001,81.2,1002.0,36.93296
2026-05-14 18:00:00,70S,44,6,-15.700000000000001,80.2,1000.0,34.98912
2026-05-14 18:00:00,70S,44,12,-15.9,79.7,1003.0,45.09708800000001
2026-05-14 18:00:00,70S,44,18,-16.6,78.5,1001.0,35.96104
2026-05-14 18:00:00,70S,44,24,-15.8,77.2,1004.0,36.93296
2026-05-14 18:00:00,70S,44,30,-16.0,76.10000000000001,1003.0,34.98912
2026-05-14 18:00:00,70S,44,48,-17.2,73.8,1006.0,28.963216
2026-05-14 18:00:00,70S,44,54,-17.8,72.4,1005.0,27.991296000000002
2026-05-14 18:00:00,70S,44,60,-18.2,71.0,1007.0,25.075536
2026-05-14 18:00:00,70S,44,66,-19.0,69.7,1006.0,20.993472
2026-05-14 18:00:00,70S,45,0,-14.3,82.5,1003.0,40.043104
2026-05-14 18:00:00,70S,45,6,-14.6,80.5,1002.0,33.04528
2026-05-14 18:00:00,70S,45,12,-14.3,79.9,1004.0,32.07336
2026-05-14 18:00:00,70S,45,18,-14.3,79.60000000000001,1002.0,33.04528
2026-05-14 18:00:00,70S,45,30,-14.4,78.60000000000001,1004.0,33.04528
2026-05-14 18:00:00,70S,45,42,-15.6,77.4,1005.0,34.0172
2026-05-14 18:00:00,70S,47,0,-15.4,81.4,1001.0,40.043104
2026-05-14 18:00:00,70S,47,6,-15.5,80.5,998.0,40.043104
2026-05-14 18:00:00,70S,47,12,-15.5,79.7,1001.0,36.93296
2026-05-14 18:00:00,70S,47,30,-16.0,77.60000000000001,1003.0,32.07336
2026-05-14 18:00:00,70S,47,36,-16.6,76.7,1006.0,34.0172
2026-05-14 18:00:00,70S,49,0,-14.3,81.60000000000001,1003.0,35.96104
2026-05-14 18:00:00,70S,49,6,-15.0,80.5,1002.0,34.98912
2026-05-14 18:00:00,70S,49,12,-14.8,79.4,1003.0,34.0172
2026-05-14 18:00:00,70S,49,18,-14.4,78.9,1002.0,33.04528
2026-05-14 18:00:00,70S,49,24,-14.700000000000001,78.60000000000001,1005.0,30.907056
2026-05-14 18:00:00,70S,49,36,-16.0,77.4,1006.0,32.07336
2026-05-14 18:00:00,70S,49,48,-17.3,74.7,1006.0,32.07336
2026-05-14 18:00:00,70S,49,54,-19.0,73.60000000000001,1003.0,34.0172
2026-05-14 18:00:00,70S,49,66,-19.7,71.2,1003.0,30.907056
2026-05-14 18:00:00,70S,49,72,-19.900000000000002,70.2,1006.0,27.019376
2026-05-14 18:00:00,71S,44,126,-12.0,59.2,1008.0,20.021552
2026-05-14 18:00:00,71S,44,144,-9.1,57.0,1010.0,18.077712000000002
2026-05-14 18:00:00,70U,2,66,-4.4,148.9,1006.0,27.019376
2026-05-14 18:00:00,70U,2,72,-3.7,146.0,1004.0,26.047456
2026-05-14 18:00:00,70U,3,6,-4.4,119.2,1008.0,20.021552
2026-05-14 18:00:00,70U,3,24,-5.5,116.0,1007.0,14.967568
2026-05-14 18:00:00,70U,3,30,-4.6000000000000005,116.0,1009.0,13.995648000000001
2026-05-14 18:00:00,70U,3,48,-4.4,114.9,1008.0,14.967568
2026-05-14 18:00:00,70U,3,72,-2.3000000000000003,114.9,1009.0,13.995648000000001
2026-05-14 18:00:00,70U,5,0,-2.2,133.2,1007.0,18.077712000000002
2026-05-14 18:00:00,70U,5,12,-2.3000000000000003,132.8,1005.0,20.021552
2026-05-14 18:00:00,70U,5,24,-3.9,132.6,1006.0,18.077712000000002
2026-05-14 18:00:00,70U,5,36,-2.8000000000000003,133.1,1003.0,14.967568
2026-05-14 18:00:00,70U,5,42,-4.8,133.9,1008.0,20.021552
2026-05-14 18:00:00,70U,7,0,-8.1,120.3,1007.0,20.021552
2026-05-14 18:00:00,70U,7,6,-8.3,121.0,1009.0,18.077712000000002
2026-05-14 18:00:00,70U,7,12,-5.7,120.7,1006.0,14.967568
2026-05-14 18:00:00,70U,7,18,-5.8,120.60000000000001,1007.0,20.993472
2026-05-14 18:00:00,70U,7,30,-7.5,118.5,1008.0,15.939488000000003
2026-05-14 18:00:00,70U,7,42,-7.8,116.2,1007.0,16.911408
2026-05-14 18:00:00,70U,11,0,-0.8,156.5,1007.0,19.049632000000003
2026-05-14 18:00:00,70U,11,6,-0.5,153.9,1009.0,19.049632000000003
2026-05-14 18:00:00,70U,12,48,-5.4,138.1,1006.0,21.965392
2026-05-14 18:00:00,70U,12,54,-6.9,137.1,1009.0,20.993472
2026-05-14 18:00:00,70U,13,6,-6.7,122.7,1008.0,20.021552
2026-05-14 18:00:00,70U,13,24,-5.2,117.4,1007.0,12.051808000000001
2026-05-14 18:00:00,70U,13,30,-5.5,114.60000000000001,1009.0,13.023728
2026-05-14 18:00:00,70U,13,42,-6.7,114.8,1009.0,12.051808000000001
2026-05-14 18:00:00,70U,13,48,-6.0,116.5,1008.0,12.051808000000001
2026-05-14 18:00:00,70U,16,120,-4.4,115.8,1008.0,13.023728
2026-05-14 18:00:00,70U,16,138,-5.0,119.4,1008.0,19.049632000000003
2026-05-14 18:00:00,70U,19,0,-3.6,113.4,1006.0,19.049632000000003
2026-05-14 18:00:00,70U,19,12,-1.5,111.3,1005.0,20.993472
2026-05-14 18:00:00,70U,19,30,-1.0,109.10000000000001,1010.0,20.993472
2026-05-14 18:00:00,70U,19,42,-3.0,106.2,1008.0,16.911408
2026-05-14 18:00:00,70U,20,0,-7.0,117.7,1007.0,18.077712000000002
2026-05-14 18:00:00,70U,20,24,-4.1,116.2,1007.0,20.993472
2026-05-14 18:00:00,70U,20,42,-5.3,115.4,1007.0,16.911408
2026-05-14 18:00:00,70U,20,48,-4.4,115.8,1006.0,16.911408
2026-05-14 18:00:00,70U,20,66,-4.1,113.7,1007.0,12.051808000000001
2026-05-14 18:00:00,70U,20,84,-2.0,112.7,1005.0,15.939488000000003
2026-05-14 18:00:00,70U,20,96,-3.6,112.9,1007.0,9.913584000000002
2026-05-14 18:00:00,70U,20,108,-2.2,114.9,1004.0,9.913584000000002
2026-05-14 18:00:00,70U,21,48,-0.3,143.9,1005.0,16.911408
2026-05-14 18:00:00,70U,21,66,-2.3000000000000003,142.8,1007.0,19.049632000000003
2026-05-14 18:00:00,70U,21,84,-3.2,139.0,1003.0,11.079888
2026-05-14 18:00:00,70U,22,6,-8.2,120.0,1008.0,20.021552
2026-05-14 18:00:00,70U,22,24,-6.2,117.5,1007.0,15.939488000000003
2026-05-14 18:00:00,70U,22,42,-7.2,116.2,1008.0,14.967568
2026-05-14 18:00:00,70U,23,12,-0.5,93.10000000000001,1007.0,15.939488000000003
2026-05-14 18:00:00,70U,23,18,-1.3,92.3,1006.0,13.995648000000001
2026-05-14 18:00:00,70U,23,30,-0.8,93.60000000000001,1007.0,19.049632000000003
2026-05-14 18:00:00,70U,23,48,-0.8,92.9,1008.0,18.077712000000002
2026-05-14 18:00:00,70U,23,60,-0.6,92.7,1007.0,18.077712000000002
2026-05-14 18:00:00,70U,23,66,0.0,91.60000000000001,1006.0,19.049632000000003
2026-05-14 18:00:00,70U,23,78,-1.1,87.7,1006.0,19.049632000000003
2026-05-14 18:00:00,70U,26,60,-1.3,91.9,1008.0,20.021552
2026-05-14 18:00:00,70U,26,78,-1.1,90.2,1008.0,19.049632000000003
2026-05-14 18:00:00,70U,26,90,-3.6,90.2,1007.0,20.993472
2026-05-14 18:00:00,70U,29,18,-0.5,96.10000000000001,1006.0,23.909232000000003
2026-05-14 18:00:00,70U,29,24,-1.0,98.10000000000001,1007.0,19.049632000000003
2026-05-14 18:00:00,70U,29,30,-1.9000000000000001,97.10000000000001,1007.0,16.911408
2026-05-14 18:00:00,70U,29,36,-1.2,95.9,1007.0,16.911408
2026-05-14 18:00:00,70U,29,48,-1.9000000000000001,94.10000000000001,1008.0,15.939488000000003
2026-05-14 18:00:00,70U,29,54,-0.1,93.5,1006.0,19.049632000000003
2026-05-14 18:00:00,70U,36,18,-6.4,105.0,1007.0,19.049632000000003
2026-05-14 18:00:00,70U,36,30,-6.7,104.60000000000001,1009.0,19.049632000000003
2026-05-14 18:00:00,70U,36,36,-7.2,103.9,1008.0,16.911408
2026-05-14 18:00:00,70U,36,54,-5.4,103.0,1007.0,20.021552
2026-05-14 18:00:00,70U,36,60,-5.5,104.10000000000001,1006.0,16.911408
2026-05-14 18:00:00,70U,36,72,-5.1000000000000005,103.10000000000001,1008.0,13.995648000000001
2026-05-14 18:00:00,70U,36,78,-4.4,102.4,1008.0,13.995648000000001
2026-05-14 18:00:00,70U,37,48,-4.8,99.0,1008.0,16.911408
2026-05-14 18:00:00,70U,37,54,-5.5,96.9,1008.0,20.021552
2026-05-14 18:00:00,70U,40,30,-5.5,95.2,1006.0,21.965392
2026-05-14 18:00:00,70U,40,48,-4.6000000000000005,92.9,1008.0,18.077712000000002
2026-05-14 18:00:00,70U,40,54,-4.0,94.9,1007.0,20.993472
2026-05-14 18:00:00,70U,40,60,-7.1000000000000005,96.0,1007.0,27.991296000000002
2026-05-14 18:00:00,70U,42,24,-17.2,91.10000000000001,1009.0,35.96104
2026-05-14 18:00:00,70U,42,30,-16.6,92.10000000000001,1008.0,35.96104
2026-05-14 18:00:00,70U,43,78,-1.7,92.7,1007.0,19.049632000000003
2026-05-14 18:00:00,70U,43,84,-3.7,90.8,1007.0,19.049632000000003
2026-05-14 18:00:00,70U,44,12,-1.5,112.4,1005.0,19.049632000000003
2026-05-14 18:00:00,70U,44,18,-3.4,110.4,1007.0,18.077712000000002
2026-05-14 18:00:00,70U,44,36,-3.3000000000000003,110.5,1007.0,20.021552
2026-05-14 18:00:00,70U,49,54,-0.1,94.0,1006.0,20.021552
2026-05-14 18:00:00,70U,49,66,-1.3,92.8,1006.0,16.911408
2026-05-14 18:00:00,70U,51,0,-1.0,96.8,1008.0,20.021552
2026-05-14 18:00:00,70U,51,24,-2.7,94.5,1008.0,13.023728
2026-05-14 18:00:00,70U,51,30,-2.1,95.3,1007.0,14.967568
2026-05-14 18:00:00,71U,5,66,-0.1,94.7,1007.0,13.995648000000001
2026-05-14 18:00:00,71U,5,84,-0.6,92.5,1007.0,20.993472
2026-05-14 18:00:00,71U,5,90,-1.0,90.7,1006.0,20.993472
2026-05-14 18:00:00,71U,5,96,-0.3,89.5,1008.0,21.965392
2026-05-14 18:00:00,71U,5,120,-0.2,89.3,1008.0,18.077712000000002
2026-05-14 18:00:00,71U,12,78,-9.9,147.3,1009.0,21.965392
2026-05-14 18:00:00,71U,12,90,-8.4,146.0,1008.0,21.965392
2026-05-14 18:00:00,71U,12,96,-9.9,147.20000000000002,1006.0,23.909232000000003
2026-05-14 18:00:00,71U,12,108,-8.2,145.70000000000002,1006.0,22.937312000000002
2026-05-14 18:00:00,71U,12,114,-8.2,145.70000000000002,1009.0,21.965392
2026-05-14 18:00:00,71U,12,120,-7.8,144.5,1007.0,25.075536
2026-05-14 18:00:00,71U,12,126,-8.4,143.4,1009.0,28.963216
2026-05-14 18:00:00,71U,12,132,-6.5,141.4,1006.0,20.993472
2026-05-14 18:00:00,71U,12,138,-6.8,141.3,1009.0,22.937312000000002
2026-05-14 18:00:00,71U,13,18,-1.1,97.0,1007.0,16.911408
2026-05-14 18:00:00,71U,13,24,-1.9000000000000001,97.60000000000001,1009.0,19.049632000000003
2026-05-14 18:00:00,71U,13,30,-4.1,95.7,1008.0,14.967568
2026-05-14 18:00:00,71U,13,48,-4.6000000000000005,95.8,1009.0,14.967568
2026-05-14 18:00:00,71U,13,54,-3.5,93.8,1008.0,18.077712000000002
2026-05-14 18:00:00,71U,13,72,-5.5,91.10000000000001,1008.0,20.021552
2026-05-14 18:00:00,71U,13,90,-4.0,88.5,1007.0,23.909232000000003
2026-05-14 18:00:00,71U,19,72,-2.3000000000000003,92.4,1008.0,16.911408
2026-05-14 18:00:00,71U,19,78,-3.9,91.9,1007.0,19.049632000000003
2026-05-14 18:00:00,71U,19,90,-5.0,90.10000000000001,1007.0,22.937312000000002
2026-05-14 18:00:00,71U,19,102,-3.9,90.4,1007.0,27.019376
2026-05-14 18:00:00,71U,19,114,-1.7,91.2,1007.0,20.021552
2026-05-14 18:00:00,71U,19,132,-3.1,90.2,1007.0,25.075536
2026-05-14 18:00:00,71U,19,144,-2.5,87.7,1008.0,19.049632000000003
2026-05-14 18:00:00,71U,23,84,-0.9,91.3,1006.0,19.049632000000003
2026-05-14 18:00:00,71U,23,90,-0.3,92.10000000000001,1007.0,22.937312000000002
2026-05-14 18:00:00,71U,23,96,-0.5,93.60000000000001,1009.0,22.937312000000002
2026-05-14 18:00:00,71U,23,108,-2.0,91.8,1008.0,13.995648000000001
2026-05-14 18:00:00,71U,26,102,-6.5,117.5,1009.0,20.993472
2026-05-14 18:00:00,71U,26,108,-5.4,116.0,1007.0,15.939488000000003
2026-05-14 18:00:00,71U,26,114,-4.8,116.7,1009.0,21.965392
2026-05-14 18:00:00,71U,26,120,-6.2,118.5,1008.0,13.995648000000001
2026-05-14 18:00:00,71U,26,144,-4.2,119.3,1007.0,19.049632000000003
2026-05-14 18:00:00,71U,40,36,-2.7,95.4,1008.0,16.911408
2026-05-14 18:00:00,71U,40,60,-3.6,92.3,1008.0,19.049632000000003
2026-05-14 18:00:00,71U,40,66,-3.4,92.10000000000001,1006.0,20.021552
2026-05-14 18:00:00,71U,40,72,-2.9,91.7,1008.0,19.049632000000003
2026-05-14 18:00:00,71U,40,78,-4.1,91.10000000000001,1006.0,20.993472
2026-05-14 18:00:00,71U,40,84,-3.8000000000000003,91.2,1007.0,20.021552
2026-05-14 18:00:00,71U,40,96,-2.9,88.9,1007.0,14.967568
2026-05-14 18:00:00,71U,40,102,-1.3,88.7,1007.0,18.077712000000002
2026-05-14 18:00:00,71U,40,126,-0.5,89.0,1006.0,19.049632000000003
2026-05-14 18:00:00,71U,40,138,-0.8,88.3,1005.0,19.049632000000003
2026-05-14 18:00:00,71U,40,144,-0.4,88.4,1007.0,18.077712000000002
2026-05-14 18:00:00,71U,42,42,-3.8000000000000003,93.5,1007.0,13.023728
2026-05-14 18:00:00,71U,42,54,-4.6000000000000005,91.60000000000001,1008.0,20.993472
2026-05-14 18:00:00,71U,42,78,-6.7,91.2,1006.0,26.047456
2026-05-14 18:00:00,72U,5,96,-1.0,93.2,1007.0,18.077712000000002
2026-05-14 18:00:00,72U,5,102,-0.3,92.3,1006.0,19.049632000000003
2026-05-14 18:00:00,72U,5,108,-0.4,94.0,1006.0,15.939488000000003
2026-05-14 18:00:00,72U,5,132,-0.4,95.4,1007.0,20.993472
2026-05-14 18:00:00,72U,13,42,-4.9,151.1,1007.0,22.937312000000002
2026-05-14 18:00:00,72U,13,60,-4.2,149.4,1005.0,18.077712000000002
2026-05-14 18:00:00,72U,13,66,-2.2,148.0,1008.0,22.937312000000002
2026-05-14 18:00:00,72U,13,78,-4.8,148.1,1008.0,20.993472
2026-05-14 18:00:00,72U,13,96,-3.4,147.3,1007.0,23.909232000000003
2026-05-14 18:00:00,72U,13,120,-3.0,148.20000000000002,1007.0,21.965392
2026-05-14 18:00:00,72U,40,108,-11.4,104.9,1007.0,20.993472
2026-05-14 18:00:00,72U,40,114,-10.5,104.60000000000001,1006.0,21.965392
2026-05-14 18:00:00,72U,40,120,-9.9,105.10000000000001,1007.0,22.937312000000002
2026-05-14 18:00:00,72U,40,126,-11.0,107.2,1006.0,21.965392
2026-05-14 18:00:00,72U,40,132,-11.3,107.0,1003.0,34.0172
2026-05-14 18:00:00,72U,40,138,-11.200000000000001,106.3,1005.0,22.937312000000002
2026-05-14 18:00:00,72U,40,144,-11.4,106.2,1006.0,23.909232000000003
2026-05-14 18:00:00,70P,2,96,-18.6,-173.5,1002.0,41.986944
2026-05-14 18:00:00,70P,2,102,-19.8,-171.3,1001.0,47.04092800000001
2026-05-14 18:00:00,70P,2,108,-19.8,-168.9,1000.0,47.04092800000001
2026-05-14 18:00:00,70P,3,108,-17.5,-169.4,1002.0,42.958864000000005
2026-05-14 18:00:00,70P,3,114,-17.1,-165.1,1005.0,42.958864000000005
2026-05-14 18:00:00,70P,4,108,-17.3,-169.4,1005.0,35.96104
2026-05-14 18:00:00,70P,4,114,-18.3,-168.20000000000002,1005.0,36.93296
2026-05-14 18:00:00,70P,6,96,-20.400000000000002,-170.3,1003.0,41.986944
2026-05-14 18:00:00,70P,6,102,-21.400000000000002,-170.20000000000002,992.0,55.010672
2026-05-14 18:00:00,70P,6,108,-22.3,-167.0,998.0,50.928608000000004
2026-05-14 18:00:00,70P,6,114,-23.0,-164.4,997.0,49.95668800000001
2026-05-14 18:00:00,70P,6,120,-23.3,-161.8,1000.0,46.069008000000004
2026-05-14 18:00:00,70P,6,126,-23.5,-160.20000000000002,1004.0,37.90488
2026-05-14 18:00:00,70P,6,132,-23.900000000000002,-157.3,1006.0,37.90488
2026-05-14 18:00:00,70P,6,138,-24.3,-154.70000000000002,1005.0,39.071184
2026-05-14 18:00:00,70P,7,120,-20.2,-165.4,1002.0,42.958864000000005
2026-05-14 18:00:00,70P,7,132,-20.900000000000002,-160.4,997.0,56.954512
2026-05-14 18:00:00,70P,7,138,-21.1,-156.5,1004.0,41.986944
2026-05-14 18:00:00,70P,7,144,-21.900000000000002,-150.9,1004.0,48.012848000000005
2026-05-14 18:00:00,70P,11,132,-21.1,-160.20000000000002,1005.0,36.93296
2026-05-14 18:00:00,70P,11,138,-21.1,-156.0,1007.0,30.907056
2026-05-14 18:00:00,70P,12,102,-18.6,-174.20000000000002,1004.0,33.04528
2026-05-14 18:00:00,70P,12,108,-18.900000000000002,-172.5,999.0,40.043104
2026-05-14 18:00:00,70P,12,114,-20.0,-169.9,993.0,66.09056
2026-05-14 18:00:00,70P,12,126,-21.6,-163.8,998.0,62.00849600000001
2026-05-14 18:00:00,70P,14,120,-17.6,-156.70000000000002,1008.0,35.96104
2026-05-14 18:00:00,70P,14,126,-18.6,-156.3,1005.0,36.93296
2026-05-14 18:00:00,70P,14,132,-18.1,-154.8,1007.0,35.96104
2026-05-14 18:00:00,70P,16,102,-20.5,-169.6,993.0,71.92208
2026-05-14 18:00:00,70P,16,108,-20.7,-167.70000000000002,984.0,89.99979200000001
2026-05-14 18:00:00,70P,16,114,-20.7,-165.8,995.0,75.032224
2026-05-14 18:00:00,70P,16,126,-21.6,-160.9,1002.0,37.90488
2026-05-14 18:00:00,70P,17,96,-20.400000000000002,-178.20000000000002,995.0,53.066832000000005
2026-05-14 18:00:00,70P,17,102,-22.8,-175.8,990.0,59.092736
2026-05-14 18:00:00,70P,17,108,-24.1,-175.1,966.0,88.055952
2026-05-14 18:00:00,70P,17,114,-24.900000000000002,-174.5,969.0,60.06465600000001
2026-05-14 18:00:00,70P,17,120,-25.2,-173.20000000000002,973.0,64.924256
2026-05-14 18:00:00,70P,17,126,-26.2,-171.8,975.0,53.066832000000005
2026-05-14 18:00:00,70P,17,132,-26.5,-170.70000000000002,976.0,48.984768
2026-05-14 18:00:00,70P,17,138,-26.900000000000002,-169.20000000000002,976.0,52.094912
2026-05-14 18:00:00,70P,17,144,-27.2,-168.0,979.0,48.012848000000005
2026-05-14 18:00:00,70P,18,120,-21.400000000000002,-161.1,992.0,64.924256
2026-05-14 18:00:00,70P,18,126,-21.7,-158.8,993.0,60.06465600000001
2026-05-14 18:00:00,70P,18,132,-21.3,-155.70000000000002,1001.0,53.066832000000005
2026-05-14 18:00:00,70P,18,138,-21.2,-152.3,1003.0,48.012848000000005
2026-05-14 18:00:00,70P,20,96,-16.4,-173.9,1005.0,27.991296000000002
2026-05-14 18:00:00,70P,20,102,-16.7,-173.70000000000002,1005.0,26.047456
2026-05-14 18:00:00,70P,20,108,-17.3,-171.20000000000002,1005.0,27.019376
2026-05-14 18:00:00,70P,21,102,-16.9,-171.5,1001.0,40.043104
2026-05-14 18:00:00,70P,21,108,-18.7,-167.70000000000002,1001.0,46.069008000000004
2026-05-14 18:00:00,70P,21,114,-19.0,-166.4,1001.0,41.015024000000004
2026-05-14 18:00:00,70P,21,120,-20.400000000000002,-164.1,997.0,46.069008000000004
2026-05-14 18:00:00,70P,21,132,-22.7,-156.9,999.0,46.069008000000004
2026-05-14 18:00:00,70P,21,138,-23.2,-153.9,996.0,48.984768
2026-05-14 18:00:00,70P,23,114,-26.3,-177.4,983.0,60.06465600000001
2026-05-14 18:00:00,70P,23,120,-25.900000000000002,-176.8,985.0,57.926432
2026-05-14 18:00:00,70P,23,126,-26.1,-175.4,984.0,50.928608000000004
2026-05-14 18:00:00,70P,23,138,-27.400000000000002,-172.3,986.0,48.012848000000005
2026-05-14 18:00:00,70P,23,144,-28.1,-170.4,988.0,49.95668800000001
2026-05-14 18:00:00,70P,25,138,-25.400000000000002,-166.20000000000002,988.0,48.012848000000005
2026-05-14 18:00:00,70P,25,144,-26.5,-164.4,991.0,56.954512
2026-05-14 18:00:00,70P,27,108,-20.2,-168.0,998.0,55.010672
2026-05-14 18:00:00,70P,27,114,-21.0,-164.70000000000002,999.0,50.928608000000004
2026-05-14 18:00:00,70P,27,120,-21.400000000000002,-162.4,998.0,48.984768
2026-05-14 18:00:00,70P,27,126,-22.3,-160.5,998.0,45.09708800000001
2026-05-14 18:00:00,70P,30,114,-19.1,-163.9,1001.0,45.09708800000001
2026-05-14 18:00:00,70P,30,120,-19.5,-159.6,997.0,48.984768
2026-05-14 18:00:00,70P,30,126,-19.8,-157.9,1001.0,48.984768
2026-05-14 18:00:00,70P,30,138,-21.7,-152.1,1004.0,40.043104
2026-05-14 18:00:00,70P,30,144,-22.0,-150.70000000000002,1004.0,36.93296
2026-05-14 18:00:00,70P,31,132,-18.400000000000002,-153.9,1009.0,33.04528
2026-05-14 18:00:00,70P,31,138,-19.1,-152.20000000000002,1008.0,33.04528
2026-05-14 18:00:00,70P,32,90,-17.1,-175.1,1002.0,45.09708800000001
2026-05-14 18:00:00,70P,32,96,-19.2,-170.8,998.0,49.95668800000001
2026-05-14 18:00:00,70P,32,102,-20.5,-168.9,1004.0,40.043104
2026-05-14 18:00:00,70P,34,90,-20.0,-175.20000000000002,1001.0,46.069008000000004
2026-05-14 18:00:00,70P,34,96,-19.7,-171.6,1001.0,48.984768
2026-05-14 18:00:00,70P,36,78,-15.200000000000001,-174.8,1007.0,25.075536
2026-05-14 18:00:00,70P,36,90,-15.200000000000001,-173.1,1002.0,45.09708800000001
2026-05-14 18:00:00,70P,40,108,-16.8,-162.5,1005.0,34.0172
2026-05-14 18:00:00,70P,40,114,-15.1,-161.1,1006.0,39.071184
2026-05-14 18:00:00,70P,40,126,-16.4,-158.5,1005.0,34.98912
2026-05-14 18:00:00,70P,44,114,-17.3,-165.6,1003.0,39.071184
2026-05-14 18:00:00,70P,44,120,-17.7,-163.5,1004.0,40.043104
2026-05-14 18:00:00,70P,45,114,-27.1,-171.5,982.0,78.919904
2026-05-14 18:00:00,70P,45,120,-27.2,-171.6,981.0,59.092736
2026-05-14 18:00:00,70P,45,126,-27.1,-171.20000000000002,980.0,54.038752
2026-05-14 18:00:00,70P,45,138,-28.6,-167.70000000000002,979.0,59.092736
2026-05-14 18:00:00,70P,45,144,-29.7,-167.0,977.0,54.038752
2026-05-14 18:00:00,70P,47,120,-24.400000000000002,-172.5,996.0,48.012848000000005
2026-05-14 18:00:00,70P,47,126,-25.400000000000002,-170.0,989.0,55.982592000000004
2026-05-14 18:00:00,70P,47,132,-25.5,-169.9,983.0,75.032224
2026-05-14 18:00:00,70P,47,138,-26.8,-168.20000000000002,976.0,77.947984
2026-05-14 18:00:00,70P,47,144,-27.8,-166.5,971.0,63.952335999999995
2026-05-14 18:00:00,71P,3,138,-23.7,-165.70000000000002,1003.0,45.09708800000001
2026-05-14 18:00:00,71P,3,144,-24.0,-165.4,1002.0,48.012848000000005
2026-05-14 18:00:00,71P,14,126,-20.7,-164.6,1001.0,42.958864000000005
2026-05-14 18:00:00,71P,14,132,-20.2,-162.20000000000002,1000.0,48.012848000000005
2026-05-14 18:00:00,71P,14,144,-20.8,-157.5,1006.0,37.90488
2026-05-14 18:00:00,71P,20,120,-18.8,-158.0,1008.0,33.04528
2026-05-14 18:00:00,71P,20,126,-19.5,-156.8,1007.0,34.0172
2026-05-14 18:00:00,71P,23,126,-18.7,-157.8,1004.0,40.043104
2026-05-14 18:00:00,71P,23,138,-19.3,-156.1,1004.0,43.930784
2026-05-14 18:00:00,71P,44,132,-22.3,-167.4,1002.0,43.930784
2026-05-14 18:00:00,71P,44,144,-24.2,-162.3,998.0,45.09708800000001
2026-05-14 18:00:00,71P,47,138,-21.6,-152.6,1007.0,39.071184
2026-05-14 18:00:00,71P,47,144,-22.8,-149.4,1009.0,39.071184
